AM Result File
MAPDL 2025 R1          BUILD 25.1        UP20250123    WINDOWS x64 
04/04/2026      11:15:42
Title: --Transient Thermal
Node Number	X Coordinate	Y Coordinate	Z Coordinate	Deposition-Temp
   13372	-0.210000040E-02	-0.210000040E-02	 0.399999928E-03	  701.079618    
   13420	-0.240000043E-02	-0.210000040E-02	 0.399999928E-03	  701.079618    
   13417	-0.240000043E-02	-0.180000038E-02	 0.399999928E-03	  701.079618    
   13369	-0.210000040E-02	-0.180000038E-02	 0.399999928E-03	  701.079618    
   13373	-0.210000040E-02	-0.210000040E-02	 0.999999225E-04	  701.069505    
   13421	-0.240000043E-02	-0.210000040E-02	 0.999999225E-04	  701.069505    
   13418	-0.240000043E-02	-0.180000038E-02	 0.999999225E-04	  701.069505    
   13370	-0.210000040E-02	-0.180000038E-02	 0.999999225E-04	  701.069505    
   13414	-0.240000043E-02	-0.150000036E-02	 0.399999928E-03	  701.079618    
   13366	-0.210000040E-02	-0.150000036E-02	 0.399999928E-03	  701.079618    
   13415	-0.240000043E-02	-0.150000036E-02	 0.999999225E-04	  701.069505    
   13367	-0.210000040E-02	-0.150000036E-02	 0.999999225E-04	  701.069505    
   13324	-0.180000038E-02	-0.240000043E-02	 0.399999928E-03	  701.079618    
   13375	-0.210000040E-02	-0.240000043E-02	 0.399999928E-03	  701.079618    
   13321	-0.180000038E-02	-0.210000040E-02	 0.399999928E-03	  701.079618    
   13325	-0.180000038E-02	-0.240000043E-02	 0.999999225E-04	  701.069505    
   13376	-0.210000040E-02	-0.240000043E-02	 0.999999225E-04	  701.069505    
   13322	-0.180000038E-02	-0.210000040E-02	 0.999999225E-04	  701.069505    
   13318	-0.180000038E-02	-0.180000038E-02	 0.399999928E-03	  701.079618    
   13319	-0.180000038E-02	-0.180000038E-02	 0.999999225E-04	  701.069505    
   13315	-0.180000038E-02	-0.150000036E-02	 0.399999928E-03	  701.079618    
   13316	-0.180000038E-02	-0.150000036E-02	 0.999999225E-04	  701.069505    
   13270	-0.150000036E-02	-0.240000043E-02	 0.399999928E-03	  701.079618    
   13267	-0.150000036E-02	-0.210000040E-02	 0.399999928E-03	  701.079618    
   13271	-0.150000036E-02	-0.240000043E-02	 0.999999225E-04	  701.069505    
   13268	-0.150000036E-02	-0.210000040E-02	 0.999999225E-04	  701.069505    
   13264	-0.150000036E-02	-0.180000038E-02	 0.399999928E-03	  701.079618    
   13265	-0.150000036E-02	-0.180000038E-02	 0.999999225E-04	  701.069505    
   13261	-0.150000036E-02	-0.150000036E-02	 0.399999928E-03	  701.079618    
   13262	-0.150000036E-02	-0.150000036E-02	 0.999999225E-04	  701.069505    
   13216	-0.120000033E-02	-0.270000045E-02	 0.399999928E-03	  701.079618    
   13273	-0.150000036E-02	-0.270000045E-02	 0.399999928E-03	  701.079618    
   13213	-0.120000033E-02	-0.240000043E-02	 0.399999928E-03	  701.079618    
   13217	-0.120000033E-02	-0.270000045E-02	 0.999999225E-04	  701.069505    
   13274	-0.150000036E-02	-0.270000045E-02	 0.999999225E-04	  701.069505    
   13214	-0.120000033E-02	-0.240000043E-02	 0.999999225E-04	  701.069505    
   13210	-0.120000033E-02	-0.210000040E-02	 0.399999928E-03	  701.079618    
   13211	-0.120000033E-02	-0.210000040E-02	 0.999999225E-04	  701.069505    
   13207	-0.120000033E-02	-0.180000038E-02	 0.399999928E-03	  701.079618    
   13208	-0.120000033E-02	-0.180000038E-02	 0.999999225E-04	  701.069505    
   13204	-0.120000033E-02	-0.150000036E-02	 0.399999928E-03	  701.079618    
   13205	-0.120000033E-02	-0.150000036E-02	 0.999999225E-04	  701.069505    
   13156	-0.900000310E-03	-0.270000045E-02	 0.399999928E-03	  701.079618    
   13153	-0.900000310E-03	-0.240000043E-02	 0.399999928E-03	  701.079618    
   13157	-0.900000310E-03	-0.270000045E-02	 0.999999225E-04	  701.069505    
   13154	-0.900000310E-03	-0.240000043E-02	 0.999999225E-04	  701.069505    
   13150	-0.900000310E-03	-0.210000040E-02	 0.399999928E-03	  701.079618    
   13151	-0.900000310E-03	-0.210000040E-02	 0.999999225E-04	  701.069505    
   13147	-0.900000310E-03	-0.180000038E-02	 0.399999928E-03	  701.079618    
   13148	-0.900000310E-03	-0.180000038E-02	 0.999999225E-04	  701.069505    
   13144	-0.900000310E-03	-0.150000036E-02	 0.399999928E-03	  701.079618    
   13145	-0.900000310E-03	-0.150000036E-02	 0.999999225E-04	  701.069505    
   13201	-0.120000033E-02	-0.120000033E-02	 0.399999928E-03	  701.079618    
   13141	-0.900000310E-03	-0.120000033E-02	 0.399999928E-03	  701.079618    
   13202	-0.120000033E-02	-0.120000033E-02	 0.999999225E-04	  701.069505    
   13142	-0.900000310E-03	-0.120000033E-02	 0.999999225E-04	  701.069505    
   13096	-0.600000286E-03	-0.300000048E-02	 0.399999928E-03	  701.079618    
   13159	-0.900000310E-03	-0.300000048E-02	 0.399999928E-03	  701.079618    
   13093	-0.600000286E-03	-0.270000045E-02	 0.399999928E-03	  701.079618    
   13097	-0.600000286E-03	-0.300000048E-02	 0.999999225E-04	  701.069505    
   13160	-0.900000310E-03	-0.300000048E-02	 0.999999225E-04	  701.069505    
   13094	-0.600000286E-03	-0.270000045E-02	 0.999999225E-04	  701.069505    
   13090	-0.600000286E-03	-0.240000043E-02	 0.399999928E-03	  701.079618    
   13091	-0.600000286E-03	-0.240000043E-02	 0.999999225E-04	  701.069505    
   13087	-0.600000286E-03	-0.210000040E-02	 0.399999928E-03	  701.079618    
   13088	-0.600000286E-03	-0.210000040E-02	 0.999999225E-04	  701.069505    
   13084	-0.600000286E-03	-0.180000038E-02	 0.399999928E-03	  701.079618    
   13085	-0.600000286E-03	-0.180000038E-02	 0.999999225E-04	  701.069505    
   13081	-0.600000286E-03	-0.150000036E-02	 0.399999928E-03	  701.079618    
   13082	-0.600000286E-03	-0.150000036E-02	 0.999999225E-04	  701.069505    
   13078	-0.600000286E-03	-0.120000033E-02	 0.399999928E-03	  701.079618    
   13079	-0.600000286E-03	-0.120000033E-02	 0.999999225E-04	  701.069505    
   13138	-0.900000310E-03	-0.900000310E-03	 0.399999928E-03	  701.079618    
   13075	-0.600000286E-03	-0.900000310E-03	 0.399999928E-03	  701.079618    
   13139	-0.900000310E-03	-0.900000310E-03	 0.999999225E-04	  701.069505    
   13076	-0.600000286E-03	-0.900000310E-03	 0.999999225E-04	  701.069505    
   13033	-0.300000262E-03	-0.300000048E-02	 0.399999928E-03	  701.079618    
   13030	-0.300000262E-03	-0.270000045E-02	 0.399999928E-03	  701.079618    
   13034	-0.300000262E-03	-0.300000048E-02	 0.999999225E-04	  701.069505    
   13031	-0.300000262E-03	-0.270000045E-02	 0.999999225E-04	  701.069505    
   13027	-0.300000262E-03	-0.240000043E-02	 0.399999928E-03	  701.079618    
   13028	-0.300000262E-03	-0.240000043E-02	 0.999999225E-04	  701.069505    
   13024	-0.300000262E-03	-0.210000040E-02	 0.399999928E-03	  701.079618    
   13025	-0.300000262E-03	-0.210000040E-02	 0.999999225E-04	  701.069505    
   13021	-0.300000262E-03	-0.180000038E-02	 0.399999928E-03	  701.079618    
   13022	-0.300000262E-03	-0.180000038E-02	 0.999999225E-04	  701.069505    
   13018	-0.300000262E-03	-0.150000036E-02	 0.399999928E-03	  701.079618    
   13019	-0.300000262E-03	-0.150000036E-02	 0.999999225E-04	  701.069505    
   13015	-0.300000262E-03	-0.120000033E-02	 0.399999928E-03	  701.079618    
   13016	-0.300000262E-03	-0.120000033E-02	 0.999999225E-04	  701.069505    
   13012	-0.300000262E-03	-0.900000310E-03	 0.399999928E-03	  701.079618    
   13013	-0.300000262E-03	-0.900000310E-03	 0.999999225E-04	  701.069505    
   12970	-0.238418579E-09	-0.300000048E-02	 0.399999928E-03	  701.079618    
   12967	-0.238418579E-09	-0.270000045E-02	 0.399999928E-03	  701.079618    
   12971	-0.238418579E-09	-0.300000048E-02	 0.999999225E-04	  701.069505    
   12968	-0.238418579E-09	-0.270000045E-02	 0.999999225E-04	  701.069505    
   12964	-0.238418579E-09	-0.240000043E-02	 0.399999928E-03	  701.079618    
   12965	-0.238418579E-09	-0.240000043E-02	 0.999999225E-04	  701.069505    
   12961	-0.238418579E-09	-0.210000040E-02	 0.399999928E-03	  701.079618    
   12962	-0.238418579E-09	-0.210000040E-02	 0.999999225E-04	  701.069505    
   12958	-0.238418579E-09	-0.180000038E-02	 0.399999928E-03	  701.079618    
   12959	-0.238418579E-09	-0.180000038E-02	 0.999999225E-04	  701.069505    
   12955	-0.238418579E-09	-0.150000036E-02	 0.399999928E-03	  701.079618    
   12956	-0.238418579E-09	-0.150000036E-02	 0.999999225E-04	  701.069505    
   12952	-0.238418579E-09	-0.120000033E-02	 0.399999928E-03	  701.079618    
   12953	-0.238418579E-09	-0.120000033E-02	 0.999999225E-04	  701.069505    
   12949	-0.238418579E-09	-0.900000310E-03	 0.399999928E-03	  701.079618    
   12950	-0.238418579E-09	-0.900000310E-03	 0.999999225E-04	  701.069505    
   13009	-0.300000262E-03	-0.600000286E-03	 0.399999928E-03	  701.079618    
   12946	-0.238418579E-09	-0.600000286E-03	 0.399999928E-03	  701.079618    
   13010	-0.300000262E-03	-0.600000286E-03	 0.999999225E-04	  701.069505    
   12947	-0.238418579E-09	-0.600000286E-03	 0.999999225E-04	  701.069505    
   12907	 0.299999785E-03	-0.300000048E-02	 0.399999928E-03	  701.079618    
   12904	 0.299999785E-03	-0.270000045E-02	 0.399999928E-03	  701.079618    
   12908	 0.299999785E-03	-0.300000048E-02	 0.999999225E-04	  701.069505    
   12905	 0.299999785E-03	-0.270000045E-02	 0.999999225E-04	  701.069505    
   12901	 0.299999785E-03	-0.240000043E-02	 0.399999928E-03	  701.079618    
   12902	 0.299999785E-03	-0.240000043E-02	 0.999999225E-04	  701.069505    
   12898	 0.299999785E-03	-0.210000040E-02	 0.399999928E-03	  701.079618    
   12899	 0.299999785E-03	-0.210000040E-02	 0.999999225E-04	  701.069505    
   12895	 0.299999785E-03	-0.180000038E-02	 0.399999928E-03	  701.079618    
   12896	 0.299999785E-03	-0.180000038E-02	 0.999999225E-04	  701.069505    
   12892	 0.299999785E-03	-0.150000036E-02	 0.399999928E-03	  701.079618    
   12893	 0.299999785E-03	-0.150000036E-02	 0.999999225E-04	  701.069505    
   12889	 0.299999785E-03	-0.120000033E-02	 0.399999928E-03	  701.079618    
   12890	 0.299999785E-03	-0.120000033E-02	 0.999999225E-04	  701.069505    
   12886	 0.299999785E-03	-0.900000310E-03	 0.399999928E-03	  701.079618    
   12887	 0.299999785E-03	-0.900000310E-03	 0.999999225E-04	  701.069505    
   12883	 0.299999785E-03	-0.600000286E-03	 0.399999928E-03	  701.079618    
   12884	 0.299999785E-03	-0.600000286E-03	 0.999999225E-04	  701.069505    
   12842	 0.599999809E-03	-0.300000048E-02	 0.399999928E-03	  701.079618    
   12838	 0.599999809E-03	-0.270000045E-02	 0.399999928E-03	  701.079618    
   12844	 0.599999809E-03	-0.300000048E-02	 0.999999225E-04	  701.069505    
   12839	 0.599999809E-03	-0.270000045E-02	 0.999999225E-04	  701.069505    
   12835	 0.599999809E-03	-0.240000043E-02	 0.399999928E-03	  701.079618    
   12836	 0.599999809E-03	-0.240000043E-02	 0.999999225E-04	  701.069505    
   12832	 0.599999809E-03	-0.210000040E-02	 0.399999928E-03	  701.079618    
   12833	 0.599999809E-03	-0.210000040E-02	 0.999999225E-04	  701.069505    
   12829	 0.599999809E-03	-0.180000038E-02	 0.399999928E-03	  701.079618    
   12830	 0.599999809E-03	-0.180000038E-02	 0.999999225E-04	  701.069505    
   12826	 0.599999809E-03	-0.150000036E-02	 0.399999928E-03	  701.079618    
   12827	 0.599999809E-03	-0.150000036E-02	 0.999999225E-04	  701.069505    
   12823	 0.599999809E-03	-0.120000033E-02	 0.399999928E-03	  701.079618    
   12824	 0.599999809E-03	-0.120000033E-02	 0.999999225E-04	  701.069505    
   12820	 0.599999809E-03	-0.900000310E-03	 0.399999928E-03	  701.079618    
   12821	 0.599999809E-03	-0.900000310E-03	 0.999999225E-04	  701.069505    
   12817	 0.599999809E-03	-0.600000286E-03	 0.399999928E-03	  701.079618    
   12818	 0.599999809E-03	-0.600000286E-03	 0.999999225E-04	  701.069505    
   12843	 0.899999833E-03	-0.300000048E-02	 0.399999928E-03	  701.079618    
   12775	 0.899999833E-03	-0.270000045E-02	 0.399999928E-03	  701.079618    
   12845	 0.899999833E-03	-0.300000048E-02	 0.999999225E-04	  701.069505    
   12776	 0.899999833E-03	-0.270000045E-02	 0.999999225E-04	  701.069505    
   12772	 0.899999833E-03	-0.240000043E-02	 0.399999928E-03	  701.079618    
   12773	 0.899999833E-03	-0.240000043E-02	 0.999999225E-04	  701.069505    
   12769	 0.899999833E-03	-0.210000040E-02	 0.399999928E-03	  701.079618    
   12770	 0.899999833E-03	-0.210000040E-02	 0.999999225E-04	  701.069505    
   12766	 0.899999833E-03	-0.180000038E-02	 0.399999928E-03	  701.079618    
   12767	 0.899999833E-03	-0.180000038E-02	 0.999999225E-04	  701.069505    
   12763	 0.899999833E-03	-0.150000036E-02	 0.399999928E-03	  701.079618    
   12764	 0.899999833E-03	-0.150000036E-02	 0.999999225E-04	  701.069505    
   12760	 0.899999833E-03	-0.120000033E-02	 0.399999928E-03	  701.079618    
   12761	 0.899999833E-03	-0.120000033E-02	 0.999999225E-04	  701.069505    
   12757	 0.899999833E-03	-0.900000310E-03	 0.399999928E-03	  701.079618    
   12758	 0.899999833E-03	-0.900000310E-03	 0.999999225E-04	  701.069505    
   12754	 0.899999833E-03	-0.600000286E-03	 0.399999928E-03	  701.079618    
   12755	 0.899999833E-03	-0.600000286E-03	 0.999999225E-04	  701.069505    
   12716	 0.119999986E-02	-0.270000045E-02	 0.399999928E-03	  701.079618    
   12712	 0.119999986E-02	-0.240000043E-02	 0.399999928E-03	  701.079618    
   12718	 0.119999986E-02	-0.270000045E-02	 0.999999225E-04	  701.069505    
   12713	 0.119999986E-02	-0.240000043E-02	 0.999999225E-04	  701.069505    
   12709	 0.119999986E-02	-0.210000040E-02	 0.399999928E-03	  701.079618    
   12710	 0.119999986E-02	-0.210000040E-02	 0.999999225E-04	  701.069505    
   12706	 0.119999986E-02	-0.180000038E-02	 0.399999928E-03	  701.079618    
   12707	 0.119999986E-02	-0.180000038E-02	 0.999999225E-04	  701.069505    
   12703	 0.119999986E-02	-0.150000036E-02	 0.399999928E-03	  701.079618    
   12704	 0.119999986E-02	-0.150000036E-02	 0.999999225E-04	  701.069505    
   12700	 0.119999986E-02	-0.120000033E-02	 0.399999928E-03	  701.079618    
   12701	 0.119999986E-02	-0.120000033E-02	 0.999999225E-04	  701.069505    
   12697	 0.119999986E-02	-0.900000310E-03	 0.399999928E-03	  701.079618    
   12698	 0.119999986E-02	-0.900000310E-03	 0.999999225E-04	  701.069505    
   12694	 0.119999986E-02	-0.600000286E-03	 0.399999928E-03	  701.079618    
   12695	 0.119999986E-02	-0.600000286E-03	 0.999999225E-04	  701.069505    
   12717	 0.149999988E-02	-0.270000045E-02	 0.399999928E-03	  701.079618    
   12655	 0.149999988E-02	-0.240000043E-02	 0.399999928E-03	  701.079618    
   12719	 0.149999988E-02	-0.270000045E-02	 0.999999225E-04	  701.069505    
   12656	 0.149999988E-02	-0.240000043E-02	 0.999999225E-04	  701.069505    
   12652	 0.149999988E-02	-0.210000040E-02	 0.399999928E-03	  701.079618    
   12653	 0.149999988E-02	-0.210000040E-02	 0.999999225E-04	  701.069505    
   12649	 0.149999988E-02	-0.180000038E-02	 0.399999928E-03	  701.079618    
   12650	 0.149999988E-02	-0.180000038E-02	 0.999999225E-04	  701.069505    
   12646	 0.149999988E-02	-0.150000036E-02	 0.399999928E-03	  701.079618    
   12647	 0.149999988E-02	-0.150000036E-02	 0.999999225E-04	  701.069505    
   12643	 0.149999988E-02	-0.120000033E-02	 0.399999928E-03	  701.079618    
   12644	 0.149999988E-02	-0.120000033E-02	 0.999999225E-04	  701.069505    
   12640	 0.149999988E-02	-0.900000310E-03	 0.399999928E-03	  701.079618    
   12641	 0.149999988E-02	-0.900000310E-03	 0.999999225E-04	  701.069505    
   12637	 0.149999988E-02	-0.600000286E-03	 0.399999928E-03	  701.079618    
   12638	 0.149999988E-02	-0.600000286E-03	 0.999999225E-04	  701.069505    
   12602	 0.179999990E-02	-0.240000043E-02	 0.399999928E-03	  701.079618    
   12598	 0.179999990E-02	-0.210000040E-02	 0.399999928E-03	  701.079618    
   12604	 0.179999990E-02	-0.240000043E-02	 0.999999225E-04	  701.069505    
   12599	 0.179999990E-02	-0.210000040E-02	 0.999999225E-04	  701.069505    
   12595	 0.179999990E-02	-0.180000038E-02	 0.399999928E-03	  701.079618    
   12596	 0.179999990E-02	-0.180000038E-02	 0.999999225E-04	  701.069505    
   12592	 0.179999990E-02	-0.150000036E-02	 0.399999928E-03	  701.079618    
   12593	 0.179999990E-02	-0.150000036E-02	 0.999999225E-04	  701.069505    
   12589	 0.179999990E-02	-0.120000033E-02	 0.399999928E-03	  701.079618    
   12590	 0.179999990E-02	-0.120000033E-02	 0.999999225E-04	  701.069505    
   12586	 0.179999990E-02	-0.900000310E-03	 0.399999928E-03	  701.079618    
   12587	 0.179999990E-02	-0.900000310E-03	 0.999999225E-04	  701.069505    
   12583	 0.179999990E-02	-0.600000286E-03	 0.399999928E-03	  701.079618    
   12584	 0.179999990E-02	-0.600000286E-03	 0.999999225E-04	  701.069505    
   12603	 0.209999993E-02	-0.240000043E-02	 0.399999928E-03	  701.079618    
   12545	 0.209999993E-02	-0.210000040E-02	 0.399999928E-03	  701.079618    
   12605	 0.209999993E-02	-0.240000043E-02	 0.999999225E-04	  701.069505    
   12547	 0.209999993E-02	-0.210000040E-02	 0.999999225E-04	  701.069505    
   12539	 0.209999993E-02	-0.180000038E-02	 0.399999928E-03	  701.079618    
   12541	 0.209999993E-02	-0.180000038E-02	 0.999999225E-04	  701.069505    
   12535	 0.209999993E-02	-0.150000036E-02	 0.399999928E-03	  701.079618    
   12536	 0.209999993E-02	-0.150000036E-02	 0.999999225E-04	  701.069505    
   12532	 0.209999993E-02	-0.120000033E-02	 0.399999928E-03	  701.079618    
   12533	 0.209999993E-02	-0.120000033E-02	 0.999999225E-04	  701.069505    
   12529	 0.209999993E-02	-0.900000310E-03	 0.399999928E-03	  701.079618    
   12530	 0.209999993E-02	-0.900000310E-03	 0.999999225E-04	  701.069505    
   12526	 0.209999993E-02	-0.600000286E-03	 0.399999928E-03	  701.079618    
   12527	 0.209999993E-02	-0.600000286E-03	 0.999999225E-04	  701.069505    
   12546	 0.239999995E-02	-0.210000040E-02	 0.399999928E-03	  701.079618    
   12540	 0.239999995E-02	-0.180000038E-02	 0.399999928E-03	  701.079618    
   12548	 0.239999995E-02	-0.210000040E-02	 0.999999225E-04	  701.069505    
   12542	 0.239999995E-02	-0.180000038E-02	 0.999999225E-04	  701.069505    
   12488	 0.239999995E-02	-0.150000036E-02	 0.399999928E-03	  701.079618    
   12490	 0.239999995E-02	-0.150000036E-02	 0.999999225E-04	  701.069505    
   12482	 0.239999995E-02	-0.120000033E-02	 0.399999928E-03	  701.079618    
   12484	 0.239999995E-02	-0.120000033E-02	 0.999999225E-04	  701.069505    
   12478	 0.239999995E-02	-0.900000310E-03	 0.399999928E-03	  701.079618    
   12479	 0.239999995E-02	-0.900000310E-03	 0.999999225E-04	  701.069505    
   12475	 0.239999995E-02	-0.600000286E-03	 0.399999928E-03	  701.079618    
   12476	 0.239999995E-02	-0.600000286E-03	 0.999999225E-04	  701.069505    
   12489	 0.269999998E-02	-0.150000036E-02	 0.399999928E-03	  701.079618    
   12483	 0.269999998E-02	-0.120000033E-02	 0.399999928E-03	  701.079618    
   12491	 0.269999998E-02	-0.150000036E-02	 0.999999225E-04	  701.069505    
   12485	 0.269999998E-02	-0.120000033E-02	 0.999999225E-04	  701.069505    
   12443	 0.269999998E-02	-0.900000310E-03	 0.399999928E-03	  701.079618    
   12445	 0.269999998E-02	-0.900000310E-03	 0.999999225E-04	  701.069505    
   12437	 0.269999998E-02	-0.600000286E-03	 0.399999928E-03	  701.079618    
   12439	 0.269999998E-02	-0.600000286E-03	 0.999999225E-04	  701.069505    
   12444	 0.300000000E-02	-0.900000310E-03	 0.399999928E-03	  701.079618    
   12438	 0.300000000E-02	-0.600000286E-03	 0.399999928E-03	  701.079618    
   12446	 0.300000000E-02	-0.900000310E-03	 0.999999225E-04	  701.069505    
   12440	 0.300000000E-02	-0.600000286E-03	 0.999999225E-04	  701.069505    
   13453	-0.270000045E-02	-0.150000036E-02	 0.399999928E-03	  701.079618    
   13450	-0.270000045E-02	-0.120000033E-02	 0.399999928E-03	  701.079618    
   13411	-0.240000043E-02	-0.120000033E-02	 0.399999928E-03	  701.079618    
   13454	-0.270000045E-02	-0.150000036E-02	 0.999999225E-04	  701.069505    
   13451	-0.270000045E-02	-0.120000033E-02	 0.999999225E-04	  701.069505    
   13412	-0.240000043E-02	-0.120000033E-02	 0.999999225E-04	  701.069505    
   13363	-0.210000040E-02	-0.120000033E-02	 0.399999928E-03	  701.079618    
   13364	-0.210000040E-02	-0.120000033E-02	 0.999999225E-04	  701.069505    
   13312	-0.180000038E-02	-0.120000033E-02	 0.399999928E-03	  701.079618    
   13313	-0.180000038E-02	-0.120000033E-02	 0.999999225E-04	  701.069505    
   13258	-0.150000036E-02	-0.120000033E-02	 0.399999928E-03	  701.079618    
   13259	-0.150000036E-02	-0.120000033E-02	 0.999999225E-04	  701.069505    
   13447	-0.270000045E-02	-0.900000310E-03	 0.399999928E-03	  701.079618    
   13408	-0.240000043E-02	-0.900000310E-03	 0.399999928E-03	  701.079618    
   13448	-0.270000045E-02	-0.900000310E-03	 0.999999225E-04	  701.069505    
   13409	-0.240000043E-02	-0.900000310E-03	 0.999999225E-04	  701.069505    
   13360	-0.210000040E-02	-0.900000310E-03	 0.399999928E-03	  701.079618    
   13361	-0.210000040E-02	-0.900000310E-03	 0.999999225E-04	  701.069505    
   13309	-0.180000038E-02	-0.900000310E-03	 0.399999928E-03	  701.079618    
   13310	-0.180000038E-02	-0.900000310E-03	 0.999999225E-04	  701.069505    
   13255	-0.150000036E-02	-0.900000310E-03	 0.399999928E-03	  701.079618    
   13256	-0.150000036E-02	-0.900000310E-03	 0.999999225E-04	  701.069505    
   13198	-0.120000033E-02	-0.900000310E-03	 0.399999928E-03	  701.079618    
   13199	-0.120000033E-02	-0.900000310E-03	 0.999999225E-04	  701.069505    
   13474	-0.300000048E-02	-0.900000310E-03	 0.399999928E-03	  701.079618    
   13471	-0.300000048E-02	-0.600000286E-03	 0.399999928E-03	  701.079618    
   13444	-0.270000045E-02	-0.600000286E-03	 0.399999928E-03	  701.079618    
   13475	-0.300000048E-02	-0.900000310E-03	 0.999999225E-04	  701.069505    
   13472	-0.300000048E-02	-0.600000286E-03	 0.999999225E-04	  701.069505    
   13445	-0.270000045E-02	-0.600000286E-03	 0.999999225E-04	  701.069505    
   13405	-0.240000043E-02	-0.600000286E-03	 0.399999928E-03	  701.079618    
   13406	-0.240000043E-02	-0.600000286E-03	 0.999999225E-04	  701.069505    
   13357	-0.210000040E-02	-0.600000286E-03	 0.399999928E-03	  701.079618    
   13358	-0.210000040E-02	-0.600000286E-03	 0.999999225E-04	  701.069505    
   13306	-0.180000038E-02	-0.600000286E-03	 0.399999928E-03	  701.079618    
   13307	-0.180000038E-02	-0.600000286E-03	 0.999999225E-04	  701.069505    
   13252	-0.150000036E-02	-0.600000286E-03	 0.399999928E-03	  701.079618    
   13253	-0.150000036E-02	-0.600000286E-03	 0.999999225E-04	  701.069505    
   13195	-0.120000033E-02	-0.600000286E-03	 0.399999928E-03	  701.079618    
   13196	-0.120000033E-02	-0.600000286E-03	 0.999999225E-04	  701.069505    
   13135	-0.900000310E-03	-0.600000286E-03	 0.399999928E-03	  701.079618    
   13136	-0.900000310E-03	-0.600000286E-03	 0.999999225E-04	  701.069505    
   13072	-0.600000286E-03	-0.600000286E-03	 0.399999928E-03	  701.079618    
   13073	-0.600000286E-03	-0.600000286E-03	 0.999999225E-04	  701.069505    
   13468	-0.300000048E-02	-0.300000262E-03	 0.399999928E-03	  701.079618    
   13441	-0.270000045E-02	-0.300000262E-03	 0.399999928E-03	  701.079618    
   13469	-0.300000048E-02	-0.300000262E-03	 0.999999225E-04	  701.069505    
   13442	-0.270000045E-02	-0.300000262E-03	 0.999999225E-04	  701.069505    
   13402	-0.240000043E-02	-0.300000262E-03	 0.399999928E-03	  701.079618    
   13403	-0.240000043E-02	-0.300000262E-03	 0.999999225E-04	  701.069505    
   13354	-0.210000040E-02	-0.300000262E-03	 0.399999928E-03	  701.079618    
   13355	-0.210000040E-02	-0.300000262E-03	 0.999999225E-04	  701.069505    
   13303	-0.180000038E-02	-0.300000262E-03	 0.399999928E-03	  701.079618    
   13304	-0.180000038E-02	-0.300000262E-03	 0.999999225E-04	  701.069505    
   13249	-0.150000036E-02	-0.300000262E-03	 0.399999928E-03	  701.079618    
   13250	-0.150000036E-02	-0.300000262E-03	 0.999999225E-04	  701.069505    
   13192	-0.120000033E-02	-0.300000262E-03	 0.399999928E-03	  701.079618    
   13193	-0.120000033E-02	-0.300000262E-03	 0.999999225E-04	  701.069505    
   13132	-0.900000310E-03	-0.300000262E-03	 0.399999928E-03	  701.079618    
   13133	-0.900000310E-03	-0.300000262E-03	 0.999999225E-04	  701.069505    
   13069	-0.600000286E-03	-0.300000262E-03	 0.399999928E-03	  701.079618    
   13070	-0.600000286E-03	-0.300000262E-03	 0.999999225E-04	  701.069505    
   13006	-0.300000262E-03	-0.300000262E-03	 0.399999928E-03	  701.079618    
   13007	-0.300000262E-03	-0.300000262E-03	 0.999999225E-04	  701.069505    
   12943	-0.238418579E-09	-0.300000262E-03	 0.399999928E-03	  701.079618    
   12944	-0.238418579E-09	-0.300000262E-03	 0.999999225E-04	  701.069505    
   13465	-0.300000048E-02	-0.238418579E-09	 0.399999928E-03	  701.079618    
   13438	-0.270000045E-02	-0.238418579E-09	 0.399999928E-03	  701.079618    
   13466	-0.300000048E-02	-0.238418579E-09	 0.999999225E-04	  701.069505    
   13439	-0.270000045E-02	-0.238418579E-09	 0.999999225E-04	  701.069505    
   13399	-0.240000043E-02	-0.238418579E-09	 0.399999928E-03	  701.079618    
   13400	-0.240000043E-02	-0.238418579E-09	 0.999999225E-04	  701.069505    
   13351	-0.210000040E-02	-0.238418579E-09	 0.399999928E-03	  701.079618    
   13352	-0.210000040E-02	-0.238418579E-09	 0.999999225E-04	  701.069505    
   13300	-0.180000038E-02	-0.238418579E-09	 0.399999928E-03	  701.079618    
   13301	-0.180000038E-02	-0.238418579E-09	 0.999999225E-04	  701.069505    
   13246	-0.150000036E-02	-0.238418579E-09	 0.399999928E-03	  701.079618    
   13247	-0.150000036E-02	-0.238418579E-09	 0.999999225E-04	  701.069505    
   13189	-0.120000033E-02	-0.238418579E-09	 0.399999928E-03	  701.079618    
   13190	-0.120000033E-02	-0.238418579E-09	 0.999999225E-04	  701.069505    
   13129	-0.900000310E-03	-0.238418579E-09	 0.399999928E-03	  701.079618    
   13130	-0.900000310E-03	-0.238418579E-09	 0.999999225E-04	  701.069505    
   13066	-0.600000286E-03	-0.238418579E-09	 0.399999928E-03	  701.079618    
   13067	-0.600000286E-03	-0.238418579E-09	 0.999999225E-04	  701.069505    
   13003	-0.300000262E-03	-0.238418579E-09	 0.399999928E-03	  701.079618    
   13004	-0.300000262E-03	-0.238418579E-09	 0.999999225E-04	  701.069505    
   12940	-0.238418579E-09	-0.238418579E-09	 0.399999928E-03	  701.079618    
   12941	-0.238418579E-09	-0.238418579E-09	 0.999999225E-04	  701.069505    
   13462	-0.300000048E-02	 0.299999785E-03	 0.399999928E-03	  701.079618    
   13435	-0.270000045E-02	 0.299999785E-03	 0.399999928E-03	  701.079618    
   13463	-0.300000048E-02	 0.299999785E-03	 0.999999225E-04	  701.069505    
   13436	-0.270000045E-02	 0.299999785E-03	 0.999999225E-04	  701.069505    
   13396	-0.240000043E-02	 0.299999785E-03	 0.399999928E-03	  701.079618    
   13397	-0.240000043E-02	 0.299999785E-03	 0.999999225E-04	  701.069505    
   13348	-0.210000040E-02	 0.299999785E-03	 0.399999928E-03	  701.079618    
   13349	-0.210000040E-02	 0.299999785E-03	 0.999999225E-04	  701.069505    
   13297	-0.180000038E-02	 0.299999785E-03	 0.399999928E-03	  701.079618    
   13298	-0.180000038E-02	 0.299999785E-03	 0.999999225E-04	  701.069505    
   13243	-0.150000036E-02	 0.299999785E-03	 0.399999928E-03	  701.079618    
   13244	-0.150000036E-02	 0.299999785E-03	 0.999999225E-04	  701.069505    
   13186	-0.120000033E-02	 0.299999785E-03	 0.399999928E-03	  701.079618    
   13187	-0.120000033E-02	 0.299999785E-03	 0.999999225E-04	  701.069505    
   13126	-0.900000310E-03	 0.299999785E-03	 0.399999928E-03	  701.079618    
   13127	-0.900000310E-03	 0.299999785E-03	 0.999999225E-04	  701.069505    
   13063	-0.600000286E-03	 0.299999785E-03	 0.399999928E-03	  701.079618    
   13064	-0.600000286E-03	 0.299999785E-03	 0.999999225E-04	  701.069505    
   13000	-0.300000262E-03	 0.299999785E-03	 0.399999928E-03	  701.079618    
   13001	-0.300000262E-03	 0.299999785E-03	 0.999999225E-04	  701.069505    
   12937	-0.238418579E-09	 0.299999785E-03	 0.399999928E-03	  701.079618    
   12938	-0.238418579E-09	 0.299999785E-03	 0.999999225E-04	  701.069505    
   13457	-0.300000048E-02	 0.599999809E-03	 0.399999928E-03	  701.079618    
   13432	-0.270000045E-02	 0.599999809E-03	 0.399999928E-03	  701.079618    
   13459	-0.300000048E-02	 0.599999809E-03	 0.999999225E-04	  701.069505    
   13433	-0.270000045E-02	 0.599999809E-03	 0.999999225E-04	  701.069505    
   13393	-0.240000043E-02	 0.599999809E-03	 0.399999928E-03	  701.079618    
   13394	-0.240000043E-02	 0.599999809E-03	 0.999999225E-04	  701.069505    
   13345	-0.210000040E-02	 0.599999809E-03	 0.399999928E-03	  701.079618    
   13346	-0.210000040E-02	 0.599999809E-03	 0.999999225E-04	  701.069505    
   13294	-0.180000038E-02	 0.599999809E-03	 0.399999928E-03	  701.079618    
   13295	-0.180000038E-02	 0.599999809E-03	 0.999999225E-04	  701.069505    
   13240	-0.150000036E-02	 0.599999809E-03	 0.399999928E-03	  701.079618    
   13241	-0.150000036E-02	 0.599999809E-03	 0.999999225E-04	  701.069505    
   13183	-0.120000033E-02	 0.599999809E-03	 0.399999928E-03	  701.079618    
   13184	-0.120000033E-02	 0.599999809E-03	 0.999999225E-04	  701.069505    
   13123	-0.900000310E-03	 0.599999809E-03	 0.399999928E-03	  701.079618    
   13124	-0.900000310E-03	 0.599999809E-03	 0.999999225E-04	  701.069505    
   13060	-0.600000286E-03	 0.599999809E-03	 0.399999928E-03	  701.079618    
   13061	-0.600000286E-03	 0.599999809E-03	 0.999999225E-04	  701.069505    
   12997	-0.300000262E-03	 0.599999809E-03	 0.399999928E-03	  701.079618    
   12998	-0.300000262E-03	 0.599999809E-03	 0.999999225E-04	  701.069505    
   12934	-0.238418579E-09	 0.599999809E-03	 0.399999928E-03	  701.079618    
   12935	-0.238418579E-09	 0.599999809E-03	 0.999999225E-04	  701.069505    
   13458	-0.300000048E-02	 0.899999833E-03	 0.399999928E-03	  701.079618    
   13429	-0.270000045E-02	 0.899999833E-03	 0.399999928E-03	  701.079618    
   13460	-0.300000048E-02	 0.899999833E-03	 0.999999225E-04	  701.069505    
   13430	-0.270000045E-02	 0.899999833E-03	 0.999999225E-04	  701.069505    
   13390	-0.240000043E-02	 0.899999833E-03	 0.399999928E-03	  701.079618    
   13391	-0.240000043E-02	 0.899999833E-03	 0.999999225E-04	  701.069505    
   13342	-0.210000040E-02	 0.899999833E-03	 0.399999928E-03	  701.079618    
   13343	-0.210000040E-02	 0.899999833E-03	 0.999999225E-04	  701.069505    
   13291	-0.180000038E-02	 0.899999833E-03	 0.399999928E-03	  701.079618    
   13292	-0.180000038E-02	 0.899999833E-03	 0.999999225E-04	  701.069505    
   13237	-0.150000036E-02	 0.899999833E-03	 0.399999928E-03	  701.079618    
   13238	-0.150000036E-02	 0.899999833E-03	 0.999999225E-04	  701.069505    
   13180	-0.120000033E-02	 0.899999833E-03	 0.399999928E-03	  701.079618    
   13181	-0.120000033E-02	 0.899999833E-03	 0.999999225E-04	  701.069505    
   13120	-0.900000310E-03	 0.899999833E-03	 0.399999928E-03	  701.079618    
   13121	-0.900000310E-03	 0.899999833E-03	 0.999999225E-04	  701.069505    
   13057	-0.600000286E-03	 0.899999833E-03	 0.399999928E-03	  701.079618    
   13058	-0.600000286E-03	 0.899999833E-03	 0.999999225E-04	  701.069505    
   12994	-0.300000262E-03	 0.899999833E-03	 0.399999928E-03	  701.079618    
   12995	-0.300000262E-03	 0.899999833E-03	 0.999999225E-04	  701.069505    
   12931	-0.238418579E-09	 0.899999833E-03	 0.399999928E-03	  701.079618    
   12932	-0.238418579E-09	 0.899999833E-03	 0.999999225E-04	  701.069505    
   13424	-0.270000045E-02	 0.119999986E-02	 0.399999928E-03	  701.079618    
   13387	-0.240000043E-02	 0.119999986E-02	 0.399999928E-03	  701.079618    
   13426	-0.270000045E-02	 0.119999986E-02	 0.999999225E-04	  701.069505    
   13388	-0.240000043E-02	 0.119999986E-02	 0.999999225E-04	  701.069505    
   13339	-0.210000040E-02	 0.119999986E-02	 0.399999928E-03	  701.079618    
   13340	-0.210000040E-02	 0.119999986E-02	 0.999999225E-04	  701.069505    
   13288	-0.180000038E-02	 0.119999986E-02	 0.399999928E-03	  701.079618    
   13289	-0.180000038E-02	 0.119999986E-02	 0.999999225E-04	  701.069505    
   13234	-0.150000036E-02	 0.119999986E-02	 0.399999928E-03	  701.079618    
   13235	-0.150000036E-02	 0.119999986E-02	 0.999999225E-04	  701.069505    
   13177	-0.120000033E-02	 0.119999986E-02	 0.399999928E-03	  701.079618    
   13178	-0.120000033E-02	 0.119999986E-02	 0.999999225E-04	  701.069505    
   13117	-0.900000310E-03	 0.119999986E-02	 0.399999928E-03	  701.079618    
   13118	-0.900000310E-03	 0.119999986E-02	 0.999999225E-04	  701.069505    
   13054	-0.600000286E-03	 0.119999986E-02	 0.399999928E-03	  701.079618    
   13055	-0.600000286E-03	 0.119999986E-02	 0.999999225E-04	  701.069505    
   12991	-0.300000262E-03	 0.119999986E-02	 0.399999928E-03	  701.079618    
   12992	-0.300000262E-03	 0.119999986E-02	 0.999999225E-04	  701.069505    
   12928	-0.238418579E-09	 0.119999986E-02	 0.399999928E-03	  701.079618    
   12929	-0.238418579E-09	 0.119999986E-02	 0.999999225E-04	  701.069505    
   13425	-0.270000045E-02	 0.149999988E-02	 0.399999928E-03	  701.079618    
   13384	-0.240000043E-02	 0.149999988E-02	 0.399999928E-03	  701.079618    
   13427	-0.270000045E-02	 0.149999988E-02	 0.999999225E-04	  701.069505    
   13385	-0.240000043E-02	 0.149999988E-02	 0.999999225E-04	  701.069505    
   13336	-0.210000040E-02	 0.149999988E-02	 0.399999928E-03	  701.079618    
   13337	-0.210000040E-02	 0.149999988E-02	 0.999999225E-04	  701.069505    
   13285	-0.180000038E-02	 0.149999988E-02	 0.399999928E-03	  701.079618    
   13286	-0.180000038E-02	 0.149999988E-02	 0.999999225E-04	  701.069505    
   13231	-0.150000036E-02	 0.149999988E-02	 0.399999928E-03	  701.079618    
   13232	-0.150000036E-02	 0.149999988E-02	 0.999999225E-04	  701.069505    
   13174	-0.120000033E-02	 0.149999988E-02	 0.399999928E-03	  701.079618    
   13175	-0.120000033E-02	 0.149999988E-02	 0.999999225E-04	  701.069505    
   13114	-0.900000310E-03	 0.149999988E-02	 0.399999928E-03	  701.079618    
   13115	-0.900000310E-03	 0.149999988E-02	 0.999999225E-04	  701.069505    
   13051	-0.600000286E-03	 0.149999988E-02	 0.399999928E-03	  701.079618    
   13052	-0.600000286E-03	 0.149999988E-02	 0.999999225E-04	  701.069505    
   12988	-0.300000262E-03	 0.149999988E-02	 0.399999928E-03	  701.079618    
   12989	-0.300000262E-03	 0.149999988E-02	 0.999999225E-04	  701.069505    
   13379	-0.240000043E-02	 0.179999990E-02	 0.399999928E-03	  701.079618    
   13333	-0.210000040E-02	 0.179999990E-02	 0.399999928E-03	  701.079618    
   13381	-0.240000043E-02	 0.179999990E-02	 0.999999225E-04	  701.069505    
   13334	-0.210000040E-02	 0.179999990E-02	 0.999999225E-04	  701.069505    
   13282	-0.180000038E-02	 0.179999990E-02	 0.399999928E-03	  701.079618    
   13283	-0.180000038E-02	 0.179999990E-02	 0.999999225E-04	  701.069505    
   13228	-0.150000036E-02	 0.179999990E-02	 0.399999928E-03	  701.079618    
   13229	-0.150000036E-02	 0.179999990E-02	 0.999999225E-04	  701.069505    
   13171	-0.120000033E-02	 0.179999990E-02	 0.399999928E-03	  701.079618    
   13172	-0.120000033E-02	 0.179999990E-02	 0.999999225E-04	  701.069505    
   13111	-0.900000310E-03	 0.179999990E-02	 0.399999928E-03	  701.079618    
   13112	-0.900000310E-03	 0.179999990E-02	 0.999999225E-04	  701.069505    
   13048	-0.600000286E-03	 0.179999990E-02	 0.399999928E-03	  701.079618    
   13049	-0.600000286E-03	 0.179999990E-02	 0.999999225E-04	  701.069505    
   12985	-0.300000262E-03	 0.179999990E-02	 0.399999928E-03	  701.079618    
   12986	-0.300000262E-03	 0.179999990E-02	 0.999999225E-04	  701.069505    
   13380	-0.240000043E-02	 0.209999993E-02	 0.399999928E-03	  701.079618    
   13328	-0.210000040E-02	 0.209999993E-02	 0.399999928E-03	  701.079618    
   13382	-0.240000043E-02	 0.209999993E-02	 0.999999225E-04	  701.069505    
   13330	-0.210000040E-02	 0.209999993E-02	 0.999999225E-04	  701.069505    
   13277	-0.180000038E-02	 0.209999993E-02	 0.399999928E-03	  701.079618    
   13279	-0.180000038E-02	 0.209999993E-02	 0.999999225E-04	  701.069505    
   13225	-0.150000036E-02	 0.209999993E-02	 0.399999928E-03	  701.079618    
   13226	-0.150000036E-02	 0.209999993E-02	 0.999999225E-04	  701.069505    
   13168	-0.120000033E-02	 0.209999993E-02	 0.399999928E-03	  701.079618    
   13169	-0.120000033E-02	 0.209999993E-02	 0.999999225E-04	  701.069505    
   13108	-0.900000310E-03	 0.209999993E-02	 0.399999928E-03	  701.079618    
   13109	-0.900000310E-03	 0.209999993E-02	 0.999999225E-04	  701.069505    
   13045	-0.600000286E-03	 0.209999993E-02	 0.399999928E-03	  701.079618    
   13046	-0.600000286E-03	 0.209999993E-02	 0.999999225E-04	  701.069505    
   12982	-0.300000262E-03	 0.209999993E-02	 0.399999928E-03	  701.079618    
   12983	-0.300000262E-03	 0.209999993E-02	 0.999999225E-04	  701.069505    
   13329	-0.210000040E-02	 0.239999995E-02	 0.399999928E-03	  701.079618    
   13278	-0.180000038E-02	 0.239999995E-02	 0.399999928E-03	  701.079618    
   13331	-0.210000040E-02	 0.239999995E-02	 0.999999225E-04	  701.069505    
   13280	-0.180000038E-02	 0.239999995E-02	 0.999999225E-04	  701.069505    
   13220	-0.150000036E-02	 0.239999995E-02	 0.399999928E-03	  701.079618    
   13222	-0.150000036E-02	 0.239999995E-02	 0.999999225E-04	  701.069505    
   13163	-0.120000033E-02	 0.239999995E-02	 0.399999928E-03	  701.079618    
   13165	-0.120000033E-02	 0.239999995E-02	 0.999999225E-04	  701.069505    
   13105	-0.900000310E-03	 0.239999995E-02	 0.399999928E-03	  701.079618    
   13106	-0.900000310E-03	 0.239999995E-02	 0.999999225E-04	  701.069505    
   13042	-0.600000286E-03	 0.239999995E-02	 0.399999928E-03	  701.079618    
   13043	-0.600000286E-03	 0.239999995E-02	 0.999999225E-04	  701.069505    
   13221	-0.150000036E-02	 0.269999998E-02	 0.399999928E-03	  701.079618    
   13164	-0.120000033E-02	 0.269999998E-02	 0.399999928E-03	  701.079618    
   13223	-0.150000036E-02	 0.269999998E-02	 0.999999225E-04	  701.069505    
   13166	-0.120000033E-02	 0.269999998E-02	 0.999999225E-04	  701.069505    
   13100	-0.900000310E-03	 0.269999998E-02	 0.399999928E-03	  701.079618    
   13102	-0.900000310E-03	 0.269999998E-02	 0.999999225E-04	  701.069505    
   13037	-0.600000286E-03	 0.269999998E-02	 0.399999928E-03	  701.079618    
   13039	-0.600000286E-03	 0.269999998E-02	 0.999999225E-04	  701.069505    
   13101	-0.900000310E-03	 0.300000000E-02	 0.399999928E-03	  701.079618    
   13038	-0.600000286E-03	 0.300000000E-02	 0.399999928E-03	  701.079618    
   13103	-0.900000310E-03	 0.300000000E-02	 0.999999225E-04	  701.069505    
   13040	-0.600000286E-03	 0.300000000E-02	 0.999999225E-04	  701.069505    
   12979	-0.300000262E-03	 0.239999995E-02	 0.399999928E-03	  701.079618    
   12980	-0.300000262E-03	 0.239999995E-02	 0.999999225E-04	  701.069505    
   12974	-0.300000262E-03	 0.269999998E-02	 0.399999928E-03	  701.079618    
   12976	-0.300000262E-03	 0.269999998E-02	 0.999999225E-04	  701.069505    
   12975	-0.300000262E-03	 0.300000000E-02	 0.399999928E-03	  701.079618    
   12977	-0.300000262E-03	 0.300000000E-02	 0.999999225E-04	  701.069505    
   12925	-0.238418579E-09	 0.149999988E-02	 0.399999928E-03	  701.079618    
   12926	-0.238418579E-09	 0.149999988E-02	 0.999999225E-04	  701.069505    
   12922	-0.238418579E-09	 0.179999990E-02	 0.399999928E-03	  701.079618    
   12923	-0.238418579E-09	 0.179999990E-02	 0.999999225E-04	  701.069505    
   12919	-0.238418579E-09	 0.209999993E-02	 0.399999928E-03	  701.079618    
   12920	-0.238418579E-09	 0.209999993E-02	 0.999999225E-04	  701.069505    
   12916	-0.238418579E-09	 0.239999995E-02	 0.399999928E-03	  701.079618    
   12917	-0.238418579E-09	 0.239999995E-02	 0.999999225E-04	  701.069505    
   12911	-0.238418579E-09	 0.269999998E-02	 0.399999928E-03	  701.079618    
   12913	-0.238418579E-09	 0.269999998E-02	 0.999999225E-04	  701.069505    
   12912	-0.238418579E-09	 0.300000000E-02	 0.399999928E-03	  701.079618    
   12914	-0.238418579E-09	 0.300000000E-02	 0.999999225E-04	  701.069505    
   12880	 0.299999785E-03	-0.300000262E-03	 0.399999928E-03	  701.079618    
   12881	 0.299999785E-03	-0.300000262E-03	 0.999999225E-04	  701.069505    
   12877	 0.299999785E-03	-0.238418579E-09	 0.399999928E-03	  701.079618    
   12878	 0.299999785E-03	-0.238418579E-09	 0.999999225E-04	  701.069505    
   12874	 0.299999785E-03	 0.299999785E-03	 0.399999928E-03	  701.079618    
   12875	 0.299999785E-03	 0.299999785E-03	 0.999999225E-04	  701.069505    
   12871	 0.299999785E-03	 0.599999809E-03	 0.399999928E-03	  701.079618    
   12872	 0.299999785E-03	 0.599999809E-03	 0.999999225E-04	  701.069505    
   12868	 0.299999785E-03	 0.899999833E-03	 0.399999928E-03	  701.079618    
   12869	 0.299999785E-03	 0.899999833E-03	 0.999999225E-04	  701.069505    
   12865	 0.299999785E-03	 0.119999986E-02	 0.399999928E-03	  701.079618    
   12866	 0.299999785E-03	 0.119999986E-02	 0.999999225E-04	  701.069505    
   12862	 0.299999785E-03	 0.149999988E-02	 0.399999928E-03	  701.079618    
   12863	 0.299999785E-03	 0.149999988E-02	 0.999999225E-04	  701.069505    
   12859	 0.299999785E-03	 0.179999990E-02	 0.399999928E-03	  701.079618    
   12860	 0.299999785E-03	 0.179999990E-02	 0.999999225E-04	  701.069505    
   12856	 0.299999785E-03	 0.209999993E-02	 0.399999928E-03	  701.079618    
   12857	 0.299999785E-03	 0.209999993E-02	 0.999999225E-04	  701.069505    
   12853	 0.299999785E-03	 0.239999995E-02	 0.399999928E-03	  701.079618    
   12854	 0.299999785E-03	 0.239999995E-02	 0.999999225E-04	  701.069505    
   12848	 0.299999785E-03	 0.269999998E-02	 0.399999928E-03	  701.079618    
   12850	 0.299999785E-03	 0.269999998E-02	 0.999999225E-04	  701.069505    
   12849	 0.299999785E-03	 0.300000000E-02	 0.399999928E-03	  701.079618    
   12851	 0.299999785E-03	 0.300000000E-02	 0.999999225E-04	  701.069505    
   12814	 0.599999809E-03	-0.300000262E-03	 0.399999928E-03	  701.079618    
   12815	 0.599999809E-03	-0.300000262E-03	 0.999999225E-04	  701.069505    
   12811	 0.599999809E-03	-0.238418579E-09	 0.399999928E-03	  701.079618    
   12812	 0.599999809E-03	-0.238418579E-09	 0.999999225E-04	  701.069505    
   12808	 0.599999809E-03	 0.299999785E-03	 0.399999928E-03	  701.079618    
   12809	 0.599999809E-03	 0.299999785E-03	 0.999999225E-04	  701.069505    
   12805	 0.599999809E-03	 0.599999809E-03	 0.399999928E-03	  701.079618    
   12806	 0.599999809E-03	 0.599999809E-03	 0.999999225E-04	  701.069505    
   12802	 0.599999809E-03	 0.899999833E-03	 0.399999928E-03	  701.079618    
   12803	 0.599999809E-03	 0.899999833E-03	 0.999999225E-04	  701.069505    
   12799	 0.599999809E-03	 0.119999986E-02	 0.399999928E-03	  701.079618    
   12800	 0.599999809E-03	 0.119999986E-02	 0.999999225E-04	  701.069505    
   12796	 0.599999809E-03	 0.149999988E-02	 0.399999928E-03	  701.079618    
   12797	 0.599999809E-03	 0.149999988E-02	 0.999999225E-04	  701.069505    
   12793	 0.599999809E-03	 0.179999990E-02	 0.399999928E-03	  701.079618    
   12794	 0.599999809E-03	 0.179999990E-02	 0.999999225E-04	  701.069505    
   12790	 0.599999809E-03	 0.209999993E-02	 0.399999928E-03	  701.079618    
   12791	 0.599999809E-03	 0.209999993E-02	 0.999999225E-04	  701.069505    
   12787	 0.599999809E-03	 0.239999995E-02	 0.399999928E-03	  701.079618    
   12788	 0.599999809E-03	 0.239999995E-02	 0.999999225E-04	  701.069505    
   12780	 0.599999809E-03	 0.269999998E-02	 0.399999928E-03	  701.079618    
   12783	 0.599999809E-03	 0.269999998E-02	 0.999999225E-04	  701.069505    
   12781	 0.599999809E-03	 0.300000000E-02	 0.399999928E-03	  701.079618    
   12784	 0.599999809E-03	 0.300000000E-02	 0.999999225E-04	  701.069505    
   12751	 0.899999833E-03	-0.300000262E-03	 0.399999928E-03	  701.079618    
   12752	 0.899999833E-03	-0.300000262E-03	 0.999999225E-04	  701.069505    
   12748	 0.899999833E-03	-0.238418579E-09	 0.399999928E-03	  701.079618    
   12749	 0.899999833E-03	-0.238418579E-09	 0.999999225E-04	  701.069505    
   12745	 0.899999833E-03	 0.299999785E-03	 0.399999928E-03	  701.079618    
   12746	 0.899999833E-03	 0.299999785E-03	 0.999999225E-04	  701.069505    
   12742	 0.899999833E-03	 0.599999809E-03	 0.399999928E-03	  701.079618    
   12743	 0.899999833E-03	 0.599999809E-03	 0.999999225E-04	  701.069505    
   12739	 0.899999833E-03	 0.899999833E-03	 0.399999928E-03	  701.079618    
   12740	 0.899999833E-03	 0.899999833E-03	 0.999999225E-04	  701.069505    
   12736	 0.899999833E-03	 0.119999986E-02	 0.399999928E-03	  701.079618    
   12737	 0.899999833E-03	 0.119999986E-02	 0.999999225E-04	  701.069505    
   12733	 0.899999833E-03	 0.149999988E-02	 0.399999928E-03	  701.079618    
   12734	 0.899999833E-03	 0.149999988E-02	 0.999999225E-04	  701.069505    
   12730	 0.899999833E-03	 0.179999990E-02	 0.399999928E-03	  701.079618    
   12731	 0.899999833E-03	 0.179999990E-02	 0.999999225E-04	  701.069505    
   12727	 0.899999833E-03	 0.209999993E-02	 0.399999928E-03	  701.079618    
   12728	 0.899999833E-03	 0.209999993E-02	 0.999999225E-04	  701.069505    
   12722	 0.899999833E-03	 0.239999995E-02	 0.399999928E-03	  701.079618    
   12724	 0.899999833E-03	 0.239999995E-02	 0.999999225E-04	  701.069505    
   12723	 0.899999833E-03	 0.269999998E-02	 0.399999928E-03	  701.079618    
   12725	 0.899999833E-03	 0.269999998E-02	 0.999999225E-04	  701.069505    
   12782	 0.899999833E-03	 0.300000000E-02	 0.399999928E-03	  701.079618    
   12785	 0.899999833E-03	 0.300000000E-02	 0.999999225E-04	  701.069505    
   12691	 0.119999986E-02	-0.300000262E-03	 0.399999928E-03	  701.079618    
   12692	 0.119999986E-02	-0.300000262E-03	 0.999999225E-04	  701.069505    
   12688	 0.119999986E-02	-0.238418579E-09	 0.399999928E-03	  701.079618    
   12689	 0.119999986E-02	-0.238418579E-09	 0.999999225E-04	  701.069505    
   12685	 0.119999986E-02	 0.299999785E-03	 0.399999928E-03	  701.079618    
   12686	 0.119999986E-02	 0.299999785E-03	 0.999999225E-04	  701.069505    
   12682	 0.119999986E-02	 0.599999809E-03	 0.399999928E-03	  701.079618    
   12683	 0.119999986E-02	 0.599999809E-03	 0.999999225E-04	  701.069505    
   12679	 0.119999986E-02	 0.899999833E-03	 0.399999928E-03	  701.079618    
   12680	 0.119999986E-02	 0.899999833E-03	 0.999999225E-04	  701.069505    
   12676	 0.119999986E-02	 0.119999986E-02	 0.399999928E-03	  701.079618    
   12677	 0.119999986E-02	 0.119999986E-02	 0.999999225E-04	  701.069505    
   12673	 0.119999986E-02	 0.149999988E-02	 0.399999928E-03	  701.079618    
   12674	 0.119999986E-02	 0.149999988E-02	 0.999999225E-04	  701.069505    
   12670	 0.119999986E-02	 0.179999990E-02	 0.399999928E-03	  701.079618    
   12671	 0.119999986E-02	 0.179999990E-02	 0.999999225E-04	  701.069505    
   12667	 0.119999986E-02	 0.209999993E-02	 0.399999928E-03	  701.079618    
   12668	 0.119999986E-02	 0.209999993E-02	 0.999999225E-04	  701.069505    
   12660	 0.119999986E-02	 0.239999995E-02	 0.399999928E-03	  701.079618    
   12663	 0.119999986E-02	 0.239999995E-02	 0.999999225E-04	  701.069505    
   12661	 0.119999986E-02	 0.269999998E-02	 0.399999928E-03	  701.079618    
   12664	 0.119999986E-02	 0.269999998E-02	 0.999999225E-04	  701.069505    
   12634	 0.149999988E-02	-0.300000262E-03	 0.399999928E-03	  701.079618    
   12635	 0.149999988E-02	-0.300000262E-03	 0.999999225E-04	  701.069505    
   12631	 0.149999988E-02	-0.238418579E-09	 0.399999928E-03	  701.079618    
   12632	 0.149999988E-02	-0.238418579E-09	 0.999999225E-04	  701.069505    
   12628	 0.149999988E-02	 0.299999785E-03	 0.399999928E-03	  701.079618    
   12629	 0.149999988E-02	 0.299999785E-03	 0.999999225E-04	  701.069505    
   12625	 0.149999988E-02	 0.599999809E-03	 0.399999928E-03	  701.079618    
   12626	 0.149999988E-02	 0.599999809E-03	 0.999999225E-04	  701.069505    
   12622	 0.149999988E-02	 0.899999833E-03	 0.399999928E-03	  701.079618    
   12623	 0.149999988E-02	 0.899999833E-03	 0.999999225E-04	  701.069505    
   12619	 0.149999988E-02	 0.119999986E-02	 0.399999928E-03	  701.079618    
   12620	 0.149999988E-02	 0.119999986E-02	 0.999999225E-04	  701.069505    
   12616	 0.149999988E-02	 0.149999988E-02	 0.399999928E-03	  701.079618    
   12617	 0.149999988E-02	 0.149999988E-02	 0.999999225E-04	  701.069505    
   12613	 0.149999988E-02	 0.179999990E-02	 0.399999928E-03	  701.079618    
   12614	 0.149999988E-02	 0.179999990E-02	 0.999999225E-04	  701.069505    
   12608	 0.149999988E-02	 0.209999993E-02	 0.399999928E-03	  701.079618    
   12610	 0.149999988E-02	 0.209999993E-02	 0.999999225E-04	  701.069505    
   12609	 0.149999988E-02	 0.239999995E-02	 0.399999928E-03	  701.079618    
   12611	 0.149999988E-02	 0.239999995E-02	 0.999999225E-04	  701.069505    
   12662	 0.149999988E-02	 0.269999998E-02	 0.399999928E-03	  701.079618    
   12665	 0.149999988E-02	 0.269999998E-02	 0.999999225E-04	  701.069505    
   12580	 0.179999990E-02	-0.300000262E-03	 0.399999928E-03	  701.079618    
   12581	 0.179999990E-02	-0.300000262E-03	 0.999999225E-04	  701.069505    
   12577	 0.179999990E-02	-0.238418579E-09	 0.399999928E-03	  701.079618    
   12578	 0.179999990E-02	-0.238418579E-09	 0.999999225E-04	  701.069505    
   12574	 0.179999990E-02	 0.299999785E-03	 0.399999928E-03	  701.079618    
   12575	 0.179999990E-02	 0.299999785E-03	 0.999999225E-04	  701.069505    
   12571	 0.179999990E-02	 0.599999809E-03	 0.399999928E-03	  701.079618    
   12572	 0.179999990E-02	 0.599999809E-03	 0.999999225E-04	  701.069505    
   12568	 0.179999990E-02	 0.899999833E-03	 0.399999928E-03	  701.079618    
   12569	 0.179999990E-02	 0.899999833E-03	 0.999999225E-04	  701.069505    
   12565	 0.179999990E-02	 0.119999986E-02	 0.399999928E-03	  701.079618    
   12566	 0.179999990E-02	 0.119999986E-02	 0.999999225E-04	  701.069505    
   12562	 0.179999990E-02	 0.149999988E-02	 0.399999928E-03	  701.079618    
   12563	 0.179999990E-02	 0.149999988E-02	 0.999999225E-04	  701.069505    
   12559	 0.179999990E-02	 0.179999990E-02	 0.399999928E-03	  701.079618    
   12560	 0.179999990E-02	 0.179999990E-02	 0.999999225E-04	  701.069505    
   12552	 0.179999990E-02	 0.209999993E-02	 0.399999928E-03	  701.079618    
   12555	 0.179999990E-02	 0.209999993E-02	 0.999999225E-04	  701.069505    
   12553	 0.179999990E-02	 0.239999995E-02	 0.399999928E-03	  701.079618    
   12556	 0.179999990E-02	 0.239999995E-02	 0.999999225E-04	  701.069505    
   12523	 0.209999993E-02	-0.300000262E-03	 0.399999928E-03	  701.079618    
   12524	 0.209999993E-02	-0.300000262E-03	 0.999999225E-04	  701.069505    
   12520	 0.209999993E-02	-0.238418579E-09	 0.399999928E-03	  701.079618    
   12521	 0.209999993E-02	-0.238418579E-09	 0.999999225E-04	  701.069505    
   12517	 0.209999993E-02	 0.299999785E-03	 0.399999928E-03	  701.079618    
   12518	 0.209999993E-02	 0.299999785E-03	 0.999999225E-04	  701.069505    
   12514	 0.209999993E-02	 0.599999809E-03	 0.399999928E-03	  701.079618    
   12515	 0.209999993E-02	 0.599999809E-03	 0.999999225E-04	  701.069505    
   12511	 0.209999993E-02	 0.899999833E-03	 0.399999928E-03	  701.079618    
   12512	 0.209999993E-02	 0.899999833E-03	 0.999999225E-04	  701.069505    
   12508	 0.209999993E-02	 0.119999986E-02	 0.399999928E-03	  701.079618    
   12509	 0.209999993E-02	 0.119999986E-02	 0.999999225E-04	  701.069505    
   12505	 0.209999993E-02	 0.149999988E-02	 0.399999928E-03	  701.079618    
   12506	 0.209999993E-02	 0.149999988E-02	 0.999999225E-04	  701.069505    
   12496	 0.209999993E-02	 0.179999990E-02	 0.399999928E-03	  701.079618    
   12500	 0.209999993E-02	 0.179999990E-02	 0.999999225E-04	  701.069505    
   12497	 0.209999993E-02	 0.209999993E-02	 0.399999928E-03	  701.079618    
   12501	 0.209999993E-02	 0.209999993E-02	 0.999999225E-04	  701.069505    
   12554	 0.209999993E-02	 0.239999995E-02	 0.399999928E-03	  701.079618    
   12557	 0.209999993E-02	 0.239999995E-02	 0.999999225E-04	  701.069505    
   12472	 0.239999995E-02	-0.300000262E-03	 0.399999928E-03	  701.079618    
   12473	 0.239999995E-02	-0.300000262E-03	 0.999999225E-04	  701.069505    
   12469	 0.239999995E-02	-0.238418579E-09	 0.399999928E-03	  701.079618    
   12470	 0.239999995E-02	-0.238418579E-09	 0.999999225E-04	  701.069505    
   12466	 0.239999995E-02	 0.299999785E-03	 0.399999928E-03	  701.079618    
   12467	 0.239999995E-02	 0.299999785E-03	 0.999999225E-04	  701.069505    
   12463	 0.239999995E-02	 0.599999809E-03	 0.399999928E-03	  701.079618    
   12464	 0.239999995E-02	 0.599999809E-03	 0.999999225E-04	  701.069505    
   12460	 0.239999995E-02	 0.899999833E-03	 0.399999928E-03	  701.079618    
   12461	 0.239999995E-02	 0.899999833E-03	 0.999999225E-04	  701.069505    
   12451	 0.239999995E-02	 0.119999986E-02	 0.399999928E-03	  701.079618    
   12455	 0.239999995E-02	 0.119999986E-02	 0.999999225E-04	  701.069505    
   12452	 0.239999995E-02	 0.149999988E-02	 0.399999928E-03	  701.079618    
   12456	 0.239999995E-02	 0.149999988E-02	 0.999999225E-04	  701.069505    
   12498	 0.239999995E-02	 0.179999990E-02	 0.399999928E-03	  701.079618    
   12502	 0.239999995E-02	 0.179999990E-02	 0.999999225E-04	  701.069505    
   12499	 0.239999995E-02	 0.209999993E-02	 0.399999928E-03	  701.079618    
   12503	 0.239999995E-02	 0.209999993E-02	 0.999999225E-04	  701.069505    
   12431	 0.269999998E-02	-0.300000262E-03	 0.399999928E-03	  701.079618    
   12433	 0.269999998E-02	-0.300000262E-03	 0.999999225E-04	  701.069505    
   12425	 0.269999998E-02	-0.238418579E-09	 0.399999928E-03	  701.079618    
   12427	 0.269999998E-02	-0.238418579E-09	 0.999999225E-04	  701.069505    
   12419	 0.269999998E-02	 0.299999785E-03	 0.399999928E-03	  701.079618    
   12421	 0.269999998E-02	 0.299999785E-03	 0.999999225E-04	  701.069505    
   12409	 0.269999998E-02	 0.599999809E-03	 0.399999928E-03	  701.079618    
   12413	 0.269999998E-02	 0.599999809E-03	 0.999999225E-04	  701.069505    
   12410	 0.269999998E-02	 0.899999833E-03	 0.399999928E-03	  701.079618    
   12414	 0.269999998E-02	 0.899999833E-03	 0.999999225E-04	  701.069505    
   12453	 0.269999998E-02	 0.119999986E-02	 0.399999928E-03	  701.079618    
   12457	 0.269999998E-02	 0.119999986E-02	 0.999999225E-04	  701.069505    
   12454	 0.269999998E-02	 0.149999988E-02	 0.399999928E-03	  701.079618    
   12458	 0.269999998E-02	 0.149999988E-02	 0.999999225E-04	  701.069505    
   12432	 0.300000000E-02	-0.300000262E-03	 0.399999928E-03	  701.079618    
   12434	 0.300000000E-02	-0.300000262E-03	 0.999999225E-04	  701.069505    
   12426	 0.300000000E-02	-0.238418579E-09	 0.399999928E-03	  701.079618    
   12428	 0.300000000E-02	-0.238418579E-09	 0.999999225E-04	  701.069505    
   12420	 0.300000000E-02	 0.299999785E-03	 0.399999928E-03	  701.079618    
   12422	 0.300000000E-02	 0.299999785E-03	 0.999999225E-04	  701.069505    
   12411	 0.300000000E-02	 0.599999809E-03	 0.399999928E-03	  701.079618    
   12415	 0.300000000E-02	 0.599999809E-03	 0.999999225E-04	  701.069505    
   12412	 0.300000000E-02	 0.899999833E-03	 0.399999928E-03	  701.079618    
   12416	 0.300000000E-02	 0.899999833E-03	 0.999999225E-04	  701.069505    
   13371	-0.210000040E-02	-0.210000040E-02	 0.699999934E-03	  1201.66198    
   13419	-0.240000043E-02	-0.210000040E-02	 0.699999934E-03	  1201.66198    
   13416	-0.240000043E-02	-0.180000038E-02	 0.699999934E-03	  1201.66198    
   13368	-0.210000040E-02	-0.180000038E-02	 0.699999934E-03	  1201.66198    
   13413	-0.240000043E-02	-0.150000036E-02	 0.699999934E-03	  1201.66198    
   13365	-0.210000040E-02	-0.150000036E-02	 0.699999934E-03	  1201.66198    
   13323	-0.180000038E-02	-0.240000043E-02	 0.699999934E-03	  1201.66198    
   13374	-0.210000040E-02	-0.240000043E-02	 0.699999934E-03	  1201.66198    
   13320	-0.180000038E-02	-0.210000040E-02	 0.699999934E-03	  1201.66198    
   13317	-0.180000038E-02	-0.180000038E-02	 0.699999934E-03	  1201.66198    
   13314	-0.180000038E-02	-0.150000036E-02	 0.699999934E-03	  1201.66198    
   13269	-0.150000036E-02	-0.240000043E-02	 0.699999934E-03	  1201.66198    
   13266	-0.150000036E-02	-0.210000040E-02	 0.699999934E-03	  1201.66198    
   13263	-0.150000036E-02	-0.180000038E-02	 0.699999934E-03	  1201.66198    
   13260	-0.150000036E-02	-0.150000036E-02	 0.699999934E-03	  1201.66198    
   13215	-0.120000033E-02	-0.270000045E-02	 0.699999934E-03	  1201.66198    
   13272	-0.150000036E-02	-0.270000045E-02	 0.699999934E-03	  1201.66198    
   13212	-0.120000033E-02	-0.240000043E-02	 0.699999934E-03	  1201.66198    
   13209	-0.120000033E-02	-0.210000040E-02	 0.699999934E-03	  1201.66198    
   13206	-0.120000033E-02	-0.180000038E-02	 0.699999934E-03	  1201.66198    
   13203	-0.120000033E-02	-0.150000036E-02	 0.699999934E-03	  1201.66198    
   13155	-0.900000310E-03	-0.270000045E-02	 0.699999934E-03	  1201.66198    
   13152	-0.900000310E-03	-0.240000043E-02	 0.699999934E-03	  1201.66198    
   13149	-0.900000310E-03	-0.210000040E-02	 0.699999934E-03	  1201.66198    
   13146	-0.900000310E-03	-0.180000038E-02	 0.699999934E-03	  1201.66198    
   13143	-0.900000310E-03	-0.150000036E-02	 0.699999934E-03	  1201.66198    
   13200	-0.120000033E-02	-0.120000033E-02	 0.699999934E-03	  1201.66198    
   13140	-0.900000310E-03	-0.120000033E-02	 0.699999934E-03	  1201.66198    
   13095	-0.600000286E-03	-0.300000048E-02	 0.699999934E-03	  1201.66198    
   13158	-0.900000310E-03	-0.300000048E-02	 0.699999934E-03	  1201.66198    
   13092	-0.600000286E-03	-0.270000045E-02	 0.699999934E-03	  1201.66198    
   13089	-0.600000286E-03	-0.240000043E-02	 0.699999934E-03	  1201.66198    
   13086	-0.600000286E-03	-0.210000040E-02	 0.699999934E-03	  1201.66198    
   13083	-0.600000286E-03	-0.180000038E-02	 0.699999934E-03	  1201.66198    
   13080	-0.600000286E-03	-0.150000036E-02	 0.699999934E-03	  1201.66198    
   13077	-0.600000286E-03	-0.120000033E-02	 0.699999934E-03	  1201.66198    
   13137	-0.900000310E-03	-0.900000310E-03	 0.699999934E-03	  1201.66198    
   13074	-0.600000286E-03	-0.900000310E-03	 0.699999934E-03	  1201.66198    
   13032	-0.300000262E-03	-0.300000048E-02	 0.699999934E-03	  1201.66198    
   13029	-0.300000262E-03	-0.270000045E-02	 0.699999934E-03	  1201.66198    
   13026	-0.300000262E-03	-0.240000043E-02	 0.699999934E-03	  1201.66198    
   13023	-0.300000262E-03	-0.210000040E-02	 0.699999934E-03	  1201.66198    
   13020	-0.300000262E-03	-0.180000038E-02	 0.699999934E-03	  1201.66198    
   13017	-0.300000262E-03	-0.150000036E-02	 0.699999934E-03	  1201.66198    
   13014	-0.300000262E-03	-0.120000033E-02	 0.699999934E-03	  1201.66198    
   13011	-0.300000262E-03	-0.900000310E-03	 0.699999934E-03	  1201.66198    
   12969	-0.238418579E-09	-0.300000048E-02	 0.699999934E-03	  1201.66198    
   12966	-0.238418579E-09	-0.270000045E-02	 0.699999934E-03	  1201.66198    
   12963	-0.238418579E-09	-0.240000043E-02	 0.699999934E-03	  1201.66198    
   12960	-0.238418579E-09	-0.210000040E-02	 0.699999934E-03	  1201.66198    
   12957	-0.238418579E-09	-0.180000038E-02	 0.699999934E-03	  1201.66198    
   12954	-0.238418579E-09	-0.150000036E-02	 0.699999934E-03	  1201.66198    
   12951	-0.238418579E-09	-0.120000033E-02	 0.699999934E-03	  1201.66198    
   12948	-0.238418579E-09	-0.900000310E-03	 0.699999934E-03	  1201.66198    
   13008	-0.300000262E-03	-0.600000286E-03	 0.699999934E-03	  1201.66198    
   12945	-0.238418579E-09	-0.600000286E-03	 0.699999934E-03	  1201.66198    
   12906	 0.299999785E-03	-0.300000048E-02	 0.699999934E-03	  1201.66198    
   12903	 0.299999785E-03	-0.270000045E-02	 0.699999934E-03	  1201.66198    
   12900	 0.299999785E-03	-0.240000043E-02	 0.699999934E-03	  1201.66198    
   12897	 0.299999785E-03	-0.210000040E-02	 0.699999934E-03	  1201.66198    
   12894	 0.299999785E-03	-0.180000038E-02	 0.699999934E-03	  1201.66198    
   12891	 0.299999785E-03	-0.150000036E-02	 0.699999934E-03	  1201.66198    
   12888	 0.299999785E-03	-0.120000033E-02	 0.699999934E-03	  1201.66198    
   12885	 0.299999785E-03	-0.900000310E-03	 0.699999934E-03	  1201.66198    
   12882	 0.299999785E-03	-0.600000286E-03	 0.699999934E-03	  1201.66198    
   12840	 0.599999809E-03	-0.300000048E-02	 0.699999934E-03	  1201.66198    
   12837	 0.599999809E-03	-0.270000045E-02	 0.699999934E-03	  1201.66198    
   12834	 0.599999809E-03	-0.240000043E-02	 0.699999934E-03	  1201.66198    
   12831	 0.599999809E-03	-0.210000040E-02	 0.699999934E-03	  1201.66198    
   12828	 0.599999809E-03	-0.180000038E-02	 0.699999934E-03	  1201.66198    
   12825	 0.599999809E-03	-0.150000036E-02	 0.699999934E-03	  1201.66198    
   12822	 0.599999809E-03	-0.120000033E-02	 0.699999934E-03	  1201.66198    
   12819	 0.599999809E-03	-0.900000310E-03	 0.699999934E-03	  1201.66198    
   12816	 0.599999809E-03	-0.600000286E-03	 0.699999934E-03	  1201.66198    
   12841	 0.899999833E-03	-0.300000048E-02	 0.699999934E-03	  1201.66198    
   12774	 0.899999833E-03	-0.270000045E-02	 0.699999934E-03	  1201.66198    
   12771	 0.899999833E-03	-0.240000043E-02	 0.699999934E-03	  1201.66198    
   12768	 0.899999833E-03	-0.210000040E-02	 0.699999934E-03	  1201.66198    
   12765	 0.899999833E-03	-0.180000038E-02	 0.699999934E-03	  1201.66198    
   12762	 0.899999833E-03	-0.150000036E-02	 0.699999934E-03	  1201.66198    
   12759	 0.899999833E-03	-0.120000033E-02	 0.699999934E-03	  1201.66198    
   12756	 0.899999833E-03	-0.900000310E-03	 0.699999934E-03	  1201.66198    
   12753	 0.899999833E-03	-0.600000286E-03	 0.699999934E-03	  1201.66198    
   12714	 0.119999986E-02	-0.270000045E-02	 0.699999934E-03	  1201.66198    
   12711	 0.119999986E-02	-0.240000043E-02	 0.699999934E-03	  1201.66198    
   12708	 0.119999986E-02	-0.210000040E-02	 0.699999934E-03	  1201.66198    
   12705	 0.119999986E-02	-0.180000038E-02	 0.699999934E-03	  1201.66198    
   12702	 0.119999986E-02	-0.150000036E-02	 0.699999934E-03	  1201.66198    
   12699	 0.119999986E-02	-0.120000033E-02	 0.699999934E-03	  1201.66198    
   12696	 0.119999986E-02	-0.900000310E-03	 0.699999934E-03	  1201.66198    
   12693	 0.119999986E-02	-0.600000286E-03	 0.699999934E-03	  1201.66198    
   12715	 0.149999988E-02	-0.270000045E-02	 0.699999934E-03	  1201.66198    
   12654	 0.149999988E-02	-0.240000043E-02	 0.699999934E-03	  1201.66198    
   12651	 0.149999988E-02	-0.210000040E-02	 0.699999934E-03	  1201.66198    
   12648	 0.149999988E-02	-0.180000038E-02	 0.699999934E-03	  1201.66198    
   12645	 0.149999988E-02	-0.150000036E-02	 0.699999934E-03	  1201.66198    
   12642	 0.149999988E-02	-0.120000033E-02	 0.699999934E-03	  1201.66198    
   12639	 0.149999988E-02	-0.900000310E-03	 0.699999934E-03	  1201.66198    
   12636	 0.149999988E-02	-0.600000286E-03	 0.699999934E-03	  1201.66198    
   12600	 0.179999990E-02	-0.240000043E-02	 0.699999934E-03	  1201.66198    
   12597	 0.179999990E-02	-0.210000040E-02	 0.699999934E-03	  1201.66198    
   12594	 0.179999990E-02	-0.180000038E-02	 0.699999934E-03	  1201.66198    
   12591	 0.179999990E-02	-0.150000036E-02	 0.699999934E-03	  1201.66198    
   12588	 0.179999990E-02	-0.120000033E-02	 0.699999934E-03	  1201.66198    
   12585	 0.179999990E-02	-0.900000310E-03	 0.699999934E-03	  1201.66198    
   12582	 0.179999990E-02	-0.600000286E-03	 0.699999934E-03	  1201.66198    
   12601	 0.209999993E-02	-0.240000043E-02	 0.699999934E-03	  1201.66198    
   12543	 0.209999993E-02	-0.210000040E-02	 0.699999934E-03	  1201.66198    
   12537	 0.209999993E-02	-0.180000038E-02	 0.699999934E-03	  1201.66198    
   12534	 0.209999993E-02	-0.150000036E-02	 0.699999934E-03	  1201.66198    
   12531	 0.209999993E-02	-0.120000033E-02	 0.699999934E-03	  1201.66198    
   12528	 0.209999993E-02	-0.900000310E-03	 0.699999934E-03	  1201.66198    
   12525	 0.209999993E-02	-0.600000286E-03	 0.699999934E-03	  1201.66198    
   12544	 0.239999995E-02	-0.210000040E-02	 0.699999934E-03	  1201.66198    
   12538	 0.239999995E-02	-0.180000038E-02	 0.699999934E-03	  1201.66198    
   12486	 0.239999995E-02	-0.150000036E-02	 0.699999934E-03	  1201.66198    
   12480	 0.239999995E-02	-0.120000033E-02	 0.699999934E-03	  1201.66198    
   12477	 0.239999995E-02	-0.900000310E-03	 0.699999934E-03	  1201.66198    
   12474	 0.239999995E-02	-0.600000286E-03	 0.699999934E-03	  1201.66198    
   12487	 0.269999998E-02	-0.150000036E-02	 0.699999934E-03	  1201.66198    
   12481	 0.269999998E-02	-0.120000033E-02	 0.699999934E-03	  1201.66198    
   12441	 0.269999998E-02	-0.900000310E-03	 0.699999934E-03	  1201.66198    
   12435	 0.269999998E-02	-0.600000286E-03	 0.699999934E-03	  1201.66198    
   12442	 0.300000000E-02	-0.900000310E-03	 0.699999934E-03	  1201.66198    
   12436	 0.300000000E-02	-0.600000286E-03	 0.699999934E-03	  1201.66198    
   13452	-0.270000045E-02	-0.150000036E-02	 0.699999934E-03	  1201.66198    
   13449	-0.270000045E-02	-0.120000033E-02	 0.699999934E-03	  1201.66198    
   13410	-0.240000043E-02	-0.120000033E-02	 0.699999934E-03	  1201.66198    
   13362	-0.210000040E-02	-0.120000033E-02	 0.699999934E-03	  1201.66198    
   13311	-0.180000038E-02	-0.120000033E-02	 0.699999934E-03	  1201.66198    
   13257	-0.150000036E-02	-0.120000033E-02	 0.699999934E-03	  1201.66198    
   13446	-0.270000045E-02	-0.900000310E-03	 0.699999934E-03	  1201.66198    
   13407	-0.240000043E-02	-0.900000310E-03	 0.699999934E-03	  1201.66198    
   13359	-0.210000040E-02	-0.900000310E-03	 0.699999934E-03	  1201.66198    
   13308	-0.180000038E-02	-0.900000310E-03	 0.699999934E-03	  1201.66198    
   13254	-0.150000036E-02	-0.900000310E-03	 0.699999934E-03	  1201.66198    
   13197	-0.120000033E-02	-0.900000310E-03	 0.699999934E-03	  1201.66198    
   13473	-0.300000048E-02	-0.900000310E-03	 0.699999934E-03	  1201.66198    
   13470	-0.300000048E-02	-0.600000286E-03	 0.699999934E-03	  1201.66198    
   13443	-0.270000045E-02	-0.600000286E-03	 0.699999934E-03	  1201.66198    
   13404	-0.240000043E-02	-0.600000286E-03	 0.699999934E-03	  1201.66198    
   13356	-0.210000040E-02	-0.600000286E-03	 0.699999934E-03	  1201.66198    
   13305	-0.180000038E-02	-0.600000286E-03	 0.699999934E-03	  1201.66198    
   13251	-0.150000036E-02	-0.600000286E-03	 0.699999934E-03	  1201.66198    
   13194	-0.120000033E-02	-0.600000286E-03	 0.699999934E-03	  1201.66198    
   13134	-0.900000310E-03	-0.600000286E-03	 0.699999934E-03	  1201.66198    
   13071	-0.600000286E-03	-0.600000286E-03	 0.699999934E-03	  1201.66198    
   13467	-0.300000048E-02	-0.300000262E-03	 0.699999934E-03	  1201.66198    
   13440	-0.270000045E-02	-0.300000262E-03	 0.699999934E-03	  1201.66198    
   13401	-0.240000043E-02	-0.300000262E-03	 0.699999934E-03	  1201.66198    
   13353	-0.210000040E-02	-0.300000262E-03	 0.699999934E-03	  1201.66198    
   13302	-0.180000038E-02	-0.300000262E-03	 0.699999934E-03	  1201.66198    
   13248	-0.150000036E-02	-0.300000262E-03	 0.699999934E-03	  1201.66198    
   13191	-0.120000033E-02	-0.300000262E-03	 0.699999934E-03	  1201.66198    
   13131	-0.900000310E-03	-0.300000262E-03	 0.699999934E-03	  1201.66198    
   13068	-0.600000286E-03	-0.300000262E-03	 0.699999934E-03	  1201.66198    
   13005	-0.300000262E-03	-0.300000262E-03	 0.699999934E-03	  1201.66198    
   12942	-0.238418579E-09	-0.300000262E-03	 0.699999934E-03	  1201.66198    
   13464	-0.300000048E-02	-0.238418579E-09	 0.699999934E-03	  1201.66198    
   13437	-0.270000045E-02	-0.238418579E-09	 0.699999934E-03	  1201.66198    
   13398	-0.240000043E-02	-0.238418579E-09	 0.699999934E-03	  1201.66198    
   13350	-0.210000040E-02	-0.238418579E-09	 0.699999934E-03	  1201.66198    
   13299	-0.180000038E-02	-0.238418579E-09	 0.699999934E-03	  1201.66198    
   13245	-0.150000036E-02	-0.238418579E-09	 0.699999934E-03	  1201.66198    
   13188	-0.120000033E-02	-0.238418579E-09	 0.699999934E-03	  1201.66198    
   13128	-0.900000310E-03	-0.238418579E-09	 0.699999934E-03	  1201.66198    
   13065	-0.600000286E-03	-0.238418579E-09	 0.699999934E-03	  1201.66198    
   13002	-0.300000262E-03	-0.238418579E-09	 0.699999934E-03	  1201.66198    
   12939	-0.238418579E-09	-0.238418579E-09	 0.699999934E-03	  1201.66198    
   13461	-0.300000048E-02	 0.299999785E-03	 0.699999934E-03	  1201.66198    
   13434	-0.270000045E-02	 0.299999785E-03	 0.699999934E-03	  1201.66198    
   13395	-0.240000043E-02	 0.299999785E-03	 0.699999934E-03	  1201.66198    
   13347	-0.210000040E-02	 0.299999785E-03	 0.699999934E-03	  1201.66198    
   13296	-0.180000038E-02	 0.299999785E-03	 0.699999934E-03	  1201.66198    
   13242	-0.150000036E-02	 0.299999785E-03	 0.699999934E-03	  1201.66198    
   13185	-0.120000033E-02	 0.299999785E-03	 0.699999934E-03	  1201.66198    
   13125	-0.900000310E-03	 0.299999785E-03	 0.699999934E-03	  1201.66198    
   13062	-0.600000286E-03	 0.299999785E-03	 0.699999934E-03	  1201.66198    
   12999	-0.300000262E-03	 0.299999785E-03	 0.699999934E-03	  1201.66198    
   12936	-0.238418579E-09	 0.299999785E-03	 0.699999934E-03	  1201.66198    
   13455	-0.300000048E-02	 0.599999809E-03	 0.699999934E-03	  1201.66198    
   13431	-0.270000045E-02	 0.599999809E-03	 0.699999934E-03	  1201.66198    
   13392	-0.240000043E-02	 0.599999809E-03	 0.699999934E-03	  1201.66198    
   13344	-0.210000040E-02	 0.599999809E-03	 0.699999934E-03	  1201.66198    
   13293	-0.180000038E-02	 0.599999809E-03	 0.699999934E-03	  1201.66198    
   13239	-0.150000036E-02	 0.599999809E-03	 0.699999934E-03	  1201.66198    
   13182	-0.120000033E-02	 0.599999809E-03	 0.699999934E-03	  1201.66198    
   13122	-0.900000310E-03	 0.599999809E-03	 0.699999934E-03	  1201.66198    
   13059	-0.600000286E-03	 0.599999809E-03	 0.699999934E-03	  1201.66198    
   12996	-0.300000262E-03	 0.599999809E-03	 0.699999934E-03	  1201.66198    
   12933	-0.238418579E-09	 0.599999809E-03	 0.699999934E-03	  1201.66198    
   13456	-0.300000048E-02	 0.899999833E-03	 0.699999934E-03	  1201.66198    
   13428	-0.270000045E-02	 0.899999833E-03	 0.699999934E-03	  1201.66198    
   13389	-0.240000043E-02	 0.899999833E-03	 0.699999934E-03	  1201.66198    
   13341	-0.210000040E-02	 0.899999833E-03	 0.699999934E-03	  1201.66198    
   13290	-0.180000038E-02	 0.899999833E-03	 0.699999934E-03	  1201.66198    
   13236	-0.150000036E-02	 0.899999833E-03	 0.699999934E-03	  1201.66198    
   13179	-0.120000033E-02	 0.899999833E-03	 0.699999934E-03	  1201.66198    
   13119	-0.900000310E-03	 0.899999833E-03	 0.699999934E-03	  1201.66198    
   13056	-0.600000286E-03	 0.899999833E-03	 0.699999934E-03	  1201.66198    
   12993	-0.300000262E-03	 0.899999833E-03	 0.699999934E-03	  1201.66198    
   12930	-0.238418579E-09	 0.899999833E-03	 0.699999934E-03	  1201.66198    
   13422	-0.270000045E-02	 0.119999986E-02	 0.699999934E-03	  1201.66198    
   13386	-0.240000043E-02	 0.119999986E-02	 0.699999934E-03	  1201.66198    
   13338	-0.210000040E-02	 0.119999986E-02	 0.699999934E-03	  1201.66198    
   13287	-0.180000038E-02	 0.119999986E-02	 0.699999934E-03	  1201.66198    
   13233	-0.150000036E-02	 0.119999986E-02	 0.699999934E-03	  1201.66198    
   13176	-0.120000033E-02	 0.119999986E-02	 0.699999934E-03	  1201.66198    
   13116	-0.900000310E-03	 0.119999986E-02	 0.699999934E-03	  1201.66198    
   13053	-0.600000286E-03	 0.119999986E-02	 0.699999934E-03	  1201.66198    
   12990	-0.300000262E-03	 0.119999986E-02	 0.699999934E-03	  1201.66198    
   13423	-0.270000045E-02	 0.149999988E-02	 0.699999934E-03	  1201.66198    
   13383	-0.240000043E-02	 0.149999988E-02	 0.699999934E-03	  1201.66198    
   13335	-0.210000040E-02	 0.149999988E-02	 0.699999934E-03	  1201.66198    
   13284	-0.180000038E-02	 0.149999988E-02	 0.699999934E-03	  1201.66198    
   13230	-0.150000036E-02	 0.149999988E-02	 0.699999934E-03	  1201.66198    
   13173	-0.120000033E-02	 0.149999988E-02	 0.699999934E-03	  1201.66198    
   13113	-0.900000310E-03	 0.149999988E-02	 0.699999934E-03	  1201.66198    
   13050	-0.600000286E-03	 0.149999988E-02	 0.699999934E-03	  1201.66198    
   12987	-0.300000262E-03	 0.149999988E-02	 0.699999934E-03	  1201.66198    
   13377	-0.240000043E-02	 0.179999990E-02	 0.699999934E-03	  1201.66198    
   13332	-0.210000040E-02	 0.179999990E-02	 0.699999934E-03	  1201.66198    
   13281	-0.180000038E-02	 0.179999990E-02	 0.699999934E-03	  1201.66198    
   13227	-0.150000036E-02	 0.179999990E-02	 0.699999934E-03	  1201.66198    
   13170	-0.120000033E-02	 0.179999990E-02	 0.699999934E-03	  1201.66198    
   13110	-0.900000310E-03	 0.179999990E-02	 0.699999934E-03	  1201.66198    
   13047	-0.600000286E-03	 0.179999990E-02	 0.699999934E-03	  1201.66198    
   12984	-0.300000262E-03	 0.179999990E-02	 0.699999934E-03	  1201.66198    
   13378	-0.240000043E-02	 0.209999993E-02	 0.699999934E-03	  1201.66198    
   13326	-0.210000040E-02	 0.209999993E-02	 0.699999934E-03	  1201.66198    
   13275	-0.180000038E-02	 0.209999993E-02	 0.699999934E-03	  1201.66198    
   13224	-0.150000036E-02	 0.209999993E-02	 0.699999934E-03	  1201.66198    
   13167	-0.120000033E-02	 0.209999993E-02	 0.699999934E-03	  1201.66198    
   13107	-0.900000310E-03	 0.209999993E-02	 0.699999934E-03	  1201.66198    
   13044	-0.600000286E-03	 0.209999993E-02	 0.699999934E-03	  1201.66198    
   12981	-0.300000262E-03	 0.209999993E-02	 0.699999934E-03	  1201.66198    
   13327	-0.210000040E-02	 0.239999995E-02	 0.699999934E-03	  1201.66198    
   13276	-0.180000038E-02	 0.239999995E-02	 0.699999934E-03	  1201.66198    
   13218	-0.150000036E-02	 0.239999995E-02	 0.699999934E-03	  1201.66198    
   13161	-0.120000033E-02	 0.239999995E-02	 0.699999934E-03	  1201.66198    
   13104	-0.900000310E-03	 0.239999995E-02	 0.699999934E-03	  1201.66198    
   13041	-0.600000286E-03	 0.239999995E-02	 0.699999934E-03	  1201.66198    
   13219	-0.150000036E-02	 0.269999998E-02	 0.699999934E-03	  1201.66198    
   13162	-0.120000033E-02	 0.269999998E-02	 0.699999934E-03	  1201.66198    
   13098	-0.900000310E-03	 0.269999998E-02	 0.699999934E-03	  1201.66198    
   13035	-0.600000286E-03	 0.269999998E-02	 0.699999934E-03	  1201.66198    
   13099	-0.900000310E-03	 0.300000000E-02	 0.699999934E-03	  1201.66198    
   13036	-0.600000286E-03	 0.300000000E-02	 0.699999934E-03	  1201.66198    
   12978	-0.300000262E-03	 0.239999995E-02	 0.699999934E-03	  1201.66198    
   12972	-0.300000262E-03	 0.269999998E-02	 0.699999934E-03	  1201.66198    
   12973	-0.300000262E-03	 0.300000000E-02	 0.699999934E-03	  1201.66198    
   12927	-0.238418579E-09	 0.119999986E-02	 0.699999934E-03	  1201.66198    
   12924	-0.238418579E-09	 0.149999988E-02	 0.699999934E-03	  1201.66198    
   12921	-0.238418579E-09	 0.179999990E-02	 0.699999934E-03	  1201.66198    
   12918	-0.238418579E-09	 0.209999993E-02	 0.699999934E-03	  1201.66198    
   12915	-0.238418579E-09	 0.239999995E-02	 0.699999934E-03	  1201.66198    
   12909	-0.238418579E-09	 0.269999998E-02	 0.699999934E-03	  1201.66198    
   12910	-0.238418579E-09	 0.300000000E-02	 0.699999934E-03	  1201.66198    
   12879	 0.299999785E-03	-0.300000262E-03	 0.699999934E-03	  1201.66198    
   12876	 0.299999785E-03	-0.238418579E-09	 0.699999934E-03	  1201.66198    
   12873	 0.299999785E-03	 0.299999785E-03	 0.699999934E-03	  1201.66198    
   12870	 0.299999785E-03	 0.599999809E-03	 0.699999934E-03	  1201.66198    
   12867	 0.299999785E-03	 0.899999833E-03	 0.699999934E-03	  1201.66198    
   12864	 0.299999785E-03	 0.119999986E-02	 0.699999934E-03	  1201.66198    
   12861	 0.299999785E-03	 0.149999988E-02	 0.699999934E-03	  1201.66198    
   12858	 0.299999785E-03	 0.179999990E-02	 0.699999934E-03	  1201.66198    
   12855	 0.299999785E-03	 0.209999993E-02	 0.699999934E-03	  1201.66198    
   12852	 0.299999785E-03	 0.239999995E-02	 0.699999934E-03	  1201.66198    
   12846	 0.299999785E-03	 0.269999998E-02	 0.699999934E-03	  1201.66198    
   12847	 0.299999785E-03	 0.300000000E-02	 0.699999934E-03	  1201.66198    
   12813	 0.599999809E-03	-0.300000262E-03	 0.699999934E-03	  1201.66198    
   12810	 0.599999809E-03	-0.238418579E-09	 0.699999934E-03	  1201.66198    
   12807	 0.599999809E-03	 0.299999785E-03	 0.699999934E-03	  1201.66198    
   12804	 0.599999809E-03	 0.599999809E-03	 0.699999934E-03	  1201.66198    
   12801	 0.599999809E-03	 0.899999833E-03	 0.699999934E-03	  1201.66198    
   12798	 0.599999809E-03	 0.119999986E-02	 0.699999934E-03	  1201.66198    
   12795	 0.599999809E-03	 0.149999988E-02	 0.699999934E-03	  1201.66198    
   12792	 0.599999809E-03	 0.179999990E-02	 0.699999934E-03	  1201.66198    
   12789	 0.599999809E-03	 0.209999993E-02	 0.699999934E-03	  1201.66198    
   12786	 0.599999809E-03	 0.239999995E-02	 0.699999934E-03	  1201.66198    
   12777	 0.599999809E-03	 0.269999998E-02	 0.699999934E-03	  1201.66198    
   12778	 0.599999809E-03	 0.300000000E-02	 0.699999934E-03	  1201.66198    
   12750	 0.899999833E-03	-0.300000262E-03	 0.699999934E-03	  1201.66198    
   12747	 0.899999833E-03	-0.238418579E-09	 0.699999934E-03	  1201.66198    
   12744	 0.899999833E-03	 0.299999785E-03	 0.699999934E-03	  1201.66198    
   12741	 0.899999833E-03	 0.599999809E-03	 0.699999934E-03	  1201.66198    
   12738	 0.899999833E-03	 0.899999833E-03	 0.699999934E-03	  1201.66198    
   12735	 0.899999833E-03	 0.119999986E-02	 0.699999934E-03	  1201.66198    
   12732	 0.899999833E-03	 0.149999988E-02	 0.699999934E-03	  1201.66198    
   12729	 0.899999833E-03	 0.179999990E-02	 0.699999934E-03	  1201.66198    
   12726	 0.899999833E-03	 0.209999993E-02	 0.699999934E-03	  1201.66198    
   12720	 0.899999833E-03	 0.239999995E-02	 0.699999934E-03	  1201.66198    
   12721	 0.899999833E-03	 0.269999998E-02	 0.699999934E-03	  1201.66198    
   12779	 0.899999833E-03	 0.300000000E-02	 0.699999934E-03	  1201.66198    
   12690	 0.119999986E-02	-0.300000262E-03	 0.699999934E-03	  1201.66198    
   12687	 0.119999986E-02	-0.238418579E-09	 0.699999934E-03	  1201.66198    
   12684	 0.119999986E-02	 0.299999785E-03	 0.699999934E-03	  1201.66198    
   12681	 0.119999986E-02	 0.599999809E-03	 0.699999934E-03	  1201.66198    
   12678	 0.119999986E-02	 0.899999833E-03	 0.699999934E-03	  1201.66198    
   12675	 0.119999986E-02	 0.119999986E-02	 0.699999934E-03	  1201.66198    
   12672	 0.119999986E-02	 0.149999988E-02	 0.699999934E-03	  1201.66198    
   12669	 0.119999986E-02	 0.179999990E-02	 0.699999934E-03	  1201.66198    
   12666	 0.119999986E-02	 0.209999993E-02	 0.699999934E-03	  1201.66198    
   12657	 0.119999986E-02	 0.239999995E-02	 0.699999934E-03	  1201.66198    
   12658	 0.119999986E-02	 0.269999998E-02	 0.699999934E-03	  1201.66198    
   12633	 0.149999988E-02	-0.300000262E-03	 0.699999934E-03	  1201.66198    
   12630	 0.149999988E-02	-0.238418579E-09	 0.699999934E-03	  1201.66198    
   12627	 0.149999988E-02	 0.299999785E-03	 0.699999934E-03	  1201.66198    
   12624	 0.149999988E-02	 0.599999809E-03	 0.699999934E-03	  1201.66198    
   12621	 0.149999988E-02	 0.899999833E-03	 0.699999934E-03	  1201.66198    
   12618	 0.149999988E-02	 0.119999986E-02	 0.699999934E-03	  1201.66198    
   12615	 0.149999988E-02	 0.149999988E-02	 0.699999934E-03	  1201.66198    
   12612	 0.149999988E-02	 0.179999990E-02	 0.699999934E-03	  1201.66198    
   12606	 0.149999988E-02	 0.209999993E-02	 0.699999934E-03	  1201.66198    
   12607	 0.149999988E-02	 0.239999995E-02	 0.699999934E-03	  1201.66198    
   12659	 0.149999988E-02	 0.269999998E-02	 0.699999934E-03	  1201.66198    
   12579	 0.179999990E-02	-0.300000262E-03	 0.699999934E-03	  1201.66198    
   12576	 0.179999990E-02	-0.238418579E-09	 0.699999934E-03	  1201.66198    
   12573	 0.179999990E-02	 0.299999785E-03	 0.699999934E-03	  1201.66198    
   12570	 0.179999990E-02	 0.599999809E-03	 0.699999934E-03	  1201.66198    
   12567	 0.179999990E-02	 0.899999833E-03	 0.699999934E-03	  1201.66198    
   12564	 0.179999990E-02	 0.119999986E-02	 0.699999934E-03	  1201.66198    
   12561	 0.179999990E-02	 0.149999988E-02	 0.699999934E-03	  1201.66198    
   12558	 0.179999990E-02	 0.179999990E-02	 0.699999934E-03	  1201.66198    
   12549	 0.179999990E-02	 0.209999993E-02	 0.699999934E-03	  1201.66198    
   12550	 0.179999990E-02	 0.239999995E-02	 0.699999934E-03	  1201.66198    
   12522	 0.209999993E-02	-0.300000262E-03	 0.699999934E-03	  1201.66198    
   12519	 0.209999993E-02	-0.238418579E-09	 0.699999934E-03	  1201.66198    
   12516	 0.209999993E-02	 0.299999785E-03	 0.699999934E-03	  1201.66198    
   12513	 0.209999993E-02	 0.599999809E-03	 0.699999934E-03	  1201.66198    
   12510	 0.209999993E-02	 0.899999833E-03	 0.699999934E-03	  1201.66198    
   12507	 0.209999993E-02	 0.119999986E-02	 0.699999934E-03	  1201.66198    
   12504	 0.209999993E-02	 0.149999988E-02	 0.699999934E-03	  1201.66198    
   12492	 0.209999993E-02	 0.179999990E-02	 0.699999934E-03	  1201.66198    
   12493	 0.209999993E-02	 0.209999993E-02	 0.699999934E-03	  1201.66198    
   12551	 0.209999993E-02	 0.239999995E-02	 0.699999934E-03	  1201.66198    
   12471	 0.239999995E-02	-0.300000262E-03	 0.699999934E-03	  1201.66198    
   12468	 0.239999995E-02	-0.238418579E-09	 0.699999934E-03	  1201.66198    
   12465	 0.239999995E-02	 0.299999785E-03	 0.699999934E-03	  1201.66198    
   12462	 0.239999995E-02	 0.599999809E-03	 0.699999934E-03	  1201.66198    
   12459	 0.239999995E-02	 0.899999833E-03	 0.699999934E-03	  1201.66198    
   12447	 0.239999995E-02	 0.119999986E-02	 0.699999934E-03	  1201.66198    
   12448	 0.239999995E-02	 0.149999988E-02	 0.699999934E-03	  1201.66198    
   12494	 0.239999995E-02	 0.179999990E-02	 0.699999934E-03	  1201.66198    
   12495	 0.239999995E-02	 0.209999993E-02	 0.699999934E-03	  1201.66198    
   12429	 0.269999998E-02	-0.300000262E-03	 0.699999934E-03	  1201.66198    
   12423	 0.269999998E-02	-0.238418579E-09	 0.699999934E-03	  1201.66198    
   12417	 0.269999998E-02	 0.299999785E-03	 0.699999934E-03	  1201.66198    
   12405	 0.269999998E-02	 0.599999809E-03	 0.699999934E-03	  1201.66198    
   12406	 0.269999998E-02	 0.899999833E-03	 0.699999934E-03	  1201.66198    
   12449	 0.269999998E-02	 0.119999986E-02	 0.699999934E-03	  1201.66198    
   12450	 0.269999998E-02	 0.149999988E-02	 0.699999934E-03	  1201.66198    
   12430	 0.300000000E-02	-0.300000262E-03	 0.699999934E-03	  1201.66198    
   12424	 0.300000000E-02	-0.238418579E-09	 0.699999934E-03	  1201.66198    
   12418	 0.300000000E-02	 0.299999785E-03	 0.699999934E-03	  1201.66198    
   12407	 0.300000000E-02	 0.599999809E-03	 0.699999934E-03	  1201.66198    
   12408	 0.300000000E-02	 0.899999833E-03	 0.699999934E-03	  1201.66198    
     245	-0.240000043E-02	-0.180000038E-02	 0.999999940E-03	  1237.83301    
     247	-0.240000043E-02	-0.150000036E-02	 0.999999940E-03	  1237.83301    
     410	-0.240000043E-02	-0.210000040E-02	 0.999999940E-03	  1237.83301    
     412	-0.210000040E-02	-0.240000043E-02	 0.999999940E-03	  1237.83301    
     414	-0.210000040E-02	-0.210000040E-02	 0.999999940E-03	  1237.83301    
     452	-0.210000040E-02	-0.180000038E-02	 0.999999940E-03	  1237.83301    
     463	-0.210000040E-02	-0.150000036E-02	 0.999999940E-03	  1237.83301    
     639	-0.180000038E-02	-0.240000043E-02	 0.999999940E-03	  1237.83301    
     641	-0.180000038E-02	-0.210000040E-02	 0.999999940E-03	  1237.83301    
     661	-0.180000038E-02	-0.180000038E-02	 0.999999940E-03	  1237.83301    
     672	-0.180000038E-02	-0.150000036E-02	 0.999999940E-03	  1237.83301    
     828	-0.150000036E-02	-0.270000045E-02	 0.999999940E-03	  1237.83301    
     830	-0.150000036E-02	-0.240000043E-02	 0.999999940E-03	  1237.83301    
     859	-0.150000036E-02	-0.210000040E-02	 0.999999940E-03	  1237.83301    
     870	-0.150000036E-02	-0.180000038E-02	 0.999999940E-03	  1237.83301    
     881	-0.150000036E-02	-0.150000036E-02	 0.999999940E-03	  1237.83301    
    1061	-0.120000033E-02	-0.270000045E-02	 0.999999940E-03	  1237.83301    
    1090	-0.120000033E-02	-0.240000043E-02	 0.999999940E-03	  1237.83301    
    1101	-0.120000033E-02	-0.210000040E-02	 0.999999940E-03	  1237.83301    
    1112	-0.120000033E-02	-0.180000038E-02	 0.999999940E-03	  1237.83301    
    1123	-0.120000033E-02	-0.150000036E-02	 0.999999940E-03	  1237.83301    
    1310	-0.900000310E-03	-0.300000048E-02	 0.999999940E-03	  1237.83301    
    1312	-0.900000310E-03	-0.270000045E-02	 0.999999940E-03	  1237.83301    
    1332	-0.900000310E-03	-0.240000043E-02	 0.999999940E-03	  1237.83301    
    1343	-0.900000310E-03	-0.210000040E-02	 0.999999940E-03	  1237.83301    
    1354	-0.900000310E-03	-0.180000038E-02	 0.999999940E-03	  1237.83301    
    1365	-0.900000310E-03	-0.150000036E-02	 0.999999940E-03	  1237.83301    
    1134	-0.120000033E-02	-0.120000033E-02	 0.999999940E-03	  1237.83301    
    1376	-0.900000310E-03	-0.120000033E-02	 0.999999940E-03	  1237.83301    
    1541	-0.600000286E-03	-0.300000048E-02	 0.999999940E-03	  1237.83301    
    1543	-0.600000286E-03	-0.270000045E-02	 0.999999940E-03	  1237.83301    
    1563	-0.600000286E-03	-0.240000043E-02	 0.999999940E-03	  1237.83301    
    1574	-0.600000286E-03	-0.210000040E-02	 0.999999940E-03	  1237.83301    
    1585	-0.600000286E-03	-0.180000038E-02	 0.999999940E-03	  1237.83301    
    1596	-0.600000286E-03	-0.150000036E-02	 0.999999940E-03	  1237.83301    
    1607	-0.600000286E-03	-0.120000033E-02	 0.999999940E-03	  1237.83301    
    1387	-0.900000310E-03	-0.900000310E-03	 0.999999940E-03	  1237.83301    
    1618	-0.600000286E-03	-0.900000310E-03	 0.999999940E-03	  1237.83301    
    1772	-0.300000262E-03	-0.300000048E-02	 0.999999940E-03	  1237.83301    
    1774	-0.300000262E-03	-0.270000045E-02	 0.999999940E-03	  1237.83301    
    1794	-0.300000262E-03	-0.240000043E-02	 0.999999940E-03	  1237.83301    
    1805	-0.300000262E-03	-0.210000040E-02	 0.999999940E-03	  1237.83301    
    1816	-0.300000262E-03	-0.180000038E-02	 0.999999940E-03	  1237.83301    
    1827	-0.300000262E-03	-0.150000036E-02	 0.999999940E-03	  1237.83301    
    1838	-0.300000262E-03	-0.120000033E-02	 0.999999940E-03	  1237.83301    
    1849	-0.300000262E-03	-0.900000310E-03	 0.999999940E-03	  1237.83301    
    2003	-0.238418579E-09	-0.300000048E-02	 0.999999940E-03	  1237.83301    
    2005	-0.238418579E-09	-0.270000045E-02	 0.999999940E-03	  1237.83301    
    2025	-0.238418579E-09	-0.240000043E-02	 0.999999940E-03	  1237.83301    
    2036	-0.238418579E-09	-0.210000040E-02	 0.999999940E-03	  1237.83301    
    2047	-0.238418579E-09	-0.180000038E-02	 0.999999940E-03	  1237.83301    
    2058	-0.238418579E-09	-0.150000036E-02	 0.999999940E-03	  1237.83301    
    2069	-0.238418579E-09	-0.120000033E-02	 0.999999940E-03	  1237.83301    
    2080	-0.238418579E-09	-0.900000310E-03	 0.999999940E-03	  1237.83301    
    1860	-0.300000262E-03	-0.600000286E-03	 0.999999940E-03	  1237.83301    
    2091	-0.238418579E-09	-0.600000286E-03	 0.999999940E-03	  1237.83301    
    2234	 0.299999785E-03	-0.300000048E-02	 0.999999940E-03	  1237.83301    
    2236	 0.299999785E-03	-0.270000045E-02	 0.999999940E-03	  1237.83301    
    2256	 0.299999785E-03	-0.240000043E-02	 0.999999940E-03	  1237.83301    
    2267	 0.299999785E-03	-0.210000040E-02	 0.999999940E-03	  1237.83301    
    2278	 0.299999785E-03	-0.180000038E-02	 0.999999940E-03	  1237.83301    
    2289	 0.299999785E-03	-0.150000036E-02	 0.999999940E-03	  1237.83301    
    2300	 0.299999785E-03	-0.120000033E-02	 0.999999940E-03	  1237.83301    
    2311	 0.299999785E-03	-0.900000310E-03	 0.999999940E-03	  1237.83301    
    2322	 0.299999785E-03	-0.600000286E-03	 0.999999940E-03	  1237.83301    
    2465	 0.599999809E-03	-0.300000048E-02	 0.999999940E-03	  1237.83301    
    2467	 0.599999809E-03	-0.270000045E-02	 0.999999940E-03	  1237.83301    
    2487	 0.599999809E-03	-0.240000043E-02	 0.999999940E-03	  1237.83301    
    2498	 0.599999809E-03	-0.210000040E-02	 0.999999940E-03	  1237.83301    
    2509	 0.599999809E-03	-0.180000038E-02	 0.999999940E-03	  1237.83301    
    2520	 0.599999809E-03	-0.150000036E-02	 0.999999940E-03	  1237.83301    
    2531	 0.599999809E-03	-0.120000033E-02	 0.999999940E-03	  1237.83301    
    2542	 0.599999809E-03	-0.900000310E-03	 0.999999940E-03	  1237.83301    
    2553	 0.599999809E-03	-0.600000286E-03	 0.999999940E-03	  1237.83301    
    2696	 0.899999833E-03	-0.300000048E-02	 0.999999940E-03	  1237.83301    
    2698	 0.899999833E-03	-0.270000045E-02	 0.999999940E-03	  1237.83301    
    2718	 0.899999833E-03	-0.240000043E-02	 0.999999940E-03	  1237.83301    
    2729	 0.899999833E-03	-0.210000040E-02	 0.999999940E-03	  1237.83301    
    2740	 0.899999833E-03	-0.180000038E-02	 0.999999940E-03	  1237.83301    
    2751	 0.899999833E-03	-0.150000036E-02	 0.999999940E-03	  1237.83301    
    2762	 0.899999833E-03	-0.120000033E-02	 0.999999940E-03	  1237.83301    
    2773	 0.899999833E-03	-0.900000310E-03	 0.999999940E-03	  1237.83301    
    2784	 0.899999833E-03	-0.600000286E-03	 0.999999940E-03	  1237.83301    
    2929	 0.119999986E-02	-0.270000045E-02	 0.999999940E-03	  1237.83301    
    2949	 0.119999986E-02	-0.240000043E-02	 0.999999940E-03	  1237.83301    
    2960	 0.119999986E-02	-0.210000040E-02	 0.999999940E-03	  1237.83301    
    2971	 0.119999986E-02	-0.180000038E-02	 0.999999940E-03	  1237.83301    
    2982	 0.119999986E-02	-0.150000036E-02	 0.999999940E-03	  1237.83301    
    2993	 0.119999986E-02	-0.120000033E-02	 0.999999940E-03	  1237.83301    
    3004	 0.119999986E-02	-0.900000310E-03	 0.999999940E-03	  1237.83301    
    3015	 0.119999986E-02	-0.600000286E-03	 0.999999940E-03	  1237.83301    
    3160	 0.149999988E-02	-0.270000045E-02	 0.999999940E-03	  1237.83301    
    3180	 0.149999988E-02	-0.240000043E-02	 0.999999940E-03	  1237.83301    
    3191	 0.149999988E-02	-0.210000040E-02	 0.999999940E-03	  1237.83301    
    3202	 0.149999988E-02	-0.180000038E-02	 0.999999940E-03	  1237.83301    
    3213	 0.149999988E-02	-0.150000036E-02	 0.999999940E-03	  1237.83301    
    3224	 0.149999988E-02	-0.120000033E-02	 0.999999940E-03	  1237.83301    
    3235	 0.149999988E-02	-0.900000310E-03	 0.999999940E-03	  1237.83301    
    3246	 0.149999988E-02	-0.600000286E-03	 0.999999940E-03	  1237.83301    
    3391	 0.179999990E-02	-0.240000043E-02	 0.999999940E-03	  1237.83301    
    3411	 0.179999990E-02	-0.210000040E-02	 0.999999940E-03	  1237.83301    
    3422	 0.179999990E-02	-0.180000038E-02	 0.999999940E-03	  1237.83301    
    3433	 0.179999990E-02	-0.150000036E-02	 0.999999940E-03	  1237.83301    
    3444	 0.179999990E-02	-0.120000033E-02	 0.999999940E-03	  1237.83301    
    3455	 0.179999990E-02	-0.900000310E-03	 0.999999940E-03	  1237.83301    
    3466	 0.179999990E-02	-0.600000286E-03	 0.999999940E-03	  1237.83301    
    3598	 0.209999993E-02	-0.240000043E-02	 0.999999940E-03	  1237.83301    
    3600	 0.209999993E-02	-0.210000040E-02	 0.999999940E-03	  1237.83301    
    3620	 0.209999993E-02	-0.180000038E-02	 0.999999940E-03	  1237.83301    
    3631	 0.209999993E-02	-0.150000036E-02	 0.999999940E-03	  1237.83301    
    3642	 0.209999993E-02	-0.120000033E-02	 0.999999940E-03	  1237.83301    
    3653	 0.209999993E-02	-0.900000310E-03	 0.999999940E-03	  1237.83301    
    3664	 0.209999993E-02	-0.600000286E-03	 0.999999940E-03	  1237.83301    
    3787	 0.239999995E-02	-0.210000040E-02	 0.999999940E-03	  1237.83301    
    3807	 0.239999995E-02	-0.180000038E-02	 0.999999940E-03	  1237.83301    
    3818	 0.239999995E-02	-0.150000036E-02	 0.999999940E-03	  1237.83301    
    3829	 0.239999995E-02	-0.120000033E-02	 0.999999940E-03	  1237.83301    
    3840	 0.239999995E-02	-0.900000310E-03	 0.999999940E-03	  1237.83301    
    3851	 0.239999995E-02	-0.600000286E-03	 0.999999940E-03	  1237.83301    
    3974	 0.269999998E-02	-0.150000036E-02	 0.999999940E-03	  1237.83301    
    3994	 0.269999998E-02	-0.120000033E-02	 0.999999940E-03	  1237.83301    
    4005	 0.269999998E-02	-0.900000310E-03	 0.999999940E-03	  1237.83301    
    4016	 0.269999998E-02	-0.600000286E-03	 0.999999940E-03	  1237.83301    
    4137	 0.300000000E-02	-0.900000310E-03	 0.999999940E-03	  1237.83301    
    4148	 0.300000000E-02	-0.600000286E-03	 0.999999940E-03	  1237.83301    
       5	-0.270000045E-02	-0.150000036E-02	 0.999999940E-03	  1237.83301    
       7	-0.270000045E-02	-0.120000033E-02	 0.999999940E-03	  1237.83301    
     276	-0.240000043E-02	-0.120000033E-02	 0.999999940E-03	  1237.83301    
     474	-0.210000040E-02	-0.120000033E-02	 0.999999940E-03	  1237.83301    
     683	-0.180000038E-02	-0.120000033E-02	 0.999999940E-03	  1237.83301    
     892	-0.150000036E-02	-0.120000033E-02	 0.999999940E-03	  1237.83301    
      47	-0.270000045E-02	-0.900000310E-03	 0.999999940E-03	  1237.83301    
     287	-0.240000043E-02	-0.900000310E-03	 0.999999940E-03	  1237.83301    
     485	-0.210000040E-02	-0.900000310E-03	 0.999999940E-03	  1237.83301    
     694	-0.180000038E-02	-0.900000310E-03	 0.999999940E-03	  1237.83301    
     903	-0.150000036E-02	-0.900000310E-03	 0.999999940E-03	  1237.83301    
    1145	-0.120000033E-02	-0.900000310E-03	 0.999999940E-03	  1237.83301    
      45	-0.300000048E-02	-0.900000310E-03	 0.999999940E-03	  1237.83301    
      67	-0.300000048E-02	-0.600000286E-03	 0.999999940E-03	  1237.83301    
      69	-0.270000045E-02	-0.600000286E-03	 0.999999940E-03	  1237.83301    
     298	-0.240000043E-02	-0.600000286E-03	 0.999999940E-03	  1237.83301    
     496	-0.210000040E-02	-0.600000286E-03	 0.999999940E-03	  1237.83301    
     705	-0.180000038E-02	-0.600000286E-03	 0.999999940E-03	  1237.83301    
     914	-0.150000036E-02	-0.600000286E-03	 0.999999940E-03	  1237.83301    
    1156	-0.120000033E-02	-0.600000286E-03	 0.999999940E-03	  1237.83301    
    1398	-0.900000310E-03	-0.600000286E-03	 0.999999940E-03	  1237.83301    
    1629	-0.600000286E-03	-0.600000286E-03	 0.999999940E-03	  1237.83301    
      89	-0.300000048E-02	-0.300000262E-03	 0.999999940E-03	  1237.83301    
      91	-0.270000045E-02	-0.300000262E-03	 0.999999940E-03	  1237.83301    
     309	-0.240000043E-02	-0.300000262E-03	 0.999999940E-03	  1237.83301    
     507	-0.210000040E-02	-0.300000262E-03	 0.999999940E-03	  1237.83301    
     716	-0.180000038E-02	-0.300000262E-03	 0.999999940E-03	  1237.83301    
     925	-0.150000036E-02	-0.300000262E-03	 0.999999940E-03	  1237.83301    
    1167	-0.120000033E-02	-0.300000262E-03	 0.999999940E-03	  1237.83301    
    1409	-0.900000310E-03	-0.300000262E-03	 0.999999940E-03	  1237.83301    
    1640	-0.600000286E-03	-0.300000262E-03	 0.999999940E-03	  1237.83301    
    1871	-0.300000262E-03	-0.300000262E-03	 0.999999940E-03	  1237.83301    
    2102	-0.238418579E-09	-0.300000262E-03	 0.999999940E-03	  1237.83301    
     111	-0.300000048E-02	-0.238418579E-09	 0.999999940E-03	  1237.83301    
     113	-0.270000045E-02	-0.238418579E-09	 0.999999940E-03	  1237.83301    
     320	-0.240000043E-02	-0.238418579E-09	 0.999999940E-03	  1237.83301    
     518	-0.210000040E-02	-0.238418579E-09	 0.999999940E-03	  1237.83301    
     727	-0.180000038E-02	-0.238418579E-09	 0.999999940E-03	  1237.83301    
     936	-0.150000036E-02	-0.238418579E-09	 0.999999940E-03	  1237.83301    
    1178	-0.120000033E-02	-0.238418579E-09	 0.999999940E-03	  1237.83301    
    1420	-0.900000310E-03	-0.238418579E-09	 0.999999940E-03	  1237.83301    
    1651	-0.600000286E-03	-0.238418579E-09	 0.999999940E-03	  1237.83301    
    1882	-0.300000262E-03	-0.238418579E-09	 0.999999940E-03	  1237.83301    
    2113	-0.238418579E-09	-0.238418579E-09	 0.999999940E-03	  1237.83301    
     133	-0.300000048E-02	 0.299999785E-03	 0.999999940E-03	  1237.83301    
     135	-0.270000045E-02	 0.299999785E-03	 0.999999940E-03	  1237.83301    
     331	-0.240000043E-02	 0.299999785E-03	 0.999999940E-03	  1237.83301    
     529	-0.210000040E-02	 0.299999785E-03	 0.999999940E-03	  1237.83301    
     738	-0.180000038E-02	 0.299999785E-03	 0.999999940E-03	  1237.83301    
     947	-0.150000036E-02	 0.299999785E-03	 0.999999940E-03	  1237.83301    
    1189	-0.120000033E-02	 0.299999785E-03	 0.999999940E-03	  1237.83301    
    1431	-0.900000310E-03	 0.299999785E-03	 0.999999940E-03	  1237.83301    
    1662	-0.600000286E-03	 0.299999785E-03	 0.999999940E-03	  1237.83301    
    1893	-0.300000262E-03	 0.299999785E-03	 0.999999940E-03	  1237.83301    
    2124	-0.238418579E-09	 0.299999785E-03	 0.999999940E-03	  1237.83301    
     155	-0.300000048E-02	 0.599999809E-03	 0.999999940E-03	  1237.83301    
     157	-0.270000045E-02	 0.599999809E-03	 0.999999940E-03	  1237.83301    
     342	-0.240000043E-02	 0.599999809E-03	 0.999999940E-03	  1237.83301    
     540	-0.210000040E-02	 0.599999809E-03	 0.999999940E-03	  1237.83301    
     749	-0.180000038E-02	 0.599999809E-03	 0.999999940E-03	  1237.83301    
     958	-0.150000036E-02	 0.599999809E-03	 0.999999940E-03	  1237.83301    
    1200	-0.120000033E-02	 0.599999809E-03	 0.999999940E-03	  1237.83301    
    1442	-0.900000310E-03	 0.599999809E-03	 0.999999940E-03	  1237.83301    
    1673	-0.600000286E-03	 0.599999809E-03	 0.999999940E-03	  1237.83301    
    1904	-0.300000262E-03	 0.599999809E-03	 0.999999940E-03	  1237.83301    
    2135	-0.238418579E-09	 0.599999809E-03	 0.999999940E-03	  1237.83301    
     177	-0.300000048E-02	 0.899999833E-03	 0.999999940E-03	  1237.83301    
     179	-0.270000045E-02	 0.899999833E-03	 0.999999940E-03	  1237.83301    
     353	-0.240000043E-02	 0.899999833E-03	 0.999999940E-03	  1237.83301    
     551	-0.210000040E-02	 0.899999833E-03	 0.999999940E-03	  1237.83301    
     760	-0.180000038E-02	 0.899999833E-03	 0.999999940E-03	  1237.83301    
     969	-0.150000036E-02	 0.899999833E-03	 0.999999940E-03	  1237.83301    
    1211	-0.120000033E-02	 0.899999833E-03	 0.999999940E-03	  1237.83301    
    1453	-0.900000310E-03	 0.899999833E-03	 0.999999940E-03	  1237.83301    
    1684	-0.600000286E-03	 0.899999833E-03	 0.999999940E-03	  1237.83301    
    1915	-0.300000262E-03	 0.899999833E-03	 0.999999940E-03	  1237.83301    
     201	-0.270000045E-02	 0.119999986E-02	 0.999999940E-03	  1237.83301    
     364	-0.240000043E-02	 0.119999986E-02	 0.999999940E-03	  1237.83301    
     562	-0.210000040E-02	 0.119999986E-02	 0.999999940E-03	  1237.83301    
     771	-0.180000038E-02	 0.119999986E-02	 0.999999940E-03	  1237.83301    
     980	-0.150000036E-02	 0.119999986E-02	 0.999999940E-03	  1237.83301    
    1222	-0.120000033E-02	 0.119999986E-02	 0.999999940E-03	  1237.83301    
    1464	-0.900000310E-03	 0.119999986E-02	 0.999999940E-03	  1237.83301    
    1695	-0.600000286E-03	 0.119999986E-02	 0.999999940E-03	  1237.83301    
    1926	-0.300000262E-03	 0.119999986E-02	 0.999999940E-03	  1237.83301    
     223	-0.270000045E-02	 0.149999988E-02	 0.999999940E-03	  1237.83301    
     375	-0.240000043E-02	 0.149999988E-02	 0.999999940E-03	  1237.83301    
     573	-0.210000040E-02	 0.149999988E-02	 0.999999940E-03	  1237.83301    
     782	-0.180000038E-02	 0.149999988E-02	 0.999999940E-03	  1237.83301    
     991	-0.150000036E-02	 0.149999988E-02	 0.999999940E-03	  1237.83301    
    1233	-0.120000033E-02	 0.149999988E-02	 0.999999940E-03	  1237.83301    
    1475	-0.900000310E-03	 0.149999988E-02	 0.999999940E-03	  1237.83301    
    1706	-0.600000286E-03	 0.149999988E-02	 0.999999940E-03	  1237.83301    
    1937	-0.300000262E-03	 0.149999988E-02	 0.999999940E-03	  1237.83301    
     388	-0.240000043E-02	 0.179999990E-02	 0.999999940E-03	  1237.83301    
     584	-0.210000040E-02	 0.179999990E-02	 0.999999940E-03	  1237.83301    
     793	-0.180000038E-02	 0.179999990E-02	 0.999999940E-03	  1237.83301    
    1002	-0.150000036E-02	 0.179999990E-02	 0.999999940E-03	  1237.83301    
    1244	-0.120000033E-02	 0.179999990E-02	 0.999999940E-03	  1237.83301    
    1486	-0.900000310E-03	 0.179999990E-02	 0.999999940E-03	  1237.83301    
    1717	-0.600000286E-03	 0.179999990E-02	 0.999999940E-03	  1237.83301    
    1948	-0.300000262E-03	 0.179999990E-02	 0.999999940E-03	  1237.83301    
     595	-0.240000043E-02	 0.209999993E-02	 0.999999940E-03	  1237.83301    
     597	-0.210000040E-02	 0.209999993E-02	 0.999999940E-03	  1237.83301    
     804	-0.180000038E-02	 0.209999993E-02	 0.999999940E-03	  1237.83301    
    1013	-0.150000036E-02	 0.209999993E-02	 0.999999940E-03	  1237.83301    
    1255	-0.120000033E-02	 0.209999993E-02	 0.999999940E-03	  1237.83301    
    1497	-0.900000310E-03	 0.209999993E-02	 0.999999940E-03	  1237.83301    
    1728	-0.600000286E-03	 0.209999993E-02	 0.999999940E-03	  1237.83301    
    1959	-0.300000262E-03	 0.209999993E-02	 0.999999940E-03	  1237.83301    
     619	-0.210000040E-02	 0.239999995E-02	 0.999999940E-03	  1237.83301    
     815	-0.180000038E-02	 0.239999995E-02	 0.999999940E-03	  1237.83301    
    1024	-0.150000036E-02	 0.239999995E-02	 0.999999940E-03	  1237.83301    
    1266	-0.120000033E-02	 0.239999995E-02	 0.999999940E-03	  1237.83301    
    1508	-0.900000310E-03	 0.239999995E-02	 0.999999940E-03	  1237.83301    
    1739	-0.600000286E-03	 0.239999995E-02	 0.999999940E-03	  1237.83301    
    1037	-0.150000036E-02	 0.269999998E-02	 0.999999940E-03	  1237.83301    
    1277	-0.120000033E-02	 0.269999998E-02	 0.999999940E-03	  1237.83301    
    1519	-0.900000310E-03	 0.269999998E-02	 0.999999940E-03	  1237.83301    
    1750	-0.600000286E-03	 0.269999998E-02	 0.999999940E-03	  1237.83301    
    1530	-0.900000310E-03	 0.300000000E-02	 0.999999940E-03	  1237.83301    
    1761	-0.600000286E-03	 0.300000000E-02	 0.999999940E-03	  1237.83301    
    1970	-0.300000262E-03	 0.239999995E-02	 0.999999940E-03	  1237.83301    
    1981	-0.300000262E-03	 0.269999998E-02	 0.999999940E-03	  1237.83301    
    1992	-0.300000262E-03	 0.300000000E-02	 0.999999940E-03	  1237.83301    
    2146	-0.238418579E-09	 0.899999833E-03	 0.999999940E-03	  1237.83301    
    2157	-0.238418579E-09	 0.119999986E-02	 0.999999940E-03	  1237.83301    
    2168	-0.238418579E-09	 0.149999988E-02	 0.999999940E-03	  1237.83301    
    2179	-0.238418579E-09	 0.179999990E-02	 0.999999940E-03	  1237.83301    
    2190	-0.238418579E-09	 0.209999993E-02	 0.999999940E-03	  1237.83301    
    2201	-0.238418579E-09	 0.239999995E-02	 0.999999940E-03	  1237.83301    
    2212	-0.238418579E-09	 0.269999998E-02	 0.999999940E-03	  1237.83301    
    2223	-0.238418579E-09	 0.300000000E-02	 0.999999940E-03	  1237.83301    
    2333	 0.299999785E-03	-0.300000262E-03	 0.999999940E-03	  1237.83301    
    2344	 0.299999785E-03	-0.238418579E-09	 0.999999940E-03	  1237.83301    
    2355	 0.299999785E-03	 0.299999785E-03	 0.999999940E-03	  1237.83301    
    2366	 0.299999785E-03	 0.599999809E-03	 0.999999940E-03	  1237.83301    
    2377	 0.299999785E-03	 0.899999833E-03	 0.999999940E-03	  1237.83301    
    2388	 0.299999785E-03	 0.119999986E-02	 0.999999940E-03	  1237.83301    
    2399	 0.299999785E-03	 0.149999988E-02	 0.999999940E-03	  1237.83301    
    2410	 0.299999785E-03	 0.179999990E-02	 0.999999940E-03	  1237.83301    
    2421	 0.299999785E-03	 0.209999993E-02	 0.999999940E-03	  1237.83301    
    2432	 0.299999785E-03	 0.239999995E-02	 0.999999940E-03	  1237.83301    
    2443	 0.299999785E-03	 0.269999998E-02	 0.999999940E-03	  1237.83301    
    2454	 0.299999785E-03	 0.300000000E-02	 0.999999940E-03	  1237.83301    
    2564	 0.599999809E-03	-0.300000262E-03	 0.999999940E-03	  1237.83301    
    2575	 0.599999809E-03	-0.238418579E-09	 0.999999940E-03	  1237.83301    
    2586	 0.599999809E-03	 0.299999785E-03	 0.999999940E-03	  1237.83301    
    2597	 0.599999809E-03	 0.599999809E-03	 0.999999940E-03	  1237.83301    
    2608	 0.599999809E-03	 0.899999833E-03	 0.999999940E-03	  1237.83301    
    2619	 0.599999809E-03	 0.119999986E-02	 0.999999940E-03	  1237.83301    
    2630	 0.599999809E-03	 0.149999988E-02	 0.999999940E-03	  1237.83301    
    2641	 0.599999809E-03	 0.179999990E-02	 0.999999940E-03	  1237.83301    
    2652	 0.599999809E-03	 0.209999993E-02	 0.999999940E-03	  1237.83301    
    2663	 0.599999809E-03	 0.239999995E-02	 0.999999940E-03	  1237.83301    
    2674	 0.599999809E-03	 0.269999998E-02	 0.999999940E-03	  1237.83301    
    2685	 0.599999809E-03	 0.300000000E-02	 0.999999940E-03	  1237.83301    
    2795	 0.899999833E-03	-0.300000262E-03	 0.999999940E-03	  1237.83301    
    2806	 0.899999833E-03	-0.238418579E-09	 0.999999940E-03	  1237.83301    
    2817	 0.899999833E-03	 0.299999785E-03	 0.999999940E-03	  1237.83301    
    2828	 0.899999833E-03	 0.599999809E-03	 0.999999940E-03	  1237.83301    
    2839	 0.899999833E-03	 0.899999833E-03	 0.999999940E-03	  1237.83301    
    2850	 0.899999833E-03	 0.119999986E-02	 0.999999940E-03	  1237.83301    
    2861	 0.899999833E-03	 0.149999988E-02	 0.999999940E-03	  1237.83301    
    2872	 0.899999833E-03	 0.179999990E-02	 0.999999940E-03	  1237.83301    
    2883	 0.899999833E-03	 0.209999993E-02	 0.999999940E-03	  1237.83301    
    2894	 0.899999833E-03	 0.239999995E-02	 0.999999940E-03	  1237.83301    
    2905	 0.899999833E-03	 0.269999998E-02	 0.999999940E-03	  1237.83301    
    2916	 0.899999833E-03	 0.300000000E-02	 0.999999940E-03	  1237.83301    
    3026	 0.119999986E-02	-0.300000262E-03	 0.999999940E-03	  1237.83301    
    3037	 0.119999986E-02	-0.238418579E-09	 0.999999940E-03	  1237.83301    
    3048	 0.119999986E-02	 0.299999785E-03	 0.999999940E-03	  1237.83301    
    3059	 0.119999986E-02	 0.599999809E-03	 0.999999940E-03	  1237.83301    
    3070	 0.119999986E-02	 0.899999833E-03	 0.999999940E-03	  1237.83301    
    3081	 0.119999986E-02	 0.119999986E-02	 0.999999940E-03	  1237.83301    
    3092	 0.119999986E-02	 0.149999988E-02	 0.999999940E-03	  1237.83301    
    3103	 0.119999986E-02	 0.179999990E-02	 0.999999940E-03	  1237.83301    
    3114	 0.119999986E-02	 0.209999993E-02	 0.999999940E-03	  1237.83301    
    3125	 0.119999986E-02	 0.239999995E-02	 0.999999940E-03	  1237.83301    
    3136	 0.119999986E-02	 0.269999998E-02	 0.999999940E-03	  1237.83301    
    3257	 0.149999988E-02	-0.300000262E-03	 0.999999940E-03	  1237.83301    
    3268	 0.149999988E-02	-0.238418579E-09	 0.999999940E-03	  1237.83301    
    3279	 0.149999988E-02	 0.299999785E-03	 0.999999940E-03	  1237.83301    
    3290	 0.149999988E-02	 0.599999809E-03	 0.999999940E-03	  1237.83301    
    3301	 0.149999988E-02	 0.899999833E-03	 0.999999940E-03	  1237.83301    
    3312	 0.149999988E-02	 0.119999986E-02	 0.999999940E-03	  1237.83301    
    3323	 0.149999988E-02	 0.149999988E-02	 0.999999940E-03	  1237.83301    
    3334	 0.149999988E-02	 0.179999990E-02	 0.999999940E-03	  1237.83301    
    3345	 0.149999988E-02	 0.209999993E-02	 0.999999940E-03	  1237.83301    
    3356	 0.149999988E-02	 0.239999995E-02	 0.999999940E-03	  1237.83301    
    3367	 0.149999988E-02	 0.269999998E-02	 0.999999940E-03	  1237.83301    
    3477	 0.179999990E-02	-0.300000262E-03	 0.999999940E-03	  1237.83301    
    3488	 0.179999990E-02	-0.238418579E-09	 0.999999940E-03	  1237.83301    
    3499	 0.179999990E-02	 0.299999785E-03	 0.999999940E-03	  1237.83301    
    3510	 0.179999990E-02	 0.599999809E-03	 0.999999940E-03	  1237.83301    
    3521	 0.179999990E-02	 0.899999833E-03	 0.999999940E-03	  1237.83301    
    3532	 0.179999990E-02	 0.119999986E-02	 0.999999940E-03	  1237.83301    
    3543	 0.179999990E-02	 0.149999988E-02	 0.999999940E-03	  1237.83301    
    3554	 0.179999990E-02	 0.179999990E-02	 0.999999940E-03	  1237.83301    
    3565	 0.179999990E-02	 0.209999993E-02	 0.999999940E-03	  1237.83301    
    3576	 0.179999990E-02	 0.239999995E-02	 0.999999940E-03	  1237.83301    
    3675	 0.209999993E-02	-0.300000262E-03	 0.999999940E-03	  1237.83301    
    3686	 0.209999993E-02	-0.238418579E-09	 0.999999940E-03	  1237.83301    
    3697	 0.209999993E-02	 0.299999785E-03	 0.999999940E-03	  1237.83301    
    3708	 0.209999993E-02	 0.599999809E-03	 0.999999940E-03	  1237.83301    
    3719	 0.209999993E-02	 0.899999833E-03	 0.999999940E-03	  1237.83301    
    3730	 0.209999993E-02	 0.119999986E-02	 0.999999940E-03	  1237.83301    
    3741	 0.209999993E-02	 0.149999988E-02	 0.999999940E-03	  1237.83301    
    3752	 0.209999993E-02	 0.179999990E-02	 0.999999940E-03	  1237.83301    
    3763	 0.209999993E-02	 0.209999993E-02	 0.999999940E-03	  1237.83301    
    3774	 0.209999993E-02	 0.239999995E-02	 0.999999940E-03	  1237.83301    
    3862	 0.239999995E-02	-0.300000262E-03	 0.999999940E-03	  1237.83301    
    3873	 0.239999995E-02	-0.238418579E-09	 0.999999940E-03	  1237.83301    
    3884	 0.239999995E-02	 0.299999785E-03	 0.999999940E-03	  1237.83301    
    3895	 0.239999995E-02	 0.599999809E-03	 0.999999940E-03	  1237.83301    
    3906	 0.239999995E-02	 0.899999833E-03	 0.999999940E-03	  1237.83301    
    3917	 0.239999995E-02	 0.119999986E-02	 0.999999940E-03	  1237.83301    
    3928	 0.239999995E-02	 0.149999988E-02	 0.999999940E-03	  1237.83301    
    3939	 0.239999995E-02	 0.179999990E-02	 0.999999940E-03	  1237.83301    
    3950	 0.239999995E-02	 0.209999993E-02	 0.999999940E-03	  1237.83301    
    4027	 0.269999998E-02	-0.300000262E-03	 0.999999940E-03	  1237.83301    
    4038	 0.269999998E-02	-0.238418579E-09	 0.999999940E-03	  1237.83301    
    4049	 0.269999998E-02	 0.299999785E-03	 0.999999940E-03	  1237.83301    
    4060	 0.269999998E-02	 0.599999809E-03	 0.999999940E-03	  1237.83301    
    4071	 0.269999998E-02	 0.899999833E-03	 0.999999940E-03	  1237.83301    
    4082	 0.269999998E-02	 0.119999986E-02	 0.999999940E-03	  1237.83301    
    4093	 0.269999998E-02	 0.149999988E-02	 0.999999940E-03	  1237.83301    
    4159	 0.300000000E-02	-0.300000262E-03	 0.999999940E-03	  1237.83301    
    4170	 0.300000000E-02	-0.238418579E-09	 0.999999940E-03	  1237.83301    
    4181	 0.300000000E-02	 0.299999785E-03	 0.999999940E-03	  1237.83301    
    4192	 0.300000000E-02	 0.599999809E-03	 0.999999940E-03	  1237.83301    
    4203	 0.300000000E-02	 0.899999833E-03	 0.999999940E-03	  1237.83301    
       6	-0.270000045E-02	-0.150000036E-02	 0.129999995E-02	  1250.95306    
     244	-0.270000045E-02	-0.180000038E-02	 0.129999995E-02	  1250.87859    
     243	-0.270000045E-02	-0.180000038E-02	 0.999999940E-03	  1250.98104    
     248	-0.240000043E-02	-0.150000036E-02	 0.129999995E-02	  1250.89324    
     246	-0.240000043E-02	-0.180000038E-02	 0.129999995E-02	  1250.90377    
     411	-0.240000043E-02	-0.210000040E-02	 0.129999995E-02	  1250.90907    
     409	-0.240000043E-02	-0.240000043E-02	 0.129999995E-02	  1250.87691    
     408	-0.240000043E-02	-0.240000043E-02	 0.999999940E-03	  1250.96871    
     415	-0.210000040E-02	-0.210000040E-02	 0.129999995E-02	  1250.89135    
     413	-0.210000040E-02	-0.240000043E-02	 0.129999995E-02	  1250.90907    
     453	-0.210000040E-02	-0.180000038E-02	 0.129999995E-02	  1250.87333    
     464	-0.210000040E-02	-0.150000036E-02	 0.129999995E-02	  1250.87042    
     642	-0.180000038E-02	-0.210000040E-02	 0.129999995E-02	  1250.87333    
     640	-0.180000038E-02	-0.240000043E-02	 0.129999995E-02	  1250.90377    
     662	-0.180000038E-02	-0.180000038E-02	 0.129999995E-02	  1250.86874    
     673	-0.180000038E-02	-0.150000036E-02	 0.129999995E-02	  1250.86613    
     827	-0.180000038E-02	-0.270000045E-02	 0.129999995E-02	  1250.87859    
     826	-0.180000038E-02	-0.270000045E-02	 0.999999940E-03	  1250.98104    
     831	-0.150000036E-02	-0.240000043E-02	 0.129999995E-02	  1250.89324    
     829	-0.150000036E-02	-0.270000045E-02	 0.129999995E-02	  1250.95306    
     860	-0.150000036E-02	-0.210000040E-02	 0.129999995E-02	  1250.87042    
     871	-0.150000036E-02	-0.180000038E-02	 0.129999995E-02	  1250.86613    
     882	-0.150000036E-02	-0.150000036E-02	 0.129999995E-02	  1250.86484    
    1058	-0.150000036E-02	-0.300000048E-02	 0.129999995E-02	  1250.96828    
    1057	-0.150000036E-02	-0.300000048E-02	 0.999999940E-03	  1251.00269    
    1062	-0.120000033E-02	-0.270000045E-02	 0.129999995E-02	  1250.93939    
    1060	-0.120000033E-02	-0.300000048E-02	 0.129999995E-02	  1250.92532    
    1059	-0.120000033E-02	-0.300000048E-02	 0.999999940E-03	  1250.99850    
    1091	-0.120000033E-02	-0.240000043E-02	 0.129999995E-02	  1250.87687    
    1102	-0.120000033E-02	-0.210000040E-02	 0.129999995E-02	  1250.86837    
    1113	-0.120000033E-02	-0.180000038E-02	 0.129999995E-02	  1250.86511    
    1124	-0.120000033E-02	-0.150000036E-02	 0.129999995E-02	  1250.86404    
    1313	-0.900000310E-03	-0.270000045E-02	 0.129999995E-02	  1250.89169    
    1311	-0.900000310E-03	-0.300000048E-02	 0.129999995E-02	  1250.91675    
    1333	-0.900000310E-03	-0.240000043E-02	 0.129999995E-02	  1250.87237    
    1344	-0.900000310E-03	-0.210000040E-02	 0.129999995E-02	  1250.86592    
    1355	-0.900000310E-03	-0.180000038E-02	 0.129999995E-02	  1250.86436    
    1366	-0.900000310E-03	-0.150000036E-02	 0.129999995E-02	  1250.86350    
    1135	-0.120000033E-02	-0.120000033E-02	 0.129999995E-02	  1250.86342    
    1377	-0.900000310E-03	-0.120000033E-02	 0.129999995E-02	  1250.86296    
    1544	-0.600000286E-03	-0.270000045E-02	 0.129999995E-02	  1250.87012    
    1542	-0.600000286E-03	-0.300000048E-02	 0.129999995E-02	  1250.87002    
    1564	-0.600000286E-03	-0.240000043E-02	 0.129999995E-02	  1250.86707    
    1575	-0.600000286E-03	-0.210000040E-02	 0.129999995E-02	  1250.86481    
    1586	-0.600000286E-03	-0.180000038E-02	 0.129999995E-02	  1250.86373    
    1597	-0.600000286E-03	-0.150000036E-02	 0.129999995E-02	  1250.86311    
    1608	-0.600000286E-03	-0.120000033E-02	 0.129999995E-02	  1250.86263    
    1388	-0.900000310E-03	-0.900000310E-03	 0.129999995E-02	  1250.86256    
    1619	-0.600000286E-03	-0.900000310E-03	 0.129999995E-02	  1250.86226    
    1775	-0.300000262E-03	-0.270000045E-02	 0.129999995E-02	  1250.86517    
    1773	-0.300000262E-03	-0.300000048E-02	 0.129999995E-02	  1250.86550    
    1795	-0.300000262E-03	-0.240000043E-02	 0.129999995E-02	  1250.86471    
    1806	-0.300000262E-03	-0.210000040E-02	 0.129999995E-02	  1250.86401    
    1817	-0.300000262E-03	-0.180000038E-02	 0.129999995E-02	  1250.86337    
    1828	-0.300000262E-03	-0.150000036E-02	 0.129999995E-02	  1250.86286    
    1839	-0.300000262E-03	-0.120000033E-02	 0.129999995E-02	  1250.86243    
    1850	-0.300000262E-03	-0.900000310E-03	 0.129999995E-02	  1250.86208    
    2006	-0.238418579E-09	-0.270000045E-02	 0.129999995E-02	  1250.86455    
    2004	-0.238418579E-09	-0.300000048E-02	 0.129999995E-02	  1250.86465    
    2026	-0.238418579E-09	-0.240000043E-02	 0.129999995E-02	  1250.86420    
    2037	-0.238418579E-09	-0.210000040E-02	 0.129999995E-02	  1250.86375    
    2048	-0.238418579E-09	-0.180000038E-02	 0.129999995E-02	  1250.86325    
    2059	-0.238418579E-09	-0.150000036E-02	 0.129999995E-02	  1250.86277    
    2070	-0.238418579E-09	-0.120000033E-02	 0.129999995E-02	  1250.86236    
    2081	-0.238418579E-09	-0.900000310E-03	 0.129999995E-02	  1250.86202    
    1861	-0.300000262E-03	-0.600000286E-03	 0.129999995E-02	  1250.86183    
    2092	-0.238418579E-09	-0.600000286E-03	 0.129999995E-02	  1250.86177    
    2237	 0.299999785E-03	-0.270000045E-02	 0.129999995E-02	  1250.86517    
    2235	 0.299999785E-03	-0.300000048E-02	 0.129999995E-02	  1250.86550    
    2257	 0.299999785E-03	-0.240000043E-02	 0.129999995E-02	  1250.86471    
    2268	 0.299999785E-03	-0.210000040E-02	 0.129999995E-02	  1250.86401    
    2279	 0.299999785E-03	-0.180000038E-02	 0.129999995E-02	  1250.86337    
    2290	 0.299999785E-03	-0.150000036E-02	 0.129999995E-02	  1250.86286    
    2301	 0.299999785E-03	-0.120000033E-02	 0.129999995E-02	  1250.86243    
    2312	 0.299999785E-03	-0.900000310E-03	 0.129999995E-02	  1250.86208    
    2323	 0.299999785E-03	-0.600000286E-03	 0.129999995E-02	  1250.86183    
    2468	 0.599999809E-03	-0.270000045E-02	 0.129999995E-02	  1250.87012    
    2466	 0.599999809E-03	-0.300000048E-02	 0.129999995E-02	  1250.87002    
    2488	 0.599999809E-03	-0.240000043E-02	 0.129999995E-02	  1250.86707    
    2499	 0.599999809E-03	-0.210000040E-02	 0.129999995E-02	  1250.86481    
    2510	 0.599999809E-03	-0.180000038E-02	 0.129999995E-02	  1250.86373    
    2521	 0.599999809E-03	-0.150000036E-02	 0.129999995E-02	  1250.86311    
    2532	 0.599999809E-03	-0.120000033E-02	 0.129999995E-02	  1250.86263    
    2543	 0.599999809E-03	-0.900000310E-03	 0.129999995E-02	  1250.86226    
    2554	 0.599999809E-03	-0.600000286E-03	 0.129999995E-02	  1250.86199    
    2699	 0.899999833E-03	-0.270000045E-02	 0.129999995E-02	  1250.89169    
    2697	 0.899999833E-03	-0.300000048E-02	 0.129999995E-02	  1250.91675    
    2719	 0.899999833E-03	-0.240000043E-02	 0.129999995E-02	  1250.87237    
    2730	 0.899999833E-03	-0.210000040E-02	 0.129999995E-02	  1250.86592    
    2741	 0.899999833E-03	-0.180000038E-02	 0.129999995E-02	  1250.86436    
    2752	 0.899999833E-03	-0.150000036E-02	 0.129999995E-02	  1250.86350    
    2763	 0.899999833E-03	-0.120000033E-02	 0.129999995E-02	  1250.86296    
    2774	 0.899999833E-03	-0.900000310E-03	 0.129999995E-02	  1250.86256    
    2785	 0.899999833E-03	-0.600000286E-03	 0.129999995E-02	  1250.86226    
    2930	 0.119999986E-02	-0.270000045E-02	 0.129999995E-02	  1250.93939    
    2928	 0.119999986E-02	-0.300000048E-02	 0.129999995E-02	  1250.92532    
    2927	 0.119999986E-02	-0.300000048E-02	 0.999999940E-03	  1250.99850    
    2950	 0.119999986E-02	-0.240000043E-02	 0.129999995E-02	  1250.87687    
    2961	 0.119999986E-02	-0.210000040E-02	 0.129999995E-02	  1250.86837    
    2972	 0.119999986E-02	-0.180000038E-02	 0.129999995E-02	  1250.86511    
    2983	 0.119999986E-02	-0.150000036E-02	 0.129999995E-02	  1250.86404    
    2994	 0.119999986E-02	-0.120000033E-02	 0.129999995E-02	  1250.86342    
    3005	 0.119999986E-02	-0.900000310E-03	 0.129999995E-02	  1250.86296    
    3016	 0.119999986E-02	-0.600000286E-03	 0.129999995E-02	  1250.86263    
    3161	 0.149999988E-02	-0.270000045E-02	 0.129999995E-02	  1250.95306    
    3159	 0.149999988E-02	-0.300000048E-02	 0.129999995E-02	  1250.96828    
    3158	 0.149999988E-02	-0.300000048E-02	 0.999999940E-03	  1251.00269    
    3181	 0.149999988E-02	-0.240000043E-02	 0.129999995E-02	  1250.89324    
    3192	 0.149999988E-02	-0.210000040E-02	 0.129999995E-02	  1250.87042    
    3203	 0.149999988E-02	-0.180000038E-02	 0.129999995E-02	  1250.86613    
    3214	 0.149999988E-02	-0.150000036E-02	 0.129999995E-02	  1250.86484    
    3225	 0.149999988E-02	-0.120000033E-02	 0.129999995E-02	  1250.86404    
    3236	 0.149999988E-02	-0.900000310E-03	 0.129999995E-02	  1250.86350    
    3247	 0.149999988E-02	-0.600000286E-03	 0.129999995E-02	  1250.86311    
    3392	 0.179999990E-02	-0.240000043E-02	 0.129999995E-02	  1250.90377    
    3390	 0.179999990E-02	-0.270000045E-02	 0.129999995E-02	  1250.87859    
    3389	 0.179999990E-02	-0.270000045E-02	 0.999999940E-03	  1250.98104    
    3412	 0.179999990E-02	-0.210000040E-02	 0.129999995E-02	  1250.87333    
    3423	 0.179999990E-02	-0.180000038E-02	 0.129999995E-02	  1250.86874    
    3434	 0.179999990E-02	-0.150000036E-02	 0.129999995E-02	  1250.86613    
    3445	 0.179999990E-02	-0.120000033E-02	 0.129999995E-02	  1250.86511    
    3456	 0.179999990E-02	-0.900000310E-03	 0.129999995E-02	  1250.86436    
    3467	 0.179999990E-02	-0.600000286E-03	 0.129999995E-02	  1250.86373    
    3601	 0.209999993E-02	-0.210000040E-02	 0.129999995E-02	  1250.89135    
    3599	 0.209999993E-02	-0.240000043E-02	 0.129999995E-02	  1250.90907    
    3621	 0.209999993E-02	-0.180000038E-02	 0.129999995E-02	  1250.87333    
    3632	 0.209999993E-02	-0.150000036E-02	 0.129999995E-02	  1250.87042    
    3643	 0.209999993E-02	-0.120000033E-02	 0.129999995E-02	  1250.86837    
    3654	 0.209999993E-02	-0.900000310E-03	 0.129999995E-02	  1250.86592    
    3665	 0.209999993E-02	-0.600000286E-03	 0.129999995E-02	  1250.86481    
    3788	 0.239999995E-02	-0.210000040E-02	 0.129999995E-02	  1250.90907    
    3786	 0.239999995E-02	-0.240000043E-02	 0.129999995E-02	  1250.87691    
    3785	 0.239999995E-02	-0.240000043E-02	 0.999999940E-03	  1250.96871    
    3808	 0.239999995E-02	-0.180000038E-02	 0.129999995E-02	  1250.90377    
    3819	 0.239999995E-02	-0.150000036E-02	 0.129999995E-02	  1250.89324    
    3830	 0.239999995E-02	-0.120000033E-02	 0.129999995E-02	  1250.87687    
    3841	 0.239999995E-02	-0.900000310E-03	 0.129999995E-02	  1250.87237    
    3852	 0.239999995E-02	-0.600000286E-03	 0.129999995E-02	  1250.86707    
    3975	 0.269999998E-02	-0.150000036E-02	 0.129999995E-02	  1250.95306    
    3973	 0.269999998E-02	-0.180000038E-02	 0.129999995E-02	  1250.87859    
    3972	 0.269999998E-02	-0.180000038E-02	 0.999999940E-03	  1250.98104    
    3995	 0.269999998E-02	-0.120000033E-02	 0.129999995E-02	  1250.93939    
    4006	 0.269999998E-02	-0.900000310E-03	 0.129999995E-02	  1250.89169    
    4017	 0.269999998E-02	-0.600000286E-03	 0.129999995E-02	  1250.87012    
    4118	 0.300000000E-02	-0.120000033E-02	 0.129999995E-02	  1250.92532    
    4116	 0.300000000E-02	-0.150000036E-02	 0.129999995E-02	  1250.96828    
    4115	 0.300000000E-02	-0.150000036E-02	 0.999999940E-03	  1251.00269    
    4117	 0.300000000E-02	-0.120000033E-02	 0.999999940E-03	  1250.99850    
    4138	 0.300000000E-02	-0.900000310E-03	 0.129999995E-02	  1250.91675    
    4149	 0.300000000E-02	-0.600000286E-03	 0.129999995E-02	  1250.87002    
       4	-0.300000048E-02	-0.120000033E-02	 0.129999995E-02	  1250.92532    
       2	-0.300000048E-02	-0.150000036E-02	 0.129999995E-02	  1250.96828    
       1	-0.300000048E-02	-0.150000036E-02	 0.999999940E-03	  1251.00269    
       3	-0.300000048E-02	-0.120000033E-02	 0.999999940E-03	  1250.99850    
       8	-0.270000045E-02	-0.120000033E-02	 0.129999995E-02	  1250.93939    
     277	-0.240000043E-02	-0.120000033E-02	 0.129999995E-02	  1250.87687    
     475	-0.210000040E-02	-0.120000033E-02	 0.129999995E-02	  1250.86837    
     684	-0.180000038E-02	-0.120000033E-02	 0.129999995E-02	  1250.86511    
     893	-0.150000036E-02	-0.120000033E-02	 0.129999995E-02	  1250.86404    
      46	-0.300000048E-02	-0.900000310E-03	 0.129999995E-02	  1250.91675    
      48	-0.270000045E-02	-0.900000310E-03	 0.129999995E-02	  1250.89169    
     288	-0.240000043E-02	-0.900000310E-03	 0.129999995E-02	  1250.87237    
     486	-0.210000040E-02	-0.900000310E-03	 0.129999995E-02	  1250.86592    
     695	-0.180000038E-02	-0.900000310E-03	 0.129999995E-02	  1250.86436    
     904	-0.150000036E-02	-0.900000310E-03	 0.129999995E-02	  1250.86350    
    1146	-0.120000033E-02	-0.900000310E-03	 0.129999995E-02	  1250.86296    
      68	-0.300000048E-02	-0.600000286E-03	 0.129999995E-02	  1250.87002    
      70	-0.270000045E-02	-0.600000286E-03	 0.129999995E-02	  1250.87012    
     299	-0.240000043E-02	-0.600000286E-03	 0.129999995E-02	  1250.86707    
     497	-0.210000040E-02	-0.600000286E-03	 0.129999995E-02	  1250.86481    
     706	-0.180000038E-02	-0.600000286E-03	 0.129999995E-02	  1250.86373    
     915	-0.150000036E-02	-0.600000286E-03	 0.129999995E-02	  1250.86311    
    1157	-0.120000033E-02	-0.600000286E-03	 0.129999995E-02	  1250.86263    
    1399	-0.900000310E-03	-0.600000286E-03	 0.129999995E-02	  1250.86226    
    1630	-0.600000286E-03	-0.600000286E-03	 0.129999995E-02	  1250.86199    
      90	-0.300000048E-02	-0.300000262E-03	 0.129999995E-02	  1250.86550    
      92	-0.270000045E-02	-0.300000262E-03	 0.129999995E-02	  1250.86517    
     310	-0.240000043E-02	-0.300000262E-03	 0.129999995E-02	  1250.86471    
     508	-0.210000040E-02	-0.300000262E-03	 0.129999995E-02	  1250.86401    
     717	-0.180000038E-02	-0.300000262E-03	 0.129999995E-02	  1250.86337    
     926	-0.150000036E-02	-0.300000262E-03	 0.129999995E-02	  1250.86286    
    1168	-0.120000033E-02	-0.300000262E-03	 0.129999995E-02	  1250.86243    
    1410	-0.900000310E-03	-0.300000262E-03	 0.129999995E-02	  1250.86208    
    1641	-0.600000286E-03	-0.300000262E-03	 0.129999995E-02	  1250.86183    
    1872	-0.300000262E-03	-0.300000262E-03	 0.129999995E-02	  1250.86167    
    2103	-0.238418579E-09	-0.300000262E-03	 0.129999995E-02	  1250.86162    
     112	-0.300000048E-02	-0.238418579E-09	 0.129999995E-02	  1250.86465    
     114	-0.270000045E-02	-0.238418579E-09	 0.129999995E-02	  1250.86455    
     321	-0.240000043E-02	-0.238418579E-09	 0.129999995E-02	  1250.86420    
     519	-0.210000040E-02	-0.238418579E-09	 0.129999995E-02	  1250.86375    
     728	-0.180000038E-02	-0.238418579E-09	 0.129999995E-02	  1250.86325    
     937	-0.150000036E-02	-0.238418579E-09	 0.129999995E-02	  1250.86277    
    1179	-0.120000033E-02	-0.238418579E-09	 0.129999995E-02	  1250.86236    
    1421	-0.900000310E-03	-0.238418579E-09	 0.129999995E-02	  1250.86202    
    1652	-0.600000286E-03	-0.238418579E-09	 0.129999995E-02	  1250.86177    
    1883	-0.300000262E-03	-0.238418579E-09	 0.129999995E-02	  1250.86162    
    2114	-0.238418579E-09	-0.238418579E-09	 0.129999995E-02	  1250.86156    
     134	-0.300000048E-02	 0.299999785E-03	 0.129999995E-02	  1250.86550    
     136	-0.270000045E-02	 0.299999785E-03	 0.129999995E-02	  1250.86517    
     332	-0.240000043E-02	 0.299999785E-03	 0.129999995E-02	  1250.86471    
     530	-0.210000040E-02	 0.299999785E-03	 0.129999995E-02	  1250.86401    
     739	-0.180000038E-02	 0.299999785E-03	 0.129999995E-02	  1250.86337    
     948	-0.150000036E-02	 0.299999785E-03	 0.129999995E-02	  1250.86286    
    1190	-0.120000033E-02	 0.299999785E-03	 0.129999995E-02	  1250.86243    
    1432	-0.900000310E-03	 0.299999785E-03	 0.129999995E-02	  1250.86208    
    1663	-0.600000286E-03	 0.299999785E-03	 0.129999995E-02	  1250.86183    
    1894	-0.300000262E-03	 0.299999785E-03	 0.129999995E-02	  1250.86167    
    2125	-0.238418579E-09	 0.299999785E-03	 0.129999995E-02	  1250.86162    
     156	-0.300000048E-02	 0.599999809E-03	 0.129999995E-02	  1250.87002    
     158	-0.270000045E-02	 0.599999809E-03	 0.129999995E-02	  1250.87012    
     343	-0.240000043E-02	 0.599999809E-03	 0.129999995E-02	  1250.86707    
     541	-0.210000040E-02	 0.599999809E-03	 0.129999995E-02	  1250.86481    
     750	-0.180000038E-02	 0.599999809E-03	 0.129999995E-02	  1250.86373    
     959	-0.150000036E-02	 0.599999809E-03	 0.129999995E-02	  1250.86311    
    1201	-0.120000033E-02	 0.599999809E-03	 0.129999995E-02	  1250.86263    
    1443	-0.900000310E-03	 0.599999809E-03	 0.129999995E-02	  1250.86226    
    1674	-0.600000286E-03	 0.599999809E-03	 0.129999995E-02	  1250.86199    
    1905	-0.300000262E-03	 0.599999809E-03	 0.129999995E-02	  1250.86183    
    2136	-0.238418579E-09	 0.599999809E-03	 0.129999995E-02	  1250.86177    
     178	-0.300000048E-02	 0.899999833E-03	 0.129999995E-02	  1250.91675    
     180	-0.270000045E-02	 0.899999833E-03	 0.129999995E-02	  1250.89169    
     354	-0.240000043E-02	 0.899999833E-03	 0.129999995E-02	  1250.87237    
     552	-0.210000040E-02	 0.899999833E-03	 0.129999995E-02	  1250.86592    
     761	-0.180000038E-02	 0.899999833E-03	 0.129999995E-02	  1250.86436    
     970	-0.150000036E-02	 0.899999833E-03	 0.129999995E-02	  1250.86350    
    1212	-0.120000033E-02	 0.899999833E-03	 0.129999995E-02	  1250.86296    
    1454	-0.900000310E-03	 0.899999833E-03	 0.129999995E-02	  1250.86256    
    1685	-0.600000286E-03	 0.899999833E-03	 0.129999995E-02	  1250.86226    
    1916	-0.300000262E-03	 0.899999833E-03	 0.129999995E-02	  1250.86208    
     200	-0.300000048E-02	 0.119999986E-02	 0.129999995E-02	  1250.92532    
     199	-0.300000048E-02	 0.119999986E-02	 0.999999940E-03	  1250.99850    
     202	-0.270000045E-02	 0.119999986E-02	 0.129999995E-02	  1250.93939    
     365	-0.240000043E-02	 0.119999986E-02	 0.129999995E-02	  1250.87687    
     563	-0.210000040E-02	 0.119999986E-02	 0.129999995E-02	  1250.86837    
     772	-0.180000038E-02	 0.119999986E-02	 0.129999995E-02	  1250.86511    
     981	-0.150000036E-02	 0.119999986E-02	 0.129999995E-02	  1250.86404    
    1223	-0.120000033E-02	 0.119999986E-02	 0.129999995E-02	  1250.86342    
    1465	-0.900000310E-03	 0.119999986E-02	 0.129999995E-02	  1250.86296    
    1696	-0.600000286E-03	 0.119999986E-02	 0.129999995E-02	  1250.86263    
    1927	-0.300000262E-03	 0.119999986E-02	 0.129999995E-02	  1250.86243    
     222	-0.300000048E-02	 0.149999988E-02	 0.129999995E-02	  1250.96828    
     221	-0.300000048E-02	 0.149999988E-02	 0.999999940E-03	  1251.00269    
     224	-0.270000045E-02	 0.149999988E-02	 0.129999995E-02	  1250.95306    
     376	-0.240000043E-02	 0.149999988E-02	 0.129999995E-02	  1250.89324    
     574	-0.210000040E-02	 0.149999988E-02	 0.129999995E-02	  1250.87042    
     783	-0.180000038E-02	 0.149999988E-02	 0.129999995E-02	  1250.86613    
     992	-0.150000036E-02	 0.149999988E-02	 0.129999995E-02	  1250.86484    
    1234	-0.120000033E-02	 0.149999988E-02	 0.129999995E-02	  1250.86404    
    1476	-0.900000310E-03	 0.149999988E-02	 0.129999995E-02	  1250.86350    
    1707	-0.600000286E-03	 0.149999988E-02	 0.129999995E-02	  1250.86311    
    1938	-0.300000262E-03	 0.149999988E-02	 0.129999995E-02	  1250.86286    
     387	-0.270000045E-02	 0.179999990E-02	 0.129999995E-02	  1250.87859    
     386	-0.270000045E-02	 0.179999990E-02	 0.999999940E-03	  1250.98104    
     389	-0.240000043E-02	 0.179999990E-02	 0.129999995E-02	  1250.90377    
     585	-0.210000040E-02	 0.179999990E-02	 0.129999995E-02	  1250.87333    
     794	-0.180000038E-02	 0.179999990E-02	 0.129999995E-02	  1250.86874    
    1003	-0.150000036E-02	 0.179999990E-02	 0.129999995E-02	  1250.86613    
    1245	-0.120000033E-02	 0.179999990E-02	 0.129999995E-02	  1250.86511    
    1487	-0.900000310E-03	 0.179999990E-02	 0.129999995E-02	  1250.86436    
    1718	-0.600000286E-03	 0.179999990E-02	 0.129999995E-02	  1250.86373    
    1949	-0.300000262E-03	 0.179999990E-02	 0.129999995E-02	  1250.86337    
     596	-0.240000043E-02	 0.209999993E-02	 0.129999995E-02	  1250.90907    
     598	-0.210000040E-02	 0.209999993E-02	 0.129999995E-02	  1250.89135    
     805	-0.180000038E-02	 0.209999993E-02	 0.129999995E-02	  1250.87333    
    1014	-0.150000036E-02	 0.209999993E-02	 0.129999995E-02	  1250.87042    
    1256	-0.120000033E-02	 0.209999993E-02	 0.129999995E-02	  1250.86837    
    1498	-0.900000310E-03	 0.209999993E-02	 0.129999995E-02	  1250.86592    
    1729	-0.600000286E-03	 0.209999993E-02	 0.129999995E-02	  1250.86481    
    1960	-0.300000262E-03	 0.209999993E-02	 0.129999995E-02	  1250.86401    
     618	-0.240000043E-02	 0.239999995E-02	 0.129999995E-02	  1250.87691    
     617	-0.240000043E-02	 0.239999995E-02	 0.999999940E-03	  1250.96871    
     620	-0.210000040E-02	 0.239999995E-02	 0.129999995E-02	  1250.90907    
     816	-0.180000038E-02	 0.239999995E-02	 0.129999995E-02	  1250.90377    
    1025	-0.150000036E-02	 0.239999995E-02	 0.129999995E-02	  1250.89324    
    1267	-0.120000033E-02	 0.239999995E-02	 0.129999995E-02	  1250.87687    
    1509	-0.900000310E-03	 0.239999995E-02	 0.129999995E-02	  1250.87237    
    1740	-0.600000286E-03	 0.239999995E-02	 0.129999995E-02	  1250.86707    
    1036	-0.180000038E-02	 0.269999998E-02	 0.129999995E-02	  1250.87859    
    1035	-0.180000038E-02	 0.269999998E-02	 0.999999940E-03	  1250.98104    
    1038	-0.150000036E-02	 0.269999998E-02	 0.129999995E-02	  1250.95306    
    1278	-0.120000033E-02	 0.269999998E-02	 0.129999995E-02	  1250.93939    
    1520	-0.900000310E-03	 0.269999998E-02	 0.129999995E-02	  1250.89169    
    1751	-0.600000286E-03	 0.269999998E-02	 0.129999995E-02	  1250.87012    
    1289	-0.150000036E-02	 0.300000000E-02	 0.129999995E-02	  1250.96828    
    1288	-0.150000036E-02	 0.300000000E-02	 0.999999940E-03	  1251.00269    
    1291	-0.120000033E-02	 0.300000000E-02	 0.129999995E-02	  1250.92532    
    1290	-0.120000033E-02	 0.300000000E-02	 0.999999940E-03	  1250.99850    
    1531	-0.900000310E-03	 0.300000000E-02	 0.129999995E-02	  1250.91675    
    1762	-0.600000286E-03	 0.300000000E-02	 0.129999995E-02	  1250.87002    
    1971	-0.300000262E-03	 0.239999995E-02	 0.129999995E-02	  1250.86471    
    1982	-0.300000262E-03	 0.269999998E-02	 0.129999995E-02	  1250.86517    
    1993	-0.300000262E-03	 0.300000000E-02	 0.129999995E-02	  1250.86550    
    2147	-0.238418579E-09	 0.899999833E-03	 0.129999995E-02	  1250.86202    
    2158	-0.238418579E-09	 0.119999986E-02	 0.129999995E-02	  1250.86236    
    2169	-0.238418579E-09	 0.149999988E-02	 0.129999995E-02	  1250.86277    
    2180	-0.238418579E-09	 0.179999990E-02	 0.129999995E-02	  1250.86325    
    2191	-0.238418579E-09	 0.209999993E-02	 0.129999995E-02	  1250.86375    
    2202	-0.238418579E-09	 0.239999995E-02	 0.129999995E-02	  1250.86420    
    2213	-0.238418579E-09	 0.269999998E-02	 0.129999995E-02	  1250.86455    
    2224	-0.238418579E-09	 0.300000000E-02	 0.129999995E-02	  1250.86465    
    2334	 0.299999785E-03	-0.300000262E-03	 0.129999995E-02	  1250.86167    
    2345	 0.299999785E-03	-0.238418579E-09	 0.129999995E-02	  1250.86162    
    2356	 0.299999785E-03	 0.299999785E-03	 0.129999995E-02	  1250.86167    
    2367	 0.299999785E-03	 0.599999809E-03	 0.129999995E-02	  1250.86183    
    2378	 0.299999785E-03	 0.899999833E-03	 0.129999995E-02	  1250.86208    
    2389	 0.299999785E-03	 0.119999986E-02	 0.129999995E-02	  1250.86243    
    2400	 0.299999785E-03	 0.149999988E-02	 0.129999995E-02	  1250.86286    
    2411	 0.299999785E-03	 0.179999990E-02	 0.129999995E-02	  1250.86337    
    2422	 0.299999785E-03	 0.209999993E-02	 0.129999995E-02	  1250.86401    
    2433	 0.299999785E-03	 0.239999995E-02	 0.129999995E-02	  1250.86471    
    2444	 0.299999785E-03	 0.269999998E-02	 0.129999995E-02	  1250.86517    
    2455	 0.299999785E-03	 0.300000000E-02	 0.129999995E-02	  1250.86550    
    2565	 0.599999809E-03	-0.300000262E-03	 0.129999995E-02	  1250.86183    
    2576	 0.599999809E-03	-0.238418579E-09	 0.129999995E-02	  1250.86177    
    2587	 0.599999809E-03	 0.299999785E-03	 0.129999995E-02	  1250.86183    
    2598	 0.599999809E-03	 0.599999809E-03	 0.129999995E-02	  1250.86199    
    2609	 0.599999809E-03	 0.899999833E-03	 0.129999995E-02	  1250.86226    
    2620	 0.599999809E-03	 0.119999986E-02	 0.129999995E-02	  1250.86263    
    2631	 0.599999809E-03	 0.149999988E-02	 0.129999995E-02	  1250.86311    
    2642	 0.599999809E-03	 0.179999990E-02	 0.129999995E-02	  1250.86373    
    2653	 0.599999809E-03	 0.209999993E-02	 0.129999995E-02	  1250.86481    
    2664	 0.599999809E-03	 0.239999995E-02	 0.129999995E-02	  1250.86707    
    2675	 0.599999809E-03	 0.269999998E-02	 0.129999995E-02	  1250.87012    
    2686	 0.599999809E-03	 0.300000000E-02	 0.129999995E-02	  1250.87002    
    2796	 0.899999833E-03	-0.300000262E-03	 0.129999995E-02	  1250.86208    
    2807	 0.899999833E-03	-0.238418579E-09	 0.129999995E-02	  1250.86202    
    2818	 0.899999833E-03	 0.299999785E-03	 0.129999995E-02	  1250.86208    
    2829	 0.899999833E-03	 0.599999809E-03	 0.129999995E-02	  1250.86226    
    2840	 0.899999833E-03	 0.899999833E-03	 0.129999995E-02	  1250.86256    
    2851	 0.899999833E-03	 0.119999986E-02	 0.129999995E-02	  1250.86296    
    2862	 0.899999833E-03	 0.149999988E-02	 0.129999995E-02	  1250.86350    
    2873	 0.899999833E-03	 0.179999990E-02	 0.129999995E-02	  1250.86436    
    2884	 0.899999833E-03	 0.209999993E-02	 0.129999995E-02	  1250.86592    
    2895	 0.899999833E-03	 0.239999995E-02	 0.129999995E-02	  1250.87237    
    2906	 0.899999833E-03	 0.269999998E-02	 0.129999995E-02	  1250.89169    
    2917	 0.899999833E-03	 0.300000000E-02	 0.129999995E-02	  1250.91675    
    3027	 0.119999986E-02	-0.300000262E-03	 0.129999995E-02	  1250.86243    
    3038	 0.119999986E-02	-0.238418579E-09	 0.129999995E-02	  1250.86236    
    3049	 0.119999986E-02	 0.299999785E-03	 0.129999995E-02	  1250.86243    
    3060	 0.119999986E-02	 0.599999809E-03	 0.129999995E-02	  1250.86263    
    3071	 0.119999986E-02	 0.899999833E-03	 0.129999995E-02	  1250.86296    
    3082	 0.119999986E-02	 0.119999986E-02	 0.129999995E-02	  1250.86342    
    3093	 0.119999986E-02	 0.149999988E-02	 0.129999995E-02	  1250.86404    
    3104	 0.119999986E-02	 0.179999990E-02	 0.129999995E-02	  1250.86511    
    3115	 0.119999986E-02	 0.209999993E-02	 0.129999995E-02	  1250.86837    
    3126	 0.119999986E-02	 0.239999995E-02	 0.129999995E-02	  1250.87687    
    3137	 0.119999986E-02	 0.269999998E-02	 0.129999995E-02	  1250.93939    
    3148	 0.119999986E-02	 0.300000000E-02	 0.129999995E-02	  1250.92532    
    3147	 0.119999986E-02	 0.300000000E-02	 0.999999940E-03	  1250.99850    
    3258	 0.149999988E-02	-0.300000262E-03	 0.129999995E-02	  1250.86286    
    3269	 0.149999988E-02	-0.238418579E-09	 0.129999995E-02	  1250.86277    
    3280	 0.149999988E-02	 0.299999785E-03	 0.129999995E-02	  1250.86286    
    3291	 0.149999988E-02	 0.599999809E-03	 0.129999995E-02	  1250.86311    
    3302	 0.149999988E-02	 0.899999833E-03	 0.129999995E-02	  1250.86350    
    3313	 0.149999988E-02	 0.119999986E-02	 0.129999995E-02	  1250.86404    
    3324	 0.149999988E-02	 0.149999988E-02	 0.129999995E-02	  1250.86484    
    3335	 0.149999988E-02	 0.179999990E-02	 0.129999995E-02	  1250.86613    
    3346	 0.149999988E-02	 0.209999993E-02	 0.129999995E-02	  1250.87042    
    3357	 0.149999988E-02	 0.239999995E-02	 0.129999995E-02	  1250.89324    
    3368	 0.149999988E-02	 0.269999998E-02	 0.129999995E-02	  1250.95306    
    3379	 0.149999988E-02	 0.300000000E-02	 0.129999995E-02	  1250.96828    
    3378	 0.149999988E-02	 0.300000000E-02	 0.999999940E-03	  1251.00269    
    3478	 0.179999990E-02	-0.300000262E-03	 0.129999995E-02	  1250.86337    
    3489	 0.179999990E-02	-0.238418579E-09	 0.129999995E-02	  1250.86325    
    3500	 0.179999990E-02	 0.299999785E-03	 0.129999995E-02	  1250.86337    
    3511	 0.179999990E-02	 0.599999809E-03	 0.129999995E-02	  1250.86373    
    3522	 0.179999990E-02	 0.899999833E-03	 0.129999995E-02	  1250.86436    
    3533	 0.179999990E-02	 0.119999986E-02	 0.129999995E-02	  1250.86511    
    3544	 0.179999990E-02	 0.149999988E-02	 0.129999995E-02	  1250.86613    
    3555	 0.179999990E-02	 0.179999990E-02	 0.129999995E-02	  1250.86874    
    3566	 0.179999990E-02	 0.209999993E-02	 0.129999995E-02	  1250.87333    
    3577	 0.179999990E-02	 0.239999995E-02	 0.129999995E-02	  1250.90377    
    3588	 0.179999990E-02	 0.269999998E-02	 0.129999995E-02	  1250.87859    
    3587	 0.179999990E-02	 0.269999998E-02	 0.999999940E-03	  1250.98104    
    3676	 0.209999993E-02	-0.300000262E-03	 0.129999995E-02	  1250.86401    
    3687	 0.209999993E-02	-0.238418579E-09	 0.129999995E-02	  1250.86375    
    3698	 0.209999993E-02	 0.299999785E-03	 0.129999995E-02	  1250.86401    
    3709	 0.209999993E-02	 0.599999809E-03	 0.129999995E-02	  1250.86481    
    3720	 0.209999993E-02	 0.899999833E-03	 0.129999995E-02	  1250.86592    
    3731	 0.209999993E-02	 0.119999986E-02	 0.129999995E-02	  1250.86837    
    3742	 0.209999993E-02	 0.149999988E-02	 0.129999995E-02	  1250.87042    
    3753	 0.209999993E-02	 0.179999990E-02	 0.129999995E-02	  1250.87333    
    3764	 0.209999993E-02	 0.209999993E-02	 0.129999995E-02	  1250.89135    
    3775	 0.209999993E-02	 0.239999995E-02	 0.129999995E-02	  1250.90907    
    3863	 0.239999995E-02	-0.300000262E-03	 0.129999995E-02	  1250.86471    
    3874	 0.239999995E-02	-0.238418579E-09	 0.129999995E-02	  1250.86420    
    3885	 0.239999995E-02	 0.299999785E-03	 0.129999995E-02	  1250.86471    
    3896	 0.239999995E-02	 0.599999809E-03	 0.129999995E-02	  1250.86707    
    3907	 0.239999995E-02	 0.899999833E-03	 0.129999995E-02	  1250.87237    
    3918	 0.239999995E-02	 0.119999986E-02	 0.129999995E-02	  1250.87687    
    3929	 0.239999995E-02	 0.149999988E-02	 0.129999995E-02	  1250.89324    
    3940	 0.239999995E-02	 0.179999990E-02	 0.129999995E-02	  1250.90377    
    3951	 0.239999995E-02	 0.209999993E-02	 0.129999995E-02	  1250.90907    
    3962	 0.239999995E-02	 0.239999995E-02	 0.129999995E-02	  1250.87691    
    3961	 0.239999995E-02	 0.239999995E-02	 0.999999940E-03	  1250.96871    
    4028	 0.269999998E-02	-0.300000262E-03	 0.129999995E-02	  1250.86517    
    4039	 0.269999998E-02	-0.238418579E-09	 0.129999995E-02	  1250.86455    
    4050	 0.269999998E-02	 0.299999785E-03	 0.129999995E-02	  1250.86517    
    4061	 0.269999998E-02	 0.599999809E-03	 0.129999995E-02	  1250.87012    
    4072	 0.269999998E-02	 0.899999833E-03	 0.129999995E-02	  1250.89169    
    4083	 0.269999998E-02	 0.119999986E-02	 0.129999995E-02	  1250.93939    
    4094	 0.269999998E-02	 0.149999988E-02	 0.129999995E-02	  1250.95306    
    4105	 0.269999998E-02	 0.179999990E-02	 0.129999995E-02	  1250.87859    
    4104	 0.269999998E-02	 0.179999990E-02	 0.999999940E-03	  1250.98104    
    4160	 0.300000000E-02	-0.300000262E-03	 0.129999995E-02	  1250.86550    
    4171	 0.300000000E-02	-0.238418579E-09	 0.129999995E-02	  1250.86465    
    4182	 0.300000000E-02	 0.299999785E-03	 0.129999995E-02	  1250.86550    
    4193	 0.300000000E-02	 0.599999809E-03	 0.129999995E-02	  1250.87002    
    4204	 0.300000000E-02	 0.899999833E-03	 0.129999995E-02	  1250.91675    
    4215	 0.300000000E-02	 0.119999986E-02	 0.129999995E-02	  1250.92532    
    4214	 0.300000000E-02	 0.119999986E-02	 0.999999940E-03	  1250.99850    
    4226	 0.300000000E-02	 0.149999988E-02	 0.129999995E-02	  1250.96828    
    4225	 0.300000000E-02	 0.149999988E-02	 0.999999940E-03	  1251.00269    
      11	-0.270000045E-02	-0.150000036E-02	 0.159999995E-02	  1255.78522    
     249	-0.270000045E-02	-0.180000038E-02	 0.159999995E-02	  1255.78521    
     251	-0.240000043E-02	-0.150000036E-02	 0.159999995E-02	  1255.78502    
     250	-0.240000043E-02	-0.180000038E-02	 0.159999995E-02	  1255.78510    
     417	-0.240000043E-02	-0.210000040E-02	 0.159999995E-02	  1255.78517    
     416	-0.240000043E-02	-0.240000043E-02	 0.159999995E-02	  1255.78525    
     419	-0.210000040E-02	-0.210000040E-02	 0.159999995E-02	  1255.78511    
     418	-0.210000040E-02	-0.240000043E-02	 0.159999995E-02	  1255.78517    
     454	-0.210000040E-02	-0.180000038E-02	 0.159999995E-02	  1255.78493    
     465	-0.210000040E-02	-0.150000036E-02	 0.159999995E-02	  1255.78471    
     644	-0.180000038E-02	-0.210000040E-02	 0.159999995E-02	  1255.78493    
     643	-0.180000038E-02	-0.240000043E-02	 0.159999995E-02	  1255.78510    
     663	-0.180000038E-02	-0.180000038E-02	 0.159999995E-02	  1255.78467    
     674	-0.180000038E-02	-0.150000036E-02	 0.159999995E-02	  1255.78442    
     832	-0.180000038E-02	-0.270000045E-02	 0.159999995E-02	  1255.78521    
     834	-0.150000036E-02	-0.240000043E-02	 0.159999995E-02	  1255.78502    
     833	-0.150000036E-02	-0.270000045E-02	 0.159999995E-02	  1255.78522    
     861	-0.150000036E-02	-0.210000040E-02	 0.159999995E-02	  1255.78471    
     872	-0.150000036E-02	-0.180000038E-02	 0.159999995E-02	  1255.78442    
     883	-0.150000036E-02	-0.150000036E-02	 0.159999995E-02	  1255.78417    
    1063	-0.150000036E-02	-0.300000048E-02	 0.159999995E-02	  1255.78533    
    1065	-0.120000033E-02	-0.270000045E-02	 0.159999995E-02	  1255.78509    
    1064	-0.120000033E-02	-0.300000048E-02	 0.159999995E-02	  1255.78521    
    1092	-0.120000033E-02	-0.240000043E-02	 0.159999995E-02	  1255.78481    
    1103	-0.120000033E-02	-0.210000040E-02	 0.159999995E-02	  1255.78449    
    1114	-0.120000033E-02	-0.180000038E-02	 0.159999995E-02	  1255.78420    
    1125	-0.120000033E-02	-0.150000036E-02	 0.159999995E-02	  1255.78397    
    1315	-0.900000310E-03	-0.270000045E-02	 0.159999995E-02	  1255.78478    
    1314	-0.900000310E-03	-0.300000048E-02	 0.159999995E-02	  1255.78487    
    1334	-0.900000310E-03	-0.240000043E-02	 0.159999995E-02	  1255.78454    
    1345	-0.900000310E-03	-0.210000040E-02	 0.159999995E-02	  1255.78426    
    1356	-0.900000310E-03	-0.180000038E-02	 0.159999995E-02	  1255.78401    
    1367	-0.900000310E-03	-0.150000036E-02	 0.159999995E-02	  1255.78381    
    1136	-0.120000033E-02	-0.120000033E-02	 0.159999995E-02	  1255.78379    
    1378	-0.900000310E-03	-0.120000033E-02	 0.159999995E-02	  1255.78364    
    1546	-0.600000286E-03	-0.270000045E-02	 0.159999995E-02	  1255.78445    
    1545	-0.600000286E-03	-0.300000048E-02	 0.159999995E-02	  1255.78451    
    1565	-0.600000286E-03	-0.240000043E-02	 0.159999995E-02	  1255.78428    
    1576	-0.600000286E-03	-0.210000040E-02	 0.159999995E-02	  1255.78407    
    1587	-0.600000286E-03	-0.180000038E-02	 0.159999995E-02	  1255.78387    
    1598	-0.600000286E-03	-0.150000036E-02	 0.159999995E-02	  1255.78369    
    1609	-0.600000286E-03	-0.120000033E-02	 0.159999995E-02	  1255.78354    
    1389	-0.900000310E-03	-0.900000310E-03	 0.159999995E-02	  1255.78351    
    1620	-0.600000286E-03	-0.900000310E-03	 0.159999995E-02	  1255.78342    
    1777	-0.300000262E-03	-0.270000045E-02	 0.159999995E-02	  1255.78422    
    1776	-0.300000262E-03	-0.300000048E-02	 0.159999995E-02	  1255.78426    
    1796	-0.300000262E-03	-0.240000043E-02	 0.159999995E-02	  1255.78410    
    1807	-0.300000262E-03	-0.210000040E-02	 0.159999995E-02	  1255.78394    
    1818	-0.300000262E-03	-0.180000038E-02	 0.159999995E-02	  1255.78377    
    1829	-0.300000262E-03	-0.150000036E-02	 0.159999995E-02	  1255.78361    
    1840	-0.300000262E-03	-0.120000033E-02	 0.159999995E-02	  1255.78347    
    1851	-0.300000262E-03	-0.900000310E-03	 0.159999995E-02	  1255.78336    
    2008	-0.238418579E-09	-0.270000045E-02	 0.159999995E-02	  1255.78414    
    2007	-0.238418579E-09	-0.300000048E-02	 0.159999995E-02	  1255.78417    
    2027	-0.238418579E-09	-0.240000043E-02	 0.159999995E-02	  1255.78404    
    2038	-0.238418579E-09	-0.210000040E-02	 0.159999995E-02	  1255.78389    
    2049	-0.238418579E-09	-0.180000038E-02	 0.159999995E-02	  1255.78374    
    2060	-0.238418579E-09	-0.150000036E-02	 0.159999995E-02	  1255.78358    
    2071	-0.238418579E-09	-0.120000033E-02	 0.159999995E-02	  1255.78345    
    2082	-0.238418579E-09	-0.900000310E-03	 0.159999995E-02	  1255.78334    
    1862	-0.300000262E-03	-0.600000286E-03	 0.159999995E-02	  1255.78327    
    2093	-0.238418579E-09	-0.600000286E-03	 0.159999995E-02	  1255.78326    
    2239	 0.299999785E-03	-0.270000045E-02	 0.159999995E-02	  1255.78422    
    2238	 0.299999785E-03	-0.300000048E-02	 0.159999995E-02	  1255.78426    
    2258	 0.299999785E-03	-0.240000043E-02	 0.159999995E-02	  1255.78410    
    2269	 0.299999785E-03	-0.210000040E-02	 0.159999995E-02	  1255.78394    
    2280	 0.299999785E-03	-0.180000038E-02	 0.159999995E-02	  1255.78377    
    2291	 0.299999785E-03	-0.150000036E-02	 0.159999995E-02	  1255.78361    
    2302	 0.299999785E-03	-0.120000033E-02	 0.159999995E-02	  1255.78347    
    2313	 0.299999785E-03	-0.900000310E-03	 0.159999995E-02	  1255.78336    
    2324	 0.299999785E-03	-0.600000286E-03	 0.159999995E-02	  1255.78327    
    2470	 0.599999809E-03	-0.270000045E-02	 0.159999995E-02	  1255.78445    
    2469	 0.599999809E-03	-0.300000048E-02	 0.159999995E-02	  1255.78451    
    2489	 0.599999809E-03	-0.240000043E-02	 0.159999995E-02	  1255.78428    
    2500	 0.599999809E-03	-0.210000040E-02	 0.159999995E-02	  1255.78407    
    2511	 0.599999809E-03	-0.180000038E-02	 0.159999995E-02	  1255.78387    
    2522	 0.599999809E-03	-0.150000036E-02	 0.159999995E-02	  1255.78369    
    2533	 0.599999809E-03	-0.120000033E-02	 0.159999995E-02	  1255.78354    
    2544	 0.599999809E-03	-0.900000310E-03	 0.159999995E-02	  1255.78342    
    2555	 0.599999809E-03	-0.600000286E-03	 0.159999995E-02	  1255.78333    
    2701	 0.899999833E-03	-0.270000045E-02	 0.159999995E-02	  1255.78478    
    2700	 0.899999833E-03	-0.300000048E-02	 0.159999995E-02	  1255.78487    
    2720	 0.899999833E-03	-0.240000043E-02	 0.159999995E-02	  1255.78454    
    2731	 0.899999833E-03	-0.210000040E-02	 0.159999995E-02	  1255.78426    
    2742	 0.899999833E-03	-0.180000038E-02	 0.159999995E-02	  1255.78401    
    2753	 0.899999833E-03	-0.150000036E-02	 0.159999995E-02	  1255.78381    
    2764	 0.899999833E-03	-0.120000033E-02	 0.159999995E-02	  1255.78364    
    2775	 0.899999833E-03	-0.900000310E-03	 0.159999995E-02	  1255.78351    
    2786	 0.899999833E-03	-0.600000286E-03	 0.159999995E-02	  1255.78342    
    2932	 0.119999986E-02	-0.270000045E-02	 0.159999995E-02	  1255.78509    
    2931	 0.119999986E-02	-0.300000048E-02	 0.159999995E-02	  1255.78521    
    2951	 0.119999986E-02	-0.240000043E-02	 0.159999995E-02	  1255.78481    
    2962	 0.119999986E-02	-0.210000040E-02	 0.159999995E-02	  1255.78449    
    2973	 0.119999986E-02	-0.180000038E-02	 0.159999995E-02	  1255.78420    
    2984	 0.119999986E-02	-0.150000036E-02	 0.159999995E-02	  1255.78397    
    2995	 0.119999986E-02	-0.120000033E-02	 0.159999995E-02	  1255.78379    
    3006	 0.119999986E-02	-0.900000310E-03	 0.159999995E-02	  1255.78364    
    3017	 0.119999986E-02	-0.600000286E-03	 0.159999995E-02	  1255.78354    
    3163	 0.149999988E-02	-0.270000045E-02	 0.159999995E-02	  1255.78522    
    3162	 0.149999988E-02	-0.300000048E-02	 0.159999995E-02	  1255.78533    
    3182	 0.149999988E-02	-0.240000043E-02	 0.159999995E-02	  1255.78502    
    3193	 0.149999988E-02	-0.210000040E-02	 0.159999995E-02	  1255.78471    
    3204	 0.149999988E-02	-0.180000038E-02	 0.159999995E-02	  1255.78442    
    3215	 0.149999988E-02	-0.150000036E-02	 0.159999995E-02	  1255.78417    
    3226	 0.149999988E-02	-0.120000033E-02	 0.159999995E-02	  1255.78397    
    3237	 0.149999988E-02	-0.900000310E-03	 0.159999995E-02	  1255.78381    
    3248	 0.149999988E-02	-0.600000286E-03	 0.159999995E-02	  1255.78369    
    3394	 0.179999990E-02	-0.240000043E-02	 0.159999995E-02	  1255.78510    
    3393	 0.179999990E-02	-0.270000045E-02	 0.159999995E-02	  1255.78521    
    3413	 0.179999990E-02	-0.210000040E-02	 0.159999995E-02	  1255.78493    
    3424	 0.179999990E-02	-0.180000038E-02	 0.159999995E-02	  1255.78467    
    3435	 0.179999990E-02	-0.150000036E-02	 0.159999995E-02	  1255.78442    
    3446	 0.179999990E-02	-0.120000033E-02	 0.159999995E-02	  1255.78420    
    3457	 0.179999990E-02	-0.900000310E-03	 0.159999995E-02	  1255.78401    
    3468	 0.179999990E-02	-0.600000286E-03	 0.159999995E-02	  1255.78387    
    3603	 0.209999993E-02	-0.210000040E-02	 0.159999995E-02	  1255.78511    
    3602	 0.209999993E-02	-0.240000043E-02	 0.159999995E-02	  1255.78517    
    3622	 0.209999993E-02	-0.180000038E-02	 0.159999995E-02	  1255.78493    
    3633	 0.209999993E-02	-0.150000036E-02	 0.159999995E-02	  1255.78471    
    3644	 0.209999993E-02	-0.120000033E-02	 0.159999995E-02	  1255.78449    
    3655	 0.209999993E-02	-0.900000310E-03	 0.159999995E-02	  1255.78426    
    3666	 0.209999993E-02	-0.600000286E-03	 0.159999995E-02	  1255.78407    
    3790	 0.239999995E-02	-0.210000040E-02	 0.159999995E-02	  1255.78517    
    3789	 0.239999995E-02	-0.240000043E-02	 0.159999995E-02	  1255.78525    
    3809	 0.239999995E-02	-0.180000038E-02	 0.159999995E-02	  1255.78510    
    3820	 0.239999995E-02	-0.150000036E-02	 0.159999995E-02	  1255.78502    
    3831	 0.239999995E-02	-0.120000033E-02	 0.159999995E-02	  1255.78481    
    3842	 0.239999995E-02	-0.900000310E-03	 0.159999995E-02	  1255.78454    
    3853	 0.239999995E-02	-0.600000286E-03	 0.159999995E-02	  1255.78428    
    3977	 0.269999998E-02	-0.150000036E-02	 0.159999995E-02	  1255.78522    
    3976	 0.269999998E-02	-0.180000038E-02	 0.159999995E-02	  1255.78521    
    3996	 0.269999998E-02	-0.120000033E-02	 0.159999995E-02	  1255.78509    
    4007	 0.269999998E-02	-0.900000310E-03	 0.159999995E-02	  1255.78478    
    4018	 0.269999998E-02	-0.600000286E-03	 0.159999995E-02	  1255.78445    
    4120	 0.300000000E-02	-0.120000033E-02	 0.159999995E-02	  1255.78521    
    4119	 0.300000000E-02	-0.150000036E-02	 0.159999995E-02	  1255.78533    
    4139	 0.300000000E-02	-0.900000310E-03	 0.159999995E-02	  1255.78487    
    4150	 0.300000000E-02	-0.600000286E-03	 0.159999995E-02	  1255.78451    
      10	-0.300000048E-02	-0.120000033E-02	 0.159999995E-02	  1255.78521    
       9	-0.300000048E-02	-0.150000036E-02	 0.159999995E-02	  1255.78533    
      12	-0.270000045E-02	-0.120000033E-02	 0.159999995E-02	  1255.78509    
     278	-0.240000043E-02	-0.120000033E-02	 0.159999995E-02	  1255.78481    
     476	-0.210000040E-02	-0.120000033E-02	 0.159999995E-02	  1255.78449    
     685	-0.180000038E-02	-0.120000033E-02	 0.159999995E-02	  1255.78420    
     894	-0.150000036E-02	-0.120000033E-02	 0.159999995E-02	  1255.78397    
      49	-0.300000048E-02	-0.900000310E-03	 0.159999995E-02	  1255.78487    
      50	-0.270000045E-02	-0.900000310E-03	 0.159999995E-02	  1255.78478    
     289	-0.240000043E-02	-0.900000310E-03	 0.159999995E-02	  1255.78454    
     487	-0.210000040E-02	-0.900000310E-03	 0.159999995E-02	  1255.78426    
     696	-0.180000038E-02	-0.900000310E-03	 0.159999995E-02	  1255.78401    
     905	-0.150000036E-02	-0.900000310E-03	 0.159999995E-02	  1255.78381    
    1147	-0.120000033E-02	-0.900000310E-03	 0.159999995E-02	  1255.78364    
      71	-0.300000048E-02	-0.600000286E-03	 0.159999995E-02	  1255.78451    
      72	-0.270000045E-02	-0.600000286E-03	 0.159999995E-02	  1255.78445    
     300	-0.240000043E-02	-0.600000286E-03	 0.159999995E-02	  1255.78428    
     498	-0.210000040E-02	-0.600000286E-03	 0.159999995E-02	  1255.78407    
     707	-0.180000038E-02	-0.600000286E-03	 0.159999995E-02	  1255.78387    
     916	-0.150000036E-02	-0.600000286E-03	 0.159999995E-02	  1255.78369    
    1158	-0.120000033E-02	-0.600000286E-03	 0.159999995E-02	  1255.78354    
    1400	-0.900000310E-03	-0.600000286E-03	 0.159999995E-02	  1255.78342    
    1631	-0.600000286E-03	-0.600000286E-03	 0.159999995E-02	  1255.78333    
      93	-0.300000048E-02	-0.300000262E-03	 0.159999995E-02	  1255.78426    
      94	-0.270000045E-02	-0.300000262E-03	 0.159999995E-02	  1255.78422    
     311	-0.240000043E-02	-0.300000262E-03	 0.159999995E-02	  1255.78410    
     509	-0.210000040E-02	-0.300000262E-03	 0.159999995E-02	  1255.78394    
     718	-0.180000038E-02	-0.300000262E-03	 0.159999995E-02	  1255.78377    
     927	-0.150000036E-02	-0.300000262E-03	 0.159999995E-02	  1255.78361    
    1169	-0.120000033E-02	-0.300000262E-03	 0.159999995E-02	  1255.78347    
    1411	-0.900000310E-03	-0.300000262E-03	 0.159999995E-02	  1255.78336    
    1642	-0.600000286E-03	-0.300000262E-03	 0.159999995E-02	  1255.78327    
    1873	-0.300000262E-03	-0.300000262E-03	 0.159999995E-02	  1255.78322    
    2104	-0.238418579E-09	-0.300000262E-03	 0.159999995E-02	  1255.78320    
     115	-0.300000048E-02	-0.238418579E-09	 0.159999995E-02	  1255.78417    
     116	-0.270000045E-02	-0.238418579E-09	 0.159999995E-02	  1255.78414    
     322	-0.240000043E-02	-0.238418579E-09	 0.159999995E-02	  1255.78404    
     520	-0.210000040E-02	-0.238418579E-09	 0.159999995E-02	  1255.78389    
     729	-0.180000038E-02	-0.238418579E-09	 0.159999995E-02	  1255.78374    
     938	-0.150000036E-02	-0.238418579E-09	 0.159999995E-02	  1255.78358    
    1180	-0.120000033E-02	-0.238418579E-09	 0.159999995E-02	  1255.78345    
    1422	-0.900000310E-03	-0.238418579E-09	 0.159999995E-02	  1255.78334    
    1653	-0.600000286E-03	-0.238418579E-09	 0.159999995E-02	  1255.78326    
    1884	-0.300000262E-03	-0.238418579E-09	 0.159999995E-02	  1255.78320    
    2115	-0.238418579E-09	-0.238418579E-09	 0.159999995E-02	  1255.78319    
     137	-0.300000048E-02	 0.299999785E-03	 0.159999995E-02	  1255.78426    
     138	-0.270000045E-02	 0.299999785E-03	 0.159999995E-02	  1255.78422    
     333	-0.240000043E-02	 0.299999785E-03	 0.159999995E-02	  1255.78410    
     531	-0.210000040E-02	 0.299999785E-03	 0.159999995E-02	  1255.78394    
     740	-0.180000038E-02	 0.299999785E-03	 0.159999995E-02	  1255.78377    
     949	-0.150000036E-02	 0.299999785E-03	 0.159999995E-02	  1255.78361    
    1191	-0.120000033E-02	 0.299999785E-03	 0.159999995E-02	  1255.78347    
    1433	-0.900000310E-03	 0.299999785E-03	 0.159999995E-02	  1255.78336    
    1664	-0.600000286E-03	 0.299999785E-03	 0.159999995E-02	  1255.78327    
    1895	-0.300000262E-03	 0.299999785E-03	 0.159999995E-02	  1255.78322    
    2126	-0.238418579E-09	 0.299999785E-03	 0.159999995E-02	  1255.78320    
     159	-0.300000048E-02	 0.599999809E-03	 0.159999995E-02	  1255.78451    
     160	-0.270000045E-02	 0.599999809E-03	 0.159999995E-02	  1255.78445    
     344	-0.240000043E-02	 0.599999809E-03	 0.159999995E-02	  1255.78428    
     542	-0.210000040E-02	 0.599999809E-03	 0.159999995E-02	  1255.78407    
     751	-0.180000038E-02	 0.599999809E-03	 0.159999995E-02	  1255.78387    
     960	-0.150000036E-02	 0.599999809E-03	 0.159999995E-02	  1255.78369    
    1202	-0.120000033E-02	 0.599999809E-03	 0.159999995E-02	  1255.78354    
    1444	-0.900000310E-03	 0.599999809E-03	 0.159999995E-02	  1255.78342    
    1675	-0.600000286E-03	 0.599999809E-03	 0.159999995E-02	  1255.78333    
    1906	-0.300000262E-03	 0.599999809E-03	 0.159999995E-02	  1255.78327    
    2137	-0.238418579E-09	 0.599999809E-03	 0.159999995E-02	  1255.78326    
     181	-0.300000048E-02	 0.899999833E-03	 0.159999995E-02	  1255.78487    
     182	-0.270000045E-02	 0.899999833E-03	 0.159999995E-02	  1255.78478    
     355	-0.240000043E-02	 0.899999833E-03	 0.159999995E-02	  1255.78454    
     553	-0.210000040E-02	 0.899999833E-03	 0.159999995E-02	  1255.78426    
     762	-0.180000038E-02	 0.899999833E-03	 0.159999995E-02	  1255.78401    
     971	-0.150000036E-02	 0.899999833E-03	 0.159999995E-02	  1255.78381    
    1213	-0.120000033E-02	 0.899999833E-03	 0.159999995E-02	  1255.78364    
    1455	-0.900000310E-03	 0.899999833E-03	 0.159999995E-02	  1255.78351    
    1686	-0.600000286E-03	 0.899999833E-03	 0.159999995E-02	  1255.78342    
    1917	-0.300000262E-03	 0.899999833E-03	 0.159999995E-02	  1255.78336    
     203	-0.300000048E-02	 0.119999986E-02	 0.159999995E-02	  1255.78521    
     204	-0.270000045E-02	 0.119999986E-02	 0.159999995E-02	  1255.78509    
     366	-0.240000043E-02	 0.119999986E-02	 0.159999995E-02	  1255.78481    
     564	-0.210000040E-02	 0.119999986E-02	 0.159999995E-02	  1255.78449    
     773	-0.180000038E-02	 0.119999986E-02	 0.159999995E-02	  1255.78420    
     982	-0.150000036E-02	 0.119999986E-02	 0.159999995E-02	  1255.78397    
    1224	-0.120000033E-02	 0.119999986E-02	 0.159999995E-02	  1255.78379    
    1466	-0.900000310E-03	 0.119999986E-02	 0.159999995E-02	  1255.78364    
    1697	-0.600000286E-03	 0.119999986E-02	 0.159999995E-02	  1255.78354    
    1928	-0.300000262E-03	 0.119999986E-02	 0.159999995E-02	  1255.78347    
     225	-0.300000048E-02	 0.149999988E-02	 0.159999995E-02	  1255.78533    
     226	-0.270000045E-02	 0.149999988E-02	 0.159999995E-02	  1255.78522    
     377	-0.240000043E-02	 0.149999988E-02	 0.159999995E-02	  1255.78502    
     575	-0.210000040E-02	 0.149999988E-02	 0.159999995E-02	  1255.78471    
     784	-0.180000038E-02	 0.149999988E-02	 0.159999995E-02	  1255.78442    
     993	-0.150000036E-02	 0.149999988E-02	 0.159999995E-02	  1255.78417    
    1235	-0.120000033E-02	 0.149999988E-02	 0.159999995E-02	  1255.78397    
    1477	-0.900000310E-03	 0.149999988E-02	 0.159999995E-02	  1255.78381    
    1708	-0.600000286E-03	 0.149999988E-02	 0.159999995E-02	  1255.78369    
    1939	-0.300000262E-03	 0.149999988E-02	 0.159999995E-02	  1255.78361    
     390	-0.270000045E-02	 0.179999990E-02	 0.159999995E-02	  1255.78521    
     391	-0.240000043E-02	 0.179999990E-02	 0.159999995E-02	  1255.78510    
     586	-0.210000040E-02	 0.179999990E-02	 0.159999995E-02	  1255.78493    
     795	-0.180000038E-02	 0.179999990E-02	 0.159999995E-02	  1255.78467    
    1004	-0.150000036E-02	 0.179999990E-02	 0.159999995E-02	  1255.78442    
    1246	-0.120000033E-02	 0.179999990E-02	 0.159999995E-02	  1255.78420    
    1488	-0.900000310E-03	 0.179999990E-02	 0.159999995E-02	  1255.78401    
    1719	-0.600000286E-03	 0.179999990E-02	 0.159999995E-02	  1255.78387    
    1950	-0.300000262E-03	 0.179999990E-02	 0.159999995E-02	  1255.78377    
     599	-0.240000043E-02	 0.209999993E-02	 0.159999995E-02	  1255.78517    
     600	-0.210000040E-02	 0.209999993E-02	 0.159999995E-02	  1255.78511    
     806	-0.180000038E-02	 0.209999993E-02	 0.159999995E-02	  1255.78493    
    1015	-0.150000036E-02	 0.209999993E-02	 0.159999995E-02	  1255.78471    
    1257	-0.120000033E-02	 0.209999993E-02	 0.159999995E-02	  1255.78449    
    1499	-0.900000310E-03	 0.209999993E-02	 0.159999995E-02	  1255.78426    
    1730	-0.600000286E-03	 0.209999993E-02	 0.159999995E-02	  1255.78407    
    1961	-0.300000262E-03	 0.209999993E-02	 0.159999995E-02	  1255.78394    
     621	-0.240000043E-02	 0.239999995E-02	 0.159999995E-02	  1255.78525    
     622	-0.210000040E-02	 0.239999995E-02	 0.159999995E-02	  1255.78517    
     817	-0.180000038E-02	 0.239999995E-02	 0.159999995E-02	  1255.78510    
    1026	-0.150000036E-02	 0.239999995E-02	 0.159999995E-02	  1255.78502    
    1268	-0.120000033E-02	 0.239999995E-02	 0.159999995E-02	  1255.78481    
    1510	-0.900000310E-03	 0.239999995E-02	 0.159999995E-02	  1255.78454    
    1741	-0.600000286E-03	 0.239999995E-02	 0.159999995E-02	  1255.78428    
    1039	-0.180000038E-02	 0.269999998E-02	 0.159999995E-02	  1255.78521    
    1040	-0.150000036E-02	 0.269999998E-02	 0.159999995E-02	  1255.78522    
    1279	-0.120000033E-02	 0.269999998E-02	 0.159999995E-02	  1255.78509    
    1521	-0.900000310E-03	 0.269999998E-02	 0.159999995E-02	  1255.78478    
    1752	-0.600000286E-03	 0.269999998E-02	 0.159999995E-02	  1255.78445    
    1292	-0.150000036E-02	 0.300000000E-02	 0.159999995E-02	  1255.78533    
    1293	-0.120000033E-02	 0.300000000E-02	 0.159999995E-02	  1255.78521    
    1532	-0.900000310E-03	 0.300000000E-02	 0.159999995E-02	  1255.78487    
    1763	-0.600000286E-03	 0.300000000E-02	 0.159999995E-02	  1255.78451    
    1972	-0.300000262E-03	 0.239999995E-02	 0.159999995E-02	  1255.78410    
    1983	-0.300000262E-03	 0.269999998E-02	 0.159999995E-02	  1255.78422    
    1994	-0.300000262E-03	 0.300000000E-02	 0.159999995E-02	  1255.78426    
    2148	-0.238418579E-09	 0.899999833E-03	 0.159999995E-02	  1255.78334    
    2159	-0.238418579E-09	 0.119999986E-02	 0.159999995E-02	  1255.78345    
    2170	-0.238418579E-09	 0.149999988E-02	 0.159999995E-02	  1255.78358    
    2181	-0.238418579E-09	 0.179999990E-02	 0.159999995E-02	  1255.78374    
    2192	-0.238418579E-09	 0.209999993E-02	 0.159999995E-02	  1255.78389    
    2203	-0.238418579E-09	 0.239999995E-02	 0.159999995E-02	  1255.78404    
    2214	-0.238418579E-09	 0.269999998E-02	 0.159999995E-02	  1255.78414    
    2225	-0.238418579E-09	 0.300000000E-02	 0.159999995E-02	  1255.78417    
    2335	 0.299999785E-03	-0.300000262E-03	 0.159999995E-02	  1255.78322    
    2346	 0.299999785E-03	-0.238418579E-09	 0.159999995E-02	  1255.78320    
    2357	 0.299999785E-03	 0.299999785E-03	 0.159999995E-02	  1255.78322    
    2368	 0.299999785E-03	 0.599999809E-03	 0.159999995E-02	  1255.78327    
    2379	 0.299999785E-03	 0.899999833E-03	 0.159999995E-02	  1255.78336    
    2390	 0.299999785E-03	 0.119999986E-02	 0.159999995E-02	  1255.78347    
    2401	 0.299999785E-03	 0.149999988E-02	 0.159999995E-02	  1255.78361    
    2412	 0.299999785E-03	 0.179999990E-02	 0.159999995E-02	  1255.78377    
    2423	 0.299999785E-03	 0.209999993E-02	 0.159999995E-02	  1255.78394    
    2434	 0.299999785E-03	 0.239999995E-02	 0.159999995E-02	  1255.78410    
    2445	 0.299999785E-03	 0.269999998E-02	 0.159999995E-02	  1255.78422    
    2456	 0.299999785E-03	 0.300000000E-02	 0.159999995E-02	  1255.78426    
    2566	 0.599999809E-03	-0.300000262E-03	 0.159999995E-02	  1255.78327    
    2577	 0.599999809E-03	-0.238418579E-09	 0.159999995E-02	  1255.78326    
    2588	 0.599999809E-03	 0.299999785E-03	 0.159999995E-02	  1255.78327    
    2599	 0.599999809E-03	 0.599999809E-03	 0.159999995E-02	  1255.78333    
    2610	 0.599999809E-03	 0.899999833E-03	 0.159999995E-02	  1255.78342    
    2621	 0.599999809E-03	 0.119999986E-02	 0.159999995E-02	  1255.78354    
    2632	 0.599999809E-03	 0.149999988E-02	 0.159999995E-02	  1255.78369    
    2643	 0.599999809E-03	 0.179999990E-02	 0.159999995E-02	  1255.78387    
    2654	 0.599999809E-03	 0.209999993E-02	 0.159999995E-02	  1255.78407    
    2665	 0.599999809E-03	 0.239999995E-02	 0.159999995E-02	  1255.78428    
    2676	 0.599999809E-03	 0.269999998E-02	 0.159999995E-02	  1255.78445    
    2687	 0.599999809E-03	 0.300000000E-02	 0.159999995E-02	  1255.78451    
    2797	 0.899999833E-03	-0.300000262E-03	 0.159999995E-02	  1255.78336    
    2808	 0.899999833E-03	-0.238418579E-09	 0.159999995E-02	  1255.78334    
    2819	 0.899999833E-03	 0.299999785E-03	 0.159999995E-02	  1255.78336    
    2830	 0.899999833E-03	 0.599999809E-03	 0.159999995E-02	  1255.78342    
    2841	 0.899999833E-03	 0.899999833E-03	 0.159999995E-02	  1255.78351    
    2852	 0.899999833E-03	 0.119999986E-02	 0.159999995E-02	  1255.78364    
    2863	 0.899999833E-03	 0.149999988E-02	 0.159999995E-02	  1255.78381    
    2874	 0.899999833E-03	 0.179999990E-02	 0.159999995E-02	  1255.78401    
    2885	 0.899999833E-03	 0.209999993E-02	 0.159999995E-02	  1255.78426    
    2896	 0.899999833E-03	 0.239999995E-02	 0.159999995E-02	  1255.78454    
    2907	 0.899999833E-03	 0.269999998E-02	 0.159999995E-02	  1255.78478    
    2918	 0.899999833E-03	 0.300000000E-02	 0.159999995E-02	  1255.78487    
    3028	 0.119999986E-02	-0.300000262E-03	 0.159999995E-02	  1255.78347    
    3039	 0.119999986E-02	-0.238418579E-09	 0.159999995E-02	  1255.78345    
    3050	 0.119999986E-02	 0.299999785E-03	 0.159999995E-02	  1255.78347    
    3061	 0.119999986E-02	 0.599999809E-03	 0.159999995E-02	  1255.78354    
    3072	 0.119999986E-02	 0.899999833E-03	 0.159999995E-02	  1255.78364    
    3083	 0.119999986E-02	 0.119999986E-02	 0.159999995E-02	  1255.78379    
    3094	 0.119999986E-02	 0.149999988E-02	 0.159999995E-02	  1255.78397    
    3105	 0.119999986E-02	 0.179999990E-02	 0.159999995E-02	  1255.78420    
    3116	 0.119999986E-02	 0.209999993E-02	 0.159999995E-02	  1255.78449    
    3127	 0.119999986E-02	 0.239999995E-02	 0.159999995E-02	  1255.78481    
    3138	 0.119999986E-02	 0.269999998E-02	 0.159999995E-02	  1255.78509    
    3149	 0.119999986E-02	 0.300000000E-02	 0.159999995E-02	  1255.78521    
    3259	 0.149999988E-02	-0.300000262E-03	 0.159999995E-02	  1255.78361    
    3270	 0.149999988E-02	-0.238418579E-09	 0.159999995E-02	  1255.78358    
    3281	 0.149999988E-02	 0.299999785E-03	 0.159999995E-02	  1255.78361    
    3292	 0.149999988E-02	 0.599999809E-03	 0.159999995E-02	  1255.78369    
    3303	 0.149999988E-02	 0.899999833E-03	 0.159999995E-02	  1255.78381    
    3314	 0.149999988E-02	 0.119999986E-02	 0.159999995E-02	  1255.78397    
    3325	 0.149999988E-02	 0.149999988E-02	 0.159999995E-02	  1255.78417    
    3336	 0.149999988E-02	 0.179999990E-02	 0.159999995E-02	  1255.78442    
    3347	 0.149999988E-02	 0.209999993E-02	 0.159999995E-02	  1255.78471    
    3358	 0.149999988E-02	 0.239999995E-02	 0.159999995E-02	  1255.78502    
    3369	 0.149999988E-02	 0.269999998E-02	 0.159999995E-02	  1255.78522    
    3380	 0.149999988E-02	 0.300000000E-02	 0.159999995E-02	  1255.78533    
    3479	 0.179999990E-02	-0.300000262E-03	 0.159999995E-02	  1255.78377    
    3490	 0.179999990E-02	-0.238418579E-09	 0.159999995E-02	  1255.78374    
    3501	 0.179999990E-02	 0.299999785E-03	 0.159999995E-02	  1255.78377    
    3512	 0.179999990E-02	 0.599999809E-03	 0.159999995E-02	  1255.78387    
    3523	 0.179999990E-02	 0.899999833E-03	 0.159999995E-02	  1255.78401    
    3534	 0.179999990E-02	 0.119999986E-02	 0.159999995E-02	  1255.78420    
    3545	 0.179999990E-02	 0.149999988E-02	 0.159999995E-02	  1255.78442    
    3556	 0.179999990E-02	 0.179999990E-02	 0.159999995E-02	  1255.78467    
    3567	 0.179999990E-02	 0.209999993E-02	 0.159999995E-02	  1255.78493    
    3578	 0.179999990E-02	 0.239999995E-02	 0.159999995E-02	  1255.78510    
    3589	 0.179999990E-02	 0.269999998E-02	 0.159999995E-02	  1255.78521    
    3677	 0.209999993E-02	-0.300000262E-03	 0.159999995E-02	  1255.78394    
    3688	 0.209999993E-02	-0.238418579E-09	 0.159999995E-02	  1255.78389    
    3699	 0.209999993E-02	 0.299999785E-03	 0.159999995E-02	  1255.78394    
    3710	 0.209999993E-02	 0.599999809E-03	 0.159999995E-02	  1255.78407    
    3721	 0.209999993E-02	 0.899999833E-03	 0.159999995E-02	  1255.78426    
    3732	 0.209999993E-02	 0.119999986E-02	 0.159999995E-02	  1255.78449    
    3743	 0.209999993E-02	 0.149999988E-02	 0.159999995E-02	  1255.78471    
    3754	 0.209999993E-02	 0.179999990E-02	 0.159999995E-02	  1255.78493    
    3765	 0.209999993E-02	 0.209999993E-02	 0.159999995E-02	  1255.78511    
    3776	 0.209999993E-02	 0.239999995E-02	 0.159999995E-02	  1255.78517    
    3864	 0.239999995E-02	-0.300000262E-03	 0.159999995E-02	  1255.78410    
    3875	 0.239999995E-02	-0.238418579E-09	 0.159999995E-02	  1255.78404    
    3886	 0.239999995E-02	 0.299999785E-03	 0.159999995E-02	  1255.78410    
    3897	 0.239999995E-02	 0.599999809E-03	 0.159999995E-02	  1255.78428    
    3908	 0.239999995E-02	 0.899999833E-03	 0.159999995E-02	  1255.78454    
    3919	 0.239999995E-02	 0.119999986E-02	 0.159999995E-02	  1255.78481    
    3930	 0.239999995E-02	 0.149999988E-02	 0.159999995E-02	  1255.78502    
    3941	 0.239999995E-02	 0.179999990E-02	 0.159999995E-02	  1255.78510    
    3952	 0.239999995E-02	 0.209999993E-02	 0.159999995E-02	  1255.78517    
    3963	 0.239999995E-02	 0.239999995E-02	 0.159999995E-02	  1255.78525    
    4029	 0.269999998E-02	-0.300000262E-03	 0.159999995E-02	  1255.78422    
    4040	 0.269999998E-02	-0.238418579E-09	 0.159999995E-02	  1255.78414    
    4051	 0.269999998E-02	 0.299999785E-03	 0.159999995E-02	  1255.78422    
    4062	 0.269999998E-02	 0.599999809E-03	 0.159999995E-02	  1255.78445    
    4073	 0.269999998E-02	 0.899999833E-03	 0.159999995E-02	  1255.78478    
    4084	 0.269999998E-02	 0.119999986E-02	 0.159999995E-02	  1255.78509    
    4095	 0.269999998E-02	 0.149999988E-02	 0.159999995E-02	  1255.78522    
    4106	 0.269999998E-02	 0.179999990E-02	 0.159999995E-02	  1255.78521    
    4161	 0.300000000E-02	-0.300000262E-03	 0.159999995E-02	  1255.78426    
    4172	 0.300000000E-02	-0.238418579E-09	 0.159999995E-02	  1255.78417    
    4183	 0.300000000E-02	 0.299999785E-03	 0.159999995E-02	  1255.78426    
    4194	 0.300000000E-02	 0.599999809E-03	 0.159999995E-02	  1255.78451    
    4205	 0.300000000E-02	 0.899999833E-03	 0.159999995E-02	  1255.78487    
    4216	 0.300000000E-02	 0.119999986E-02	 0.159999995E-02	  1255.78521    
    4227	 0.300000000E-02	 0.149999988E-02	 0.159999995E-02	  1255.78533    
      15	-0.270000045E-02	-0.150000036E-02	 0.189999996E-02	  1257.56665    
     252	-0.270000045E-02	-0.180000038E-02	 0.189999996E-02	  1257.56666    
     254	-0.240000043E-02	-0.150000036E-02	 0.189999996E-02	  1257.56662    
     253	-0.240000043E-02	-0.180000038E-02	 0.189999996E-02	  1257.56665    
     421	-0.240000043E-02	-0.210000040E-02	 0.189999996E-02	  1257.56666    
     420	-0.240000043E-02	-0.240000043E-02	 0.189999996E-02	  1257.56667    
     423	-0.210000040E-02	-0.210000040E-02	 0.189999996E-02	  1257.56665    
     422	-0.210000040E-02	-0.240000043E-02	 0.189999996E-02	  1257.56666    
     455	-0.210000040E-02	-0.180000038E-02	 0.189999996E-02	  1257.56662    
     466	-0.210000040E-02	-0.150000036E-02	 0.189999996E-02	  1257.56657    
     646	-0.180000038E-02	-0.210000040E-02	 0.189999996E-02	  1257.56662    
     645	-0.180000038E-02	-0.240000043E-02	 0.189999996E-02	  1257.56665    
     664	-0.180000038E-02	-0.180000038E-02	 0.189999996E-02	  1257.56657    
     675	-0.180000038E-02	-0.150000036E-02	 0.189999996E-02	  1257.56651    
     835	-0.180000038E-02	-0.270000045E-02	 0.189999996E-02	  1257.56666    
     837	-0.150000036E-02	-0.240000043E-02	 0.189999996E-02	  1257.56662    
     836	-0.150000036E-02	-0.270000045E-02	 0.189999996E-02	  1257.56665    
     862	-0.150000036E-02	-0.210000040E-02	 0.189999996E-02	  1257.56657    
     873	-0.150000036E-02	-0.180000038E-02	 0.189999996E-02	  1257.56651    
     884	-0.150000036E-02	-0.150000036E-02	 0.189999996E-02	  1257.56645    
    1066	-0.150000036E-02	-0.300000048E-02	 0.189999996E-02	  1257.56666    
    1068	-0.120000033E-02	-0.270000045E-02	 0.189999996E-02	  1257.56663    
    1067	-0.120000033E-02	-0.300000048E-02	 0.189999996E-02	  1257.56664    
    1093	-0.120000033E-02	-0.240000043E-02	 0.189999996E-02	  1257.56658    
    1104	-0.120000033E-02	-0.210000040E-02	 0.189999996E-02	  1257.56652    
    1115	-0.120000033E-02	-0.180000038E-02	 0.189999996E-02	  1257.56646    
    1126	-0.120000033E-02	-0.150000036E-02	 0.189999996E-02	  1257.56640    
    1317	-0.900000310E-03	-0.270000045E-02	 0.189999996E-02	  1257.56657    
    1316	-0.900000310E-03	-0.300000048E-02	 0.189999996E-02	  1257.56659    
    1335	-0.900000310E-03	-0.240000043E-02	 0.189999996E-02	  1257.56652    
    1346	-0.900000310E-03	-0.210000040E-02	 0.189999996E-02	  1257.56647    
    1357	-0.900000310E-03	-0.180000038E-02	 0.189999996E-02	  1257.56641    
    1368	-0.900000310E-03	-0.150000036E-02	 0.189999996E-02	  1257.56635    
    1137	-0.120000033E-02	-0.120000033E-02	 0.189999996E-02	  1257.56635    
    1379	-0.900000310E-03	-0.120000033E-02	 0.189999996E-02	  1257.56631    
    1548	-0.600000286E-03	-0.270000045E-02	 0.189999996E-02	  1257.56651    
    1547	-0.600000286E-03	-0.300000048E-02	 0.189999996E-02	  1257.56652    
    1566	-0.600000286E-03	-0.240000043E-02	 0.189999996E-02	  1257.56647    
    1577	-0.600000286E-03	-0.210000040E-02	 0.189999996E-02	  1257.56642    
    1588	-0.600000286E-03	-0.180000038E-02	 0.189999996E-02	  1257.56637    
    1599	-0.600000286E-03	-0.150000036E-02	 0.189999996E-02	  1257.56632    
    1610	-0.600000286E-03	-0.120000033E-02	 0.189999996E-02	  1257.56628    
    1390	-0.900000310E-03	-0.900000310E-03	 0.189999996E-02	  1257.56627    
    1621	-0.600000286E-03	-0.900000310E-03	 0.189999996E-02	  1257.56625    
    1779	-0.300000262E-03	-0.270000045E-02	 0.189999996E-02	  1257.56646    
    1778	-0.300000262E-03	-0.300000048E-02	 0.189999996E-02	  1257.56647    
    1797	-0.300000262E-03	-0.240000043E-02	 0.189999996E-02	  1257.56643    
    1808	-0.300000262E-03	-0.210000040E-02	 0.189999996E-02	  1257.56639    
    1819	-0.300000262E-03	-0.180000038E-02	 0.189999996E-02	  1257.56634    
    1830	-0.300000262E-03	-0.150000036E-02	 0.189999996E-02	  1257.56630    
    1841	-0.300000262E-03	-0.120000033E-02	 0.189999996E-02	  1257.56626    
    1852	-0.300000262E-03	-0.900000310E-03	 0.189999996E-02	  1257.56623    
    2010	-0.238418579E-09	-0.270000045E-02	 0.189999996E-02	  1257.56644    
    2009	-0.238418579E-09	-0.300000048E-02	 0.189999996E-02	  1257.56645    
    2028	-0.238418579E-09	-0.240000043E-02	 0.189999996E-02	  1257.56642    
    2039	-0.238418579E-09	-0.210000040E-02	 0.189999996E-02	  1257.56638    
    2050	-0.238418579E-09	-0.180000038E-02	 0.189999996E-02	  1257.56634    
    2061	-0.238418579E-09	-0.150000036E-02	 0.189999996E-02	  1257.56629    
    2072	-0.238418579E-09	-0.120000033E-02	 0.189999996E-02	  1257.56626    
    2083	-0.238418579E-09	-0.900000310E-03	 0.189999996E-02	  1257.56622    
    1863	-0.300000262E-03	-0.600000286E-03	 0.189999996E-02	  1257.56621    
    2094	-0.238418579E-09	-0.600000286E-03	 0.189999996E-02	  1257.56620    
    2241	 0.299999785E-03	-0.270000045E-02	 0.189999996E-02	  1257.56646    
    2240	 0.299999785E-03	-0.300000048E-02	 0.189999996E-02	  1257.56647    
    2259	 0.299999785E-03	-0.240000043E-02	 0.189999996E-02	  1257.56643    
    2270	 0.299999785E-03	-0.210000040E-02	 0.189999996E-02	  1257.56639    
    2281	 0.299999785E-03	-0.180000038E-02	 0.189999996E-02	  1257.56634    
    2292	 0.299999785E-03	-0.150000036E-02	 0.189999996E-02	  1257.56630    
    2303	 0.299999785E-03	-0.120000033E-02	 0.189999996E-02	  1257.56626    
    2314	 0.299999785E-03	-0.900000310E-03	 0.189999996E-02	  1257.56623    
    2325	 0.299999785E-03	-0.600000286E-03	 0.189999996E-02	  1257.56621    
    2472	 0.599999809E-03	-0.270000045E-02	 0.189999996E-02	  1257.56651    
    2471	 0.599999809E-03	-0.300000048E-02	 0.189999996E-02	  1257.56652    
    2490	 0.599999809E-03	-0.240000043E-02	 0.189999996E-02	  1257.56647    
    2501	 0.599999809E-03	-0.210000040E-02	 0.189999996E-02	  1257.56642    
    2512	 0.599999809E-03	-0.180000038E-02	 0.189999996E-02	  1257.56637    
    2523	 0.599999809E-03	-0.150000036E-02	 0.189999996E-02	  1257.56632    
    2534	 0.599999809E-03	-0.120000033E-02	 0.189999996E-02	  1257.56628    
    2545	 0.599999809E-03	-0.900000310E-03	 0.189999996E-02	  1257.56625    
    2556	 0.599999809E-03	-0.600000286E-03	 0.189999996E-02	  1257.56622    
    2703	 0.899999833E-03	-0.270000045E-02	 0.189999996E-02	  1257.56657    
    2702	 0.899999833E-03	-0.300000048E-02	 0.189999996E-02	  1257.56659    
    2721	 0.899999833E-03	-0.240000043E-02	 0.189999996E-02	  1257.56652    
    2732	 0.899999833E-03	-0.210000040E-02	 0.189999996E-02	  1257.56647    
    2743	 0.899999833E-03	-0.180000038E-02	 0.189999996E-02	  1257.56641    
    2754	 0.899999833E-03	-0.150000036E-02	 0.189999996E-02	  1257.56635    
    2765	 0.899999833E-03	-0.120000033E-02	 0.189999996E-02	  1257.56631    
    2776	 0.899999833E-03	-0.900000310E-03	 0.189999996E-02	  1257.56627    
    2787	 0.899999833E-03	-0.600000286E-03	 0.189999996E-02	  1257.56625    
    2934	 0.119999986E-02	-0.270000045E-02	 0.189999996E-02	  1257.56663    
    2933	 0.119999986E-02	-0.300000048E-02	 0.189999996E-02	  1257.56664    
    2952	 0.119999986E-02	-0.240000043E-02	 0.189999996E-02	  1257.56658    
    2963	 0.119999986E-02	-0.210000040E-02	 0.189999996E-02	  1257.56652    
    2974	 0.119999986E-02	-0.180000038E-02	 0.189999996E-02	  1257.56646    
    2985	 0.119999986E-02	-0.150000036E-02	 0.189999996E-02	  1257.56640    
    2996	 0.119999986E-02	-0.120000033E-02	 0.189999996E-02	  1257.56635    
    3007	 0.119999986E-02	-0.900000310E-03	 0.189999996E-02	  1257.56631    
    3018	 0.119999986E-02	-0.600000286E-03	 0.189999996E-02	  1257.56628    
    3165	 0.149999988E-02	-0.270000045E-02	 0.189999996E-02	  1257.56665    
    3164	 0.149999988E-02	-0.300000048E-02	 0.189999996E-02	  1257.56666    
    3183	 0.149999988E-02	-0.240000043E-02	 0.189999996E-02	  1257.56662    
    3194	 0.149999988E-02	-0.210000040E-02	 0.189999996E-02	  1257.56657    
    3205	 0.149999988E-02	-0.180000038E-02	 0.189999996E-02	  1257.56651    
    3216	 0.149999988E-02	-0.150000036E-02	 0.189999996E-02	  1257.56645    
    3227	 0.149999988E-02	-0.120000033E-02	 0.189999996E-02	  1257.56640    
    3238	 0.149999988E-02	-0.900000310E-03	 0.189999996E-02	  1257.56635    
    3249	 0.149999988E-02	-0.600000286E-03	 0.189999996E-02	  1257.56632    
    3396	 0.179999990E-02	-0.240000043E-02	 0.189999996E-02	  1257.56665    
    3395	 0.179999990E-02	-0.270000045E-02	 0.189999996E-02	  1257.56666    
    3414	 0.179999990E-02	-0.210000040E-02	 0.189999996E-02	  1257.56662    
    3425	 0.179999990E-02	-0.180000038E-02	 0.189999996E-02	  1257.56657    
    3436	 0.179999990E-02	-0.150000036E-02	 0.189999996E-02	  1257.56651    
    3447	 0.179999990E-02	-0.120000033E-02	 0.189999996E-02	  1257.56646    
    3458	 0.179999990E-02	-0.900000310E-03	 0.189999996E-02	  1257.56641    
    3469	 0.179999990E-02	-0.600000286E-03	 0.189999996E-02	  1257.56637    
    3605	 0.209999993E-02	-0.210000040E-02	 0.189999996E-02	  1257.56665    
    3604	 0.209999993E-02	-0.240000043E-02	 0.189999996E-02	  1257.56666    
    3623	 0.209999993E-02	-0.180000038E-02	 0.189999996E-02	  1257.56662    
    3634	 0.209999993E-02	-0.150000036E-02	 0.189999996E-02	  1257.56657    
    3645	 0.209999993E-02	-0.120000033E-02	 0.189999996E-02	  1257.56652    
    3656	 0.209999993E-02	-0.900000310E-03	 0.189999996E-02	  1257.56647    
    3667	 0.209999993E-02	-0.600000286E-03	 0.189999996E-02	  1257.56642    
    3792	 0.239999995E-02	-0.210000040E-02	 0.189999996E-02	  1257.56666    
    3791	 0.239999995E-02	-0.240000043E-02	 0.189999996E-02	  1257.56667    
    3810	 0.239999995E-02	-0.180000038E-02	 0.189999996E-02	  1257.56665    
    3821	 0.239999995E-02	-0.150000036E-02	 0.189999996E-02	  1257.56662    
    3832	 0.239999995E-02	-0.120000033E-02	 0.189999996E-02	  1257.56658    
    3843	 0.239999995E-02	-0.900000310E-03	 0.189999996E-02	  1257.56652    
    3854	 0.239999995E-02	-0.600000286E-03	 0.189999996E-02	  1257.56647    
    3979	 0.269999998E-02	-0.150000036E-02	 0.189999996E-02	  1257.56665    
    3978	 0.269999998E-02	-0.180000038E-02	 0.189999996E-02	  1257.56666    
    3997	 0.269999998E-02	-0.120000033E-02	 0.189999996E-02	  1257.56663    
    4008	 0.269999998E-02	-0.900000310E-03	 0.189999996E-02	  1257.56657    
    4019	 0.269999998E-02	-0.600000286E-03	 0.189999996E-02	  1257.56651    
    4122	 0.300000000E-02	-0.120000033E-02	 0.189999996E-02	  1257.56664    
    4121	 0.300000000E-02	-0.150000036E-02	 0.189999996E-02	  1257.56666    
    4140	 0.300000000E-02	-0.900000310E-03	 0.189999996E-02	  1257.56659    
    4151	 0.300000000E-02	-0.600000286E-03	 0.189999996E-02	  1257.56652    
      14	-0.300000048E-02	-0.120000033E-02	 0.189999996E-02	  1257.56664    
      13	-0.300000048E-02	-0.150000036E-02	 0.189999996E-02	  1257.56666    
      16	-0.270000045E-02	-0.120000033E-02	 0.189999996E-02	  1257.56663    
     279	-0.240000043E-02	-0.120000033E-02	 0.189999996E-02	  1257.56658    
     477	-0.210000040E-02	-0.120000033E-02	 0.189999996E-02	  1257.56652    
     686	-0.180000038E-02	-0.120000033E-02	 0.189999996E-02	  1257.56646    
     895	-0.150000036E-02	-0.120000033E-02	 0.189999996E-02	  1257.56640    
      51	-0.300000048E-02	-0.900000310E-03	 0.189999996E-02	  1257.56659    
      52	-0.270000045E-02	-0.900000310E-03	 0.189999996E-02	  1257.56657    
     290	-0.240000043E-02	-0.900000310E-03	 0.189999996E-02	  1257.56652    
     488	-0.210000040E-02	-0.900000310E-03	 0.189999996E-02	  1257.56647    
     697	-0.180000038E-02	-0.900000310E-03	 0.189999996E-02	  1257.56641    
     906	-0.150000036E-02	-0.900000310E-03	 0.189999996E-02	  1257.56635    
    1148	-0.120000033E-02	-0.900000310E-03	 0.189999996E-02	  1257.56631    
      73	-0.300000048E-02	-0.600000286E-03	 0.189999996E-02	  1257.56652    
      74	-0.270000045E-02	-0.600000286E-03	 0.189999996E-02	  1257.56651    
     301	-0.240000043E-02	-0.600000286E-03	 0.189999996E-02	  1257.56647    
     499	-0.210000040E-02	-0.600000286E-03	 0.189999996E-02	  1257.56642    
     708	-0.180000038E-02	-0.600000286E-03	 0.189999996E-02	  1257.56637    
     917	-0.150000036E-02	-0.600000286E-03	 0.189999996E-02	  1257.56632    
    1159	-0.120000033E-02	-0.600000286E-03	 0.189999996E-02	  1257.56628    
    1401	-0.900000310E-03	-0.600000286E-03	 0.189999996E-02	  1257.56625    
    1632	-0.600000286E-03	-0.600000286E-03	 0.189999996E-02	  1257.56622    
      95	-0.300000048E-02	-0.300000262E-03	 0.189999996E-02	  1257.56647    
      96	-0.270000045E-02	-0.300000262E-03	 0.189999996E-02	  1257.56646    
     312	-0.240000043E-02	-0.300000262E-03	 0.189999996E-02	  1257.56643    
     510	-0.210000040E-02	-0.300000262E-03	 0.189999996E-02	  1257.56639    
     719	-0.180000038E-02	-0.300000262E-03	 0.189999996E-02	  1257.56634    
     928	-0.150000036E-02	-0.300000262E-03	 0.189999996E-02	  1257.56630    
    1170	-0.120000033E-02	-0.300000262E-03	 0.189999996E-02	  1257.56626    
    1412	-0.900000310E-03	-0.300000262E-03	 0.189999996E-02	  1257.56623    
    1643	-0.600000286E-03	-0.300000262E-03	 0.189999996E-02	  1257.56621    
    1874	-0.300000262E-03	-0.300000262E-03	 0.189999996E-02	  1257.56619    
    2105	-0.238418579E-09	-0.300000262E-03	 0.189999996E-02	  1257.56619    
     117	-0.300000048E-02	-0.238418579E-09	 0.189999996E-02	  1257.56645    
     118	-0.270000045E-02	-0.238418579E-09	 0.189999996E-02	  1257.56644    
     323	-0.240000043E-02	-0.238418579E-09	 0.189999996E-02	  1257.56642    
     521	-0.210000040E-02	-0.238418579E-09	 0.189999996E-02	  1257.56638    
     730	-0.180000038E-02	-0.238418579E-09	 0.189999996E-02	  1257.56634    
     939	-0.150000036E-02	-0.238418579E-09	 0.189999996E-02	  1257.56629    
    1181	-0.120000033E-02	-0.238418579E-09	 0.189999996E-02	  1257.56626    
    1423	-0.900000310E-03	-0.238418579E-09	 0.189999996E-02	  1257.56622    
    1654	-0.600000286E-03	-0.238418579E-09	 0.189999996E-02	  1257.56620    
    1885	-0.300000262E-03	-0.238418579E-09	 0.189999996E-02	  1257.56619    
    2116	-0.238418579E-09	-0.238418579E-09	 0.189999996E-02	  1257.56618    
     139	-0.300000048E-02	 0.299999785E-03	 0.189999996E-02	  1257.56647    
     140	-0.270000045E-02	 0.299999785E-03	 0.189999996E-02	  1257.56646    
     334	-0.240000043E-02	 0.299999785E-03	 0.189999996E-02	  1257.56643    
     532	-0.210000040E-02	 0.299999785E-03	 0.189999996E-02	  1257.56639    
     741	-0.180000038E-02	 0.299999785E-03	 0.189999996E-02	  1257.56634    
     950	-0.150000036E-02	 0.299999785E-03	 0.189999996E-02	  1257.56630    
    1192	-0.120000033E-02	 0.299999785E-03	 0.189999996E-02	  1257.56626    
    1434	-0.900000310E-03	 0.299999785E-03	 0.189999996E-02	  1257.56623    
    1665	-0.600000286E-03	 0.299999785E-03	 0.189999996E-02	  1257.56621    
    1896	-0.300000262E-03	 0.299999785E-03	 0.189999996E-02	  1257.56619    
    2127	-0.238418579E-09	 0.299999785E-03	 0.189999996E-02	  1257.56619    
     161	-0.300000048E-02	 0.599999809E-03	 0.189999996E-02	  1257.56652    
     162	-0.270000045E-02	 0.599999809E-03	 0.189999996E-02	  1257.56651    
     345	-0.240000043E-02	 0.599999809E-03	 0.189999996E-02	  1257.56647    
     543	-0.210000040E-02	 0.599999809E-03	 0.189999996E-02	  1257.56642    
     752	-0.180000038E-02	 0.599999809E-03	 0.189999996E-02	  1257.56637    
     961	-0.150000036E-02	 0.599999809E-03	 0.189999996E-02	  1257.56632    
    1203	-0.120000033E-02	 0.599999809E-03	 0.189999996E-02	  1257.56628    
    1445	-0.900000310E-03	 0.599999809E-03	 0.189999996E-02	  1257.56625    
    1676	-0.600000286E-03	 0.599999809E-03	 0.189999996E-02	  1257.56622    
    1907	-0.300000262E-03	 0.599999809E-03	 0.189999996E-02	  1257.56621    
    2138	-0.238418579E-09	 0.599999809E-03	 0.189999996E-02	  1257.56620    
     183	-0.300000048E-02	 0.899999833E-03	 0.189999996E-02	  1257.56659    
     184	-0.270000045E-02	 0.899999833E-03	 0.189999996E-02	  1257.56657    
     356	-0.240000043E-02	 0.899999833E-03	 0.189999996E-02	  1257.56652    
     554	-0.210000040E-02	 0.899999833E-03	 0.189999996E-02	  1257.56647    
     763	-0.180000038E-02	 0.899999833E-03	 0.189999996E-02	  1257.56641    
     972	-0.150000036E-02	 0.899999833E-03	 0.189999996E-02	  1257.56635    
    1214	-0.120000033E-02	 0.899999833E-03	 0.189999996E-02	  1257.56631    
    1456	-0.900000310E-03	 0.899999833E-03	 0.189999996E-02	  1257.56627    
    1687	-0.600000286E-03	 0.899999833E-03	 0.189999996E-02	  1257.56625    
    1918	-0.300000262E-03	 0.899999833E-03	 0.189999996E-02	  1257.56623    
     205	-0.300000048E-02	 0.119999986E-02	 0.189999996E-02	  1257.56664    
     206	-0.270000045E-02	 0.119999986E-02	 0.189999996E-02	  1257.56663    
     367	-0.240000043E-02	 0.119999986E-02	 0.189999996E-02	  1257.56658    
     565	-0.210000040E-02	 0.119999986E-02	 0.189999996E-02	  1257.56652    
     774	-0.180000038E-02	 0.119999986E-02	 0.189999996E-02	  1257.56646    
     983	-0.150000036E-02	 0.119999986E-02	 0.189999996E-02	  1257.56640    
    1225	-0.120000033E-02	 0.119999986E-02	 0.189999996E-02	  1257.56635    
    1467	-0.900000310E-03	 0.119999986E-02	 0.189999996E-02	  1257.56631    
    1698	-0.600000286E-03	 0.119999986E-02	 0.189999996E-02	  1257.56628    
    1929	-0.300000262E-03	 0.119999986E-02	 0.189999996E-02	  1257.56626    
     227	-0.300000048E-02	 0.149999988E-02	 0.189999996E-02	  1257.56666    
     228	-0.270000045E-02	 0.149999988E-02	 0.189999996E-02	  1257.56665    
     378	-0.240000043E-02	 0.149999988E-02	 0.189999996E-02	  1257.56662    
     576	-0.210000040E-02	 0.149999988E-02	 0.189999996E-02	  1257.56657    
     785	-0.180000038E-02	 0.149999988E-02	 0.189999996E-02	  1257.56651    
     994	-0.150000036E-02	 0.149999988E-02	 0.189999996E-02	  1257.56645    
    1236	-0.120000033E-02	 0.149999988E-02	 0.189999996E-02	  1257.56640    
    1478	-0.900000310E-03	 0.149999988E-02	 0.189999996E-02	  1257.56635    
    1709	-0.600000286E-03	 0.149999988E-02	 0.189999996E-02	  1257.56632    
    1940	-0.300000262E-03	 0.149999988E-02	 0.189999996E-02	  1257.56630    
     392	-0.270000045E-02	 0.179999990E-02	 0.189999996E-02	  1257.56666    
     393	-0.240000043E-02	 0.179999990E-02	 0.189999996E-02	  1257.56665    
     587	-0.210000040E-02	 0.179999990E-02	 0.189999996E-02	  1257.56662    
     796	-0.180000038E-02	 0.179999990E-02	 0.189999996E-02	  1257.56657    
    1005	-0.150000036E-02	 0.179999990E-02	 0.189999996E-02	  1257.56651    
    1247	-0.120000033E-02	 0.179999990E-02	 0.189999996E-02	  1257.56646    
    1489	-0.900000310E-03	 0.179999990E-02	 0.189999996E-02	  1257.56641    
    1720	-0.600000286E-03	 0.179999990E-02	 0.189999996E-02	  1257.56637    
    1951	-0.300000262E-03	 0.179999990E-02	 0.189999996E-02	  1257.56634    
     601	-0.240000043E-02	 0.209999993E-02	 0.189999996E-02	  1257.56666    
     602	-0.210000040E-02	 0.209999993E-02	 0.189999996E-02	  1257.56665    
     807	-0.180000038E-02	 0.209999993E-02	 0.189999996E-02	  1257.56662    
    1016	-0.150000036E-02	 0.209999993E-02	 0.189999996E-02	  1257.56657    
    1258	-0.120000033E-02	 0.209999993E-02	 0.189999996E-02	  1257.56652    
    1500	-0.900000310E-03	 0.209999993E-02	 0.189999996E-02	  1257.56647    
    1731	-0.600000286E-03	 0.209999993E-02	 0.189999996E-02	  1257.56642    
    1962	-0.300000262E-03	 0.209999993E-02	 0.189999996E-02	  1257.56639    
     623	-0.240000043E-02	 0.239999995E-02	 0.189999996E-02	  1257.56667    
     624	-0.210000040E-02	 0.239999995E-02	 0.189999996E-02	  1257.56666    
     818	-0.180000038E-02	 0.239999995E-02	 0.189999996E-02	  1257.56665    
    1027	-0.150000036E-02	 0.239999995E-02	 0.189999996E-02	  1257.56662    
    1269	-0.120000033E-02	 0.239999995E-02	 0.189999996E-02	  1257.56658    
    1511	-0.900000310E-03	 0.239999995E-02	 0.189999996E-02	  1257.56652    
    1742	-0.600000286E-03	 0.239999995E-02	 0.189999996E-02	  1257.56647    
    1041	-0.180000038E-02	 0.269999998E-02	 0.189999996E-02	  1257.56666    
    1042	-0.150000036E-02	 0.269999998E-02	 0.189999996E-02	  1257.56665    
    1280	-0.120000033E-02	 0.269999998E-02	 0.189999996E-02	  1257.56663    
    1522	-0.900000310E-03	 0.269999998E-02	 0.189999996E-02	  1257.56657    
    1753	-0.600000286E-03	 0.269999998E-02	 0.189999996E-02	  1257.56651    
    1294	-0.150000036E-02	 0.300000000E-02	 0.189999996E-02	  1257.56666    
    1295	-0.120000033E-02	 0.300000000E-02	 0.189999996E-02	  1257.56664    
    1533	-0.900000310E-03	 0.300000000E-02	 0.189999996E-02	  1257.56659    
    1764	-0.600000286E-03	 0.300000000E-02	 0.189999996E-02	  1257.56652    
    1973	-0.300000262E-03	 0.239999995E-02	 0.189999996E-02	  1257.56643    
    1984	-0.300000262E-03	 0.269999998E-02	 0.189999996E-02	  1257.56646    
    1995	-0.300000262E-03	 0.300000000E-02	 0.189999996E-02	  1257.56647    
    2149	-0.238418579E-09	 0.899999833E-03	 0.189999996E-02	  1257.56622    
    2160	-0.238418579E-09	 0.119999986E-02	 0.189999996E-02	  1257.56626    
    2171	-0.238418579E-09	 0.149999988E-02	 0.189999996E-02	  1257.56629    
    2182	-0.238418579E-09	 0.179999990E-02	 0.189999996E-02	  1257.56634    
    2193	-0.238418579E-09	 0.209999993E-02	 0.189999996E-02	  1257.56638    
    2204	-0.238418579E-09	 0.239999995E-02	 0.189999996E-02	  1257.56642    
    2215	-0.238418579E-09	 0.269999998E-02	 0.189999996E-02	  1257.56644    
    2226	-0.238418579E-09	 0.300000000E-02	 0.189999996E-02	  1257.56645    
    2336	 0.299999785E-03	-0.300000262E-03	 0.189999996E-02	  1257.56619    
    2347	 0.299999785E-03	-0.238418579E-09	 0.189999996E-02	  1257.56619    
    2358	 0.299999785E-03	 0.299999785E-03	 0.189999996E-02	  1257.56619    
    2369	 0.299999785E-03	 0.599999809E-03	 0.189999996E-02	  1257.56621    
    2380	 0.299999785E-03	 0.899999833E-03	 0.189999996E-02	  1257.56623    
    2391	 0.299999785E-03	 0.119999986E-02	 0.189999996E-02	  1257.56626    
    2402	 0.299999785E-03	 0.149999988E-02	 0.189999996E-02	  1257.56630    
    2413	 0.299999785E-03	 0.179999990E-02	 0.189999996E-02	  1257.56634    
    2424	 0.299999785E-03	 0.209999993E-02	 0.189999996E-02	  1257.56639    
    2435	 0.299999785E-03	 0.239999995E-02	 0.189999996E-02	  1257.56643    
    2446	 0.299999785E-03	 0.269999998E-02	 0.189999996E-02	  1257.56646    
    2457	 0.299999785E-03	 0.300000000E-02	 0.189999996E-02	  1257.56647    
    2567	 0.599999809E-03	-0.300000262E-03	 0.189999996E-02	  1257.56621    
    2578	 0.599999809E-03	-0.238418579E-09	 0.189999996E-02	  1257.56620    
    2589	 0.599999809E-03	 0.299999785E-03	 0.189999996E-02	  1257.56621    
    2600	 0.599999809E-03	 0.599999809E-03	 0.189999996E-02	  1257.56622    
    2611	 0.599999809E-03	 0.899999833E-03	 0.189999996E-02	  1257.56625    
    2622	 0.599999809E-03	 0.119999986E-02	 0.189999996E-02	  1257.56628    
    2633	 0.599999809E-03	 0.149999988E-02	 0.189999996E-02	  1257.56632    
    2644	 0.599999809E-03	 0.179999990E-02	 0.189999996E-02	  1257.56637    
    2655	 0.599999809E-03	 0.209999993E-02	 0.189999996E-02	  1257.56642    
    2666	 0.599999809E-03	 0.239999995E-02	 0.189999996E-02	  1257.56647    
    2677	 0.599999809E-03	 0.269999998E-02	 0.189999996E-02	  1257.56651    
    2688	 0.599999809E-03	 0.300000000E-02	 0.189999996E-02	  1257.56652    
    2798	 0.899999833E-03	-0.300000262E-03	 0.189999996E-02	  1257.56623    
    2809	 0.899999833E-03	-0.238418579E-09	 0.189999996E-02	  1257.56622    
    2820	 0.899999833E-03	 0.299999785E-03	 0.189999996E-02	  1257.56623    
    2831	 0.899999833E-03	 0.599999809E-03	 0.189999996E-02	  1257.56625    
    2842	 0.899999833E-03	 0.899999833E-03	 0.189999996E-02	  1257.56627    
    2853	 0.899999833E-03	 0.119999986E-02	 0.189999996E-02	  1257.56631    
    2864	 0.899999833E-03	 0.149999988E-02	 0.189999996E-02	  1257.56635    
    2875	 0.899999833E-03	 0.179999990E-02	 0.189999996E-02	  1257.56641    
    2886	 0.899999833E-03	 0.209999993E-02	 0.189999996E-02	  1257.56647    
    2897	 0.899999833E-03	 0.239999995E-02	 0.189999996E-02	  1257.56652    
    2908	 0.899999833E-03	 0.269999998E-02	 0.189999996E-02	  1257.56657    
    2919	 0.899999833E-03	 0.300000000E-02	 0.189999996E-02	  1257.56659    
    3029	 0.119999986E-02	-0.300000262E-03	 0.189999996E-02	  1257.56626    
    3040	 0.119999986E-02	-0.238418579E-09	 0.189999996E-02	  1257.56626    
    3051	 0.119999986E-02	 0.299999785E-03	 0.189999996E-02	  1257.56626    
    3062	 0.119999986E-02	 0.599999809E-03	 0.189999996E-02	  1257.56628    
    3073	 0.119999986E-02	 0.899999833E-03	 0.189999996E-02	  1257.56631    
    3084	 0.119999986E-02	 0.119999986E-02	 0.189999996E-02	  1257.56635    
    3095	 0.119999986E-02	 0.149999988E-02	 0.189999996E-02	  1257.56640    
    3106	 0.119999986E-02	 0.179999990E-02	 0.189999996E-02	  1257.56646    
    3117	 0.119999986E-02	 0.209999993E-02	 0.189999996E-02	  1257.56652    
    3128	 0.119999986E-02	 0.239999995E-02	 0.189999996E-02	  1257.56658    
    3139	 0.119999986E-02	 0.269999998E-02	 0.189999996E-02	  1257.56663    
    3150	 0.119999986E-02	 0.300000000E-02	 0.189999996E-02	  1257.56664    
    3260	 0.149999988E-02	-0.300000262E-03	 0.189999996E-02	  1257.56630    
    3271	 0.149999988E-02	-0.238418579E-09	 0.189999996E-02	  1257.56629    
    3282	 0.149999988E-02	 0.299999785E-03	 0.189999996E-02	  1257.56630    
    3293	 0.149999988E-02	 0.599999809E-03	 0.189999996E-02	  1257.56632    
    3304	 0.149999988E-02	 0.899999833E-03	 0.189999996E-02	  1257.56635    
    3315	 0.149999988E-02	 0.119999986E-02	 0.189999996E-02	  1257.56640    
    3326	 0.149999988E-02	 0.149999988E-02	 0.189999996E-02	  1257.56645    
    3337	 0.149999988E-02	 0.179999990E-02	 0.189999996E-02	  1257.56651    
    3348	 0.149999988E-02	 0.209999993E-02	 0.189999996E-02	  1257.56657    
    3359	 0.149999988E-02	 0.239999995E-02	 0.189999996E-02	  1257.56662    
    3370	 0.149999988E-02	 0.269999998E-02	 0.189999996E-02	  1257.56665    
    3381	 0.149999988E-02	 0.300000000E-02	 0.189999996E-02	  1257.56666    
    3480	 0.179999990E-02	-0.300000262E-03	 0.189999996E-02	  1257.56634    
    3491	 0.179999990E-02	-0.238418579E-09	 0.189999996E-02	  1257.56634    
    3502	 0.179999990E-02	 0.299999785E-03	 0.189999996E-02	  1257.56634    
    3513	 0.179999990E-02	 0.599999809E-03	 0.189999996E-02	  1257.56637    
    3524	 0.179999990E-02	 0.899999833E-03	 0.189999996E-02	  1257.56641    
    3535	 0.179999990E-02	 0.119999986E-02	 0.189999996E-02	  1257.56646    
    3546	 0.179999990E-02	 0.149999988E-02	 0.189999996E-02	  1257.56651    
    3557	 0.179999990E-02	 0.179999990E-02	 0.189999996E-02	  1257.56657    
    3568	 0.179999990E-02	 0.209999993E-02	 0.189999996E-02	  1257.56662    
    3579	 0.179999990E-02	 0.239999995E-02	 0.189999996E-02	  1257.56665    
    3590	 0.179999990E-02	 0.269999998E-02	 0.189999996E-02	  1257.56666    
    3678	 0.209999993E-02	-0.300000262E-03	 0.189999996E-02	  1257.56639    
    3689	 0.209999993E-02	-0.238418579E-09	 0.189999996E-02	  1257.56638    
    3700	 0.209999993E-02	 0.299999785E-03	 0.189999996E-02	  1257.56639    
    3711	 0.209999993E-02	 0.599999809E-03	 0.189999996E-02	  1257.56642    
    3722	 0.209999993E-02	 0.899999833E-03	 0.189999996E-02	  1257.56647    
    3733	 0.209999993E-02	 0.119999986E-02	 0.189999996E-02	  1257.56652    
    3744	 0.209999993E-02	 0.149999988E-02	 0.189999996E-02	  1257.56657    
    3755	 0.209999993E-02	 0.179999990E-02	 0.189999996E-02	  1257.56662    
    3766	 0.209999993E-02	 0.209999993E-02	 0.189999996E-02	  1257.56665    
    3777	 0.209999993E-02	 0.239999995E-02	 0.189999996E-02	  1257.56666    
    3865	 0.239999995E-02	-0.300000262E-03	 0.189999996E-02	  1257.56643    
    3876	 0.239999995E-02	-0.238418579E-09	 0.189999996E-02	  1257.56642    
    3887	 0.239999995E-02	 0.299999785E-03	 0.189999996E-02	  1257.56643    
    3898	 0.239999995E-02	 0.599999809E-03	 0.189999996E-02	  1257.56647    
    3909	 0.239999995E-02	 0.899999833E-03	 0.189999996E-02	  1257.56652    
    3920	 0.239999995E-02	 0.119999986E-02	 0.189999996E-02	  1257.56658    
    3931	 0.239999995E-02	 0.149999988E-02	 0.189999996E-02	  1257.56662    
    3942	 0.239999995E-02	 0.179999990E-02	 0.189999996E-02	  1257.56665    
    3953	 0.239999995E-02	 0.209999993E-02	 0.189999996E-02	  1257.56666    
    3964	 0.239999995E-02	 0.239999995E-02	 0.189999996E-02	  1257.56667    
    4030	 0.269999998E-02	-0.300000262E-03	 0.189999996E-02	  1257.56646    
    4041	 0.269999998E-02	-0.238418579E-09	 0.189999996E-02	  1257.56644    
    4052	 0.269999998E-02	 0.299999785E-03	 0.189999996E-02	  1257.56646    
    4063	 0.269999998E-02	 0.599999809E-03	 0.189999996E-02	  1257.56651    
    4074	 0.269999998E-02	 0.899999833E-03	 0.189999996E-02	  1257.56657    
    4085	 0.269999998E-02	 0.119999986E-02	 0.189999996E-02	  1257.56663    
    4096	 0.269999998E-02	 0.149999988E-02	 0.189999996E-02	  1257.56665    
    4107	 0.269999998E-02	 0.179999990E-02	 0.189999996E-02	  1257.56666    
    4162	 0.300000000E-02	-0.300000262E-03	 0.189999996E-02	  1257.56647    
    4173	 0.300000000E-02	-0.238418579E-09	 0.189999996E-02	  1257.56645    
    4184	 0.300000000E-02	 0.299999785E-03	 0.189999996E-02	  1257.56647    
    4195	 0.300000000E-02	 0.599999809E-03	 0.189999996E-02	  1257.56652    
    4206	 0.300000000E-02	 0.899999833E-03	 0.189999996E-02	  1257.56659    
    4217	 0.300000000E-02	 0.119999986E-02	 0.189999996E-02	  1257.56664    
    4228	 0.300000000E-02	 0.149999988E-02	 0.189999996E-02	  1257.56666    
      19	-0.270000045E-02	-0.150000036E-02	 0.219999996E-02	  1258.40429    
     255	-0.270000045E-02	-0.180000038E-02	 0.219999996E-02	  1258.40429    
     257	-0.240000043E-02	-0.150000036E-02	 0.219999996E-02	  1258.40429    
     256	-0.240000043E-02	-0.180000038E-02	 0.219999996E-02	  1258.40429    
     425	-0.240000043E-02	-0.210000040E-02	 0.219999996E-02	  1258.40430    
     424	-0.240000043E-02	-0.240000043E-02	 0.219999996E-02	  1258.40430    
     427	-0.210000040E-02	-0.210000040E-02	 0.219999996E-02	  1258.40430    
     426	-0.210000040E-02	-0.240000043E-02	 0.219999996E-02	  1258.40430    
     456	-0.210000040E-02	-0.180000038E-02	 0.219999996E-02	  1258.40429    
     467	-0.210000040E-02	-0.150000036E-02	 0.219999996E-02	  1258.40427    
     648	-0.180000038E-02	-0.210000040E-02	 0.219999996E-02	  1258.40429    
     647	-0.180000038E-02	-0.240000043E-02	 0.219999996E-02	  1258.40429    
     665	-0.180000038E-02	-0.180000038E-02	 0.219999996E-02	  1258.40427    
     676	-0.180000038E-02	-0.150000036E-02	 0.219999996E-02	  1258.40426    
     838	-0.180000038E-02	-0.270000045E-02	 0.219999996E-02	  1258.40429    
     840	-0.150000036E-02	-0.240000043E-02	 0.219999996E-02	  1258.40429    
     839	-0.150000036E-02	-0.270000045E-02	 0.219999996E-02	  1258.40429    
     863	-0.150000036E-02	-0.210000040E-02	 0.219999996E-02	  1258.40427    
     874	-0.150000036E-02	-0.180000038E-02	 0.219999996E-02	  1258.40426    
     885	-0.150000036E-02	-0.150000036E-02	 0.219999996E-02	  1258.40424    
    1069	-0.150000036E-02	-0.300000048E-02	 0.219999996E-02	  1258.40429    
    1071	-0.120000033E-02	-0.270000045E-02	 0.219999996E-02	  1258.40428    
    1070	-0.120000033E-02	-0.300000048E-02	 0.219999996E-02	  1258.40429    
    1094	-0.120000033E-02	-0.240000043E-02	 0.219999996E-02	  1258.40427    
    1105	-0.120000033E-02	-0.210000040E-02	 0.219999996E-02	  1258.40426    
    1116	-0.120000033E-02	-0.180000038E-02	 0.219999996E-02	  1258.40424    
    1127	-0.120000033E-02	-0.150000036E-02	 0.219999996E-02	  1258.40422    
    1319	-0.900000310E-03	-0.270000045E-02	 0.219999996E-02	  1258.40427    
    1318	-0.900000310E-03	-0.300000048E-02	 0.219999996E-02	  1258.40427    
    1336	-0.900000310E-03	-0.240000043E-02	 0.219999996E-02	  1258.40426    
    1347	-0.900000310E-03	-0.210000040E-02	 0.219999996E-02	  1258.40424    
    1358	-0.900000310E-03	-0.180000038E-02	 0.219999996E-02	  1258.40422    
    1369	-0.900000310E-03	-0.150000036E-02	 0.219999996E-02	  1258.40421    
    1138	-0.120000033E-02	-0.120000033E-02	 0.219999996E-02	  1258.40420    
    1380	-0.900000310E-03	-0.120000033E-02	 0.219999996E-02	  1258.40419    
    1550	-0.600000286E-03	-0.270000045E-02	 0.219999996E-02	  1258.40425    
    1549	-0.600000286E-03	-0.300000048E-02	 0.219999996E-02	  1258.40426    
    1567	-0.600000286E-03	-0.240000043E-02	 0.219999996E-02	  1258.40424    
    1578	-0.600000286E-03	-0.210000040E-02	 0.219999996E-02	  1258.40423    
    1589	-0.600000286E-03	-0.180000038E-02	 0.219999996E-02	  1258.40421    
    1600	-0.600000286E-03	-0.150000036E-02	 0.219999996E-02	  1258.40419    
    1611	-0.600000286E-03	-0.120000033E-02	 0.219999996E-02	  1258.40418    
    1391	-0.900000310E-03	-0.900000310E-03	 0.219999996E-02	  1258.40418    
    1622	-0.600000286E-03	-0.900000310E-03	 0.219999996E-02	  1258.40417    
    1781	-0.300000262E-03	-0.270000045E-02	 0.219999996E-02	  1258.40424    
    1780	-0.300000262E-03	-0.300000048E-02	 0.219999996E-02	  1258.40424    
    1798	-0.300000262E-03	-0.240000043E-02	 0.219999996E-02	  1258.40423    
    1809	-0.300000262E-03	-0.210000040E-02	 0.219999996E-02	  1258.40422    
    1820	-0.300000262E-03	-0.180000038E-02	 0.219999996E-02	  1258.40420    
    1831	-0.300000262E-03	-0.150000036E-02	 0.219999996E-02	  1258.40419    
    1842	-0.300000262E-03	-0.120000033E-02	 0.219999996E-02	  1258.40417    
    1853	-0.300000262E-03	-0.900000310E-03	 0.219999996E-02	  1258.40416    
    2012	-0.238418579E-09	-0.270000045E-02	 0.219999996E-02	  1258.40424    
    2011	-0.238418579E-09	-0.300000048E-02	 0.219999996E-02	  1258.40424    
    2029	-0.238418579E-09	-0.240000043E-02	 0.219999996E-02	  1258.40423    
    2040	-0.238418579E-09	-0.210000040E-02	 0.219999996E-02	  1258.40421    
    2051	-0.238418579E-09	-0.180000038E-02	 0.219999996E-02	  1258.40420    
    2062	-0.238418579E-09	-0.150000036E-02	 0.219999996E-02	  1258.40418    
    2073	-0.238418579E-09	-0.120000033E-02	 0.219999996E-02	  1258.40417    
    2084	-0.238418579E-09	-0.900000310E-03	 0.219999996E-02	  1258.40416    
    1864	-0.300000262E-03	-0.600000286E-03	 0.219999996E-02	  1258.40415    
    2095	-0.238418579E-09	-0.600000286E-03	 0.219999996E-02	  1258.40415    
    2243	 0.299999785E-03	-0.270000045E-02	 0.219999996E-02	  1258.40424    
    2242	 0.299999785E-03	-0.300000048E-02	 0.219999996E-02	  1258.40424    
    2260	 0.299999785E-03	-0.240000043E-02	 0.219999996E-02	  1258.40423    
    2271	 0.299999785E-03	-0.210000040E-02	 0.219999996E-02	  1258.40422    
    2282	 0.299999785E-03	-0.180000038E-02	 0.219999996E-02	  1258.40420    
    2293	 0.299999785E-03	-0.150000036E-02	 0.219999996E-02	  1258.40419    
    2304	 0.299999785E-03	-0.120000033E-02	 0.219999996E-02	  1258.40417    
    2315	 0.299999785E-03	-0.900000310E-03	 0.219999996E-02	  1258.40416    
    2326	 0.299999785E-03	-0.600000286E-03	 0.219999996E-02	  1258.40415    
    2474	 0.599999809E-03	-0.270000045E-02	 0.219999996E-02	  1258.40425    
    2473	 0.599999809E-03	-0.300000048E-02	 0.219999996E-02	  1258.40426    
    2491	 0.599999809E-03	-0.240000043E-02	 0.219999996E-02	  1258.40424    
    2502	 0.599999809E-03	-0.210000040E-02	 0.219999996E-02	  1258.40423    
    2513	 0.599999809E-03	-0.180000038E-02	 0.219999996E-02	  1258.40421    
    2524	 0.599999809E-03	-0.150000036E-02	 0.219999996E-02	  1258.40419    
    2535	 0.599999809E-03	-0.120000033E-02	 0.219999996E-02	  1258.40418    
    2546	 0.599999809E-03	-0.900000310E-03	 0.219999996E-02	  1258.40417    
    2557	 0.599999809E-03	-0.600000286E-03	 0.219999996E-02	  1258.40416    
    2705	 0.899999833E-03	-0.270000045E-02	 0.219999996E-02	  1258.40427    
    2704	 0.899999833E-03	-0.300000048E-02	 0.219999996E-02	  1258.40427    
    2722	 0.899999833E-03	-0.240000043E-02	 0.219999996E-02	  1258.40426    
    2733	 0.899999833E-03	-0.210000040E-02	 0.219999996E-02	  1258.40424    
    2744	 0.899999833E-03	-0.180000038E-02	 0.219999996E-02	  1258.40422    
    2755	 0.899999833E-03	-0.150000036E-02	 0.219999996E-02	  1258.40421    
    2766	 0.899999833E-03	-0.120000033E-02	 0.219999996E-02	  1258.40419    
    2777	 0.899999833E-03	-0.900000310E-03	 0.219999996E-02	  1258.40418    
    2788	 0.899999833E-03	-0.600000286E-03	 0.219999996E-02	  1258.40417    
    2936	 0.119999986E-02	-0.270000045E-02	 0.219999996E-02	  1258.40428    
    2935	 0.119999986E-02	-0.300000048E-02	 0.219999996E-02	  1258.40429    
    2953	 0.119999986E-02	-0.240000043E-02	 0.219999996E-02	  1258.40427    
    2964	 0.119999986E-02	-0.210000040E-02	 0.219999996E-02	  1258.40426    
    2975	 0.119999986E-02	-0.180000038E-02	 0.219999996E-02	  1258.40424    
    2986	 0.119999986E-02	-0.150000036E-02	 0.219999996E-02	  1258.40422    
    2997	 0.119999986E-02	-0.120000033E-02	 0.219999996E-02	  1258.40420    
    3008	 0.119999986E-02	-0.900000310E-03	 0.219999996E-02	  1258.40419    
    3019	 0.119999986E-02	-0.600000286E-03	 0.219999996E-02	  1258.40418    
    3167	 0.149999988E-02	-0.270000045E-02	 0.219999996E-02	  1258.40429    
    3166	 0.149999988E-02	-0.300000048E-02	 0.219999996E-02	  1258.40429    
    3184	 0.149999988E-02	-0.240000043E-02	 0.219999996E-02	  1258.40429    
    3195	 0.149999988E-02	-0.210000040E-02	 0.219999996E-02	  1258.40427    
    3206	 0.149999988E-02	-0.180000038E-02	 0.219999996E-02	  1258.40426    
    3217	 0.149999988E-02	-0.150000036E-02	 0.219999996E-02	  1258.40424    
    3228	 0.149999988E-02	-0.120000033E-02	 0.219999996E-02	  1258.40422    
    3239	 0.149999988E-02	-0.900000310E-03	 0.219999996E-02	  1258.40421    
    3250	 0.149999988E-02	-0.600000286E-03	 0.219999996E-02	  1258.40419    
    3398	 0.179999990E-02	-0.240000043E-02	 0.219999996E-02	  1258.40429    
    3397	 0.179999990E-02	-0.270000045E-02	 0.219999996E-02	  1258.40429    
    3415	 0.179999990E-02	-0.210000040E-02	 0.219999996E-02	  1258.40429    
    3426	 0.179999990E-02	-0.180000038E-02	 0.219999996E-02	  1258.40427    
    3437	 0.179999990E-02	-0.150000036E-02	 0.219999996E-02	  1258.40426    
    3448	 0.179999990E-02	-0.120000033E-02	 0.219999996E-02	  1258.40424    
    3459	 0.179999990E-02	-0.900000310E-03	 0.219999996E-02	  1258.40422    
    3470	 0.179999990E-02	-0.600000286E-03	 0.219999996E-02	  1258.40421    
    3607	 0.209999993E-02	-0.210000040E-02	 0.219999996E-02	  1258.40430    
    3606	 0.209999993E-02	-0.240000043E-02	 0.219999996E-02	  1258.40430    
    3624	 0.209999993E-02	-0.180000038E-02	 0.219999996E-02	  1258.40429    
    3635	 0.209999993E-02	-0.150000036E-02	 0.219999996E-02	  1258.40427    
    3646	 0.209999993E-02	-0.120000033E-02	 0.219999996E-02	  1258.40426    
    3657	 0.209999993E-02	-0.900000310E-03	 0.219999996E-02	  1258.40424    
    3668	 0.209999993E-02	-0.600000286E-03	 0.219999996E-02	  1258.40423    
    3794	 0.239999995E-02	-0.210000040E-02	 0.219999996E-02	  1258.40430    
    3793	 0.239999995E-02	-0.240000043E-02	 0.219999996E-02	  1258.40430    
    3811	 0.239999995E-02	-0.180000038E-02	 0.219999996E-02	  1258.40429    
    3822	 0.239999995E-02	-0.150000036E-02	 0.219999996E-02	  1258.40429    
    3833	 0.239999995E-02	-0.120000033E-02	 0.219999996E-02	  1258.40427    
    3844	 0.239999995E-02	-0.900000310E-03	 0.219999996E-02	  1258.40426    
    3855	 0.239999995E-02	-0.600000286E-03	 0.219999996E-02	  1258.40424    
    3981	 0.269999998E-02	-0.150000036E-02	 0.219999996E-02	  1258.40429    
    3980	 0.269999998E-02	-0.180000038E-02	 0.219999996E-02	  1258.40429    
    3998	 0.269999998E-02	-0.120000033E-02	 0.219999996E-02	  1258.40428    
    4009	 0.269999998E-02	-0.900000310E-03	 0.219999996E-02	  1258.40427    
    4020	 0.269999998E-02	-0.600000286E-03	 0.219999996E-02	  1258.40425    
    4124	 0.300000000E-02	-0.120000033E-02	 0.219999996E-02	  1258.40429    
    4123	 0.300000000E-02	-0.150000036E-02	 0.219999996E-02	  1258.40429    
    4141	 0.300000000E-02	-0.900000310E-03	 0.219999996E-02	  1258.40427    
    4152	 0.300000000E-02	-0.600000286E-03	 0.219999996E-02	  1258.40426    
      18	-0.300000048E-02	-0.120000033E-02	 0.219999996E-02	  1258.40429    
      17	-0.300000048E-02	-0.150000036E-02	 0.219999996E-02	  1258.40429    
      20	-0.270000045E-02	-0.120000033E-02	 0.219999996E-02	  1258.40428    
     280	-0.240000043E-02	-0.120000033E-02	 0.219999996E-02	  1258.40427    
     478	-0.210000040E-02	-0.120000033E-02	 0.219999996E-02	  1258.40426    
     687	-0.180000038E-02	-0.120000033E-02	 0.219999996E-02	  1258.40424    
     896	-0.150000036E-02	-0.120000033E-02	 0.219999996E-02	  1258.40422    
      53	-0.300000048E-02	-0.900000310E-03	 0.219999996E-02	  1258.40427    
      54	-0.270000045E-02	-0.900000310E-03	 0.219999996E-02	  1258.40427    
     291	-0.240000043E-02	-0.900000310E-03	 0.219999996E-02	  1258.40426    
     489	-0.210000040E-02	-0.900000310E-03	 0.219999996E-02	  1258.40424    
     698	-0.180000038E-02	-0.900000310E-03	 0.219999996E-02	  1258.40422    
     907	-0.150000036E-02	-0.900000310E-03	 0.219999996E-02	  1258.40421    
    1149	-0.120000033E-02	-0.900000310E-03	 0.219999996E-02	  1258.40419    
      75	-0.300000048E-02	-0.600000286E-03	 0.219999996E-02	  1258.40426    
      76	-0.270000045E-02	-0.600000286E-03	 0.219999996E-02	  1258.40425    
     302	-0.240000043E-02	-0.600000286E-03	 0.219999996E-02	  1258.40424    
     500	-0.210000040E-02	-0.600000286E-03	 0.219999996E-02	  1258.40423    
     709	-0.180000038E-02	-0.600000286E-03	 0.219999996E-02	  1258.40421    
     918	-0.150000036E-02	-0.600000286E-03	 0.219999996E-02	  1258.40419    
    1160	-0.120000033E-02	-0.600000286E-03	 0.219999996E-02	  1258.40418    
    1402	-0.900000310E-03	-0.600000286E-03	 0.219999996E-02	  1258.40417    
    1633	-0.600000286E-03	-0.600000286E-03	 0.219999996E-02	  1258.40416    
      97	-0.300000048E-02	-0.300000262E-03	 0.219999996E-02	  1258.40424    
      98	-0.270000045E-02	-0.300000262E-03	 0.219999996E-02	  1258.40424    
     313	-0.240000043E-02	-0.300000262E-03	 0.219999996E-02	  1258.40423    
     511	-0.210000040E-02	-0.300000262E-03	 0.219999996E-02	  1258.40422    
     720	-0.180000038E-02	-0.300000262E-03	 0.219999996E-02	  1258.40420    
     929	-0.150000036E-02	-0.300000262E-03	 0.219999996E-02	  1258.40419    
    1171	-0.120000033E-02	-0.300000262E-03	 0.219999996E-02	  1258.40417    
    1413	-0.900000310E-03	-0.300000262E-03	 0.219999996E-02	  1258.40416    
    1644	-0.600000286E-03	-0.300000262E-03	 0.219999996E-02	  1258.40415    
    1875	-0.300000262E-03	-0.300000262E-03	 0.219999996E-02	  1258.40415    
    2106	-0.238418579E-09	-0.300000262E-03	 0.219999996E-02	  1258.40415    
     119	-0.300000048E-02	-0.238418579E-09	 0.219999996E-02	  1258.40424    
     120	-0.270000045E-02	-0.238418579E-09	 0.219999996E-02	  1258.40424    
     324	-0.240000043E-02	-0.238418579E-09	 0.219999996E-02	  1258.40423    
     522	-0.210000040E-02	-0.238418579E-09	 0.219999996E-02	  1258.40421    
     731	-0.180000038E-02	-0.238418579E-09	 0.219999996E-02	  1258.40420    
     940	-0.150000036E-02	-0.238418579E-09	 0.219999996E-02	  1258.40418    
    1182	-0.120000033E-02	-0.238418579E-09	 0.219999996E-02	  1258.40417    
    1424	-0.900000310E-03	-0.238418579E-09	 0.219999996E-02	  1258.40416    
    1655	-0.600000286E-03	-0.238418579E-09	 0.219999996E-02	  1258.40415    
    1886	-0.300000262E-03	-0.238418579E-09	 0.219999996E-02	  1258.40415    
    2117	-0.238418579E-09	-0.238418579E-09	 0.219999996E-02	  1258.40414    
     141	-0.300000048E-02	 0.299999785E-03	 0.219999996E-02	  1258.40424    
     142	-0.270000045E-02	 0.299999785E-03	 0.219999996E-02	  1258.40424    
     335	-0.240000043E-02	 0.299999785E-03	 0.219999996E-02	  1258.40423    
     533	-0.210000040E-02	 0.299999785E-03	 0.219999996E-02	  1258.40422    
     742	-0.180000038E-02	 0.299999785E-03	 0.219999996E-02	  1258.40420    
     951	-0.150000036E-02	 0.299999785E-03	 0.219999996E-02	  1258.40419    
    1193	-0.120000033E-02	 0.299999785E-03	 0.219999996E-02	  1258.40417    
    1435	-0.900000310E-03	 0.299999785E-03	 0.219999996E-02	  1258.40416    
    1666	-0.600000286E-03	 0.299999785E-03	 0.219999996E-02	  1258.40415    
    1897	-0.300000262E-03	 0.299999785E-03	 0.219999996E-02	  1258.40415    
    2128	-0.238418579E-09	 0.299999785E-03	 0.219999996E-02	  1258.40415    
     163	-0.300000048E-02	 0.599999809E-03	 0.219999996E-02	  1258.40426    
     164	-0.270000045E-02	 0.599999809E-03	 0.219999996E-02	  1258.40425    
     346	-0.240000043E-02	 0.599999809E-03	 0.219999996E-02	  1258.40424    
     544	-0.210000040E-02	 0.599999809E-03	 0.219999996E-02	  1258.40423    
     753	-0.180000038E-02	 0.599999809E-03	 0.219999996E-02	  1258.40421    
     962	-0.150000036E-02	 0.599999809E-03	 0.219999996E-02	  1258.40419    
    1204	-0.120000033E-02	 0.599999809E-03	 0.219999996E-02	  1258.40418    
    1446	-0.900000310E-03	 0.599999809E-03	 0.219999996E-02	  1258.40417    
    1677	-0.600000286E-03	 0.599999809E-03	 0.219999996E-02	  1258.40416    
    1908	-0.300000262E-03	 0.599999809E-03	 0.219999996E-02	  1258.40415    
    2139	-0.238418579E-09	 0.599999809E-03	 0.219999996E-02	  1258.40415    
     185	-0.300000048E-02	 0.899999833E-03	 0.219999996E-02	  1258.40427    
     186	-0.270000045E-02	 0.899999833E-03	 0.219999996E-02	  1258.40427    
     357	-0.240000043E-02	 0.899999833E-03	 0.219999996E-02	  1258.40426    
     555	-0.210000040E-02	 0.899999833E-03	 0.219999996E-02	  1258.40424    
     764	-0.180000038E-02	 0.899999833E-03	 0.219999996E-02	  1258.40422    
     973	-0.150000036E-02	 0.899999833E-03	 0.219999996E-02	  1258.40421    
    1215	-0.120000033E-02	 0.899999833E-03	 0.219999996E-02	  1258.40419    
    1457	-0.900000310E-03	 0.899999833E-03	 0.219999996E-02	  1258.40418    
    1688	-0.600000286E-03	 0.899999833E-03	 0.219999996E-02	  1258.40417    
    1919	-0.300000262E-03	 0.899999833E-03	 0.219999996E-02	  1258.40416    
     207	-0.300000048E-02	 0.119999986E-02	 0.219999996E-02	  1258.40429    
     208	-0.270000045E-02	 0.119999986E-02	 0.219999996E-02	  1258.40428    
     368	-0.240000043E-02	 0.119999986E-02	 0.219999996E-02	  1258.40427    
     566	-0.210000040E-02	 0.119999986E-02	 0.219999996E-02	  1258.40426    
     775	-0.180000038E-02	 0.119999986E-02	 0.219999996E-02	  1258.40424    
     984	-0.150000036E-02	 0.119999986E-02	 0.219999996E-02	  1258.40422    
    1226	-0.120000033E-02	 0.119999986E-02	 0.219999996E-02	  1258.40420    
    1468	-0.900000310E-03	 0.119999986E-02	 0.219999996E-02	  1258.40419    
    1699	-0.600000286E-03	 0.119999986E-02	 0.219999996E-02	  1258.40418    
    1930	-0.300000262E-03	 0.119999986E-02	 0.219999996E-02	  1258.40417    
     229	-0.300000048E-02	 0.149999988E-02	 0.219999996E-02	  1258.40429    
     230	-0.270000045E-02	 0.149999988E-02	 0.219999996E-02	  1258.40429    
     379	-0.240000043E-02	 0.149999988E-02	 0.219999996E-02	  1258.40429    
     577	-0.210000040E-02	 0.149999988E-02	 0.219999996E-02	  1258.40427    
     786	-0.180000038E-02	 0.149999988E-02	 0.219999996E-02	  1258.40426    
     995	-0.150000036E-02	 0.149999988E-02	 0.219999996E-02	  1258.40424    
    1237	-0.120000033E-02	 0.149999988E-02	 0.219999996E-02	  1258.40422    
    1479	-0.900000310E-03	 0.149999988E-02	 0.219999996E-02	  1258.40421    
    1710	-0.600000286E-03	 0.149999988E-02	 0.219999996E-02	  1258.40419    
    1941	-0.300000262E-03	 0.149999988E-02	 0.219999996E-02	  1258.40419    
     394	-0.270000045E-02	 0.179999990E-02	 0.219999996E-02	  1258.40429    
     395	-0.240000043E-02	 0.179999990E-02	 0.219999996E-02	  1258.40429    
     588	-0.210000040E-02	 0.179999990E-02	 0.219999996E-02	  1258.40429    
     797	-0.180000038E-02	 0.179999990E-02	 0.219999996E-02	  1258.40427    
    1006	-0.150000036E-02	 0.179999990E-02	 0.219999996E-02	  1258.40426    
    1248	-0.120000033E-02	 0.179999990E-02	 0.219999996E-02	  1258.40424    
    1490	-0.900000310E-03	 0.179999990E-02	 0.219999996E-02	  1258.40422    
    1721	-0.600000286E-03	 0.179999990E-02	 0.219999996E-02	  1258.40421    
    1952	-0.300000262E-03	 0.179999990E-02	 0.219999996E-02	  1258.40420    
     603	-0.240000043E-02	 0.209999993E-02	 0.219999996E-02	  1258.40430    
     604	-0.210000040E-02	 0.209999993E-02	 0.219999996E-02	  1258.40430    
     808	-0.180000038E-02	 0.209999993E-02	 0.219999996E-02	  1258.40429    
    1017	-0.150000036E-02	 0.209999993E-02	 0.219999996E-02	  1258.40427    
    1259	-0.120000033E-02	 0.209999993E-02	 0.219999996E-02	  1258.40426    
    1501	-0.900000310E-03	 0.209999993E-02	 0.219999996E-02	  1258.40424    
    1732	-0.600000286E-03	 0.209999993E-02	 0.219999996E-02	  1258.40423    
    1963	-0.300000262E-03	 0.209999993E-02	 0.219999996E-02	  1258.40422    
     625	-0.240000043E-02	 0.239999995E-02	 0.219999996E-02	  1258.40430    
     626	-0.210000040E-02	 0.239999995E-02	 0.219999996E-02	  1258.40430    
     819	-0.180000038E-02	 0.239999995E-02	 0.219999996E-02	  1258.40429    
    1028	-0.150000036E-02	 0.239999995E-02	 0.219999996E-02	  1258.40429    
    1270	-0.120000033E-02	 0.239999995E-02	 0.219999996E-02	  1258.40427    
    1512	-0.900000310E-03	 0.239999995E-02	 0.219999996E-02	  1258.40426    
    1743	-0.600000286E-03	 0.239999995E-02	 0.219999996E-02	  1258.40424    
    1043	-0.180000038E-02	 0.269999998E-02	 0.219999996E-02	  1258.40429    
    1044	-0.150000036E-02	 0.269999998E-02	 0.219999996E-02	  1258.40429    
    1281	-0.120000033E-02	 0.269999998E-02	 0.219999996E-02	  1258.40428    
    1523	-0.900000310E-03	 0.269999998E-02	 0.219999996E-02	  1258.40427    
    1754	-0.600000286E-03	 0.269999998E-02	 0.219999996E-02	  1258.40425    
    1296	-0.150000036E-02	 0.300000000E-02	 0.219999996E-02	  1258.40429    
    1297	-0.120000033E-02	 0.300000000E-02	 0.219999996E-02	  1258.40429    
    1534	-0.900000310E-03	 0.300000000E-02	 0.219999996E-02	  1258.40427    
    1765	-0.600000286E-03	 0.300000000E-02	 0.219999996E-02	  1258.40426    
    1974	-0.300000262E-03	 0.239999995E-02	 0.219999996E-02	  1258.40423    
    1985	-0.300000262E-03	 0.269999998E-02	 0.219999996E-02	  1258.40424    
    1996	-0.300000262E-03	 0.300000000E-02	 0.219999996E-02	  1258.40424    
    2150	-0.238418579E-09	 0.899999833E-03	 0.219999996E-02	  1258.40416    
    2161	-0.238418579E-09	 0.119999986E-02	 0.219999996E-02	  1258.40417    
    2172	-0.238418579E-09	 0.149999988E-02	 0.219999996E-02	  1258.40418    
    2183	-0.238418579E-09	 0.179999990E-02	 0.219999996E-02	  1258.40420    
    2194	-0.238418579E-09	 0.209999993E-02	 0.219999996E-02	  1258.40421    
    2205	-0.238418579E-09	 0.239999995E-02	 0.219999996E-02	  1258.40423    
    2216	-0.238418579E-09	 0.269999998E-02	 0.219999996E-02	  1258.40424    
    2227	-0.238418579E-09	 0.300000000E-02	 0.219999996E-02	  1258.40424    
    2337	 0.299999785E-03	-0.300000262E-03	 0.219999996E-02	  1258.40415    
    2348	 0.299999785E-03	-0.238418579E-09	 0.219999996E-02	  1258.40415    
    2359	 0.299999785E-03	 0.299999785E-03	 0.219999996E-02	  1258.40415    
    2370	 0.299999785E-03	 0.599999809E-03	 0.219999996E-02	  1258.40415    
    2381	 0.299999785E-03	 0.899999833E-03	 0.219999996E-02	  1258.40416    
    2392	 0.299999785E-03	 0.119999986E-02	 0.219999996E-02	  1258.40417    
    2403	 0.299999785E-03	 0.149999988E-02	 0.219999996E-02	  1258.40419    
    2414	 0.299999785E-03	 0.179999990E-02	 0.219999996E-02	  1258.40420    
    2425	 0.299999785E-03	 0.209999993E-02	 0.219999996E-02	  1258.40422    
    2436	 0.299999785E-03	 0.239999995E-02	 0.219999996E-02	  1258.40423    
    2447	 0.299999785E-03	 0.269999998E-02	 0.219999996E-02	  1258.40424    
    2458	 0.299999785E-03	 0.300000000E-02	 0.219999996E-02	  1258.40424    
    2568	 0.599999809E-03	-0.300000262E-03	 0.219999996E-02	  1258.40415    
    2579	 0.599999809E-03	-0.238418579E-09	 0.219999996E-02	  1258.40415    
    2590	 0.599999809E-03	 0.299999785E-03	 0.219999996E-02	  1258.40415    
    2601	 0.599999809E-03	 0.599999809E-03	 0.219999996E-02	  1258.40416    
    2612	 0.599999809E-03	 0.899999833E-03	 0.219999996E-02	  1258.40417    
    2623	 0.599999809E-03	 0.119999986E-02	 0.219999996E-02	  1258.40418    
    2634	 0.599999809E-03	 0.149999988E-02	 0.219999996E-02	  1258.40419    
    2645	 0.599999809E-03	 0.179999990E-02	 0.219999996E-02	  1258.40421    
    2656	 0.599999809E-03	 0.209999993E-02	 0.219999996E-02	  1258.40423    
    2667	 0.599999809E-03	 0.239999995E-02	 0.219999996E-02	  1258.40424    
    2678	 0.599999809E-03	 0.269999998E-02	 0.219999996E-02	  1258.40425    
    2689	 0.599999809E-03	 0.300000000E-02	 0.219999996E-02	  1258.40426    
    2799	 0.899999833E-03	-0.300000262E-03	 0.219999996E-02	  1258.40416    
    2810	 0.899999833E-03	-0.238418579E-09	 0.219999996E-02	  1258.40416    
    2821	 0.899999833E-03	 0.299999785E-03	 0.219999996E-02	  1258.40416    
    2832	 0.899999833E-03	 0.599999809E-03	 0.219999996E-02	  1258.40417    
    2843	 0.899999833E-03	 0.899999833E-03	 0.219999996E-02	  1258.40418    
    2854	 0.899999833E-03	 0.119999986E-02	 0.219999996E-02	  1258.40419    
    2865	 0.899999833E-03	 0.149999988E-02	 0.219999996E-02	  1258.40421    
    2876	 0.899999833E-03	 0.179999990E-02	 0.219999996E-02	  1258.40422    
    2887	 0.899999833E-03	 0.209999993E-02	 0.219999996E-02	  1258.40424    
    2898	 0.899999833E-03	 0.239999995E-02	 0.219999996E-02	  1258.40426    
    2909	 0.899999833E-03	 0.269999998E-02	 0.219999996E-02	  1258.40427    
    2920	 0.899999833E-03	 0.300000000E-02	 0.219999996E-02	  1258.40427    
    3030	 0.119999986E-02	-0.300000262E-03	 0.219999996E-02	  1258.40417    
    3041	 0.119999986E-02	-0.238418579E-09	 0.219999996E-02	  1258.40417    
    3052	 0.119999986E-02	 0.299999785E-03	 0.219999996E-02	  1258.40417    
    3063	 0.119999986E-02	 0.599999809E-03	 0.219999996E-02	  1258.40418    
    3074	 0.119999986E-02	 0.899999833E-03	 0.219999996E-02	  1258.40419    
    3085	 0.119999986E-02	 0.119999986E-02	 0.219999996E-02	  1258.40420    
    3096	 0.119999986E-02	 0.149999988E-02	 0.219999996E-02	  1258.40422    
    3107	 0.119999986E-02	 0.179999990E-02	 0.219999996E-02	  1258.40424    
    3118	 0.119999986E-02	 0.209999993E-02	 0.219999996E-02	  1258.40426    
    3129	 0.119999986E-02	 0.239999995E-02	 0.219999996E-02	  1258.40427    
    3140	 0.119999986E-02	 0.269999998E-02	 0.219999996E-02	  1258.40428    
    3151	 0.119999986E-02	 0.300000000E-02	 0.219999996E-02	  1258.40429    
    3261	 0.149999988E-02	-0.300000262E-03	 0.219999996E-02	  1258.40419    
    3272	 0.149999988E-02	-0.238418579E-09	 0.219999996E-02	  1258.40418    
    3283	 0.149999988E-02	 0.299999785E-03	 0.219999996E-02	  1258.40419    
    3294	 0.149999988E-02	 0.599999809E-03	 0.219999996E-02	  1258.40419    
    3305	 0.149999988E-02	 0.899999833E-03	 0.219999996E-02	  1258.40421    
    3316	 0.149999988E-02	 0.119999986E-02	 0.219999996E-02	  1258.40422    
    3327	 0.149999988E-02	 0.149999988E-02	 0.219999996E-02	  1258.40424    
    3338	 0.149999988E-02	 0.179999990E-02	 0.219999996E-02	  1258.40426    
    3349	 0.149999988E-02	 0.209999993E-02	 0.219999996E-02	  1258.40427    
    3360	 0.149999988E-02	 0.239999995E-02	 0.219999996E-02	  1258.40429    
    3371	 0.149999988E-02	 0.269999998E-02	 0.219999996E-02	  1258.40429    
    3382	 0.149999988E-02	 0.300000000E-02	 0.219999996E-02	  1258.40429    
    3481	 0.179999990E-02	-0.300000262E-03	 0.219999996E-02	  1258.40420    
    3492	 0.179999990E-02	-0.238418579E-09	 0.219999996E-02	  1258.40420    
    3503	 0.179999990E-02	 0.299999785E-03	 0.219999996E-02	  1258.40420    
    3514	 0.179999990E-02	 0.599999809E-03	 0.219999996E-02	  1258.40421    
    3525	 0.179999990E-02	 0.899999833E-03	 0.219999996E-02	  1258.40422    
    3536	 0.179999990E-02	 0.119999986E-02	 0.219999996E-02	  1258.40424    
    3547	 0.179999990E-02	 0.149999988E-02	 0.219999996E-02	  1258.40426    
    3558	 0.179999990E-02	 0.179999990E-02	 0.219999996E-02	  1258.40427    
    3569	 0.179999990E-02	 0.209999993E-02	 0.219999996E-02	  1258.40429    
    3580	 0.179999990E-02	 0.239999995E-02	 0.219999996E-02	  1258.40429    
    3591	 0.179999990E-02	 0.269999998E-02	 0.219999996E-02	  1258.40429    
    3679	 0.209999993E-02	-0.300000262E-03	 0.219999996E-02	  1258.40422    
    3690	 0.209999993E-02	-0.238418579E-09	 0.219999996E-02	  1258.40421    
    3701	 0.209999993E-02	 0.299999785E-03	 0.219999996E-02	  1258.40422    
    3712	 0.209999993E-02	 0.599999809E-03	 0.219999996E-02	  1258.40423    
    3723	 0.209999993E-02	 0.899999833E-03	 0.219999996E-02	  1258.40424    
    3734	 0.209999993E-02	 0.119999986E-02	 0.219999996E-02	  1258.40426    
    3745	 0.209999993E-02	 0.149999988E-02	 0.219999996E-02	  1258.40427    
    3756	 0.209999993E-02	 0.179999990E-02	 0.219999996E-02	  1258.40429    
    3767	 0.209999993E-02	 0.209999993E-02	 0.219999996E-02	  1258.40430    
    3778	 0.209999993E-02	 0.239999995E-02	 0.219999996E-02	  1258.40430    
    3866	 0.239999995E-02	-0.300000262E-03	 0.219999996E-02	  1258.40423    
    3877	 0.239999995E-02	-0.238418579E-09	 0.219999996E-02	  1258.40423    
    3888	 0.239999995E-02	 0.299999785E-03	 0.219999996E-02	  1258.40423    
    3899	 0.239999995E-02	 0.599999809E-03	 0.219999996E-02	  1258.40424    
    3910	 0.239999995E-02	 0.899999833E-03	 0.219999996E-02	  1258.40426    
    3921	 0.239999995E-02	 0.119999986E-02	 0.219999996E-02	  1258.40427    
    3932	 0.239999995E-02	 0.149999988E-02	 0.219999996E-02	  1258.40429    
    3943	 0.239999995E-02	 0.179999990E-02	 0.219999996E-02	  1258.40429    
    3954	 0.239999995E-02	 0.209999993E-02	 0.219999996E-02	  1258.40430    
    3965	 0.239999995E-02	 0.239999995E-02	 0.219999996E-02	  1258.40430    
    4031	 0.269999998E-02	-0.300000262E-03	 0.219999996E-02	  1258.40424    
    4042	 0.269999998E-02	-0.238418579E-09	 0.219999996E-02	  1258.40424    
    4053	 0.269999998E-02	 0.299999785E-03	 0.219999996E-02	  1258.40424    
    4064	 0.269999998E-02	 0.599999809E-03	 0.219999996E-02	  1258.40425    
    4075	 0.269999998E-02	 0.899999833E-03	 0.219999996E-02	  1258.40427    
    4086	 0.269999998E-02	 0.119999986E-02	 0.219999996E-02	  1258.40428    
    4097	 0.269999998E-02	 0.149999988E-02	 0.219999996E-02	  1258.40429    
    4108	 0.269999998E-02	 0.179999990E-02	 0.219999996E-02	  1258.40429    
    4163	 0.300000000E-02	-0.300000262E-03	 0.219999996E-02	  1258.40424    
    4174	 0.300000000E-02	-0.238418579E-09	 0.219999996E-02	  1258.40424    
    4185	 0.300000000E-02	 0.299999785E-03	 0.219999996E-02	  1258.40424    
    4196	 0.300000000E-02	 0.599999809E-03	 0.219999996E-02	  1258.40426    
    4207	 0.300000000E-02	 0.899999833E-03	 0.219999996E-02	  1258.40427    
    4218	 0.300000000E-02	 0.119999986E-02	 0.219999996E-02	  1258.40429    
    4229	 0.300000000E-02	 0.149999988E-02	 0.219999996E-02	  1258.40429    
      23	-0.270000045E-02	-0.150000036E-02	 0.249999997E-02	  1258.86740    
     258	-0.270000045E-02	-0.180000038E-02	 0.249999997E-02	  1258.86740    
     260	-0.240000043E-02	-0.150000036E-02	 0.249999997E-02	  1258.86740    
     259	-0.240000043E-02	-0.180000038E-02	 0.249999997E-02	  1258.86740    
     429	-0.240000043E-02	-0.210000040E-02	 0.249999997E-02	  1258.86740    
     428	-0.240000043E-02	-0.240000043E-02	 0.249999997E-02	  1258.86741    
     431	-0.210000040E-02	-0.210000040E-02	 0.249999997E-02	  1258.86740    
     430	-0.210000040E-02	-0.240000043E-02	 0.249999997E-02	  1258.86740    
     457	-0.210000040E-02	-0.180000038E-02	 0.249999997E-02	  1258.86740    
     468	-0.210000040E-02	-0.150000036E-02	 0.249999997E-02	  1258.86739    
     650	-0.180000038E-02	-0.210000040E-02	 0.249999997E-02	  1258.86740    
     649	-0.180000038E-02	-0.240000043E-02	 0.249999997E-02	  1258.86740    
     666	-0.180000038E-02	-0.180000038E-02	 0.249999997E-02	  1258.86739    
     677	-0.180000038E-02	-0.150000036E-02	 0.249999997E-02	  1258.86739    
     841	-0.180000038E-02	-0.270000045E-02	 0.249999997E-02	  1258.86740    
     843	-0.150000036E-02	-0.240000043E-02	 0.249999997E-02	  1258.86740    
     842	-0.150000036E-02	-0.270000045E-02	 0.249999997E-02	  1258.86740    
     864	-0.150000036E-02	-0.210000040E-02	 0.249999997E-02	  1258.86739    
     875	-0.150000036E-02	-0.180000038E-02	 0.249999997E-02	  1258.86739    
     886	-0.150000036E-02	-0.150000036E-02	 0.249999997E-02	  1258.86738    
    1072	-0.150000036E-02	-0.300000048E-02	 0.249999997E-02	  1258.86740    
    1074	-0.120000033E-02	-0.270000045E-02	 0.249999997E-02	  1258.86740    
    1073	-0.120000033E-02	-0.300000048E-02	 0.249999997E-02	  1258.86740    
    1095	-0.120000033E-02	-0.240000043E-02	 0.249999997E-02	  1258.86739    
    1106	-0.120000033E-02	-0.210000040E-02	 0.249999997E-02	  1258.86739    
    1117	-0.120000033E-02	-0.180000038E-02	 0.249999997E-02	  1258.86738    
    1128	-0.120000033E-02	-0.150000036E-02	 0.249999997E-02	  1258.86738    
    1321	-0.900000310E-03	-0.270000045E-02	 0.249999997E-02	  1258.86739    
    1320	-0.900000310E-03	-0.300000048E-02	 0.249999997E-02	  1258.86739    
    1337	-0.900000310E-03	-0.240000043E-02	 0.249999997E-02	  1258.86739    
    1348	-0.900000310E-03	-0.210000040E-02	 0.249999997E-02	  1258.86738    
    1359	-0.900000310E-03	-0.180000038E-02	 0.249999997E-02	  1258.86738    
    1370	-0.900000310E-03	-0.150000036E-02	 0.249999997E-02	  1258.86737    
    1139	-0.120000033E-02	-0.120000033E-02	 0.249999997E-02	  1258.86737    
    1381	-0.900000310E-03	-0.120000033E-02	 0.249999997E-02	  1258.86736    
    1552	-0.600000286E-03	-0.270000045E-02	 0.249999997E-02	  1258.86739    
    1551	-0.600000286E-03	-0.300000048E-02	 0.249999997E-02	  1258.86739    
    1568	-0.600000286E-03	-0.240000043E-02	 0.249999997E-02	  1258.86738    
    1579	-0.600000286E-03	-0.210000040E-02	 0.249999997E-02	  1258.86738    
    1590	-0.600000286E-03	-0.180000038E-02	 0.249999997E-02	  1258.86737    
    1601	-0.600000286E-03	-0.150000036E-02	 0.249999997E-02	  1258.86736    
    1612	-0.600000286E-03	-0.120000033E-02	 0.249999997E-02	  1258.86736    
    1392	-0.900000310E-03	-0.900000310E-03	 0.249999997E-02	  1258.86736    
    1623	-0.600000286E-03	-0.900000310E-03	 0.249999997E-02	  1258.86735    
    1783	-0.300000262E-03	-0.270000045E-02	 0.249999997E-02	  1258.86738    
    1782	-0.300000262E-03	-0.300000048E-02	 0.249999997E-02	  1258.86738    
    1799	-0.300000262E-03	-0.240000043E-02	 0.249999997E-02	  1258.86738    
    1810	-0.300000262E-03	-0.210000040E-02	 0.249999997E-02	  1258.86737    
    1821	-0.300000262E-03	-0.180000038E-02	 0.249999997E-02	  1258.86737    
    1832	-0.300000262E-03	-0.150000036E-02	 0.249999997E-02	  1258.86736    
    1843	-0.300000262E-03	-0.120000033E-02	 0.249999997E-02	  1258.86736    
    1854	-0.300000262E-03	-0.900000310E-03	 0.249999997E-02	  1258.86735    
    2014	-0.238418579E-09	-0.270000045E-02	 0.249999997E-02	  1258.86738    
    2013	-0.238418579E-09	-0.300000048E-02	 0.249999997E-02	  1258.86738    
    2030	-0.238418579E-09	-0.240000043E-02	 0.249999997E-02	  1258.86738    
    2041	-0.238418579E-09	-0.210000040E-02	 0.249999997E-02	  1258.86737    
    2052	-0.238418579E-09	-0.180000038E-02	 0.249999997E-02	  1258.86737    
    2063	-0.238418579E-09	-0.150000036E-02	 0.249999997E-02	  1258.86736    
    2074	-0.238418579E-09	-0.120000033E-02	 0.249999997E-02	  1258.86735    
    2085	-0.238418579E-09	-0.900000310E-03	 0.249999997E-02	  1258.86735    
    1865	-0.300000262E-03	-0.600000286E-03	 0.249999997E-02	  1258.86735    
    2096	-0.238418579E-09	-0.600000286E-03	 0.249999997E-02	  1258.86735    
    2245	 0.299999785E-03	-0.270000045E-02	 0.249999997E-02	  1258.86738    
    2244	 0.299999785E-03	-0.300000048E-02	 0.249999997E-02	  1258.86738    
    2261	 0.299999785E-03	-0.240000043E-02	 0.249999997E-02	  1258.86738    
    2272	 0.299999785E-03	-0.210000040E-02	 0.249999997E-02	  1258.86737    
    2283	 0.299999785E-03	-0.180000038E-02	 0.249999997E-02	  1258.86737    
    2294	 0.299999785E-03	-0.150000036E-02	 0.249999997E-02	  1258.86736    
    2305	 0.299999785E-03	-0.120000033E-02	 0.249999997E-02	  1258.86736    
    2316	 0.299999785E-03	-0.900000310E-03	 0.249999997E-02	  1258.86735    
    2327	 0.299999785E-03	-0.600000286E-03	 0.249999997E-02	  1258.86735    
    2476	 0.599999809E-03	-0.270000045E-02	 0.249999997E-02	  1258.86739    
    2475	 0.599999809E-03	-0.300000048E-02	 0.249999997E-02	  1258.86739    
    2492	 0.599999809E-03	-0.240000043E-02	 0.249999997E-02	  1258.86738    
    2503	 0.599999809E-03	-0.210000040E-02	 0.249999997E-02	  1258.86738    
    2514	 0.599999809E-03	-0.180000038E-02	 0.249999997E-02	  1258.86737    
    2525	 0.599999809E-03	-0.150000036E-02	 0.249999997E-02	  1258.86736    
    2536	 0.599999809E-03	-0.120000033E-02	 0.249999997E-02	  1258.86736    
    2547	 0.599999809E-03	-0.900000310E-03	 0.249999997E-02	  1258.86735    
    2558	 0.599999809E-03	-0.600000286E-03	 0.249999997E-02	  1258.86735    
    2707	 0.899999833E-03	-0.270000045E-02	 0.249999997E-02	  1258.86739    
    2706	 0.899999833E-03	-0.300000048E-02	 0.249999997E-02	  1258.86739    
    2723	 0.899999833E-03	-0.240000043E-02	 0.249999997E-02	  1258.86739    
    2734	 0.899999833E-03	-0.210000040E-02	 0.249999997E-02	  1258.86738    
    2745	 0.899999833E-03	-0.180000038E-02	 0.249999997E-02	  1258.86738    
    2756	 0.899999833E-03	-0.150000036E-02	 0.249999997E-02	  1258.86737    
    2767	 0.899999833E-03	-0.120000033E-02	 0.249999997E-02	  1258.86736    
    2778	 0.899999833E-03	-0.900000310E-03	 0.249999997E-02	  1258.86736    
    2789	 0.899999833E-03	-0.600000286E-03	 0.249999997E-02	  1258.86735    
    2938	 0.119999986E-02	-0.270000045E-02	 0.249999997E-02	  1258.86740    
    2937	 0.119999986E-02	-0.300000048E-02	 0.249999997E-02	  1258.86740    
    2954	 0.119999986E-02	-0.240000043E-02	 0.249999997E-02	  1258.86739    
    2965	 0.119999986E-02	-0.210000040E-02	 0.249999997E-02	  1258.86739    
    2976	 0.119999986E-02	-0.180000038E-02	 0.249999997E-02	  1258.86738    
    2987	 0.119999986E-02	-0.150000036E-02	 0.249999997E-02	  1258.86738    
    2998	 0.119999986E-02	-0.120000033E-02	 0.249999997E-02	  1258.86737    
    3009	 0.119999986E-02	-0.900000310E-03	 0.249999997E-02	  1258.86736    
    3020	 0.119999986E-02	-0.600000286E-03	 0.249999997E-02	  1258.86736    
    3169	 0.149999988E-02	-0.270000045E-02	 0.249999997E-02	  1258.86740    
    3168	 0.149999988E-02	-0.300000048E-02	 0.249999997E-02	  1258.86740    
    3185	 0.149999988E-02	-0.240000043E-02	 0.249999997E-02	  1258.86740    
    3196	 0.149999988E-02	-0.210000040E-02	 0.249999997E-02	  1258.86739    
    3207	 0.149999988E-02	-0.180000038E-02	 0.249999997E-02	  1258.86739    
    3218	 0.149999988E-02	-0.150000036E-02	 0.249999997E-02	  1258.86738    
    3229	 0.149999988E-02	-0.120000033E-02	 0.249999997E-02	  1258.86738    
    3240	 0.149999988E-02	-0.900000310E-03	 0.249999997E-02	  1258.86737    
    3251	 0.149999988E-02	-0.600000286E-03	 0.249999997E-02	  1258.86736    
    3400	 0.179999990E-02	-0.240000043E-02	 0.249999997E-02	  1258.86740    
    3399	 0.179999990E-02	-0.270000045E-02	 0.249999997E-02	  1258.86740    
    3416	 0.179999990E-02	-0.210000040E-02	 0.249999997E-02	  1258.86740    
    3427	 0.179999990E-02	-0.180000038E-02	 0.249999997E-02	  1258.86739    
    3438	 0.179999990E-02	-0.150000036E-02	 0.249999997E-02	  1258.86739    
    3449	 0.179999990E-02	-0.120000033E-02	 0.249999997E-02	  1258.86738    
    3460	 0.179999990E-02	-0.900000310E-03	 0.249999997E-02	  1258.86738    
    3471	 0.179999990E-02	-0.600000286E-03	 0.249999997E-02	  1258.86737    
    3609	 0.209999993E-02	-0.210000040E-02	 0.249999997E-02	  1258.86740    
    3608	 0.209999993E-02	-0.240000043E-02	 0.249999997E-02	  1258.86740    
    3625	 0.209999993E-02	-0.180000038E-02	 0.249999997E-02	  1258.86740    
    3636	 0.209999993E-02	-0.150000036E-02	 0.249999997E-02	  1258.86739    
    3647	 0.209999993E-02	-0.120000033E-02	 0.249999997E-02	  1258.86739    
    3658	 0.209999993E-02	-0.900000310E-03	 0.249999997E-02	  1258.86738    
    3669	 0.209999993E-02	-0.600000286E-03	 0.249999997E-02	  1258.86738    
    3796	 0.239999995E-02	-0.210000040E-02	 0.249999997E-02	  1258.86740    
    3795	 0.239999995E-02	-0.240000043E-02	 0.249999997E-02	  1258.86741    
    3812	 0.239999995E-02	-0.180000038E-02	 0.249999997E-02	  1258.86740    
    3823	 0.239999995E-02	-0.150000036E-02	 0.249999997E-02	  1258.86740    
    3834	 0.239999995E-02	-0.120000033E-02	 0.249999997E-02	  1258.86739    
    3845	 0.239999995E-02	-0.900000310E-03	 0.249999997E-02	  1258.86739    
    3856	 0.239999995E-02	-0.600000286E-03	 0.249999997E-02	  1258.86738    
    3983	 0.269999998E-02	-0.150000036E-02	 0.249999997E-02	  1258.86740    
    3982	 0.269999998E-02	-0.180000038E-02	 0.249999997E-02	  1258.86740    
    3999	 0.269999998E-02	-0.120000033E-02	 0.249999997E-02	  1258.86740    
    4010	 0.269999998E-02	-0.900000310E-03	 0.249999997E-02	  1258.86739    
    4021	 0.269999998E-02	-0.600000286E-03	 0.249999997E-02	  1258.86739    
    4126	 0.300000000E-02	-0.120000033E-02	 0.249999997E-02	  1258.86740    
    4125	 0.300000000E-02	-0.150000036E-02	 0.249999997E-02	  1258.86740    
    4142	 0.300000000E-02	-0.900000310E-03	 0.249999997E-02	  1258.86739    
    4153	 0.300000000E-02	-0.600000286E-03	 0.249999997E-02	  1258.86739    
      22	-0.300000048E-02	-0.120000033E-02	 0.249999997E-02	  1258.86740    
      21	-0.300000048E-02	-0.150000036E-02	 0.249999997E-02	  1258.86740    
      24	-0.270000045E-02	-0.120000033E-02	 0.249999997E-02	  1258.86740    
     281	-0.240000043E-02	-0.120000033E-02	 0.249999997E-02	  1258.86739    
     479	-0.210000040E-02	-0.120000033E-02	 0.249999997E-02	  1258.86739    
     688	-0.180000038E-02	-0.120000033E-02	 0.249999997E-02	  1258.86738    
     897	-0.150000036E-02	-0.120000033E-02	 0.249999997E-02	  1258.86738    
      55	-0.300000048E-02	-0.900000310E-03	 0.249999997E-02	  1258.86739    
      56	-0.270000045E-02	-0.900000310E-03	 0.249999997E-02	  1258.86739    
     292	-0.240000043E-02	-0.900000310E-03	 0.249999997E-02	  1258.86739    
     490	-0.210000040E-02	-0.900000310E-03	 0.249999997E-02	  1258.86738    
     699	-0.180000038E-02	-0.900000310E-03	 0.249999997E-02	  1258.86738    
     908	-0.150000036E-02	-0.900000310E-03	 0.249999997E-02	  1258.86737    
    1150	-0.120000033E-02	-0.900000310E-03	 0.249999997E-02	  1258.86736    
      77	-0.300000048E-02	-0.600000286E-03	 0.249999997E-02	  1258.86739    
      78	-0.270000045E-02	-0.600000286E-03	 0.249999997E-02	  1258.86739    
     303	-0.240000043E-02	-0.600000286E-03	 0.249999997E-02	  1258.86738    
     501	-0.210000040E-02	-0.600000286E-03	 0.249999997E-02	  1258.86738    
     710	-0.180000038E-02	-0.600000286E-03	 0.249999997E-02	  1258.86737    
     919	-0.150000036E-02	-0.600000286E-03	 0.249999997E-02	  1258.86736    
    1161	-0.120000033E-02	-0.600000286E-03	 0.249999997E-02	  1258.86736    
    1403	-0.900000310E-03	-0.600000286E-03	 0.249999997E-02	  1258.86735    
    1634	-0.600000286E-03	-0.600000286E-03	 0.249999997E-02	  1258.86735    
      99	-0.300000048E-02	-0.300000262E-03	 0.249999997E-02	  1258.86738    
     100	-0.270000045E-02	-0.300000262E-03	 0.249999997E-02	  1258.86738    
     314	-0.240000043E-02	-0.300000262E-03	 0.249999997E-02	  1258.86738    
     512	-0.210000040E-02	-0.300000262E-03	 0.249999997E-02	  1258.86737    
     721	-0.180000038E-02	-0.300000262E-03	 0.249999997E-02	  1258.86737    
     930	-0.150000036E-02	-0.300000262E-03	 0.249999997E-02	  1258.86736    
    1172	-0.120000033E-02	-0.300000262E-03	 0.249999997E-02	  1258.86736    
    1414	-0.900000310E-03	-0.300000262E-03	 0.249999997E-02	  1258.86735    
    1645	-0.600000286E-03	-0.300000262E-03	 0.249999997E-02	  1258.86735    
    1876	-0.300000262E-03	-0.300000262E-03	 0.249999997E-02	  1258.86734    
    2107	-0.238418579E-09	-0.300000262E-03	 0.249999997E-02	  1258.86734    
     121	-0.300000048E-02	-0.238418579E-09	 0.249999997E-02	  1258.86738    
     122	-0.270000045E-02	-0.238418579E-09	 0.249999997E-02	  1258.86738    
     325	-0.240000043E-02	-0.238418579E-09	 0.249999997E-02	  1258.86738    
     523	-0.210000040E-02	-0.238418579E-09	 0.249999997E-02	  1258.86737    
     732	-0.180000038E-02	-0.238418579E-09	 0.249999997E-02	  1258.86737    
     941	-0.150000036E-02	-0.238418579E-09	 0.249999997E-02	  1258.86736    
    1183	-0.120000033E-02	-0.238418579E-09	 0.249999997E-02	  1258.86735    
    1425	-0.900000310E-03	-0.238418579E-09	 0.249999997E-02	  1258.86735    
    1656	-0.600000286E-03	-0.238418579E-09	 0.249999997E-02	  1258.86735    
    1887	-0.300000262E-03	-0.238418579E-09	 0.249999997E-02	  1258.86734    
    2118	-0.238418579E-09	-0.238418579E-09	 0.249999997E-02	  1258.86734    
     143	-0.300000048E-02	 0.299999785E-03	 0.249999997E-02	  1258.86738    
     144	-0.270000045E-02	 0.299999785E-03	 0.249999997E-02	  1258.86738    
     336	-0.240000043E-02	 0.299999785E-03	 0.249999997E-02	  1258.86738    
     534	-0.210000040E-02	 0.299999785E-03	 0.249999997E-02	  1258.86737    
     743	-0.180000038E-02	 0.299999785E-03	 0.249999997E-02	  1258.86737    
     952	-0.150000036E-02	 0.299999785E-03	 0.249999997E-02	  1258.86736    
    1194	-0.120000033E-02	 0.299999785E-03	 0.249999997E-02	  1258.86736    
    1436	-0.900000310E-03	 0.299999785E-03	 0.249999997E-02	  1258.86735    
    1667	-0.600000286E-03	 0.299999785E-03	 0.249999997E-02	  1258.86735    
    1898	-0.300000262E-03	 0.299999785E-03	 0.249999997E-02	  1258.86734    
    2129	-0.238418579E-09	 0.299999785E-03	 0.249999997E-02	  1258.86734    
     165	-0.300000048E-02	 0.599999809E-03	 0.249999997E-02	  1258.86739    
     166	-0.270000045E-02	 0.599999809E-03	 0.249999997E-02	  1258.86739    
     347	-0.240000043E-02	 0.599999809E-03	 0.249999997E-02	  1258.86738    
     545	-0.210000040E-02	 0.599999809E-03	 0.249999997E-02	  1258.86738    
     754	-0.180000038E-02	 0.599999809E-03	 0.249999997E-02	  1258.86737    
     963	-0.150000036E-02	 0.599999809E-03	 0.249999997E-02	  1258.86736    
    1205	-0.120000033E-02	 0.599999809E-03	 0.249999997E-02	  1258.86736    
    1447	-0.900000310E-03	 0.599999809E-03	 0.249999997E-02	  1258.86735    
    1678	-0.600000286E-03	 0.599999809E-03	 0.249999997E-02	  1258.86735    
    1909	-0.300000262E-03	 0.599999809E-03	 0.249999997E-02	  1258.86735    
    2140	-0.238418579E-09	 0.599999809E-03	 0.249999997E-02	  1258.86735    
     187	-0.300000048E-02	 0.899999833E-03	 0.249999997E-02	  1258.86739    
     188	-0.270000045E-02	 0.899999833E-03	 0.249999997E-02	  1258.86739    
     358	-0.240000043E-02	 0.899999833E-03	 0.249999997E-02	  1258.86739    
     556	-0.210000040E-02	 0.899999833E-03	 0.249999997E-02	  1258.86738    
     765	-0.180000038E-02	 0.899999833E-03	 0.249999997E-02	  1258.86738    
     974	-0.150000036E-02	 0.899999833E-03	 0.249999997E-02	  1258.86737    
    1216	-0.120000033E-02	 0.899999833E-03	 0.249999997E-02	  1258.86736    
    1458	-0.900000310E-03	 0.899999833E-03	 0.249999997E-02	  1258.86736    
    1689	-0.600000286E-03	 0.899999833E-03	 0.249999997E-02	  1258.86735    
    1920	-0.300000262E-03	 0.899999833E-03	 0.249999997E-02	  1258.86735    
     209	-0.300000048E-02	 0.119999986E-02	 0.249999997E-02	  1258.86740    
     210	-0.270000045E-02	 0.119999986E-02	 0.249999997E-02	  1258.86740    
     369	-0.240000043E-02	 0.119999986E-02	 0.249999997E-02	  1258.86739    
     567	-0.210000040E-02	 0.119999986E-02	 0.249999997E-02	  1258.86739    
     776	-0.180000038E-02	 0.119999986E-02	 0.249999997E-02	  1258.86738    
     985	-0.150000036E-02	 0.119999986E-02	 0.249999997E-02	  1258.86738    
    1227	-0.120000033E-02	 0.119999986E-02	 0.249999997E-02	  1258.86737    
    1469	-0.900000310E-03	 0.119999986E-02	 0.249999997E-02	  1258.86736    
    1700	-0.600000286E-03	 0.119999986E-02	 0.249999997E-02	  1258.86736    
    1931	-0.300000262E-03	 0.119999986E-02	 0.249999997E-02	  1258.86736    
     231	-0.300000048E-02	 0.149999988E-02	 0.249999997E-02	  1258.86740    
     232	-0.270000045E-02	 0.149999988E-02	 0.249999997E-02	  1258.86740    
     380	-0.240000043E-02	 0.149999988E-02	 0.249999997E-02	  1258.86740    
     578	-0.210000040E-02	 0.149999988E-02	 0.249999997E-02	  1258.86739    
     787	-0.180000038E-02	 0.149999988E-02	 0.249999997E-02	  1258.86739    
     996	-0.150000036E-02	 0.149999988E-02	 0.249999997E-02	  1258.86738    
    1238	-0.120000033E-02	 0.149999988E-02	 0.249999997E-02	  1258.86738    
    1480	-0.900000310E-03	 0.149999988E-02	 0.249999997E-02	  1258.86737    
    1711	-0.600000286E-03	 0.149999988E-02	 0.249999997E-02	  1258.86736    
    1942	-0.300000262E-03	 0.149999988E-02	 0.249999997E-02	  1258.86736    
     396	-0.270000045E-02	 0.179999990E-02	 0.249999997E-02	  1258.86740    
     397	-0.240000043E-02	 0.179999990E-02	 0.249999997E-02	  1258.86740    
     589	-0.210000040E-02	 0.179999990E-02	 0.249999997E-02	  1258.86740    
     798	-0.180000038E-02	 0.179999990E-02	 0.249999997E-02	  1258.86739    
    1007	-0.150000036E-02	 0.179999990E-02	 0.249999997E-02	  1258.86739    
    1249	-0.120000033E-02	 0.179999990E-02	 0.249999997E-02	  1258.86738    
    1491	-0.900000310E-03	 0.179999990E-02	 0.249999997E-02	  1258.86738    
    1722	-0.600000286E-03	 0.179999990E-02	 0.249999997E-02	  1258.86737    
    1953	-0.300000262E-03	 0.179999990E-02	 0.249999997E-02	  1258.86737    
     605	-0.240000043E-02	 0.209999993E-02	 0.249999997E-02	  1258.86740    
     606	-0.210000040E-02	 0.209999993E-02	 0.249999997E-02	  1258.86740    
     809	-0.180000038E-02	 0.209999993E-02	 0.249999997E-02	  1258.86740    
    1018	-0.150000036E-02	 0.209999993E-02	 0.249999997E-02	  1258.86739    
    1260	-0.120000033E-02	 0.209999993E-02	 0.249999997E-02	  1258.86739    
    1502	-0.900000310E-03	 0.209999993E-02	 0.249999997E-02	  1258.86738    
    1733	-0.600000286E-03	 0.209999993E-02	 0.249999997E-02	  1258.86738    
    1964	-0.300000262E-03	 0.209999993E-02	 0.249999997E-02	  1258.86737    
     627	-0.240000043E-02	 0.239999995E-02	 0.249999997E-02	  1258.86741    
     628	-0.210000040E-02	 0.239999995E-02	 0.249999997E-02	  1258.86740    
     820	-0.180000038E-02	 0.239999995E-02	 0.249999997E-02	  1258.86740    
    1029	-0.150000036E-02	 0.239999995E-02	 0.249999997E-02	  1258.86740    
    1271	-0.120000033E-02	 0.239999995E-02	 0.249999997E-02	  1258.86739    
    1513	-0.900000310E-03	 0.239999995E-02	 0.249999997E-02	  1258.86739    
    1744	-0.600000286E-03	 0.239999995E-02	 0.249999997E-02	  1258.86738    
    1045	-0.180000038E-02	 0.269999998E-02	 0.249999997E-02	  1258.86740    
    1046	-0.150000036E-02	 0.269999998E-02	 0.249999997E-02	  1258.86740    
    1282	-0.120000033E-02	 0.269999998E-02	 0.249999997E-02	  1258.86740    
    1524	-0.900000310E-03	 0.269999998E-02	 0.249999997E-02	  1258.86739    
    1755	-0.600000286E-03	 0.269999998E-02	 0.249999997E-02	  1258.86739    
    1298	-0.150000036E-02	 0.300000000E-02	 0.249999997E-02	  1258.86740    
    1299	-0.120000033E-02	 0.300000000E-02	 0.249999997E-02	  1258.86740    
    1535	-0.900000310E-03	 0.300000000E-02	 0.249999997E-02	  1258.86739    
    1766	-0.600000286E-03	 0.300000000E-02	 0.249999997E-02	  1258.86739    
    1975	-0.300000262E-03	 0.239999995E-02	 0.249999997E-02	  1258.86738    
    1986	-0.300000262E-03	 0.269999998E-02	 0.249999997E-02	  1258.86738    
    1997	-0.300000262E-03	 0.300000000E-02	 0.249999997E-02	  1258.86738    
    2151	-0.238418579E-09	 0.899999833E-03	 0.249999997E-02	  1258.86735    
    2162	-0.238418579E-09	 0.119999986E-02	 0.249999997E-02	  1258.86735    
    2173	-0.238418579E-09	 0.149999988E-02	 0.249999997E-02	  1258.86736    
    2184	-0.238418579E-09	 0.179999990E-02	 0.249999997E-02	  1258.86737    
    2195	-0.238418579E-09	 0.209999993E-02	 0.249999997E-02	  1258.86737    
    2206	-0.238418579E-09	 0.239999995E-02	 0.249999997E-02	  1258.86738    
    2217	-0.238418579E-09	 0.269999998E-02	 0.249999997E-02	  1258.86738    
    2228	-0.238418579E-09	 0.300000000E-02	 0.249999997E-02	  1258.86738    
    2338	 0.299999785E-03	-0.300000262E-03	 0.249999997E-02	  1258.86734    
    2349	 0.299999785E-03	-0.238418579E-09	 0.249999997E-02	  1258.86734    
    2360	 0.299999785E-03	 0.299999785E-03	 0.249999997E-02	  1258.86734    
    2371	 0.299999785E-03	 0.599999809E-03	 0.249999997E-02	  1258.86735    
    2382	 0.299999785E-03	 0.899999833E-03	 0.249999997E-02	  1258.86735    
    2393	 0.299999785E-03	 0.119999986E-02	 0.249999997E-02	  1258.86736    
    2404	 0.299999785E-03	 0.149999988E-02	 0.249999997E-02	  1258.86736    
    2415	 0.299999785E-03	 0.179999990E-02	 0.249999997E-02	  1258.86737    
    2426	 0.299999785E-03	 0.209999993E-02	 0.249999997E-02	  1258.86737    
    2437	 0.299999785E-03	 0.239999995E-02	 0.249999997E-02	  1258.86738    
    2448	 0.299999785E-03	 0.269999998E-02	 0.249999997E-02	  1258.86738    
    2459	 0.299999785E-03	 0.300000000E-02	 0.249999997E-02	  1258.86738    
    2569	 0.599999809E-03	-0.300000262E-03	 0.249999997E-02	  1258.86735    
    2580	 0.599999809E-03	-0.238418579E-09	 0.249999997E-02	  1258.86735    
    2591	 0.599999809E-03	 0.299999785E-03	 0.249999997E-02	  1258.86735    
    2602	 0.599999809E-03	 0.599999809E-03	 0.249999997E-02	  1258.86735    
    2613	 0.599999809E-03	 0.899999833E-03	 0.249999997E-02	  1258.86735    
    2624	 0.599999809E-03	 0.119999986E-02	 0.249999997E-02	  1258.86736    
    2635	 0.599999809E-03	 0.149999988E-02	 0.249999997E-02	  1258.86736    
    2646	 0.599999809E-03	 0.179999990E-02	 0.249999997E-02	  1258.86737    
    2657	 0.599999809E-03	 0.209999993E-02	 0.249999997E-02	  1258.86738    
    2668	 0.599999809E-03	 0.239999995E-02	 0.249999997E-02	  1258.86738    
    2679	 0.599999809E-03	 0.269999998E-02	 0.249999997E-02	  1258.86739    
    2690	 0.599999809E-03	 0.300000000E-02	 0.249999997E-02	  1258.86739    
    2800	 0.899999833E-03	-0.300000262E-03	 0.249999997E-02	  1258.86735    
    2811	 0.899999833E-03	-0.238418579E-09	 0.249999997E-02	  1258.86735    
    2822	 0.899999833E-03	 0.299999785E-03	 0.249999997E-02	  1258.86735    
    2833	 0.899999833E-03	 0.599999809E-03	 0.249999997E-02	  1258.86735    
    2844	 0.899999833E-03	 0.899999833E-03	 0.249999997E-02	  1258.86736    
    2855	 0.899999833E-03	 0.119999986E-02	 0.249999997E-02	  1258.86736    
    2866	 0.899999833E-03	 0.149999988E-02	 0.249999997E-02	  1258.86737    
    2877	 0.899999833E-03	 0.179999990E-02	 0.249999997E-02	  1258.86738    
    2888	 0.899999833E-03	 0.209999993E-02	 0.249999997E-02	  1258.86738    
    2899	 0.899999833E-03	 0.239999995E-02	 0.249999997E-02	  1258.86739    
    2910	 0.899999833E-03	 0.269999998E-02	 0.249999997E-02	  1258.86739    
    2921	 0.899999833E-03	 0.300000000E-02	 0.249999997E-02	  1258.86739    
    3031	 0.119999986E-02	-0.300000262E-03	 0.249999997E-02	  1258.86736    
    3042	 0.119999986E-02	-0.238418579E-09	 0.249999997E-02	  1258.86735    
    3053	 0.119999986E-02	 0.299999785E-03	 0.249999997E-02	  1258.86736    
    3064	 0.119999986E-02	 0.599999809E-03	 0.249999997E-02	  1258.86736    
    3075	 0.119999986E-02	 0.899999833E-03	 0.249999997E-02	  1258.86736    
    3086	 0.119999986E-02	 0.119999986E-02	 0.249999997E-02	  1258.86737    
    3097	 0.119999986E-02	 0.149999988E-02	 0.249999997E-02	  1258.86738    
    3108	 0.119999986E-02	 0.179999990E-02	 0.249999997E-02	  1258.86738    
    3119	 0.119999986E-02	 0.209999993E-02	 0.249999997E-02	  1258.86739    
    3130	 0.119999986E-02	 0.239999995E-02	 0.249999997E-02	  1258.86739    
    3141	 0.119999986E-02	 0.269999998E-02	 0.249999997E-02	  1258.86740    
    3152	 0.119999986E-02	 0.300000000E-02	 0.249999997E-02	  1258.86740    
    3262	 0.149999988E-02	-0.300000262E-03	 0.249999997E-02	  1258.86736    
    3273	 0.149999988E-02	-0.238418579E-09	 0.249999997E-02	  1258.86736    
    3284	 0.149999988E-02	 0.299999785E-03	 0.249999997E-02	  1258.86736    
    3295	 0.149999988E-02	 0.599999809E-03	 0.249999997E-02	  1258.86736    
    3306	 0.149999988E-02	 0.899999833E-03	 0.249999997E-02	  1258.86737    
    3317	 0.149999988E-02	 0.119999986E-02	 0.249999997E-02	  1258.86738    
    3328	 0.149999988E-02	 0.149999988E-02	 0.249999997E-02	  1258.86738    
    3339	 0.149999988E-02	 0.179999990E-02	 0.249999997E-02	  1258.86739    
    3350	 0.149999988E-02	 0.209999993E-02	 0.249999997E-02	  1258.86739    
    3361	 0.149999988E-02	 0.239999995E-02	 0.249999997E-02	  1258.86740    
    3372	 0.149999988E-02	 0.269999998E-02	 0.249999997E-02	  1258.86740    
    3383	 0.149999988E-02	 0.300000000E-02	 0.249999997E-02	  1258.86740    
    3482	 0.179999990E-02	-0.300000262E-03	 0.249999997E-02	  1258.86737    
    3493	 0.179999990E-02	-0.238418579E-09	 0.249999997E-02	  1258.86737    
    3504	 0.179999990E-02	 0.299999785E-03	 0.249999997E-02	  1258.86737    
    3515	 0.179999990E-02	 0.599999809E-03	 0.249999997E-02	  1258.86737    
    3526	 0.179999990E-02	 0.899999833E-03	 0.249999997E-02	  1258.86738    
    3537	 0.179999990E-02	 0.119999986E-02	 0.249999997E-02	  1258.86738    
    3548	 0.179999990E-02	 0.149999988E-02	 0.249999997E-02	  1258.86739    
    3559	 0.179999990E-02	 0.179999990E-02	 0.249999997E-02	  1258.86739    
    3570	 0.179999990E-02	 0.209999993E-02	 0.249999997E-02	  1258.86740    
    3581	 0.179999990E-02	 0.239999995E-02	 0.249999997E-02	  1258.86740    
    3592	 0.179999990E-02	 0.269999998E-02	 0.249999997E-02	  1258.86740    
    3680	 0.209999993E-02	-0.300000262E-03	 0.249999997E-02	  1258.86737    
    3691	 0.209999993E-02	-0.238418579E-09	 0.249999997E-02	  1258.86737    
    3702	 0.209999993E-02	 0.299999785E-03	 0.249999997E-02	  1258.86737    
    3713	 0.209999993E-02	 0.599999809E-03	 0.249999997E-02	  1258.86738    
    3724	 0.209999993E-02	 0.899999833E-03	 0.249999997E-02	  1258.86738    
    3735	 0.209999993E-02	 0.119999986E-02	 0.249999997E-02	  1258.86739    
    3746	 0.209999993E-02	 0.149999988E-02	 0.249999997E-02	  1258.86739    
    3757	 0.209999993E-02	 0.179999990E-02	 0.249999997E-02	  1258.86740    
    3768	 0.209999993E-02	 0.209999993E-02	 0.249999997E-02	  1258.86740    
    3779	 0.209999993E-02	 0.239999995E-02	 0.249999997E-02	  1258.86740    
    3867	 0.239999995E-02	-0.300000262E-03	 0.249999997E-02	  1258.86738    
    3878	 0.239999995E-02	-0.238418579E-09	 0.249999997E-02	  1258.86738    
    3889	 0.239999995E-02	 0.299999785E-03	 0.249999997E-02	  1258.86738    
    3900	 0.239999995E-02	 0.599999809E-03	 0.249999997E-02	  1258.86738    
    3911	 0.239999995E-02	 0.899999833E-03	 0.249999997E-02	  1258.86739    
    3922	 0.239999995E-02	 0.119999986E-02	 0.249999997E-02	  1258.86739    
    3933	 0.239999995E-02	 0.149999988E-02	 0.249999997E-02	  1258.86740    
    3944	 0.239999995E-02	 0.179999990E-02	 0.249999997E-02	  1258.86740    
    3955	 0.239999995E-02	 0.209999993E-02	 0.249999997E-02	  1258.86740    
    3966	 0.239999995E-02	 0.239999995E-02	 0.249999997E-02	  1258.86741    
    4032	 0.269999998E-02	-0.300000262E-03	 0.249999997E-02	  1258.86738    
    4043	 0.269999998E-02	-0.238418579E-09	 0.249999997E-02	  1258.86738    
    4054	 0.269999998E-02	 0.299999785E-03	 0.249999997E-02	  1258.86738    
    4065	 0.269999998E-02	 0.599999809E-03	 0.249999997E-02	  1258.86739    
    4076	 0.269999998E-02	 0.899999833E-03	 0.249999997E-02	  1258.86739    
    4087	 0.269999998E-02	 0.119999986E-02	 0.249999997E-02	  1258.86740    
    4098	 0.269999998E-02	 0.149999988E-02	 0.249999997E-02	  1258.86740    
    4109	 0.269999998E-02	 0.179999990E-02	 0.249999997E-02	  1258.86740    
    4164	 0.300000000E-02	-0.300000262E-03	 0.249999997E-02	  1258.86738    
    4175	 0.300000000E-02	-0.238418579E-09	 0.249999997E-02	  1258.86738    
    4186	 0.300000000E-02	 0.299999785E-03	 0.249999997E-02	  1258.86738    
    4197	 0.300000000E-02	 0.599999809E-03	 0.249999997E-02	  1258.86739    
    4208	 0.300000000E-02	 0.899999833E-03	 0.249999997E-02	  1258.86739    
    4219	 0.300000000E-02	 0.119999986E-02	 0.249999997E-02	  1258.86740    
    4230	 0.300000000E-02	 0.149999988E-02	 0.249999997E-02	  1258.86740    
      27	-0.270000045E-02	-0.150000036E-02	 0.279999998E-02	  1259.15152    
     261	-0.270000045E-02	-0.180000038E-02	 0.279999998E-02	  1259.15152    
     263	-0.240000043E-02	-0.150000036E-02	 0.279999998E-02	  1259.15152    
     262	-0.240000043E-02	-0.180000038E-02	 0.279999998E-02	  1259.15152    
     433	-0.240000043E-02	-0.210000040E-02	 0.279999998E-02	  1259.15152    
     432	-0.240000043E-02	-0.240000043E-02	 0.279999998E-02	  1259.15152    
     435	-0.210000040E-02	-0.210000040E-02	 0.279999998E-02	  1259.15152    
     434	-0.210000040E-02	-0.240000043E-02	 0.279999998E-02	  1259.15152    
     458	-0.210000040E-02	-0.180000038E-02	 0.279999998E-02	  1259.15152    
     469	-0.210000040E-02	-0.150000036E-02	 0.279999998E-02	  1259.15152    
     652	-0.180000038E-02	-0.210000040E-02	 0.279999998E-02	  1259.15152    
     651	-0.180000038E-02	-0.240000043E-02	 0.279999998E-02	  1259.15152    
     667	-0.180000038E-02	-0.180000038E-02	 0.279999998E-02	  1259.15152    
     678	-0.180000038E-02	-0.150000036E-02	 0.279999998E-02	  1259.15152    
     844	-0.180000038E-02	-0.270000045E-02	 0.279999998E-02	  1259.15152    
     846	-0.150000036E-02	-0.240000043E-02	 0.279999998E-02	  1259.15152    
     845	-0.150000036E-02	-0.270000045E-02	 0.279999998E-02	  1259.15152    
     865	-0.150000036E-02	-0.210000040E-02	 0.279999998E-02	  1259.15152    
     876	-0.150000036E-02	-0.180000038E-02	 0.279999998E-02	  1259.15152    
     887	-0.150000036E-02	-0.150000036E-02	 0.279999998E-02	  1259.15151    
    1075	-0.150000036E-02	-0.300000048E-02	 0.279999998E-02	  1259.15152    
    1077	-0.120000033E-02	-0.270000045E-02	 0.279999998E-02	  1259.15152    
    1076	-0.120000033E-02	-0.300000048E-02	 0.279999998E-02	  1259.15152    
    1096	-0.120000033E-02	-0.240000043E-02	 0.279999998E-02	  1259.15152    
    1107	-0.120000033E-02	-0.210000040E-02	 0.279999998E-02	  1259.15152    
    1118	-0.120000033E-02	-0.180000038E-02	 0.279999998E-02	  1259.15151    
    1129	-0.120000033E-02	-0.150000036E-02	 0.279999998E-02	  1259.15151    
    1323	-0.900000310E-03	-0.270000045E-02	 0.279999998E-02	  1259.15152    
    1322	-0.900000310E-03	-0.300000048E-02	 0.279999998E-02	  1259.15152    
    1338	-0.900000310E-03	-0.240000043E-02	 0.279999998E-02	  1259.15152    
    1349	-0.900000310E-03	-0.210000040E-02	 0.279999998E-02	  1259.15152    
    1360	-0.900000310E-03	-0.180000038E-02	 0.279999998E-02	  1259.15151    
    1371	-0.900000310E-03	-0.150000036E-02	 0.279999998E-02	  1259.15151    
    1140	-0.120000033E-02	-0.120000033E-02	 0.279999998E-02	  1259.15151    
    1382	-0.900000310E-03	-0.120000033E-02	 0.279999998E-02	  1259.15151    
    1554	-0.600000286E-03	-0.270000045E-02	 0.279999998E-02	  1259.15152    
    1553	-0.600000286E-03	-0.300000048E-02	 0.279999998E-02	  1259.15152    
    1569	-0.600000286E-03	-0.240000043E-02	 0.279999998E-02	  1259.15152    
    1580	-0.600000286E-03	-0.210000040E-02	 0.279999998E-02	  1259.15151    
    1591	-0.600000286E-03	-0.180000038E-02	 0.279999998E-02	  1259.15151    
    1602	-0.600000286E-03	-0.150000036E-02	 0.279999998E-02	  1259.15151    
    1613	-0.600000286E-03	-0.120000033E-02	 0.279999998E-02	  1259.15150    
    1393	-0.900000310E-03	-0.900000310E-03	 0.279999998E-02	  1259.15150    
    1624	-0.600000286E-03	-0.900000310E-03	 0.279999998E-02	  1259.15150    
    1785	-0.300000262E-03	-0.270000045E-02	 0.279999998E-02	  1259.15152    
    1784	-0.300000262E-03	-0.300000048E-02	 0.279999998E-02	  1259.15152    
    1800	-0.300000262E-03	-0.240000043E-02	 0.279999998E-02	  1259.15151    
    1811	-0.300000262E-03	-0.210000040E-02	 0.279999998E-02	  1259.15151    
    1822	-0.300000262E-03	-0.180000038E-02	 0.279999998E-02	  1259.15151    
    1833	-0.300000262E-03	-0.150000036E-02	 0.279999998E-02	  1259.15151    
    1844	-0.300000262E-03	-0.120000033E-02	 0.279999998E-02	  1259.15150    
    1855	-0.300000262E-03	-0.900000310E-03	 0.279999998E-02	  1259.15150    
    2016	-0.238418579E-09	-0.270000045E-02	 0.279999998E-02	  1259.15152    
    2015	-0.238418579E-09	-0.300000048E-02	 0.279999998E-02	  1259.15152    
    2031	-0.238418579E-09	-0.240000043E-02	 0.279999998E-02	  1259.15151    
    2042	-0.238418579E-09	-0.210000040E-02	 0.279999998E-02	  1259.15151    
    2053	-0.238418579E-09	-0.180000038E-02	 0.279999998E-02	  1259.15151    
    2064	-0.238418579E-09	-0.150000036E-02	 0.279999998E-02	  1259.15151    
    2075	-0.238418579E-09	-0.120000033E-02	 0.279999998E-02	  1259.15150    
    2086	-0.238418579E-09	-0.900000310E-03	 0.279999998E-02	  1259.15150    
    1866	-0.300000262E-03	-0.600000286E-03	 0.279999998E-02	  1259.15150    
    2097	-0.238418579E-09	-0.600000286E-03	 0.279999998E-02	  1259.15150    
    2247	 0.299999785E-03	-0.270000045E-02	 0.279999998E-02	  1259.15152    
    2246	 0.299999785E-03	-0.300000048E-02	 0.279999998E-02	  1259.15152    
    2262	 0.299999785E-03	-0.240000043E-02	 0.279999998E-02	  1259.15151    
    2273	 0.299999785E-03	-0.210000040E-02	 0.279999998E-02	  1259.15151    
    2284	 0.299999785E-03	-0.180000038E-02	 0.279999998E-02	  1259.15151    
    2295	 0.299999785E-03	-0.150000036E-02	 0.279999998E-02	  1259.15151    
    2306	 0.299999785E-03	-0.120000033E-02	 0.279999998E-02	  1259.15150    
    2317	 0.299999785E-03	-0.900000310E-03	 0.279999998E-02	  1259.15150    
    2328	 0.299999785E-03	-0.600000286E-03	 0.279999998E-02	  1259.15150    
    2478	 0.599999809E-03	-0.270000045E-02	 0.279999998E-02	  1259.15152    
    2477	 0.599999809E-03	-0.300000048E-02	 0.279999998E-02	  1259.15152    
    2493	 0.599999809E-03	-0.240000043E-02	 0.279999998E-02	  1259.15152    
    2504	 0.599999809E-03	-0.210000040E-02	 0.279999998E-02	  1259.15151    
    2515	 0.599999809E-03	-0.180000038E-02	 0.279999998E-02	  1259.15151    
    2526	 0.599999809E-03	-0.150000036E-02	 0.279999998E-02	  1259.15151    
    2537	 0.599999809E-03	-0.120000033E-02	 0.279999998E-02	  1259.15150    
    2548	 0.599999809E-03	-0.900000310E-03	 0.279999998E-02	  1259.15150    
    2559	 0.599999809E-03	-0.600000286E-03	 0.279999998E-02	  1259.15150    
    2709	 0.899999833E-03	-0.270000045E-02	 0.279999998E-02	  1259.15152    
    2708	 0.899999833E-03	-0.300000048E-02	 0.279999998E-02	  1259.15152    
    2724	 0.899999833E-03	-0.240000043E-02	 0.279999998E-02	  1259.15152    
    2735	 0.899999833E-03	-0.210000040E-02	 0.279999998E-02	  1259.15152    
    2746	 0.899999833E-03	-0.180000038E-02	 0.279999998E-02	  1259.15151    
    2757	 0.899999833E-03	-0.150000036E-02	 0.279999998E-02	  1259.15151    
    2768	 0.899999833E-03	-0.120000033E-02	 0.279999998E-02	  1259.15151    
    2779	 0.899999833E-03	-0.900000310E-03	 0.279999998E-02	  1259.15150    
    2790	 0.899999833E-03	-0.600000286E-03	 0.279999998E-02	  1259.15150    
    2940	 0.119999986E-02	-0.270000045E-02	 0.279999998E-02	  1259.15152    
    2939	 0.119999986E-02	-0.300000048E-02	 0.279999998E-02	  1259.15152    
    2955	 0.119999986E-02	-0.240000043E-02	 0.279999998E-02	  1259.15152    
    2966	 0.119999986E-02	-0.210000040E-02	 0.279999998E-02	  1259.15152    
    2977	 0.119999986E-02	-0.180000038E-02	 0.279999998E-02	  1259.15151    
    2988	 0.119999986E-02	-0.150000036E-02	 0.279999998E-02	  1259.15151    
    2999	 0.119999986E-02	-0.120000033E-02	 0.279999998E-02	  1259.15151    
    3010	 0.119999986E-02	-0.900000310E-03	 0.279999998E-02	  1259.15151    
    3021	 0.119999986E-02	-0.600000286E-03	 0.279999998E-02	  1259.15150    
    3171	 0.149999988E-02	-0.270000045E-02	 0.279999998E-02	  1259.15152    
    3170	 0.149999988E-02	-0.300000048E-02	 0.279999998E-02	  1259.15152    
    3186	 0.149999988E-02	-0.240000043E-02	 0.279999998E-02	  1259.15152    
    3197	 0.149999988E-02	-0.210000040E-02	 0.279999998E-02	  1259.15152    
    3208	 0.149999988E-02	-0.180000038E-02	 0.279999998E-02	  1259.15152    
    3219	 0.149999988E-02	-0.150000036E-02	 0.279999998E-02	  1259.15151    
    3230	 0.149999988E-02	-0.120000033E-02	 0.279999998E-02	  1259.15151    
    3241	 0.149999988E-02	-0.900000310E-03	 0.279999998E-02	  1259.15151    
    3252	 0.149999988E-02	-0.600000286E-03	 0.279999998E-02	  1259.15151    
    3402	 0.179999990E-02	-0.240000043E-02	 0.279999998E-02	  1259.15152    
    3401	 0.179999990E-02	-0.270000045E-02	 0.279999998E-02	  1259.15152    
    3417	 0.179999990E-02	-0.210000040E-02	 0.279999998E-02	  1259.15152    
    3428	 0.179999990E-02	-0.180000038E-02	 0.279999998E-02	  1259.15152    
    3439	 0.179999990E-02	-0.150000036E-02	 0.279999998E-02	  1259.15152    
    3450	 0.179999990E-02	-0.120000033E-02	 0.279999998E-02	  1259.15151    
    3461	 0.179999990E-02	-0.900000310E-03	 0.279999998E-02	  1259.15151    
    3472	 0.179999990E-02	-0.600000286E-03	 0.279999998E-02	  1259.15151    
    3611	 0.209999993E-02	-0.210000040E-02	 0.279999998E-02	  1259.15152    
    3610	 0.209999993E-02	-0.240000043E-02	 0.279999998E-02	  1259.15152    
    3626	 0.209999993E-02	-0.180000038E-02	 0.279999998E-02	  1259.15152    
    3637	 0.209999993E-02	-0.150000036E-02	 0.279999998E-02	  1259.15152    
    3648	 0.209999993E-02	-0.120000033E-02	 0.279999998E-02	  1259.15152    
    3659	 0.209999993E-02	-0.900000310E-03	 0.279999998E-02	  1259.15152    
    3670	 0.209999993E-02	-0.600000286E-03	 0.279999998E-02	  1259.15151    
    3798	 0.239999995E-02	-0.210000040E-02	 0.279999998E-02	  1259.15152    
    3797	 0.239999995E-02	-0.240000043E-02	 0.279999998E-02	  1259.15152    
    3813	 0.239999995E-02	-0.180000038E-02	 0.279999998E-02	  1259.15152    
    3824	 0.239999995E-02	-0.150000036E-02	 0.279999998E-02	  1259.15152    
    3835	 0.239999995E-02	-0.120000033E-02	 0.279999998E-02	  1259.15152    
    3846	 0.239999995E-02	-0.900000310E-03	 0.279999998E-02	  1259.15152    
    3857	 0.239999995E-02	-0.600000286E-03	 0.279999998E-02	  1259.15152    
    3985	 0.269999998E-02	-0.150000036E-02	 0.279999998E-02	  1259.15152    
    3984	 0.269999998E-02	-0.180000038E-02	 0.279999998E-02	  1259.15152    
    4000	 0.269999998E-02	-0.120000033E-02	 0.279999998E-02	  1259.15152    
    4011	 0.269999998E-02	-0.900000310E-03	 0.279999998E-02	  1259.15152    
    4022	 0.269999998E-02	-0.600000286E-03	 0.279999998E-02	  1259.15152    
    4128	 0.300000000E-02	-0.120000033E-02	 0.279999998E-02	  1259.15152    
    4127	 0.300000000E-02	-0.150000036E-02	 0.279999998E-02	  1259.15152    
    4143	 0.300000000E-02	-0.900000310E-03	 0.279999998E-02	  1259.15152    
    4154	 0.300000000E-02	-0.600000286E-03	 0.279999998E-02	  1259.15152    
      26	-0.300000048E-02	-0.120000033E-02	 0.279999998E-02	  1259.15152    
      25	-0.300000048E-02	-0.150000036E-02	 0.279999998E-02	  1259.15152    
      28	-0.270000045E-02	-0.120000033E-02	 0.279999998E-02	  1259.15152    
     282	-0.240000043E-02	-0.120000033E-02	 0.279999998E-02	  1259.15152    
     480	-0.210000040E-02	-0.120000033E-02	 0.279999998E-02	  1259.15152    
     689	-0.180000038E-02	-0.120000033E-02	 0.279999998E-02	  1259.15151    
     898	-0.150000036E-02	-0.120000033E-02	 0.279999998E-02	  1259.15151    
      57	-0.300000048E-02	-0.900000310E-03	 0.279999998E-02	  1259.15152    
      58	-0.270000045E-02	-0.900000310E-03	 0.279999998E-02	  1259.15152    
     293	-0.240000043E-02	-0.900000310E-03	 0.279999998E-02	  1259.15152    
     491	-0.210000040E-02	-0.900000310E-03	 0.279999998E-02	  1259.15152    
     700	-0.180000038E-02	-0.900000310E-03	 0.279999998E-02	  1259.15151    
     909	-0.150000036E-02	-0.900000310E-03	 0.279999998E-02	  1259.15151    
    1151	-0.120000033E-02	-0.900000310E-03	 0.279999998E-02	  1259.15151    
      79	-0.300000048E-02	-0.600000286E-03	 0.279999998E-02	  1259.15152    
      80	-0.270000045E-02	-0.600000286E-03	 0.279999998E-02	  1259.15152    
     304	-0.240000043E-02	-0.600000286E-03	 0.279999998E-02	  1259.15152    
     502	-0.210000040E-02	-0.600000286E-03	 0.279999998E-02	  1259.15151    
     711	-0.180000038E-02	-0.600000286E-03	 0.279999998E-02	  1259.15151    
     920	-0.150000036E-02	-0.600000286E-03	 0.279999998E-02	  1259.15151    
    1162	-0.120000033E-02	-0.600000286E-03	 0.279999998E-02	  1259.15150    
    1404	-0.900000310E-03	-0.600000286E-03	 0.279999998E-02	  1259.15150    
    1635	-0.600000286E-03	-0.600000286E-03	 0.279999998E-02	  1259.15150    
     101	-0.300000048E-02	-0.300000262E-03	 0.279999998E-02	  1259.15152    
     102	-0.270000045E-02	-0.300000262E-03	 0.279999998E-02	  1259.15152    
     315	-0.240000043E-02	-0.300000262E-03	 0.279999998E-02	  1259.15151    
     513	-0.210000040E-02	-0.300000262E-03	 0.279999998E-02	  1259.15151    
     722	-0.180000038E-02	-0.300000262E-03	 0.279999998E-02	  1259.15151    
     931	-0.150000036E-02	-0.300000262E-03	 0.279999998E-02	  1259.15151    
    1173	-0.120000033E-02	-0.300000262E-03	 0.279999998E-02	  1259.15150    
    1415	-0.900000310E-03	-0.300000262E-03	 0.279999998E-02	  1259.15150    
    1646	-0.600000286E-03	-0.300000262E-03	 0.279999998E-02	  1259.15150    
    1877	-0.300000262E-03	-0.300000262E-03	 0.279999998E-02	  1259.15150    
    2108	-0.238418579E-09	-0.300000262E-03	 0.279999998E-02	  1259.15150    
     123	-0.300000048E-02	-0.238418579E-09	 0.279999998E-02	  1259.15152    
     124	-0.270000045E-02	-0.238418579E-09	 0.279999998E-02	  1259.15152    
     326	-0.240000043E-02	-0.238418579E-09	 0.279999998E-02	  1259.15151    
     524	-0.210000040E-02	-0.238418579E-09	 0.279999998E-02	  1259.15151    
     733	-0.180000038E-02	-0.238418579E-09	 0.279999998E-02	  1259.15151    
     942	-0.150000036E-02	-0.238418579E-09	 0.279999998E-02	  1259.15151    
    1184	-0.120000033E-02	-0.238418579E-09	 0.279999998E-02	  1259.15150    
    1426	-0.900000310E-03	-0.238418579E-09	 0.279999998E-02	  1259.15150    
    1657	-0.600000286E-03	-0.238418579E-09	 0.279999998E-02	  1259.15150    
    1888	-0.300000262E-03	-0.238418579E-09	 0.279999998E-02	  1259.15150    
    2119	-0.238418579E-09	-0.238418579E-09	 0.279999998E-02	  1259.15150    
     145	-0.300000048E-02	 0.299999785E-03	 0.279999998E-02	  1259.15152    
     146	-0.270000045E-02	 0.299999785E-03	 0.279999998E-02	  1259.15152    
     337	-0.240000043E-02	 0.299999785E-03	 0.279999998E-02	  1259.15151    
     535	-0.210000040E-02	 0.299999785E-03	 0.279999998E-02	  1259.15151    
     744	-0.180000038E-02	 0.299999785E-03	 0.279999998E-02	  1259.15151    
     953	-0.150000036E-02	 0.299999785E-03	 0.279999998E-02	  1259.15151    
    1195	-0.120000033E-02	 0.299999785E-03	 0.279999998E-02	  1259.15150    
    1437	-0.900000310E-03	 0.299999785E-03	 0.279999998E-02	  1259.15150    
    1668	-0.600000286E-03	 0.299999785E-03	 0.279999998E-02	  1259.15150    
    1899	-0.300000262E-03	 0.299999785E-03	 0.279999998E-02	  1259.15150    
    2130	-0.238418579E-09	 0.299999785E-03	 0.279999998E-02	  1259.15150    
     167	-0.300000048E-02	 0.599999809E-03	 0.279999998E-02	  1259.15152    
     168	-0.270000045E-02	 0.599999809E-03	 0.279999998E-02	  1259.15152    
     348	-0.240000043E-02	 0.599999809E-03	 0.279999998E-02	  1259.15152    
     546	-0.210000040E-02	 0.599999809E-03	 0.279999998E-02	  1259.15151    
     755	-0.180000038E-02	 0.599999809E-03	 0.279999998E-02	  1259.15151    
     964	-0.150000036E-02	 0.599999809E-03	 0.279999998E-02	  1259.15151    
    1206	-0.120000033E-02	 0.599999809E-03	 0.279999998E-02	  1259.15150    
    1448	-0.900000310E-03	 0.599999809E-03	 0.279999998E-02	  1259.15150    
    1679	-0.600000286E-03	 0.599999809E-03	 0.279999998E-02	  1259.15150    
    1910	-0.300000262E-03	 0.599999809E-03	 0.279999998E-02	  1259.15150    
    2141	-0.238418579E-09	 0.599999809E-03	 0.279999998E-02	  1259.15150    
     189	-0.300000048E-02	 0.899999833E-03	 0.279999998E-02	  1259.15152    
     190	-0.270000045E-02	 0.899999833E-03	 0.279999998E-02	  1259.15152    
     359	-0.240000043E-02	 0.899999833E-03	 0.279999998E-02	  1259.15152    
     557	-0.210000040E-02	 0.899999833E-03	 0.279999998E-02	  1259.15152    
     766	-0.180000038E-02	 0.899999833E-03	 0.279999998E-02	  1259.15151    
     975	-0.150000036E-02	 0.899999833E-03	 0.279999998E-02	  1259.15151    
    1217	-0.120000033E-02	 0.899999833E-03	 0.279999998E-02	  1259.15151    
    1459	-0.900000310E-03	 0.899999833E-03	 0.279999998E-02	  1259.15150    
    1690	-0.600000286E-03	 0.899999833E-03	 0.279999998E-02	  1259.15150    
    1921	-0.300000262E-03	 0.899999833E-03	 0.279999998E-02	  1259.15150    
     211	-0.300000048E-02	 0.119999986E-02	 0.279999998E-02	  1259.15152    
     212	-0.270000045E-02	 0.119999986E-02	 0.279999998E-02	  1259.15152    
     370	-0.240000043E-02	 0.119999986E-02	 0.279999998E-02	  1259.15152    
     568	-0.210000040E-02	 0.119999986E-02	 0.279999998E-02	  1259.15152    
     777	-0.180000038E-02	 0.119999986E-02	 0.279999998E-02	  1259.15151    
     986	-0.150000036E-02	 0.119999986E-02	 0.279999998E-02	  1259.15151    
    1228	-0.120000033E-02	 0.119999986E-02	 0.279999998E-02	  1259.15151    
    1470	-0.900000310E-03	 0.119999986E-02	 0.279999998E-02	  1259.15151    
    1701	-0.600000286E-03	 0.119999986E-02	 0.279999998E-02	  1259.15150    
    1932	-0.300000262E-03	 0.119999986E-02	 0.279999998E-02	  1259.15150    
     233	-0.300000048E-02	 0.149999988E-02	 0.279999998E-02	  1259.15152    
     234	-0.270000045E-02	 0.149999988E-02	 0.279999998E-02	  1259.15152    
     381	-0.240000043E-02	 0.149999988E-02	 0.279999998E-02	  1259.15152    
     579	-0.210000040E-02	 0.149999988E-02	 0.279999998E-02	  1259.15152    
     788	-0.180000038E-02	 0.149999988E-02	 0.279999998E-02	  1259.15152    
     997	-0.150000036E-02	 0.149999988E-02	 0.279999998E-02	  1259.15151    
    1239	-0.120000033E-02	 0.149999988E-02	 0.279999998E-02	  1259.15151    
    1481	-0.900000310E-03	 0.149999988E-02	 0.279999998E-02	  1259.15151    
    1712	-0.600000286E-03	 0.149999988E-02	 0.279999998E-02	  1259.15151    
    1943	-0.300000262E-03	 0.149999988E-02	 0.279999998E-02	  1259.15151    
     398	-0.270000045E-02	 0.179999990E-02	 0.279999998E-02	  1259.15152    
     399	-0.240000043E-02	 0.179999990E-02	 0.279999998E-02	  1259.15152    
     590	-0.210000040E-02	 0.179999990E-02	 0.279999998E-02	  1259.15152    
     799	-0.180000038E-02	 0.179999990E-02	 0.279999998E-02	  1259.15152    
    1008	-0.150000036E-02	 0.179999990E-02	 0.279999998E-02	  1259.15152    
    1250	-0.120000033E-02	 0.179999990E-02	 0.279999998E-02	  1259.15151    
    1492	-0.900000310E-03	 0.179999990E-02	 0.279999998E-02	  1259.15151    
    1723	-0.600000286E-03	 0.179999990E-02	 0.279999998E-02	  1259.15151    
    1954	-0.300000262E-03	 0.179999990E-02	 0.279999998E-02	  1259.15151    
     607	-0.240000043E-02	 0.209999993E-02	 0.279999998E-02	  1259.15152    
     608	-0.210000040E-02	 0.209999993E-02	 0.279999998E-02	  1259.15152    
     810	-0.180000038E-02	 0.209999993E-02	 0.279999998E-02	  1259.15152    
    1019	-0.150000036E-02	 0.209999993E-02	 0.279999998E-02	  1259.15152    
    1261	-0.120000033E-02	 0.209999993E-02	 0.279999998E-02	  1259.15152    
    1503	-0.900000310E-03	 0.209999993E-02	 0.279999998E-02	  1259.15152    
    1734	-0.600000286E-03	 0.209999993E-02	 0.279999998E-02	  1259.15151    
    1965	-0.300000262E-03	 0.209999993E-02	 0.279999998E-02	  1259.15151    
     629	-0.240000043E-02	 0.239999995E-02	 0.279999998E-02	  1259.15152    
     630	-0.210000040E-02	 0.239999995E-02	 0.279999998E-02	  1259.15152    
     821	-0.180000038E-02	 0.239999995E-02	 0.279999998E-02	  1259.15152    
    1030	-0.150000036E-02	 0.239999995E-02	 0.279999998E-02	  1259.15152    
    1272	-0.120000033E-02	 0.239999995E-02	 0.279999998E-02	  1259.15152    
    1514	-0.900000310E-03	 0.239999995E-02	 0.279999998E-02	  1259.15152    
    1745	-0.600000286E-03	 0.239999995E-02	 0.279999998E-02	  1259.15152    
    1047	-0.180000038E-02	 0.269999998E-02	 0.279999998E-02	  1259.15152    
    1048	-0.150000036E-02	 0.269999998E-02	 0.279999998E-02	  1259.15152    
    1283	-0.120000033E-02	 0.269999998E-02	 0.279999998E-02	  1259.15152    
    1525	-0.900000310E-03	 0.269999998E-02	 0.279999998E-02	  1259.15152    
    1756	-0.600000286E-03	 0.269999998E-02	 0.279999998E-02	  1259.15152    
    1300	-0.150000036E-02	 0.300000000E-02	 0.279999998E-02	  1259.15152    
    1301	-0.120000033E-02	 0.300000000E-02	 0.279999998E-02	  1259.15152    
    1536	-0.900000310E-03	 0.300000000E-02	 0.279999998E-02	  1259.15152    
    1767	-0.600000286E-03	 0.300000000E-02	 0.279999998E-02	  1259.15152    
    1976	-0.300000262E-03	 0.239999995E-02	 0.279999998E-02	  1259.15151    
    1987	-0.300000262E-03	 0.269999998E-02	 0.279999998E-02	  1259.15152    
    1998	-0.300000262E-03	 0.300000000E-02	 0.279999998E-02	  1259.15152    
    2152	-0.238418579E-09	 0.899999833E-03	 0.279999998E-02	  1259.15150    
    2163	-0.238418579E-09	 0.119999986E-02	 0.279999998E-02	  1259.15150    
    2174	-0.238418579E-09	 0.149999988E-02	 0.279999998E-02	  1259.15151    
    2185	-0.238418579E-09	 0.179999990E-02	 0.279999998E-02	  1259.15151    
    2196	-0.238418579E-09	 0.209999993E-02	 0.279999998E-02	  1259.15151    
    2207	-0.238418579E-09	 0.239999995E-02	 0.279999998E-02	  1259.15151    
    2218	-0.238418579E-09	 0.269999998E-02	 0.279999998E-02	  1259.15152    
    2229	-0.238418579E-09	 0.300000000E-02	 0.279999998E-02	  1259.15152    
    2339	 0.299999785E-03	-0.300000262E-03	 0.279999998E-02	  1259.15150    
    2350	 0.299999785E-03	-0.238418579E-09	 0.279999998E-02	  1259.15150    
    2361	 0.299999785E-03	 0.299999785E-03	 0.279999998E-02	  1259.15150    
    2372	 0.299999785E-03	 0.599999809E-03	 0.279999998E-02	  1259.15150    
    2383	 0.299999785E-03	 0.899999833E-03	 0.279999998E-02	  1259.15150    
    2394	 0.299999785E-03	 0.119999986E-02	 0.279999998E-02	  1259.15150    
    2405	 0.299999785E-03	 0.149999988E-02	 0.279999998E-02	  1259.15151    
    2416	 0.299999785E-03	 0.179999990E-02	 0.279999998E-02	  1259.15151    
    2427	 0.299999785E-03	 0.209999993E-02	 0.279999998E-02	  1259.15151    
    2438	 0.299999785E-03	 0.239999995E-02	 0.279999998E-02	  1259.15151    
    2449	 0.299999785E-03	 0.269999998E-02	 0.279999998E-02	  1259.15152    
    2460	 0.299999785E-03	 0.300000000E-02	 0.279999998E-02	  1259.15152    
    2570	 0.599999809E-03	-0.300000262E-03	 0.279999998E-02	  1259.15150    
    2581	 0.599999809E-03	-0.238418579E-09	 0.279999998E-02	  1259.15150    
    2592	 0.599999809E-03	 0.299999785E-03	 0.279999998E-02	  1259.15150    
    2603	 0.599999809E-03	 0.599999809E-03	 0.279999998E-02	  1259.15150    
    2614	 0.599999809E-03	 0.899999833E-03	 0.279999998E-02	  1259.15150    
    2625	 0.599999809E-03	 0.119999986E-02	 0.279999998E-02	  1259.15150    
    2636	 0.599999809E-03	 0.149999988E-02	 0.279999998E-02	  1259.15151    
    2647	 0.599999809E-03	 0.179999990E-02	 0.279999998E-02	  1259.15151    
    2658	 0.599999809E-03	 0.209999993E-02	 0.279999998E-02	  1259.15151    
    2669	 0.599999809E-03	 0.239999995E-02	 0.279999998E-02	  1259.15152    
    2680	 0.599999809E-03	 0.269999998E-02	 0.279999998E-02	  1259.15152    
    2691	 0.599999809E-03	 0.300000000E-02	 0.279999998E-02	  1259.15152    
    2801	 0.899999833E-03	-0.300000262E-03	 0.279999998E-02	  1259.15150    
    2812	 0.899999833E-03	-0.238418579E-09	 0.279999998E-02	  1259.15150    
    2823	 0.899999833E-03	 0.299999785E-03	 0.279999998E-02	  1259.15150    
    2834	 0.899999833E-03	 0.599999809E-03	 0.279999998E-02	  1259.15150    
    2845	 0.899999833E-03	 0.899999833E-03	 0.279999998E-02	  1259.15150    
    2856	 0.899999833E-03	 0.119999986E-02	 0.279999998E-02	  1259.15151    
    2867	 0.899999833E-03	 0.149999988E-02	 0.279999998E-02	  1259.15151    
    2878	 0.899999833E-03	 0.179999990E-02	 0.279999998E-02	  1259.15151    
    2889	 0.899999833E-03	 0.209999993E-02	 0.279999998E-02	  1259.15152    
    2900	 0.899999833E-03	 0.239999995E-02	 0.279999998E-02	  1259.15152    
    2911	 0.899999833E-03	 0.269999998E-02	 0.279999998E-02	  1259.15152    
    2922	 0.899999833E-03	 0.300000000E-02	 0.279999998E-02	  1259.15152    
    3032	 0.119999986E-02	-0.300000262E-03	 0.279999998E-02	  1259.15150    
    3043	 0.119999986E-02	-0.238418579E-09	 0.279999998E-02	  1259.15150    
    3054	 0.119999986E-02	 0.299999785E-03	 0.279999998E-02	  1259.15150    
    3065	 0.119999986E-02	 0.599999809E-03	 0.279999998E-02	  1259.15150    
    3076	 0.119999986E-02	 0.899999833E-03	 0.279999998E-02	  1259.15151    
    3087	 0.119999986E-02	 0.119999986E-02	 0.279999998E-02	  1259.15151    
    3098	 0.119999986E-02	 0.149999988E-02	 0.279999998E-02	  1259.15151    
    3109	 0.119999986E-02	 0.179999990E-02	 0.279999998E-02	  1259.15151    
    3120	 0.119999986E-02	 0.209999993E-02	 0.279999998E-02	  1259.15152    
    3131	 0.119999986E-02	 0.239999995E-02	 0.279999998E-02	  1259.15152    
    3142	 0.119999986E-02	 0.269999998E-02	 0.279999998E-02	  1259.15152    
    3153	 0.119999986E-02	 0.300000000E-02	 0.279999998E-02	  1259.15152    
    3263	 0.149999988E-02	-0.300000262E-03	 0.279999998E-02	  1259.15151    
    3274	 0.149999988E-02	-0.238418579E-09	 0.279999998E-02	  1259.15151    
    3285	 0.149999988E-02	 0.299999785E-03	 0.279999998E-02	  1259.15151    
    3296	 0.149999988E-02	 0.599999809E-03	 0.279999998E-02	  1259.15151    
    3307	 0.149999988E-02	 0.899999833E-03	 0.279999998E-02	  1259.15151    
    3318	 0.149999988E-02	 0.119999986E-02	 0.279999998E-02	  1259.15151    
    3329	 0.149999988E-02	 0.149999988E-02	 0.279999998E-02	  1259.15151    
    3340	 0.149999988E-02	 0.179999990E-02	 0.279999998E-02	  1259.15152    
    3351	 0.149999988E-02	 0.209999993E-02	 0.279999998E-02	  1259.15152    
    3362	 0.149999988E-02	 0.239999995E-02	 0.279999998E-02	  1259.15152    
    3373	 0.149999988E-02	 0.269999998E-02	 0.279999998E-02	  1259.15152    
    3384	 0.149999988E-02	 0.300000000E-02	 0.279999998E-02	  1259.15152    
    3483	 0.179999990E-02	-0.300000262E-03	 0.279999998E-02	  1259.15151    
    3494	 0.179999990E-02	-0.238418579E-09	 0.279999998E-02	  1259.15151    
    3505	 0.179999990E-02	 0.299999785E-03	 0.279999998E-02	  1259.15151    
    3516	 0.179999990E-02	 0.599999809E-03	 0.279999998E-02	  1259.15151    
    3527	 0.179999990E-02	 0.899999833E-03	 0.279999998E-02	  1259.15151    
    3538	 0.179999990E-02	 0.119999986E-02	 0.279999998E-02	  1259.15151    
    3549	 0.179999990E-02	 0.149999988E-02	 0.279999998E-02	  1259.15152    
    3560	 0.179999990E-02	 0.179999990E-02	 0.279999998E-02	  1259.15152    
    3571	 0.179999990E-02	 0.209999993E-02	 0.279999998E-02	  1259.15152    
    3582	 0.179999990E-02	 0.239999995E-02	 0.279999998E-02	  1259.15152    
    3593	 0.179999990E-02	 0.269999998E-02	 0.279999998E-02	  1259.15152    
    3681	 0.209999993E-02	-0.300000262E-03	 0.279999998E-02	  1259.15151    
    3692	 0.209999993E-02	-0.238418579E-09	 0.279999998E-02	  1259.15151    
    3703	 0.209999993E-02	 0.299999785E-03	 0.279999998E-02	  1259.15151    
    3714	 0.209999993E-02	 0.599999809E-03	 0.279999998E-02	  1259.15151    
    3725	 0.209999993E-02	 0.899999833E-03	 0.279999998E-02	  1259.15152    
    3736	 0.209999993E-02	 0.119999986E-02	 0.279999998E-02	  1259.15152    
    3747	 0.209999993E-02	 0.149999988E-02	 0.279999998E-02	  1259.15152    
    3758	 0.209999993E-02	 0.179999990E-02	 0.279999998E-02	  1259.15152    
    3769	 0.209999993E-02	 0.209999993E-02	 0.279999998E-02	  1259.15152    
    3780	 0.209999993E-02	 0.239999995E-02	 0.279999998E-02	  1259.15152    
    3868	 0.239999995E-02	-0.300000262E-03	 0.279999998E-02	  1259.15151    
    3879	 0.239999995E-02	-0.238418579E-09	 0.279999998E-02	  1259.15151    
    3890	 0.239999995E-02	 0.299999785E-03	 0.279999998E-02	  1259.15151    
    3901	 0.239999995E-02	 0.599999809E-03	 0.279999998E-02	  1259.15152    
    3912	 0.239999995E-02	 0.899999833E-03	 0.279999998E-02	  1259.15152    
    3923	 0.239999995E-02	 0.119999986E-02	 0.279999998E-02	  1259.15152    
    3934	 0.239999995E-02	 0.149999988E-02	 0.279999998E-02	  1259.15152    
    3945	 0.239999995E-02	 0.179999990E-02	 0.279999998E-02	  1259.15152    
    3956	 0.239999995E-02	 0.209999993E-02	 0.279999998E-02	  1259.15152    
    3967	 0.239999995E-02	 0.239999995E-02	 0.279999998E-02	  1259.15152    
    4033	 0.269999998E-02	-0.300000262E-03	 0.279999998E-02	  1259.15152    
    4044	 0.269999998E-02	-0.238418579E-09	 0.279999998E-02	  1259.15152    
    4055	 0.269999998E-02	 0.299999785E-03	 0.279999998E-02	  1259.15152    
    4066	 0.269999998E-02	 0.599999809E-03	 0.279999998E-02	  1259.15152    
    4077	 0.269999998E-02	 0.899999833E-03	 0.279999998E-02	  1259.15152    
    4088	 0.269999998E-02	 0.119999986E-02	 0.279999998E-02	  1259.15152    
    4099	 0.269999998E-02	 0.149999988E-02	 0.279999998E-02	  1259.15152    
    4110	 0.269999998E-02	 0.179999990E-02	 0.279999998E-02	  1259.15152    
    4165	 0.300000000E-02	-0.300000262E-03	 0.279999998E-02	  1259.15152    
    4176	 0.300000000E-02	-0.238418579E-09	 0.279999998E-02	  1259.15152    
    4187	 0.300000000E-02	 0.299999785E-03	 0.279999998E-02	  1259.15152    
    4198	 0.300000000E-02	 0.599999809E-03	 0.279999998E-02	  1259.15152    
    4209	 0.300000000E-02	 0.899999833E-03	 0.279999998E-02	  1259.15152    
    4220	 0.300000000E-02	 0.119999986E-02	 0.279999998E-02	  1259.15152    
    4231	 0.300000000E-02	 0.149999988E-02	 0.279999998E-02	  1259.15152    
      31	-0.270000045E-02	-0.150000036E-02	 0.309999998E-02	  1259.33895    
     264	-0.270000045E-02	-0.180000038E-02	 0.309999998E-02	  1259.33895    
     266	-0.240000043E-02	-0.150000036E-02	 0.309999998E-02	  1259.33895    
     265	-0.240000043E-02	-0.180000038E-02	 0.309999998E-02	  1259.33895    
     437	-0.240000043E-02	-0.210000040E-02	 0.309999998E-02	  1259.33895    
     436	-0.240000043E-02	-0.240000043E-02	 0.309999998E-02	  1259.33895    
     439	-0.210000040E-02	-0.210000040E-02	 0.309999998E-02	  1259.33895    
     438	-0.210000040E-02	-0.240000043E-02	 0.309999998E-02	  1259.33895    
     459	-0.210000040E-02	-0.180000038E-02	 0.309999998E-02	  1259.33895    
     470	-0.210000040E-02	-0.150000036E-02	 0.309999998E-02	  1259.33895    
     654	-0.180000038E-02	-0.210000040E-02	 0.309999998E-02	  1259.33895    
     653	-0.180000038E-02	-0.240000043E-02	 0.309999998E-02	  1259.33895    
     668	-0.180000038E-02	-0.180000038E-02	 0.309999998E-02	  1259.33895    
     679	-0.180000038E-02	-0.150000036E-02	 0.309999998E-02	  1259.33895    
     847	-0.180000038E-02	-0.270000045E-02	 0.309999998E-02	  1259.33895    
     849	-0.150000036E-02	-0.240000043E-02	 0.309999998E-02	  1259.33895    
     848	-0.150000036E-02	-0.270000045E-02	 0.309999998E-02	  1259.33895    
     866	-0.150000036E-02	-0.210000040E-02	 0.309999998E-02	  1259.33895    
     877	-0.150000036E-02	-0.180000038E-02	 0.309999998E-02	  1259.33895    
     888	-0.150000036E-02	-0.150000036E-02	 0.309999998E-02	  1259.33895    
    1078	-0.150000036E-02	-0.300000048E-02	 0.309999998E-02	  1259.33895    
    1080	-0.120000033E-02	-0.270000045E-02	 0.309999998E-02	  1259.33895    
    1079	-0.120000033E-02	-0.300000048E-02	 0.309999998E-02	  1259.33895    
    1097	-0.120000033E-02	-0.240000043E-02	 0.309999998E-02	  1259.33895    
    1108	-0.120000033E-02	-0.210000040E-02	 0.309999998E-02	  1259.33895    
    1119	-0.120000033E-02	-0.180000038E-02	 0.309999998E-02	  1259.33895    
    1130	-0.120000033E-02	-0.150000036E-02	 0.309999998E-02	  1259.33895    
    1325	-0.900000310E-03	-0.270000045E-02	 0.309999998E-02	  1259.33895    
    1324	-0.900000310E-03	-0.300000048E-02	 0.309999998E-02	  1259.33895    
    1339	-0.900000310E-03	-0.240000043E-02	 0.309999998E-02	  1259.33895    
    1350	-0.900000310E-03	-0.210000040E-02	 0.309999998E-02	  1259.33895    
    1361	-0.900000310E-03	-0.180000038E-02	 0.309999998E-02	  1259.33895    
    1372	-0.900000310E-03	-0.150000036E-02	 0.309999998E-02	  1259.33895    
    1141	-0.120000033E-02	-0.120000033E-02	 0.309999998E-02	  1259.33895    
    1383	-0.900000310E-03	-0.120000033E-02	 0.309999998E-02	  1259.33894    
    1556	-0.600000286E-03	-0.270000045E-02	 0.309999998E-02	  1259.33895    
    1555	-0.600000286E-03	-0.300000048E-02	 0.309999998E-02	  1259.33895    
    1570	-0.600000286E-03	-0.240000043E-02	 0.309999998E-02	  1259.33895    
    1581	-0.600000286E-03	-0.210000040E-02	 0.309999998E-02	  1259.33895    
    1592	-0.600000286E-03	-0.180000038E-02	 0.309999998E-02	  1259.33895    
    1603	-0.600000286E-03	-0.150000036E-02	 0.309999998E-02	  1259.33894    
    1614	-0.600000286E-03	-0.120000033E-02	 0.309999998E-02	  1259.33894    
    1394	-0.900000310E-03	-0.900000310E-03	 0.309999998E-02	  1259.33894    
    1625	-0.600000286E-03	-0.900000310E-03	 0.309999998E-02	  1259.33894    
    1787	-0.300000262E-03	-0.270000045E-02	 0.309999998E-02	  1259.33895    
    1786	-0.300000262E-03	-0.300000048E-02	 0.309999998E-02	  1259.33895    
    1801	-0.300000262E-03	-0.240000043E-02	 0.309999998E-02	  1259.33895    
    1812	-0.300000262E-03	-0.210000040E-02	 0.309999998E-02	  1259.33895    
    1823	-0.300000262E-03	-0.180000038E-02	 0.309999998E-02	  1259.33895    
    1834	-0.300000262E-03	-0.150000036E-02	 0.309999998E-02	  1259.33894    
    1845	-0.300000262E-03	-0.120000033E-02	 0.309999998E-02	  1259.33894    
    1856	-0.300000262E-03	-0.900000310E-03	 0.309999998E-02	  1259.33894    
    2018	-0.238418579E-09	-0.270000045E-02	 0.309999998E-02	  1259.33895    
    2017	-0.238418579E-09	-0.300000048E-02	 0.309999998E-02	  1259.33895    
    2032	-0.238418579E-09	-0.240000043E-02	 0.309999998E-02	  1259.33895    
    2043	-0.238418579E-09	-0.210000040E-02	 0.309999998E-02	  1259.33895    
    2054	-0.238418579E-09	-0.180000038E-02	 0.309999998E-02	  1259.33895    
    2065	-0.238418579E-09	-0.150000036E-02	 0.309999998E-02	  1259.33894    
    2076	-0.238418579E-09	-0.120000033E-02	 0.309999998E-02	  1259.33894    
    2087	-0.238418579E-09	-0.900000310E-03	 0.309999998E-02	  1259.33894    
    1867	-0.300000262E-03	-0.600000286E-03	 0.309999998E-02	  1259.33894    
    2098	-0.238418579E-09	-0.600000286E-03	 0.309999998E-02	  1259.33894    
    2249	 0.299999785E-03	-0.270000045E-02	 0.309999998E-02	  1259.33895    
    2248	 0.299999785E-03	-0.300000048E-02	 0.309999998E-02	  1259.33895    
    2263	 0.299999785E-03	-0.240000043E-02	 0.309999998E-02	  1259.33895    
    2274	 0.299999785E-03	-0.210000040E-02	 0.309999998E-02	  1259.33895    
    2285	 0.299999785E-03	-0.180000038E-02	 0.309999998E-02	  1259.33895    
    2296	 0.299999785E-03	-0.150000036E-02	 0.309999998E-02	  1259.33894    
    2307	 0.299999785E-03	-0.120000033E-02	 0.309999998E-02	  1259.33894    
    2318	 0.299999785E-03	-0.900000310E-03	 0.309999998E-02	  1259.33894    
    2329	 0.299999785E-03	-0.600000286E-03	 0.309999998E-02	  1259.33894    
    2480	 0.599999809E-03	-0.270000045E-02	 0.309999998E-02	  1259.33895    
    2479	 0.599999809E-03	-0.300000048E-02	 0.309999998E-02	  1259.33895    
    2494	 0.599999809E-03	-0.240000043E-02	 0.309999998E-02	  1259.33895    
    2505	 0.599999809E-03	-0.210000040E-02	 0.309999998E-02	  1259.33895    
    2516	 0.599999809E-03	-0.180000038E-02	 0.309999998E-02	  1259.33895    
    2527	 0.599999809E-03	-0.150000036E-02	 0.309999998E-02	  1259.33894    
    2538	 0.599999809E-03	-0.120000033E-02	 0.309999998E-02	  1259.33894    
    2549	 0.599999809E-03	-0.900000310E-03	 0.309999998E-02	  1259.33894    
    2560	 0.599999809E-03	-0.600000286E-03	 0.309999998E-02	  1259.33894    
    2711	 0.899999833E-03	-0.270000045E-02	 0.309999998E-02	  1259.33895    
    2710	 0.899999833E-03	-0.300000048E-02	 0.309999998E-02	  1259.33895    
    2725	 0.899999833E-03	-0.240000043E-02	 0.309999998E-02	  1259.33895    
    2736	 0.899999833E-03	-0.210000040E-02	 0.309999998E-02	  1259.33895    
    2747	 0.899999833E-03	-0.180000038E-02	 0.309999998E-02	  1259.33895    
    2758	 0.899999833E-03	-0.150000036E-02	 0.309999998E-02	  1259.33895    
    2769	 0.899999833E-03	-0.120000033E-02	 0.309999998E-02	  1259.33894    
    2780	 0.899999833E-03	-0.900000310E-03	 0.309999998E-02	  1259.33894    
    2791	 0.899999833E-03	-0.600000286E-03	 0.309999998E-02	  1259.33894    
    2942	 0.119999986E-02	-0.270000045E-02	 0.309999998E-02	  1259.33895    
    2941	 0.119999986E-02	-0.300000048E-02	 0.309999998E-02	  1259.33895    
    2956	 0.119999986E-02	-0.240000043E-02	 0.309999998E-02	  1259.33895    
    2967	 0.119999986E-02	-0.210000040E-02	 0.309999998E-02	  1259.33895    
    2978	 0.119999986E-02	-0.180000038E-02	 0.309999998E-02	  1259.33895    
    2989	 0.119999986E-02	-0.150000036E-02	 0.309999998E-02	  1259.33895    
    3000	 0.119999986E-02	-0.120000033E-02	 0.309999998E-02	  1259.33895    
    3011	 0.119999986E-02	-0.900000310E-03	 0.309999998E-02	  1259.33894    
    3022	 0.119999986E-02	-0.600000286E-03	 0.309999998E-02	  1259.33894    
    3173	 0.149999988E-02	-0.270000045E-02	 0.309999998E-02	  1259.33895    
    3172	 0.149999988E-02	-0.300000048E-02	 0.309999998E-02	  1259.33895    
    3187	 0.149999988E-02	-0.240000043E-02	 0.309999998E-02	  1259.33895    
    3198	 0.149999988E-02	-0.210000040E-02	 0.309999998E-02	  1259.33895    
    3209	 0.149999988E-02	-0.180000038E-02	 0.309999998E-02	  1259.33895    
    3220	 0.149999988E-02	-0.150000036E-02	 0.309999998E-02	  1259.33895    
    3231	 0.149999988E-02	-0.120000033E-02	 0.309999998E-02	  1259.33895    
    3242	 0.149999988E-02	-0.900000310E-03	 0.309999998E-02	  1259.33895    
    3253	 0.149999988E-02	-0.600000286E-03	 0.309999998E-02	  1259.33894    
    3404	 0.179999990E-02	-0.240000043E-02	 0.309999998E-02	  1259.33895    
    3403	 0.179999990E-02	-0.270000045E-02	 0.309999998E-02	  1259.33895    
    3418	 0.179999990E-02	-0.210000040E-02	 0.309999998E-02	  1259.33895    
    3429	 0.179999990E-02	-0.180000038E-02	 0.309999998E-02	  1259.33895    
    3440	 0.179999990E-02	-0.150000036E-02	 0.309999998E-02	  1259.33895    
    3451	 0.179999990E-02	-0.120000033E-02	 0.309999998E-02	  1259.33895    
    3462	 0.179999990E-02	-0.900000310E-03	 0.309999998E-02	  1259.33895    
    3473	 0.179999990E-02	-0.600000286E-03	 0.309999998E-02	  1259.33895    
    3613	 0.209999993E-02	-0.210000040E-02	 0.309999998E-02	  1259.33895    
    3612	 0.209999993E-02	-0.240000043E-02	 0.309999998E-02	  1259.33895    
    3627	 0.209999993E-02	-0.180000038E-02	 0.309999998E-02	  1259.33895    
    3638	 0.209999993E-02	-0.150000036E-02	 0.309999998E-02	  1259.33895    
    3649	 0.209999993E-02	-0.120000033E-02	 0.309999998E-02	  1259.33895    
    3660	 0.209999993E-02	-0.900000310E-03	 0.309999998E-02	  1259.33895    
    3671	 0.209999993E-02	-0.600000286E-03	 0.309999998E-02	  1259.33895    
    3800	 0.239999995E-02	-0.210000040E-02	 0.309999998E-02	  1259.33895    
    3799	 0.239999995E-02	-0.240000043E-02	 0.309999998E-02	  1259.33895    
    3814	 0.239999995E-02	-0.180000038E-02	 0.309999998E-02	  1259.33895    
    3825	 0.239999995E-02	-0.150000036E-02	 0.309999998E-02	  1259.33895    
    3836	 0.239999995E-02	-0.120000033E-02	 0.309999998E-02	  1259.33895    
    3847	 0.239999995E-02	-0.900000310E-03	 0.309999998E-02	  1259.33895    
    3858	 0.239999995E-02	-0.600000286E-03	 0.309999998E-02	  1259.33895    
    3987	 0.269999998E-02	-0.150000036E-02	 0.309999998E-02	  1259.33895    
    3986	 0.269999998E-02	-0.180000038E-02	 0.309999998E-02	  1259.33895    
    4001	 0.269999998E-02	-0.120000033E-02	 0.309999998E-02	  1259.33895    
    4012	 0.269999998E-02	-0.900000310E-03	 0.309999998E-02	  1259.33895    
    4023	 0.269999998E-02	-0.600000286E-03	 0.309999998E-02	  1259.33895    
    4130	 0.300000000E-02	-0.120000033E-02	 0.309999998E-02	  1259.33895    
    4129	 0.300000000E-02	-0.150000036E-02	 0.309999998E-02	  1259.33895    
    4144	 0.300000000E-02	-0.900000310E-03	 0.309999998E-02	  1259.33895    
    4155	 0.300000000E-02	-0.600000286E-03	 0.309999998E-02	  1259.33895    
      30	-0.300000048E-02	-0.120000033E-02	 0.309999998E-02	  1259.33895    
      29	-0.300000048E-02	-0.150000036E-02	 0.309999998E-02	  1259.33895    
      32	-0.270000045E-02	-0.120000033E-02	 0.309999998E-02	  1259.33895    
     283	-0.240000043E-02	-0.120000033E-02	 0.309999998E-02	  1259.33895    
     481	-0.210000040E-02	-0.120000033E-02	 0.309999998E-02	  1259.33895    
     690	-0.180000038E-02	-0.120000033E-02	 0.309999998E-02	  1259.33895    
     899	-0.150000036E-02	-0.120000033E-02	 0.309999998E-02	  1259.33895    
      59	-0.300000048E-02	-0.900000310E-03	 0.309999998E-02	  1259.33895    
      60	-0.270000045E-02	-0.900000310E-03	 0.309999998E-02	  1259.33895    
     294	-0.240000043E-02	-0.900000310E-03	 0.309999998E-02	  1259.33895    
     492	-0.210000040E-02	-0.900000310E-03	 0.309999998E-02	  1259.33895    
     701	-0.180000038E-02	-0.900000310E-03	 0.309999998E-02	  1259.33895    
     910	-0.150000036E-02	-0.900000310E-03	 0.309999998E-02	  1259.33895    
    1152	-0.120000033E-02	-0.900000310E-03	 0.309999998E-02	  1259.33894    
      81	-0.300000048E-02	-0.600000286E-03	 0.309999998E-02	  1259.33895    
      82	-0.270000045E-02	-0.600000286E-03	 0.309999998E-02	  1259.33895    
     305	-0.240000043E-02	-0.600000286E-03	 0.309999998E-02	  1259.33895    
     503	-0.210000040E-02	-0.600000286E-03	 0.309999998E-02	  1259.33895    
     712	-0.180000038E-02	-0.600000286E-03	 0.309999998E-02	  1259.33895    
     921	-0.150000036E-02	-0.600000286E-03	 0.309999998E-02	  1259.33894    
    1163	-0.120000033E-02	-0.600000286E-03	 0.309999998E-02	  1259.33894    
    1405	-0.900000310E-03	-0.600000286E-03	 0.309999998E-02	  1259.33894    
    1636	-0.600000286E-03	-0.600000286E-03	 0.309999998E-02	  1259.33894    
     103	-0.300000048E-02	-0.300000262E-03	 0.309999998E-02	  1259.33895    
     104	-0.270000045E-02	-0.300000262E-03	 0.309999998E-02	  1259.33895    
     316	-0.240000043E-02	-0.300000262E-03	 0.309999998E-02	  1259.33895    
     514	-0.210000040E-02	-0.300000262E-03	 0.309999998E-02	  1259.33895    
     723	-0.180000038E-02	-0.300000262E-03	 0.309999998E-02	  1259.33895    
     932	-0.150000036E-02	-0.300000262E-03	 0.309999998E-02	  1259.33894    
    1174	-0.120000033E-02	-0.300000262E-03	 0.309999998E-02	  1259.33894    
    1416	-0.900000310E-03	-0.300000262E-03	 0.309999998E-02	  1259.33894    
    1647	-0.600000286E-03	-0.300000262E-03	 0.309999998E-02	  1259.33894    
    1878	-0.300000262E-03	-0.300000262E-03	 0.309999998E-02	  1259.33894    
    2109	-0.238418579E-09	-0.300000262E-03	 0.309999998E-02	  1259.33894    
     125	-0.300000048E-02	-0.238418579E-09	 0.309999998E-02	  1259.33895    
     126	-0.270000045E-02	-0.238418579E-09	 0.309999998E-02	  1259.33895    
     327	-0.240000043E-02	-0.238418579E-09	 0.309999998E-02	  1259.33895    
     525	-0.210000040E-02	-0.238418579E-09	 0.309999998E-02	  1259.33895    
     734	-0.180000038E-02	-0.238418579E-09	 0.309999998E-02	  1259.33895    
     943	-0.150000036E-02	-0.238418579E-09	 0.309999998E-02	  1259.33894    
    1185	-0.120000033E-02	-0.238418579E-09	 0.309999998E-02	  1259.33894    
    1427	-0.900000310E-03	-0.238418579E-09	 0.309999998E-02	  1259.33894    
    1658	-0.600000286E-03	-0.238418579E-09	 0.309999998E-02	  1259.33894    
    1889	-0.300000262E-03	-0.238418579E-09	 0.309999998E-02	  1259.33894    
    2120	-0.238418579E-09	-0.238418579E-09	 0.309999998E-02	  1259.33894    
     147	-0.300000048E-02	 0.299999785E-03	 0.309999998E-02	  1259.33895    
     148	-0.270000045E-02	 0.299999785E-03	 0.309999998E-02	  1259.33895    
     338	-0.240000043E-02	 0.299999785E-03	 0.309999998E-02	  1259.33895    
     536	-0.210000040E-02	 0.299999785E-03	 0.309999998E-02	  1259.33895    
     745	-0.180000038E-02	 0.299999785E-03	 0.309999998E-02	  1259.33895    
     954	-0.150000036E-02	 0.299999785E-03	 0.309999998E-02	  1259.33894    
    1196	-0.120000033E-02	 0.299999785E-03	 0.309999998E-02	  1259.33894    
    1438	-0.900000310E-03	 0.299999785E-03	 0.309999998E-02	  1259.33894    
    1669	-0.600000286E-03	 0.299999785E-03	 0.309999998E-02	  1259.33894    
    1900	-0.300000262E-03	 0.299999785E-03	 0.309999998E-02	  1259.33894    
    2131	-0.238418579E-09	 0.299999785E-03	 0.309999998E-02	  1259.33894    
     169	-0.300000048E-02	 0.599999809E-03	 0.309999998E-02	  1259.33895    
     170	-0.270000045E-02	 0.599999809E-03	 0.309999998E-02	  1259.33895    
     349	-0.240000043E-02	 0.599999809E-03	 0.309999998E-02	  1259.33895    
     547	-0.210000040E-02	 0.599999809E-03	 0.309999998E-02	  1259.33895    
     756	-0.180000038E-02	 0.599999809E-03	 0.309999998E-02	  1259.33895    
     965	-0.150000036E-02	 0.599999809E-03	 0.309999998E-02	  1259.33894    
    1207	-0.120000033E-02	 0.599999809E-03	 0.309999998E-02	  1259.33894    
    1449	-0.900000310E-03	 0.599999809E-03	 0.309999998E-02	  1259.33894    
    1680	-0.600000286E-03	 0.599999809E-03	 0.309999998E-02	  1259.33894    
    1911	-0.300000262E-03	 0.599999809E-03	 0.309999998E-02	  1259.33894    
    2142	-0.238418579E-09	 0.599999809E-03	 0.309999998E-02	  1259.33894    
     191	-0.300000048E-02	 0.899999833E-03	 0.309999998E-02	  1259.33895    
     192	-0.270000045E-02	 0.899999833E-03	 0.309999998E-02	  1259.33895    
     360	-0.240000043E-02	 0.899999833E-03	 0.309999998E-02	  1259.33895    
     558	-0.210000040E-02	 0.899999833E-03	 0.309999998E-02	  1259.33895    
     767	-0.180000038E-02	 0.899999833E-03	 0.309999998E-02	  1259.33895    
     976	-0.150000036E-02	 0.899999833E-03	 0.309999998E-02	  1259.33895    
    1218	-0.120000033E-02	 0.899999833E-03	 0.309999998E-02	  1259.33894    
    1460	-0.900000310E-03	 0.899999833E-03	 0.309999998E-02	  1259.33894    
    1691	-0.600000286E-03	 0.899999833E-03	 0.309999998E-02	  1259.33894    
    1922	-0.300000262E-03	 0.899999833E-03	 0.309999998E-02	  1259.33894    
     213	-0.300000048E-02	 0.119999986E-02	 0.309999998E-02	  1259.33895    
     214	-0.270000045E-02	 0.119999986E-02	 0.309999998E-02	  1259.33895    
     371	-0.240000043E-02	 0.119999986E-02	 0.309999998E-02	  1259.33895    
     569	-0.210000040E-02	 0.119999986E-02	 0.309999998E-02	  1259.33895    
     778	-0.180000038E-02	 0.119999986E-02	 0.309999998E-02	  1259.33895    
     987	-0.150000036E-02	 0.119999986E-02	 0.309999998E-02	  1259.33895    
    1229	-0.120000033E-02	 0.119999986E-02	 0.309999998E-02	  1259.33895    
    1471	-0.900000310E-03	 0.119999986E-02	 0.309999998E-02	  1259.33894    
    1702	-0.600000286E-03	 0.119999986E-02	 0.309999998E-02	  1259.33894    
    1933	-0.300000262E-03	 0.119999986E-02	 0.309999998E-02	  1259.33894    
     235	-0.300000048E-02	 0.149999988E-02	 0.309999998E-02	  1259.33895    
     236	-0.270000045E-02	 0.149999988E-02	 0.309999998E-02	  1259.33895    
     382	-0.240000043E-02	 0.149999988E-02	 0.309999998E-02	  1259.33895    
     580	-0.210000040E-02	 0.149999988E-02	 0.309999998E-02	  1259.33895    
     789	-0.180000038E-02	 0.149999988E-02	 0.309999998E-02	  1259.33895    
     998	-0.150000036E-02	 0.149999988E-02	 0.309999998E-02	  1259.33895    
    1240	-0.120000033E-02	 0.149999988E-02	 0.309999998E-02	  1259.33895    
    1482	-0.900000310E-03	 0.149999988E-02	 0.309999998E-02	  1259.33895    
    1713	-0.600000286E-03	 0.149999988E-02	 0.309999998E-02	  1259.33894    
    1944	-0.300000262E-03	 0.149999988E-02	 0.309999998E-02	  1259.33894    
     400	-0.270000045E-02	 0.179999990E-02	 0.309999998E-02	  1259.33895    
     401	-0.240000043E-02	 0.179999990E-02	 0.309999998E-02	  1259.33895    
     591	-0.210000040E-02	 0.179999990E-02	 0.309999998E-02	  1259.33895    
     800	-0.180000038E-02	 0.179999990E-02	 0.309999998E-02	  1259.33895    
    1009	-0.150000036E-02	 0.179999990E-02	 0.309999998E-02	  1259.33895    
    1251	-0.120000033E-02	 0.179999990E-02	 0.309999998E-02	  1259.33895    
    1493	-0.900000310E-03	 0.179999990E-02	 0.309999998E-02	  1259.33895    
    1724	-0.600000286E-03	 0.179999990E-02	 0.309999998E-02	  1259.33895    
    1955	-0.300000262E-03	 0.179999990E-02	 0.309999998E-02	  1259.33895    
     609	-0.240000043E-02	 0.209999993E-02	 0.309999998E-02	  1259.33895    
     610	-0.210000040E-02	 0.209999993E-02	 0.309999998E-02	  1259.33895    
     811	-0.180000038E-02	 0.209999993E-02	 0.309999998E-02	  1259.33895    
    1020	-0.150000036E-02	 0.209999993E-02	 0.309999998E-02	  1259.33895    
    1262	-0.120000033E-02	 0.209999993E-02	 0.309999998E-02	  1259.33895    
    1504	-0.900000310E-03	 0.209999993E-02	 0.309999998E-02	  1259.33895    
    1735	-0.600000286E-03	 0.209999993E-02	 0.309999998E-02	  1259.33895    
    1966	-0.300000262E-03	 0.209999993E-02	 0.309999998E-02	  1259.33895    
     631	-0.240000043E-02	 0.239999995E-02	 0.309999998E-02	  1259.33895    
     632	-0.210000040E-02	 0.239999995E-02	 0.309999998E-02	  1259.33895    
     822	-0.180000038E-02	 0.239999995E-02	 0.309999998E-02	  1259.33895    
    1031	-0.150000036E-02	 0.239999995E-02	 0.309999998E-02	  1259.33895    
    1273	-0.120000033E-02	 0.239999995E-02	 0.309999998E-02	  1259.33895    
    1515	-0.900000310E-03	 0.239999995E-02	 0.309999998E-02	  1259.33895    
    1746	-0.600000286E-03	 0.239999995E-02	 0.309999998E-02	  1259.33895    
    1049	-0.180000038E-02	 0.269999998E-02	 0.309999998E-02	  1259.33895    
    1050	-0.150000036E-02	 0.269999998E-02	 0.309999998E-02	  1259.33895    
    1284	-0.120000033E-02	 0.269999998E-02	 0.309999998E-02	  1259.33895    
    1526	-0.900000310E-03	 0.269999998E-02	 0.309999998E-02	  1259.33895    
    1757	-0.600000286E-03	 0.269999998E-02	 0.309999998E-02	  1259.33895    
    1302	-0.150000036E-02	 0.300000000E-02	 0.309999998E-02	  1259.33895    
    1303	-0.120000033E-02	 0.300000000E-02	 0.309999998E-02	  1259.33895    
    1537	-0.900000310E-03	 0.300000000E-02	 0.309999998E-02	  1259.33895    
    1768	-0.600000286E-03	 0.300000000E-02	 0.309999998E-02	  1259.33895    
    1977	-0.300000262E-03	 0.239999995E-02	 0.309999998E-02	  1259.33895    
    1988	-0.300000262E-03	 0.269999998E-02	 0.309999998E-02	  1259.33895    
    1999	-0.300000262E-03	 0.300000000E-02	 0.309999998E-02	  1259.33895    
    2153	-0.238418579E-09	 0.899999833E-03	 0.309999998E-02	  1259.33894    
    2164	-0.238418579E-09	 0.119999986E-02	 0.309999998E-02	  1259.33894    
    2175	-0.238418579E-09	 0.149999988E-02	 0.309999998E-02	  1259.33894    
    2186	-0.238418579E-09	 0.179999990E-02	 0.309999998E-02	  1259.33895    
    2197	-0.238418579E-09	 0.209999993E-02	 0.309999998E-02	  1259.33895    
    2208	-0.238418579E-09	 0.239999995E-02	 0.309999998E-02	  1259.33895    
    2219	-0.238418579E-09	 0.269999998E-02	 0.309999998E-02	  1259.33895    
    2230	-0.238418579E-09	 0.300000000E-02	 0.309999998E-02	  1259.33895    
    2340	 0.299999785E-03	-0.300000262E-03	 0.309999998E-02	  1259.33894    
    2351	 0.299999785E-03	-0.238418579E-09	 0.309999998E-02	  1259.33894    
    2362	 0.299999785E-03	 0.299999785E-03	 0.309999998E-02	  1259.33894    
    2373	 0.299999785E-03	 0.599999809E-03	 0.309999998E-02	  1259.33894    
    2384	 0.299999785E-03	 0.899999833E-03	 0.309999998E-02	  1259.33894    
    2395	 0.299999785E-03	 0.119999986E-02	 0.309999998E-02	  1259.33894    
    2406	 0.299999785E-03	 0.149999988E-02	 0.309999998E-02	  1259.33894    
    2417	 0.299999785E-03	 0.179999990E-02	 0.309999998E-02	  1259.33895    
    2428	 0.299999785E-03	 0.209999993E-02	 0.309999998E-02	  1259.33895    
    2439	 0.299999785E-03	 0.239999995E-02	 0.309999998E-02	  1259.33895    
    2450	 0.299999785E-03	 0.269999998E-02	 0.309999998E-02	  1259.33895    
    2461	 0.299999785E-03	 0.300000000E-02	 0.309999998E-02	  1259.33895    
    2571	 0.599999809E-03	-0.300000262E-03	 0.309999998E-02	  1259.33894    
    2582	 0.599999809E-03	-0.238418579E-09	 0.309999998E-02	  1259.33894    
    2593	 0.599999809E-03	 0.299999785E-03	 0.309999998E-02	  1259.33894    
    2604	 0.599999809E-03	 0.599999809E-03	 0.309999998E-02	  1259.33894    
    2615	 0.599999809E-03	 0.899999833E-03	 0.309999998E-02	  1259.33894    
    2626	 0.599999809E-03	 0.119999986E-02	 0.309999998E-02	  1259.33894    
    2637	 0.599999809E-03	 0.149999988E-02	 0.309999998E-02	  1259.33894    
    2648	 0.599999809E-03	 0.179999990E-02	 0.309999998E-02	  1259.33895    
    2659	 0.599999809E-03	 0.209999993E-02	 0.309999998E-02	  1259.33895    
    2670	 0.599999809E-03	 0.239999995E-02	 0.309999998E-02	  1259.33895    
    2681	 0.599999809E-03	 0.269999998E-02	 0.309999998E-02	  1259.33895    
    2692	 0.599999809E-03	 0.300000000E-02	 0.309999998E-02	  1259.33895    
    2802	 0.899999833E-03	-0.300000262E-03	 0.309999998E-02	  1259.33894    
    2813	 0.899999833E-03	-0.238418579E-09	 0.309999998E-02	  1259.33894    
    2824	 0.899999833E-03	 0.299999785E-03	 0.309999998E-02	  1259.33894    
    2835	 0.899999833E-03	 0.599999809E-03	 0.309999998E-02	  1259.33894    
    2846	 0.899999833E-03	 0.899999833E-03	 0.309999998E-02	  1259.33894    
    2857	 0.899999833E-03	 0.119999986E-02	 0.309999998E-02	  1259.33894    
    2868	 0.899999833E-03	 0.149999988E-02	 0.309999998E-02	  1259.33895    
    2879	 0.899999833E-03	 0.179999990E-02	 0.309999998E-02	  1259.33895    
    2890	 0.899999833E-03	 0.209999993E-02	 0.309999998E-02	  1259.33895    
    2901	 0.899999833E-03	 0.239999995E-02	 0.309999998E-02	  1259.33895    
    2912	 0.899999833E-03	 0.269999998E-02	 0.309999998E-02	  1259.33895    
    2923	 0.899999833E-03	 0.300000000E-02	 0.309999998E-02	  1259.33895    
    3033	 0.119999986E-02	-0.300000262E-03	 0.309999998E-02	  1259.33894    
    3044	 0.119999986E-02	-0.238418579E-09	 0.309999998E-02	  1259.33894    
    3055	 0.119999986E-02	 0.299999785E-03	 0.309999998E-02	  1259.33894    
    3066	 0.119999986E-02	 0.599999809E-03	 0.309999998E-02	  1259.33894    
    3077	 0.119999986E-02	 0.899999833E-03	 0.309999998E-02	  1259.33894    
    3088	 0.119999986E-02	 0.119999986E-02	 0.309999998E-02	  1259.33895    
    3099	 0.119999986E-02	 0.149999988E-02	 0.309999998E-02	  1259.33895    
    3110	 0.119999986E-02	 0.179999990E-02	 0.309999998E-02	  1259.33895    
    3121	 0.119999986E-02	 0.209999993E-02	 0.309999998E-02	  1259.33895    
    3132	 0.119999986E-02	 0.239999995E-02	 0.309999998E-02	  1259.33895    
    3143	 0.119999986E-02	 0.269999998E-02	 0.309999998E-02	  1259.33895    
    3154	 0.119999986E-02	 0.300000000E-02	 0.309999998E-02	  1259.33895    
    3264	 0.149999988E-02	-0.300000262E-03	 0.309999998E-02	  1259.33894    
    3275	 0.149999988E-02	-0.238418579E-09	 0.309999998E-02	  1259.33894    
    3286	 0.149999988E-02	 0.299999785E-03	 0.309999998E-02	  1259.33894    
    3297	 0.149999988E-02	 0.599999809E-03	 0.309999998E-02	  1259.33894    
    3308	 0.149999988E-02	 0.899999833E-03	 0.309999998E-02	  1259.33895    
    3319	 0.149999988E-02	 0.119999986E-02	 0.309999998E-02	  1259.33895    
    3330	 0.149999988E-02	 0.149999988E-02	 0.309999998E-02	  1259.33895    
    3341	 0.149999988E-02	 0.179999990E-02	 0.309999998E-02	  1259.33895    
    3352	 0.149999988E-02	 0.209999993E-02	 0.309999998E-02	  1259.33895    
    3363	 0.149999988E-02	 0.239999995E-02	 0.309999998E-02	  1259.33895    
    3374	 0.149999988E-02	 0.269999998E-02	 0.309999998E-02	  1259.33895    
    3385	 0.149999988E-02	 0.300000000E-02	 0.309999998E-02	  1259.33895    
    3484	 0.179999990E-02	-0.300000262E-03	 0.309999998E-02	  1259.33895    
    3495	 0.179999990E-02	-0.238418579E-09	 0.309999998E-02	  1259.33895    
    3506	 0.179999990E-02	 0.299999785E-03	 0.309999998E-02	  1259.33895    
    3517	 0.179999990E-02	 0.599999809E-03	 0.309999998E-02	  1259.33895    
    3528	 0.179999990E-02	 0.899999833E-03	 0.309999998E-02	  1259.33895    
    3539	 0.179999990E-02	 0.119999986E-02	 0.309999998E-02	  1259.33895    
    3550	 0.179999990E-02	 0.149999988E-02	 0.309999998E-02	  1259.33895    
    3561	 0.179999990E-02	 0.179999990E-02	 0.309999998E-02	  1259.33895    
    3572	 0.179999990E-02	 0.209999993E-02	 0.309999998E-02	  1259.33895    
    3583	 0.179999990E-02	 0.239999995E-02	 0.309999998E-02	  1259.33895    
    3594	 0.179999990E-02	 0.269999998E-02	 0.309999998E-02	  1259.33895    
    3682	 0.209999993E-02	-0.300000262E-03	 0.309999998E-02	  1259.33895    
    3693	 0.209999993E-02	-0.238418579E-09	 0.309999998E-02	  1259.33895    
    3704	 0.209999993E-02	 0.299999785E-03	 0.309999998E-02	  1259.33895    
    3715	 0.209999993E-02	 0.599999809E-03	 0.309999998E-02	  1259.33895    
    3726	 0.209999993E-02	 0.899999833E-03	 0.309999998E-02	  1259.33895    
    3737	 0.209999993E-02	 0.119999986E-02	 0.309999998E-02	  1259.33895    
    3748	 0.209999993E-02	 0.149999988E-02	 0.309999998E-02	  1259.33895    
    3759	 0.209999993E-02	 0.179999990E-02	 0.309999998E-02	  1259.33895    
    3770	 0.209999993E-02	 0.209999993E-02	 0.309999998E-02	  1259.33895    
    3781	 0.209999993E-02	 0.239999995E-02	 0.309999998E-02	  1259.33895    
    3869	 0.239999995E-02	-0.300000262E-03	 0.309999998E-02	  1259.33895    
    3880	 0.239999995E-02	-0.238418579E-09	 0.309999998E-02	  1259.33895    
    3891	 0.239999995E-02	 0.299999785E-03	 0.309999998E-02	  1259.33895    
    3902	 0.239999995E-02	 0.599999809E-03	 0.309999998E-02	  1259.33895    
    3913	 0.239999995E-02	 0.899999833E-03	 0.309999998E-02	  1259.33895    
    3924	 0.239999995E-02	 0.119999986E-02	 0.309999998E-02	  1259.33895    
    3935	 0.239999995E-02	 0.149999988E-02	 0.309999998E-02	  1259.33895    
    3946	 0.239999995E-02	 0.179999990E-02	 0.309999998E-02	  1259.33895    
    3957	 0.239999995E-02	 0.209999993E-02	 0.309999998E-02	  1259.33895    
    3968	 0.239999995E-02	 0.239999995E-02	 0.309999998E-02	  1259.33895    
    4034	 0.269999998E-02	-0.300000262E-03	 0.309999998E-02	  1259.33895    
    4045	 0.269999998E-02	-0.238418579E-09	 0.309999998E-02	  1259.33895    
    4056	 0.269999998E-02	 0.299999785E-03	 0.309999998E-02	  1259.33895    
    4067	 0.269999998E-02	 0.599999809E-03	 0.309999998E-02	  1259.33895    
    4078	 0.269999998E-02	 0.899999833E-03	 0.309999998E-02	  1259.33895    
    4089	 0.269999998E-02	 0.119999986E-02	 0.309999998E-02	  1259.33895    
    4100	 0.269999998E-02	 0.149999988E-02	 0.309999998E-02	  1259.33895    
    4111	 0.269999998E-02	 0.179999990E-02	 0.309999998E-02	  1259.33895    
    4166	 0.300000000E-02	-0.300000262E-03	 0.309999998E-02	  1259.33895    
    4177	 0.300000000E-02	-0.238418579E-09	 0.309999998E-02	  1259.33895    
    4188	 0.300000000E-02	 0.299999785E-03	 0.309999998E-02	  1259.33895    
    4199	 0.300000000E-02	 0.599999809E-03	 0.309999998E-02	  1259.33895    
    4210	 0.300000000E-02	 0.899999833E-03	 0.309999998E-02	  1259.33895    
    4221	 0.300000000E-02	 0.119999986E-02	 0.309999998E-02	  1259.33895    
    4232	 0.300000000E-02	 0.149999988E-02	 0.309999998E-02	  1259.33895    
      35	-0.270000045E-02	-0.150000036E-02	 0.339999999E-02	  1259.46940    
     267	-0.270000045E-02	-0.180000038E-02	 0.339999999E-02	  1259.46940    
     269	-0.240000043E-02	-0.150000036E-02	 0.339999999E-02	  1259.46940    
     268	-0.240000043E-02	-0.180000038E-02	 0.339999999E-02	  1259.46940    
     441	-0.240000043E-02	-0.210000040E-02	 0.339999999E-02	  1259.46940    
     440	-0.240000043E-02	-0.240000043E-02	 0.339999999E-02	  1259.46940    
     443	-0.210000040E-02	-0.210000040E-02	 0.339999999E-02	  1259.46940    
     442	-0.210000040E-02	-0.240000043E-02	 0.339999999E-02	  1259.46940    
     460	-0.210000040E-02	-0.180000038E-02	 0.339999999E-02	  1259.46940    
     471	-0.210000040E-02	-0.150000036E-02	 0.339999999E-02	  1259.46940    
     656	-0.180000038E-02	-0.210000040E-02	 0.339999999E-02	  1259.46940    
     655	-0.180000038E-02	-0.240000043E-02	 0.339999999E-02	  1259.46940    
     669	-0.180000038E-02	-0.180000038E-02	 0.339999999E-02	  1259.46940    
     680	-0.180000038E-02	-0.150000036E-02	 0.339999999E-02	  1259.46940    
     850	-0.180000038E-02	-0.270000045E-02	 0.339999999E-02	  1259.46940    
     852	-0.150000036E-02	-0.240000043E-02	 0.339999999E-02	  1259.46940    
     851	-0.150000036E-02	-0.270000045E-02	 0.339999999E-02	  1259.46940    
     867	-0.150000036E-02	-0.210000040E-02	 0.339999999E-02	  1259.46940    
     878	-0.150000036E-02	-0.180000038E-02	 0.339999999E-02	  1259.46940    
     889	-0.150000036E-02	-0.150000036E-02	 0.339999999E-02	  1259.46940    
    1081	-0.150000036E-02	-0.300000048E-02	 0.339999999E-02	  1259.46940    
    1083	-0.120000033E-02	-0.270000045E-02	 0.339999999E-02	  1259.46940    
    1082	-0.120000033E-02	-0.300000048E-02	 0.339999999E-02	  1259.46940    
    1098	-0.120000033E-02	-0.240000043E-02	 0.339999999E-02	  1259.46940    
    1109	-0.120000033E-02	-0.210000040E-02	 0.339999999E-02	  1259.46940    
    1120	-0.120000033E-02	-0.180000038E-02	 0.339999999E-02	  1259.46940    
    1131	-0.120000033E-02	-0.150000036E-02	 0.339999999E-02	  1259.46940    
    1327	-0.900000310E-03	-0.270000045E-02	 0.339999999E-02	  1259.46940    
    1326	-0.900000310E-03	-0.300000048E-02	 0.339999999E-02	  1259.46940    
    1340	-0.900000310E-03	-0.240000043E-02	 0.339999999E-02	  1259.46940    
    1351	-0.900000310E-03	-0.210000040E-02	 0.339999999E-02	  1259.46940    
    1362	-0.900000310E-03	-0.180000038E-02	 0.339999999E-02	  1259.46940    
    1373	-0.900000310E-03	-0.150000036E-02	 0.339999999E-02	  1259.46940    
    1142	-0.120000033E-02	-0.120000033E-02	 0.339999999E-02	  1259.46940    
    1384	-0.900000310E-03	-0.120000033E-02	 0.339999999E-02	  1259.46940    
    1558	-0.600000286E-03	-0.270000045E-02	 0.339999999E-02	  1259.46940    
    1557	-0.600000286E-03	-0.300000048E-02	 0.339999999E-02	  1259.46940    
    1571	-0.600000286E-03	-0.240000043E-02	 0.339999999E-02	  1259.46940    
    1582	-0.600000286E-03	-0.210000040E-02	 0.339999999E-02	  1259.46940    
    1593	-0.600000286E-03	-0.180000038E-02	 0.339999999E-02	  1259.46940    
    1604	-0.600000286E-03	-0.150000036E-02	 0.339999999E-02	  1259.46940    
    1615	-0.600000286E-03	-0.120000033E-02	 0.339999999E-02	  1259.46940    
    1395	-0.900000310E-03	-0.900000310E-03	 0.339999999E-02	  1259.46940    
    1626	-0.600000286E-03	-0.900000310E-03	 0.339999999E-02	  1259.46940    
    1789	-0.300000262E-03	-0.270000045E-02	 0.339999999E-02	  1259.46940    
    1788	-0.300000262E-03	-0.300000048E-02	 0.339999999E-02	  1259.46940    
    1802	-0.300000262E-03	-0.240000043E-02	 0.339999999E-02	  1259.46940    
    1813	-0.300000262E-03	-0.210000040E-02	 0.339999999E-02	  1259.46940    
    1824	-0.300000262E-03	-0.180000038E-02	 0.339999999E-02	  1259.46940    
    1835	-0.300000262E-03	-0.150000036E-02	 0.339999999E-02	  1259.46940    
    1846	-0.300000262E-03	-0.120000033E-02	 0.339999999E-02	  1259.46940    
    1857	-0.300000262E-03	-0.900000310E-03	 0.339999999E-02	  1259.46940    
    2020	-0.238418579E-09	-0.270000045E-02	 0.339999999E-02	  1259.46940    
    2019	-0.238418579E-09	-0.300000048E-02	 0.339999999E-02	  1259.46940    
    2033	-0.238418579E-09	-0.240000043E-02	 0.339999999E-02	  1259.46940    
    2044	-0.238418579E-09	-0.210000040E-02	 0.339999999E-02	  1259.46940    
    2055	-0.238418579E-09	-0.180000038E-02	 0.339999999E-02	  1259.46940    
    2066	-0.238418579E-09	-0.150000036E-02	 0.339999999E-02	  1259.46940    
    2077	-0.238418579E-09	-0.120000033E-02	 0.339999999E-02	  1259.46940    
    2088	-0.238418579E-09	-0.900000310E-03	 0.339999999E-02	  1259.46940    
    1868	-0.300000262E-03	-0.600000286E-03	 0.339999999E-02	  1259.46940    
    2099	-0.238418579E-09	-0.600000286E-03	 0.339999999E-02	  1259.46940    
    2251	 0.299999785E-03	-0.270000045E-02	 0.339999999E-02	  1259.46940    
    2250	 0.299999785E-03	-0.300000048E-02	 0.339999999E-02	  1259.46940    
    2264	 0.299999785E-03	-0.240000043E-02	 0.339999999E-02	  1259.46940    
    2275	 0.299999785E-03	-0.210000040E-02	 0.339999999E-02	  1259.46940    
    2286	 0.299999785E-03	-0.180000038E-02	 0.339999999E-02	  1259.46940    
    2297	 0.299999785E-03	-0.150000036E-02	 0.339999999E-02	  1259.46940    
    2308	 0.299999785E-03	-0.120000033E-02	 0.339999999E-02	  1259.46940    
    2319	 0.299999785E-03	-0.900000310E-03	 0.339999999E-02	  1259.46940    
    2330	 0.299999785E-03	-0.600000286E-03	 0.339999999E-02	  1259.46940    
    2482	 0.599999809E-03	-0.270000045E-02	 0.339999999E-02	  1259.46940    
    2481	 0.599999809E-03	-0.300000048E-02	 0.339999999E-02	  1259.46940    
    2495	 0.599999809E-03	-0.240000043E-02	 0.339999999E-02	  1259.46940    
    2506	 0.599999809E-03	-0.210000040E-02	 0.339999999E-02	  1259.46940    
    2517	 0.599999809E-03	-0.180000038E-02	 0.339999999E-02	  1259.46940    
    2528	 0.599999809E-03	-0.150000036E-02	 0.339999999E-02	  1259.46940    
    2539	 0.599999809E-03	-0.120000033E-02	 0.339999999E-02	  1259.46940    
    2550	 0.599999809E-03	-0.900000310E-03	 0.339999999E-02	  1259.46940    
    2561	 0.599999809E-03	-0.600000286E-03	 0.339999999E-02	  1259.46940    
    2713	 0.899999833E-03	-0.270000045E-02	 0.339999999E-02	  1259.46940    
    2712	 0.899999833E-03	-0.300000048E-02	 0.339999999E-02	  1259.46940    
    2726	 0.899999833E-03	-0.240000043E-02	 0.339999999E-02	  1259.46940    
    2737	 0.899999833E-03	-0.210000040E-02	 0.339999999E-02	  1259.46940    
    2748	 0.899999833E-03	-0.180000038E-02	 0.339999999E-02	  1259.46940    
    2759	 0.899999833E-03	-0.150000036E-02	 0.339999999E-02	  1259.46940    
    2770	 0.899999833E-03	-0.120000033E-02	 0.339999999E-02	  1259.46940    
    2781	 0.899999833E-03	-0.900000310E-03	 0.339999999E-02	  1259.46940    
    2792	 0.899999833E-03	-0.600000286E-03	 0.339999999E-02	  1259.46940    
    2944	 0.119999986E-02	-0.270000045E-02	 0.339999999E-02	  1259.46940    
    2943	 0.119999986E-02	-0.300000048E-02	 0.339999999E-02	  1259.46940    
    2957	 0.119999986E-02	-0.240000043E-02	 0.339999999E-02	  1259.46940    
    2968	 0.119999986E-02	-0.210000040E-02	 0.339999999E-02	  1259.46940    
    2979	 0.119999986E-02	-0.180000038E-02	 0.339999999E-02	  1259.46940    
    2990	 0.119999986E-02	-0.150000036E-02	 0.339999999E-02	  1259.46940    
    3001	 0.119999986E-02	-0.120000033E-02	 0.339999999E-02	  1259.46940    
    3012	 0.119999986E-02	-0.900000310E-03	 0.339999999E-02	  1259.46940    
    3023	 0.119999986E-02	-0.600000286E-03	 0.339999999E-02	  1259.46940    
    3175	 0.149999988E-02	-0.270000045E-02	 0.339999999E-02	  1259.46940    
    3174	 0.149999988E-02	-0.300000048E-02	 0.339999999E-02	  1259.46940    
    3188	 0.149999988E-02	-0.240000043E-02	 0.339999999E-02	  1259.46940    
    3199	 0.149999988E-02	-0.210000040E-02	 0.339999999E-02	  1259.46940    
    3210	 0.149999988E-02	-0.180000038E-02	 0.339999999E-02	  1259.46940    
    3221	 0.149999988E-02	-0.150000036E-02	 0.339999999E-02	  1259.46940    
    3232	 0.149999988E-02	-0.120000033E-02	 0.339999999E-02	  1259.46940    
    3243	 0.149999988E-02	-0.900000310E-03	 0.339999999E-02	  1259.46940    
    3254	 0.149999988E-02	-0.600000286E-03	 0.339999999E-02	  1259.46940    
    3406	 0.179999990E-02	-0.240000043E-02	 0.339999999E-02	  1259.46940    
    3405	 0.179999990E-02	-0.270000045E-02	 0.339999999E-02	  1259.46940    
    3419	 0.179999990E-02	-0.210000040E-02	 0.339999999E-02	  1259.46940    
    3430	 0.179999990E-02	-0.180000038E-02	 0.339999999E-02	  1259.46940    
    3441	 0.179999990E-02	-0.150000036E-02	 0.339999999E-02	  1259.46940    
    3452	 0.179999990E-02	-0.120000033E-02	 0.339999999E-02	  1259.46940    
    3463	 0.179999990E-02	-0.900000310E-03	 0.339999999E-02	  1259.46940    
    3474	 0.179999990E-02	-0.600000286E-03	 0.339999999E-02	  1259.46940    
    3615	 0.209999993E-02	-0.210000040E-02	 0.339999999E-02	  1259.46940    
    3614	 0.209999993E-02	-0.240000043E-02	 0.339999999E-02	  1259.46940    
    3628	 0.209999993E-02	-0.180000038E-02	 0.339999999E-02	  1259.46940    
    3639	 0.209999993E-02	-0.150000036E-02	 0.339999999E-02	  1259.46940    
    3650	 0.209999993E-02	-0.120000033E-02	 0.339999999E-02	  1259.46940    
    3661	 0.209999993E-02	-0.900000310E-03	 0.339999999E-02	  1259.46940    
    3672	 0.209999993E-02	-0.600000286E-03	 0.339999999E-02	  1259.46940    
    3802	 0.239999995E-02	-0.210000040E-02	 0.339999999E-02	  1259.46940    
    3801	 0.239999995E-02	-0.240000043E-02	 0.339999999E-02	  1259.46940    
    3815	 0.239999995E-02	-0.180000038E-02	 0.339999999E-02	  1259.46940    
    3826	 0.239999995E-02	-0.150000036E-02	 0.339999999E-02	  1259.46940    
    3837	 0.239999995E-02	-0.120000033E-02	 0.339999999E-02	  1259.46940    
    3848	 0.239999995E-02	-0.900000310E-03	 0.339999999E-02	  1259.46940    
    3859	 0.239999995E-02	-0.600000286E-03	 0.339999999E-02	  1259.46940    
    3989	 0.269999998E-02	-0.150000036E-02	 0.339999999E-02	  1259.46940    
    3988	 0.269999998E-02	-0.180000038E-02	 0.339999999E-02	  1259.46940    
    4002	 0.269999998E-02	-0.120000033E-02	 0.339999999E-02	  1259.46940    
    4013	 0.269999998E-02	-0.900000310E-03	 0.339999999E-02	  1259.46940    
    4024	 0.269999998E-02	-0.600000286E-03	 0.339999999E-02	  1259.46940    
    4132	 0.300000000E-02	-0.120000033E-02	 0.339999999E-02	  1259.46940    
    4131	 0.300000000E-02	-0.150000036E-02	 0.339999999E-02	  1259.46940    
    4145	 0.300000000E-02	-0.900000310E-03	 0.339999999E-02	  1259.46940    
    4156	 0.300000000E-02	-0.600000286E-03	 0.339999999E-02	  1259.46940    
      34	-0.300000048E-02	-0.120000033E-02	 0.339999999E-02	  1259.46940    
      33	-0.300000048E-02	-0.150000036E-02	 0.339999999E-02	  1259.46940    
      36	-0.270000045E-02	-0.120000033E-02	 0.339999999E-02	  1259.46940    
     284	-0.240000043E-02	-0.120000033E-02	 0.339999999E-02	  1259.46940    
     482	-0.210000040E-02	-0.120000033E-02	 0.339999999E-02	  1259.46940    
     691	-0.180000038E-02	-0.120000033E-02	 0.339999999E-02	  1259.46940    
     900	-0.150000036E-02	-0.120000033E-02	 0.339999999E-02	  1259.46940    
      61	-0.300000048E-02	-0.900000310E-03	 0.339999999E-02	  1259.46940    
      62	-0.270000045E-02	-0.900000310E-03	 0.339999999E-02	  1259.46940    
     295	-0.240000043E-02	-0.900000310E-03	 0.339999999E-02	  1259.46940    
     493	-0.210000040E-02	-0.900000310E-03	 0.339999999E-02	  1259.46940    
     702	-0.180000038E-02	-0.900000310E-03	 0.339999999E-02	  1259.46940    
     911	-0.150000036E-02	-0.900000310E-03	 0.339999999E-02	  1259.46940    
    1153	-0.120000033E-02	-0.900000310E-03	 0.339999999E-02	  1259.46940    
      83	-0.300000048E-02	-0.600000286E-03	 0.339999999E-02	  1259.46940    
      84	-0.270000045E-02	-0.600000286E-03	 0.339999999E-02	  1259.46940    
     306	-0.240000043E-02	-0.600000286E-03	 0.339999999E-02	  1259.46940    
     504	-0.210000040E-02	-0.600000286E-03	 0.339999999E-02	  1259.46940    
     713	-0.180000038E-02	-0.600000286E-03	 0.339999999E-02	  1259.46940    
     922	-0.150000036E-02	-0.600000286E-03	 0.339999999E-02	  1259.46940    
    1164	-0.120000033E-02	-0.600000286E-03	 0.339999999E-02	  1259.46940    
    1406	-0.900000310E-03	-0.600000286E-03	 0.339999999E-02	  1259.46940    
    1637	-0.600000286E-03	-0.600000286E-03	 0.339999999E-02	  1259.46940    
     105	-0.300000048E-02	-0.300000262E-03	 0.339999999E-02	  1259.46940    
     106	-0.270000045E-02	-0.300000262E-03	 0.339999999E-02	  1259.46940    
     317	-0.240000043E-02	-0.300000262E-03	 0.339999999E-02	  1259.46940    
     515	-0.210000040E-02	-0.300000262E-03	 0.339999999E-02	  1259.46940    
     724	-0.180000038E-02	-0.300000262E-03	 0.339999999E-02	  1259.46940    
     933	-0.150000036E-02	-0.300000262E-03	 0.339999999E-02	  1259.46940    
    1175	-0.120000033E-02	-0.300000262E-03	 0.339999999E-02	  1259.46940    
    1417	-0.900000310E-03	-0.300000262E-03	 0.339999999E-02	  1259.46940    
    1648	-0.600000286E-03	-0.300000262E-03	 0.339999999E-02	  1259.46940    
    1879	-0.300000262E-03	-0.300000262E-03	 0.339999999E-02	  1259.46940    
    2110	-0.238418579E-09	-0.300000262E-03	 0.339999999E-02	  1259.46940    
     127	-0.300000048E-02	-0.238418579E-09	 0.339999999E-02	  1259.46940    
     128	-0.270000045E-02	-0.238418579E-09	 0.339999999E-02	  1259.46940    
     328	-0.240000043E-02	-0.238418579E-09	 0.339999999E-02	  1259.46940    
     526	-0.210000040E-02	-0.238418579E-09	 0.339999999E-02	  1259.46940    
     735	-0.180000038E-02	-0.238418579E-09	 0.339999999E-02	  1259.46940    
     944	-0.150000036E-02	-0.238418579E-09	 0.339999999E-02	  1259.46940    
    1186	-0.120000033E-02	-0.238418579E-09	 0.339999999E-02	  1259.46940    
    1428	-0.900000310E-03	-0.238418579E-09	 0.339999999E-02	  1259.46940    
    1659	-0.600000286E-03	-0.238418579E-09	 0.339999999E-02	  1259.46940    
    1890	-0.300000262E-03	-0.238418579E-09	 0.339999999E-02	  1259.46940    
    2121	-0.238418579E-09	-0.238418579E-09	 0.339999999E-02	  1259.46940    
     149	-0.300000048E-02	 0.299999785E-03	 0.339999999E-02	  1259.46940    
     150	-0.270000045E-02	 0.299999785E-03	 0.339999999E-02	  1259.46940    
     339	-0.240000043E-02	 0.299999785E-03	 0.339999999E-02	  1259.46940    
     537	-0.210000040E-02	 0.299999785E-03	 0.339999999E-02	  1259.46940    
     746	-0.180000038E-02	 0.299999785E-03	 0.339999999E-02	  1259.46940    
     955	-0.150000036E-02	 0.299999785E-03	 0.339999999E-02	  1259.46940    
    1197	-0.120000033E-02	 0.299999785E-03	 0.339999999E-02	  1259.46940    
    1439	-0.900000310E-03	 0.299999785E-03	 0.339999999E-02	  1259.46940    
    1670	-0.600000286E-03	 0.299999785E-03	 0.339999999E-02	  1259.46940    
    1901	-0.300000262E-03	 0.299999785E-03	 0.339999999E-02	  1259.46940    
    2132	-0.238418579E-09	 0.299999785E-03	 0.339999999E-02	  1259.46940    
     171	-0.300000048E-02	 0.599999809E-03	 0.339999999E-02	  1259.46940    
     172	-0.270000045E-02	 0.599999809E-03	 0.339999999E-02	  1259.46940    
     350	-0.240000043E-02	 0.599999809E-03	 0.339999999E-02	  1259.46940    
     548	-0.210000040E-02	 0.599999809E-03	 0.339999999E-02	  1259.46940    
     757	-0.180000038E-02	 0.599999809E-03	 0.339999999E-02	  1259.46940    
     966	-0.150000036E-02	 0.599999809E-03	 0.339999999E-02	  1259.46940    
    1208	-0.120000033E-02	 0.599999809E-03	 0.339999999E-02	  1259.46940    
    1450	-0.900000310E-03	 0.599999809E-03	 0.339999999E-02	  1259.46940    
    1681	-0.600000286E-03	 0.599999809E-03	 0.339999999E-02	  1259.46940    
    1912	-0.300000262E-03	 0.599999809E-03	 0.339999999E-02	  1259.46940    
    2143	-0.238418579E-09	 0.599999809E-03	 0.339999999E-02	  1259.46940    
     193	-0.300000048E-02	 0.899999833E-03	 0.339999999E-02	  1259.46940    
     194	-0.270000045E-02	 0.899999833E-03	 0.339999999E-02	  1259.46940    
     361	-0.240000043E-02	 0.899999833E-03	 0.339999999E-02	  1259.46940    
     559	-0.210000040E-02	 0.899999833E-03	 0.339999999E-02	  1259.46940    
     768	-0.180000038E-02	 0.899999833E-03	 0.339999999E-02	  1259.46940    
     977	-0.150000036E-02	 0.899999833E-03	 0.339999999E-02	  1259.46940    
    1219	-0.120000033E-02	 0.899999833E-03	 0.339999999E-02	  1259.46940    
    1461	-0.900000310E-03	 0.899999833E-03	 0.339999999E-02	  1259.46940    
    1692	-0.600000286E-03	 0.899999833E-03	 0.339999999E-02	  1259.46940    
    1923	-0.300000262E-03	 0.899999833E-03	 0.339999999E-02	  1259.46940    
     215	-0.300000048E-02	 0.119999986E-02	 0.339999999E-02	  1259.46940    
     216	-0.270000045E-02	 0.119999986E-02	 0.339999999E-02	  1259.46940    
     372	-0.240000043E-02	 0.119999986E-02	 0.339999999E-02	  1259.46940    
     570	-0.210000040E-02	 0.119999986E-02	 0.339999999E-02	  1259.46940    
     779	-0.180000038E-02	 0.119999986E-02	 0.339999999E-02	  1259.46940    
     988	-0.150000036E-02	 0.119999986E-02	 0.339999999E-02	  1259.46940    
    1230	-0.120000033E-02	 0.119999986E-02	 0.339999999E-02	  1259.46940    
    1472	-0.900000310E-03	 0.119999986E-02	 0.339999999E-02	  1259.46940    
    1703	-0.600000286E-03	 0.119999986E-02	 0.339999999E-02	  1259.46940    
    1934	-0.300000262E-03	 0.119999986E-02	 0.339999999E-02	  1259.46940    
     237	-0.300000048E-02	 0.149999988E-02	 0.339999999E-02	  1259.46940    
     238	-0.270000045E-02	 0.149999988E-02	 0.339999999E-02	  1259.46940    
     383	-0.240000043E-02	 0.149999988E-02	 0.339999999E-02	  1259.46940    
     581	-0.210000040E-02	 0.149999988E-02	 0.339999999E-02	  1259.46940    
     790	-0.180000038E-02	 0.149999988E-02	 0.339999999E-02	  1259.46940    
     999	-0.150000036E-02	 0.149999988E-02	 0.339999999E-02	  1259.46940    
    1241	-0.120000033E-02	 0.149999988E-02	 0.339999999E-02	  1259.46940    
    1483	-0.900000310E-03	 0.149999988E-02	 0.339999999E-02	  1259.46940    
    1714	-0.600000286E-03	 0.149999988E-02	 0.339999999E-02	  1259.46940    
    1945	-0.300000262E-03	 0.149999988E-02	 0.339999999E-02	  1259.46940    
     402	-0.270000045E-02	 0.179999990E-02	 0.339999999E-02	  1259.46940    
     403	-0.240000043E-02	 0.179999990E-02	 0.339999999E-02	  1259.46940    
     592	-0.210000040E-02	 0.179999990E-02	 0.339999999E-02	  1259.46940    
     801	-0.180000038E-02	 0.179999990E-02	 0.339999999E-02	  1259.46940    
    1010	-0.150000036E-02	 0.179999990E-02	 0.339999999E-02	  1259.46940    
    1252	-0.120000033E-02	 0.179999990E-02	 0.339999999E-02	  1259.46940    
    1494	-0.900000310E-03	 0.179999990E-02	 0.339999999E-02	  1259.46940    
    1725	-0.600000286E-03	 0.179999990E-02	 0.339999999E-02	  1259.46940    
    1956	-0.300000262E-03	 0.179999990E-02	 0.339999999E-02	  1259.46940    
     611	-0.240000043E-02	 0.209999993E-02	 0.339999999E-02	  1259.46940    
     612	-0.210000040E-02	 0.209999993E-02	 0.339999999E-02	  1259.46940    
     812	-0.180000038E-02	 0.209999993E-02	 0.339999999E-02	  1259.46940    
    1021	-0.150000036E-02	 0.209999993E-02	 0.339999999E-02	  1259.46940    
    1263	-0.120000033E-02	 0.209999993E-02	 0.339999999E-02	  1259.46940    
    1505	-0.900000310E-03	 0.209999993E-02	 0.339999999E-02	  1259.46940    
    1736	-0.600000286E-03	 0.209999993E-02	 0.339999999E-02	  1259.46940    
    1967	-0.300000262E-03	 0.209999993E-02	 0.339999999E-02	  1259.46940    
     633	-0.240000043E-02	 0.239999995E-02	 0.339999999E-02	  1259.46940    
     634	-0.210000040E-02	 0.239999995E-02	 0.339999999E-02	  1259.46940    
     823	-0.180000038E-02	 0.239999995E-02	 0.339999999E-02	  1259.46940    
    1032	-0.150000036E-02	 0.239999995E-02	 0.339999999E-02	  1259.46940    
    1274	-0.120000033E-02	 0.239999995E-02	 0.339999999E-02	  1259.46940    
    1516	-0.900000310E-03	 0.239999995E-02	 0.339999999E-02	  1259.46940    
    1747	-0.600000286E-03	 0.239999995E-02	 0.339999999E-02	  1259.46940    
    1051	-0.180000038E-02	 0.269999998E-02	 0.339999999E-02	  1259.46940    
    1052	-0.150000036E-02	 0.269999998E-02	 0.339999999E-02	  1259.46940    
    1285	-0.120000033E-02	 0.269999998E-02	 0.339999999E-02	  1259.46940    
    1527	-0.900000310E-03	 0.269999998E-02	 0.339999999E-02	  1259.46940    
    1758	-0.600000286E-03	 0.269999998E-02	 0.339999999E-02	  1259.46940    
    1304	-0.150000036E-02	 0.300000000E-02	 0.339999999E-02	  1259.46940    
    1305	-0.120000033E-02	 0.300000000E-02	 0.339999999E-02	  1259.46940    
    1538	-0.900000310E-03	 0.300000000E-02	 0.339999999E-02	  1259.46940    
    1769	-0.600000286E-03	 0.300000000E-02	 0.339999999E-02	  1259.46940    
    1978	-0.300000262E-03	 0.239999995E-02	 0.339999999E-02	  1259.46940    
    1989	-0.300000262E-03	 0.269999998E-02	 0.339999999E-02	  1259.46940    
    2000	-0.300000262E-03	 0.300000000E-02	 0.339999999E-02	  1259.46940    
    2154	-0.238418579E-09	 0.899999833E-03	 0.339999999E-02	  1259.46940    
    2165	-0.238418579E-09	 0.119999986E-02	 0.339999999E-02	  1259.46940    
    2176	-0.238418579E-09	 0.149999988E-02	 0.339999999E-02	  1259.46940    
    2187	-0.238418579E-09	 0.179999990E-02	 0.339999999E-02	  1259.46940    
    2198	-0.238418579E-09	 0.209999993E-02	 0.339999999E-02	  1259.46940    
    2209	-0.238418579E-09	 0.239999995E-02	 0.339999999E-02	  1259.46940    
    2220	-0.238418579E-09	 0.269999998E-02	 0.339999999E-02	  1259.46940    
    2231	-0.238418579E-09	 0.300000000E-02	 0.339999999E-02	  1259.46940    
    2341	 0.299999785E-03	-0.300000262E-03	 0.339999999E-02	  1259.46940    
    2352	 0.299999785E-03	-0.238418579E-09	 0.339999999E-02	  1259.46940    
    2363	 0.299999785E-03	 0.299999785E-03	 0.339999999E-02	  1259.46940    
    2374	 0.299999785E-03	 0.599999809E-03	 0.339999999E-02	  1259.46940    
    2385	 0.299999785E-03	 0.899999833E-03	 0.339999999E-02	  1259.46940    
    2396	 0.299999785E-03	 0.119999986E-02	 0.339999999E-02	  1259.46940    
    2407	 0.299999785E-03	 0.149999988E-02	 0.339999999E-02	  1259.46940    
    2418	 0.299999785E-03	 0.179999990E-02	 0.339999999E-02	  1259.46940    
    2429	 0.299999785E-03	 0.209999993E-02	 0.339999999E-02	  1259.46940    
    2440	 0.299999785E-03	 0.239999995E-02	 0.339999999E-02	  1259.46940    
    2451	 0.299999785E-03	 0.269999998E-02	 0.339999999E-02	  1259.46940    
    2462	 0.299999785E-03	 0.300000000E-02	 0.339999999E-02	  1259.46940    
    2572	 0.599999809E-03	-0.300000262E-03	 0.339999999E-02	  1259.46940    
    2583	 0.599999809E-03	-0.238418579E-09	 0.339999999E-02	  1259.46940    
    2594	 0.599999809E-03	 0.299999785E-03	 0.339999999E-02	  1259.46940    
    2605	 0.599999809E-03	 0.599999809E-03	 0.339999999E-02	  1259.46940    
    2616	 0.599999809E-03	 0.899999833E-03	 0.339999999E-02	  1259.46940    
    2627	 0.599999809E-03	 0.119999986E-02	 0.339999999E-02	  1259.46940    
    2638	 0.599999809E-03	 0.149999988E-02	 0.339999999E-02	  1259.46940    
    2649	 0.599999809E-03	 0.179999990E-02	 0.339999999E-02	  1259.46940    
    2660	 0.599999809E-03	 0.209999993E-02	 0.339999999E-02	  1259.46940    
    2671	 0.599999809E-03	 0.239999995E-02	 0.339999999E-02	  1259.46940    
    2682	 0.599999809E-03	 0.269999998E-02	 0.339999999E-02	  1259.46940    
    2693	 0.599999809E-03	 0.300000000E-02	 0.339999999E-02	  1259.46940    
    2803	 0.899999833E-03	-0.300000262E-03	 0.339999999E-02	  1259.46940    
    2814	 0.899999833E-03	-0.238418579E-09	 0.339999999E-02	  1259.46940    
    2825	 0.899999833E-03	 0.299999785E-03	 0.339999999E-02	  1259.46940    
    2836	 0.899999833E-03	 0.599999809E-03	 0.339999999E-02	  1259.46940    
    2847	 0.899999833E-03	 0.899999833E-03	 0.339999999E-02	  1259.46940    
    2858	 0.899999833E-03	 0.119999986E-02	 0.339999999E-02	  1259.46940    
    2869	 0.899999833E-03	 0.149999988E-02	 0.339999999E-02	  1259.46940    
    2880	 0.899999833E-03	 0.179999990E-02	 0.339999999E-02	  1259.46940    
    2891	 0.899999833E-03	 0.209999993E-02	 0.339999999E-02	  1259.46940    
    2902	 0.899999833E-03	 0.239999995E-02	 0.339999999E-02	  1259.46940    
    2913	 0.899999833E-03	 0.269999998E-02	 0.339999999E-02	  1259.46940    
    2924	 0.899999833E-03	 0.300000000E-02	 0.339999999E-02	  1259.46940    
    3034	 0.119999986E-02	-0.300000262E-03	 0.339999999E-02	  1259.46940    
    3045	 0.119999986E-02	-0.238418579E-09	 0.339999999E-02	  1259.46940    
    3056	 0.119999986E-02	 0.299999785E-03	 0.339999999E-02	  1259.46940    
    3067	 0.119999986E-02	 0.599999809E-03	 0.339999999E-02	  1259.46940    
    3078	 0.119999986E-02	 0.899999833E-03	 0.339999999E-02	  1259.46940    
    3089	 0.119999986E-02	 0.119999986E-02	 0.339999999E-02	  1259.46940    
    3100	 0.119999986E-02	 0.149999988E-02	 0.339999999E-02	  1259.46940    
    3111	 0.119999986E-02	 0.179999990E-02	 0.339999999E-02	  1259.46940    
    3122	 0.119999986E-02	 0.209999993E-02	 0.339999999E-02	  1259.46940    
    3133	 0.119999986E-02	 0.239999995E-02	 0.339999999E-02	  1259.46940    
    3144	 0.119999986E-02	 0.269999998E-02	 0.339999999E-02	  1259.46940    
    3155	 0.119999986E-02	 0.300000000E-02	 0.339999999E-02	  1259.46940    
    3265	 0.149999988E-02	-0.300000262E-03	 0.339999999E-02	  1259.46940    
    3276	 0.149999988E-02	-0.238418579E-09	 0.339999999E-02	  1259.46940    
    3287	 0.149999988E-02	 0.299999785E-03	 0.339999999E-02	  1259.46940    
    3298	 0.149999988E-02	 0.599999809E-03	 0.339999999E-02	  1259.46940    
    3309	 0.149999988E-02	 0.899999833E-03	 0.339999999E-02	  1259.46940    
    3320	 0.149999988E-02	 0.119999986E-02	 0.339999999E-02	  1259.46940    
    3331	 0.149999988E-02	 0.149999988E-02	 0.339999999E-02	  1259.46940    
    3342	 0.149999988E-02	 0.179999990E-02	 0.339999999E-02	  1259.46940    
    3353	 0.149999988E-02	 0.209999993E-02	 0.339999999E-02	  1259.46940    
    3364	 0.149999988E-02	 0.239999995E-02	 0.339999999E-02	  1259.46940    
    3375	 0.149999988E-02	 0.269999998E-02	 0.339999999E-02	  1259.46940    
    3386	 0.149999988E-02	 0.300000000E-02	 0.339999999E-02	  1259.46940    
    3485	 0.179999990E-02	-0.300000262E-03	 0.339999999E-02	  1259.46940    
    3496	 0.179999990E-02	-0.238418579E-09	 0.339999999E-02	  1259.46940    
    3507	 0.179999990E-02	 0.299999785E-03	 0.339999999E-02	  1259.46940    
    3518	 0.179999990E-02	 0.599999809E-03	 0.339999999E-02	  1259.46940    
    3529	 0.179999990E-02	 0.899999833E-03	 0.339999999E-02	  1259.46940    
    3540	 0.179999990E-02	 0.119999986E-02	 0.339999999E-02	  1259.46940    
    3551	 0.179999990E-02	 0.149999988E-02	 0.339999999E-02	  1259.46940    
    3562	 0.179999990E-02	 0.179999990E-02	 0.339999999E-02	  1259.46940    
    3573	 0.179999990E-02	 0.209999993E-02	 0.339999999E-02	  1259.46940    
    3584	 0.179999990E-02	 0.239999995E-02	 0.339999999E-02	  1259.46940    
    3595	 0.179999990E-02	 0.269999998E-02	 0.339999999E-02	  1259.46940    
    3683	 0.209999993E-02	-0.300000262E-03	 0.339999999E-02	  1259.46940    
    3694	 0.209999993E-02	-0.238418579E-09	 0.339999999E-02	  1259.46940    
    3705	 0.209999993E-02	 0.299999785E-03	 0.339999999E-02	  1259.46940    
    3716	 0.209999993E-02	 0.599999809E-03	 0.339999999E-02	  1259.46940    
    3727	 0.209999993E-02	 0.899999833E-03	 0.339999999E-02	  1259.46940    
    3738	 0.209999993E-02	 0.119999986E-02	 0.339999999E-02	  1259.46940    
    3749	 0.209999993E-02	 0.149999988E-02	 0.339999999E-02	  1259.46940    
    3760	 0.209999993E-02	 0.179999990E-02	 0.339999999E-02	  1259.46940    
    3771	 0.209999993E-02	 0.209999993E-02	 0.339999999E-02	  1259.46940    
    3782	 0.209999993E-02	 0.239999995E-02	 0.339999999E-02	  1259.46940    
    3870	 0.239999995E-02	-0.300000262E-03	 0.339999999E-02	  1259.46940    
    3881	 0.239999995E-02	-0.238418579E-09	 0.339999999E-02	  1259.46940    
    3892	 0.239999995E-02	 0.299999785E-03	 0.339999999E-02	  1259.46940    
    3903	 0.239999995E-02	 0.599999809E-03	 0.339999999E-02	  1259.46940    
    3914	 0.239999995E-02	 0.899999833E-03	 0.339999999E-02	  1259.46940    
    3925	 0.239999995E-02	 0.119999986E-02	 0.339999999E-02	  1259.46940    
    3936	 0.239999995E-02	 0.149999988E-02	 0.339999999E-02	  1259.46940    
    3947	 0.239999995E-02	 0.179999990E-02	 0.339999999E-02	  1259.46940    
    3958	 0.239999995E-02	 0.209999993E-02	 0.339999999E-02	  1259.46940    
    3969	 0.239999995E-02	 0.239999995E-02	 0.339999999E-02	  1259.46940    
    4035	 0.269999998E-02	-0.300000262E-03	 0.339999999E-02	  1259.46940    
    4046	 0.269999998E-02	-0.238418579E-09	 0.339999999E-02	  1259.46940    
    4057	 0.269999998E-02	 0.299999785E-03	 0.339999999E-02	  1259.46940    
    4068	 0.269999998E-02	 0.599999809E-03	 0.339999999E-02	  1259.46940    
    4079	 0.269999998E-02	 0.899999833E-03	 0.339999999E-02	  1259.46940    
    4090	 0.269999998E-02	 0.119999986E-02	 0.339999999E-02	  1259.46940    
    4101	 0.269999998E-02	 0.149999988E-02	 0.339999999E-02	  1259.46940    
    4112	 0.269999998E-02	 0.179999990E-02	 0.339999999E-02	  1259.46940    
    4167	 0.300000000E-02	-0.300000262E-03	 0.339999999E-02	  1259.46940    
    4178	 0.300000000E-02	-0.238418579E-09	 0.339999999E-02	  1259.46940    
    4189	 0.300000000E-02	 0.299999785E-03	 0.339999999E-02	  1259.46940    
    4200	 0.300000000E-02	 0.599999809E-03	 0.339999999E-02	  1259.46940    
    4211	 0.300000000E-02	 0.899999833E-03	 0.339999999E-02	  1259.46940    
    4222	 0.300000000E-02	 0.119999986E-02	 0.339999999E-02	  1259.46940    
    4233	 0.300000000E-02	 0.149999988E-02	 0.339999999E-02	  1259.46940    
      39	-0.270000045E-02	-0.150000036E-02	 0.369999999E-02	  1259.56402    
     270	-0.270000045E-02	-0.180000038E-02	 0.369999999E-02	  1259.56402    
     272	-0.240000043E-02	-0.150000036E-02	 0.369999999E-02	  1259.56402    
     271	-0.240000043E-02	-0.180000038E-02	 0.369999999E-02	  1259.56402    
     445	-0.240000043E-02	-0.210000040E-02	 0.369999999E-02	  1259.56402    
     444	-0.240000043E-02	-0.240000043E-02	 0.369999999E-02	  1259.56402    
     447	-0.210000040E-02	-0.210000040E-02	 0.369999999E-02	  1259.56402    
     446	-0.210000040E-02	-0.240000043E-02	 0.369999999E-02	  1259.56402    
     461	-0.210000040E-02	-0.180000038E-02	 0.369999999E-02	  1259.56402    
     472	-0.210000040E-02	-0.150000036E-02	 0.369999999E-02	  1259.56402    
     658	-0.180000038E-02	-0.210000040E-02	 0.369999999E-02	  1259.56402    
     657	-0.180000038E-02	-0.240000043E-02	 0.369999999E-02	  1259.56402    
     670	-0.180000038E-02	-0.180000038E-02	 0.369999999E-02	  1259.56402    
     681	-0.180000038E-02	-0.150000036E-02	 0.369999999E-02	  1259.56402    
     853	-0.180000038E-02	-0.270000045E-02	 0.369999999E-02	  1259.56402    
     855	-0.150000036E-02	-0.240000043E-02	 0.369999999E-02	  1259.56402    
     854	-0.150000036E-02	-0.270000045E-02	 0.369999999E-02	  1259.56402    
     868	-0.150000036E-02	-0.210000040E-02	 0.369999999E-02	  1259.56402    
     879	-0.150000036E-02	-0.180000038E-02	 0.369999999E-02	  1259.56402    
     890	-0.150000036E-02	-0.150000036E-02	 0.369999999E-02	  1259.56402    
    1084	-0.150000036E-02	-0.300000048E-02	 0.369999999E-02	  1259.56402    
    1086	-0.120000033E-02	-0.270000045E-02	 0.369999999E-02	  1259.56402    
    1085	-0.120000033E-02	-0.300000048E-02	 0.369999999E-02	  1259.56402    
    1099	-0.120000033E-02	-0.240000043E-02	 0.369999999E-02	  1259.56402    
    1110	-0.120000033E-02	-0.210000040E-02	 0.369999999E-02	  1259.56402    
    1121	-0.120000033E-02	-0.180000038E-02	 0.369999999E-02	  1259.56402    
    1132	-0.120000033E-02	-0.150000036E-02	 0.369999999E-02	  1259.56402    
    1329	-0.900000310E-03	-0.270000045E-02	 0.369999999E-02	  1259.56402    
    1328	-0.900000310E-03	-0.300000048E-02	 0.369999999E-02	  1259.56402    
    1341	-0.900000310E-03	-0.240000043E-02	 0.369999999E-02	  1259.56402    
    1352	-0.900000310E-03	-0.210000040E-02	 0.369999999E-02	  1259.56402    
    1363	-0.900000310E-03	-0.180000038E-02	 0.369999999E-02	  1259.56402    
    1374	-0.900000310E-03	-0.150000036E-02	 0.369999999E-02	  1259.56402    
    1143	-0.120000033E-02	-0.120000033E-02	 0.369999999E-02	  1259.56402    
    1385	-0.900000310E-03	-0.120000033E-02	 0.369999999E-02	  1259.56402    
    1560	-0.600000286E-03	-0.270000045E-02	 0.369999999E-02	  1259.56402    
    1559	-0.600000286E-03	-0.300000048E-02	 0.369999999E-02	  1259.56402    
    1572	-0.600000286E-03	-0.240000043E-02	 0.369999999E-02	  1259.56402    
    1583	-0.600000286E-03	-0.210000040E-02	 0.369999999E-02	  1259.56402    
    1594	-0.600000286E-03	-0.180000038E-02	 0.369999999E-02	  1259.56402    
    1605	-0.600000286E-03	-0.150000036E-02	 0.369999999E-02	  1259.56402    
    1616	-0.600000286E-03	-0.120000033E-02	 0.369999999E-02	  1259.56402    
    1396	-0.900000310E-03	-0.900000310E-03	 0.369999999E-02	  1259.56402    
    1627	-0.600000286E-03	-0.900000310E-03	 0.369999999E-02	  1259.56402    
    1791	-0.300000262E-03	-0.270000045E-02	 0.369999999E-02	  1259.56402    
    1790	-0.300000262E-03	-0.300000048E-02	 0.369999999E-02	  1259.56402    
    1803	-0.300000262E-03	-0.240000043E-02	 0.369999999E-02	  1259.56402    
    1814	-0.300000262E-03	-0.210000040E-02	 0.369999999E-02	  1259.56402    
    1825	-0.300000262E-03	-0.180000038E-02	 0.369999999E-02	  1259.56402    
    1836	-0.300000262E-03	-0.150000036E-02	 0.369999999E-02	  1259.56402    
    1847	-0.300000262E-03	-0.120000033E-02	 0.369999999E-02	  1259.56402    
    1858	-0.300000262E-03	-0.900000310E-03	 0.369999999E-02	  1259.56402    
    2022	-0.238418579E-09	-0.270000045E-02	 0.369999999E-02	  1259.56402    
    2021	-0.238418579E-09	-0.300000048E-02	 0.369999999E-02	  1259.56402    
    2034	-0.238418579E-09	-0.240000043E-02	 0.369999999E-02	  1259.56402    
    2045	-0.238418579E-09	-0.210000040E-02	 0.369999999E-02	  1259.56402    
    2056	-0.238418579E-09	-0.180000038E-02	 0.369999999E-02	  1259.56402    
    2067	-0.238418579E-09	-0.150000036E-02	 0.369999999E-02	  1259.56402    
    2078	-0.238418579E-09	-0.120000033E-02	 0.369999999E-02	  1259.56402    
    2089	-0.238418579E-09	-0.900000310E-03	 0.369999999E-02	  1259.56402    
    1869	-0.300000262E-03	-0.600000286E-03	 0.369999999E-02	  1259.56402    
    2100	-0.238418579E-09	-0.600000286E-03	 0.369999999E-02	  1259.56402    
    2253	 0.299999785E-03	-0.270000045E-02	 0.369999999E-02	  1259.56402    
    2252	 0.299999785E-03	-0.300000048E-02	 0.369999999E-02	  1259.56402    
    2265	 0.299999785E-03	-0.240000043E-02	 0.369999999E-02	  1259.56402    
    2276	 0.299999785E-03	-0.210000040E-02	 0.369999999E-02	  1259.56402    
    2287	 0.299999785E-03	-0.180000038E-02	 0.369999999E-02	  1259.56402    
    2298	 0.299999785E-03	-0.150000036E-02	 0.369999999E-02	  1259.56402    
    2309	 0.299999785E-03	-0.120000033E-02	 0.369999999E-02	  1259.56402    
    2320	 0.299999785E-03	-0.900000310E-03	 0.369999999E-02	  1259.56402    
    2331	 0.299999785E-03	-0.600000286E-03	 0.369999999E-02	  1259.56402    
    2484	 0.599999809E-03	-0.270000045E-02	 0.369999999E-02	  1259.56402    
    2483	 0.599999809E-03	-0.300000048E-02	 0.369999999E-02	  1259.56402    
    2496	 0.599999809E-03	-0.240000043E-02	 0.369999999E-02	  1259.56402    
    2507	 0.599999809E-03	-0.210000040E-02	 0.369999999E-02	  1259.56402    
    2518	 0.599999809E-03	-0.180000038E-02	 0.369999999E-02	  1259.56402    
    2529	 0.599999809E-03	-0.150000036E-02	 0.369999999E-02	  1259.56402    
    2540	 0.599999809E-03	-0.120000033E-02	 0.369999999E-02	  1259.56402    
    2551	 0.599999809E-03	-0.900000310E-03	 0.369999999E-02	  1259.56402    
    2562	 0.599999809E-03	-0.600000286E-03	 0.369999999E-02	  1259.56402    
    2715	 0.899999833E-03	-0.270000045E-02	 0.369999999E-02	  1259.56402    
    2714	 0.899999833E-03	-0.300000048E-02	 0.369999999E-02	  1259.56402    
    2727	 0.899999833E-03	-0.240000043E-02	 0.369999999E-02	  1259.56402    
    2738	 0.899999833E-03	-0.210000040E-02	 0.369999999E-02	  1259.56402    
    2749	 0.899999833E-03	-0.180000038E-02	 0.369999999E-02	  1259.56402    
    2760	 0.899999833E-03	-0.150000036E-02	 0.369999999E-02	  1259.56402    
    2771	 0.899999833E-03	-0.120000033E-02	 0.369999999E-02	  1259.56402    
    2782	 0.899999833E-03	-0.900000310E-03	 0.369999999E-02	  1259.56402    
    2793	 0.899999833E-03	-0.600000286E-03	 0.369999999E-02	  1259.56402    
    2946	 0.119999986E-02	-0.270000045E-02	 0.369999999E-02	  1259.56402    
    2945	 0.119999986E-02	-0.300000048E-02	 0.369999999E-02	  1259.56402    
    2958	 0.119999986E-02	-0.240000043E-02	 0.369999999E-02	  1259.56402    
    2969	 0.119999986E-02	-0.210000040E-02	 0.369999999E-02	  1259.56402    
    2980	 0.119999986E-02	-0.180000038E-02	 0.369999999E-02	  1259.56402    
    2991	 0.119999986E-02	-0.150000036E-02	 0.369999999E-02	  1259.56402    
    3002	 0.119999986E-02	-0.120000033E-02	 0.369999999E-02	  1259.56402    
    3013	 0.119999986E-02	-0.900000310E-03	 0.369999999E-02	  1259.56402    
    3024	 0.119999986E-02	-0.600000286E-03	 0.369999999E-02	  1259.56402    
    3177	 0.149999988E-02	-0.270000045E-02	 0.369999999E-02	  1259.56402    
    3176	 0.149999988E-02	-0.300000048E-02	 0.369999999E-02	  1259.56402    
    3189	 0.149999988E-02	-0.240000043E-02	 0.369999999E-02	  1259.56402    
    3200	 0.149999988E-02	-0.210000040E-02	 0.369999999E-02	  1259.56402    
    3211	 0.149999988E-02	-0.180000038E-02	 0.369999999E-02	  1259.56402    
    3222	 0.149999988E-02	-0.150000036E-02	 0.369999999E-02	  1259.56402    
    3233	 0.149999988E-02	-0.120000033E-02	 0.369999999E-02	  1259.56402    
    3244	 0.149999988E-02	-0.900000310E-03	 0.369999999E-02	  1259.56402    
    3255	 0.149999988E-02	-0.600000286E-03	 0.369999999E-02	  1259.56402    
    3408	 0.179999990E-02	-0.240000043E-02	 0.369999999E-02	  1259.56402    
    3407	 0.179999990E-02	-0.270000045E-02	 0.369999999E-02	  1259.56402    
    3420	 0.179999990E-02	-0.210000040E-02	 0.369999999E-02	  1259.56402    
    3431	 0.179999990E-02	-0.180000038E-02	 0.369999999E-02	  1259.56402    
    3442	 0.179999990E-02	-0.150000036E-02	 0.369999999E-02	  1259.56402    
    3453	 0.179999990E-02	-0.120000033E-02	 0.369999999E-02	  1259.56402    
    3464	 0.179999990E-02	-0.900000310E-03	 0.369999999E-02	  1259.56402    
    3475	 0.179999990E-02	-0.600000286E-03	 0.369999999E-02	  1259.56402    
    3617	 0.209999993E-02	-0.210000040E-02	 0.369999999E-02	  1259.56402    
    3616	 0.209999993E-02	-0.240000043E-02	 0.369999999E-02	  1259.56402    
    3629	 0.209999993E-02	-0.180000038E-02	 0.369999999E-02	  1259.56402    
    3640	 0.209999993E-02	-0.150000036E-02	 0.369999999E-02	  1259.56402    
    3651	 0.209999993E-02	-0.120000033E-02	 0.369999999E-02	  1259.56402    
    3662	 0.209999993E-02	-0.900000310E-03	 0.369999999E-02	  1259.56402    
    3673	 0.209999993E-02	-0.600000286E-03	 0.369999999E-02	  1259.56402    
    3804	 0.239999995E-02	-0.210000040E-02	 0.369999999E-02	  1259.56402    
    3803	 0.239999995E-02	-0.240000043E-02	 0.369999999E-02	  1259.56402    
    3816	 0.239999995E-02	-0.180000038E-02	 0.369999999E-02	  1259.56402    
    3827	 0.239999995E-02	-0.150000036E-02	 0.369999999E-02	  1259.56402    
    3838	 0.239999995E-02	-0.120000033E-02	 0.369999999E-02	  1259.56402    
    3849	 0.239999995E-02	-0.900000310E-03	 0.369999999E-02	  1259.56402    
    3860	 0.239999995E-02	-0.600000286E-03	 0.369999999E-02	  1259.56402    
    3991	 0.269999998E-02	-0.150000036E-02	 0.369999999E-02	  1259.56402    
    3990	 0.269999998E-02	-0.180000038E-02	 0.369999999E-02	  1259.56402    
    4003	 0.269999998E-02	-0.120000033E-02	 0.369999999E-02	  1259.56402    
    4014	 0.269999998E-02	-0.900000310E-03	 0.369999999E-02	  1259.56402    
    4025	 0.269999998E-02	-0.600000286E-03	 0.369999999E-02	  1259.56402    
    4134	 0.300000000E-02	-0.120000033E-02	 0.369999999E-02	  1259.56402    
    4133	 0.300000000E-02	-0.150000036E-02	 0.369999999E-02	  1259.56402    
    4146	 0.300000000E-02	-0.900000310E-03	 0.369999999E-02	  1259.56402    
    4157	 0.300000000E-02	-0.600000286E-03	 0.369999999E-02	  1259.56402    
      38	-0.300000048E-02	-0.120000033E-02	 0.369999999E-02	  1259.56402    
      37	-0.300000048E-02	-0.150000036E-02	 0.369999999E-02	  1259.56402    
      40	-0.270000045E-02	-0.120000033E-02	 0.369999999E-02	  1259.56402    
     285	-0.240000043E-02	-0.120000033E-02	 0.369999999E-02	  1259.56402    
     483	-0.210000040E-02	-0.120000033E-02	 0.369999999E-02	  1259.56402    
     692	-0.180000038E-02	-0.120000033E-02	 0.369999999E-02	  1259.56402    
     901	-0.150000036E-02	-0.120000033E-02	 0.369999999E-02	  1259.56402    
      63	-0.300000048E-02	-0.900000310E-03	 0.369999999E-02	  1259.56402    
      64	-0.270000045E-02	-0.900000310E-03	 0.369999999E-02	  1259.56402    
     296	-0.240000043E-02	-0.900000310E-03	 0.369999999E-02	  1259.56402    
     494	-0.210000040E-02	-0.900000310E-03	 0.369999999E-02	  1259.56402    
     703	-0.180000038E-02	-0.900000310E-03	 0.369999999E-02	  1259.56402    
     912	-0.150000036E-02	-0.900000310E-03	 0.369999999E-02	  1259.56402    
    1154	-0.120000033E-02	-0.900000310E-03	 0.369999999E-02	  1259.56402    
      85	-0.300000048E-02	-0.600000286E-03	 0.369999999E-02	  1259.56402    
      86	-0.270000045E-02	-0.600000286E-03	 0.369999999E-02	  1259.56402    
     307	-0.240000043E-02	-0.600000286E-03	 0.369999999E-02	  1259.56402    
     505	-0.210000040E-02	-0.600000286E-03	 0.369999999E-02	  1259.56402    
     714	-0.180000038E-02	-0.600000286E-03	 0.369999999E-02	  1259.56402    
     923	-0.150000036E-02	-0.600000286E-03	 0.369999999E-02	  1259.56402    
    1165	-0.120000033E-02	-0.600000286E-03	 0.369999999E-02	  1259.56402    
    1407	-0.900000310E-03	-0.600000286E-03	 0.369999999E-02	  1259.56402    
    1638	-0.600000286E-03	-0.600000286E-03	 0.369999999E-02	  1259.56402    
     107	-0.300000048E-02	-0.300000262E-03	 0.369999999E-02	  1259.56402    
     108	-0.270000045E-02	-0.300000262E-03	 0.369999999E-02	  1259.56402    
     318	-0.240000043E-02	-0.300000262E-03	 0.369999999E-02	  1259.56402    
     516	-0.210000040E-02	-0.300000262E-03	 0.369999999E-02	  1259.56402    
     725	-0.180000038E-02	-0.300000262E-03	 0.369999999E-02	  1259.56402    
     934	-0.150000036E-02	-0.300000262E-03	 0.369999999E-02	  1259.56402    
    1176	-0.120000033E-02	-0.300000262E-03	 0.369999999E-02	  1259.56402    
    1418	-0.900000310E-03	-0.300000262E-03	 0.369999999E-02	  1259.56402    
    1649	-0.600000286E-03	-0.300000262E-03	 0.369999999E-02	  1259.56402    
    1880	-0.300000262E-03	-0.300000262E-03	 0.369999999E-02	  1259.56402    
    2111	-0.238418579E-09	-0.300000262E-03	 0.369999999E-02	  1259.56402    
     129	-0.300000048E-02	-0.238418579E-09	 0.369999999E-02	  1259.56402    
     130	-0.270000045E-02	-0.238418579E-09	 0.369999999E-02	  1259.56402    
     329	-0.240000043E-02	-0.238418579E-09	 0.369999999E-02	  1259.56402    
     527	-0.210000040E-02	-0.238418579E-09	 0.369999999E-02	  1259.56402    
     736	-0.180000038E-02	-0.238418579E-09	 0.369999999E-02	  1259.56402    
     945	-0.150000036E-02	-0.238418579E-09	 0.369999999E-02	  1259.56402    
    1187	-0.120000033E-02	-0.238418579E-09	 0.369999999E-02	  1259.56402    
    1429	-0.900000310E-03	-0.238418579E-09	 0.369999999E-02	  1259.56402    
    1660	-0.600000286E-03	-0.238418579E-09	 0.369999999E-02	  1259.56402    
    1891	-0.300000262E-03	-0.238418579E-09	 0.369999999E-02	  1259.56402    
    2122	-0.238418579E-09	-0.238418579E-09	 0.369999999E-02	  1259.56402    
     151	-0.300000048E-02	 0.299999785E-03	 0.369999999E-02	  1259.56402    
     152	-0.270000045E-02	 0.299999785E-03	 0.369999999E-02	  1259.56402    
     340	-0.240000043E-02	 0.299999785E-03	 0.369999999E-02	  1259.56402    
     538	-0.210000040E-02	 0.299999785E-03	 0.369999999E-02	  1259.56402    
     747	-0.180000038E-02	 0.299999785E-03	 0.369999999E-02	  1259.56402    
     956	-0.150000036E-02	 0.299999785E-03	 0.369999999E-02	  1259.56402    
    1198	-0.120000033E-02	 0.299999785E-03	 0.369999999E-02	  1259.56402    
    1440	-0.900000310E-03	 0.299999785E-03	 0.369999999E-02	  1259.56402    
    1671	-0.600000286E-03	 0.299999785E-03	 0.369999999E-02	  1259.56402    
    1902	-0.300000262E-03	 0.299999785E-03	 0.369999999E-02	  1259.56402    
    2133	-0.238418579E-09	 0.299999785E-03	 0.369999999E-02	  1259.56402    
     173	-0.300000048E-02	 0.599999809E-03	 0.369999999E-02	  1259.56402    
     174	-0.270000045E-02	 0.599999809E-03	 0.369999999E-02	  1259.56402    
     351	-0.240000043E-02	 0.599999809E-03	 0.369999999E-02	  1259.56402    
     549	-0.210000040E-02	 0.599999809E-03	 0.369999999E-02	  1259.56402    
     758	-0.180000038E-02	 0.599999809E-03	 0.369999999E-02	  1259.56402    
     967	-0.150000036E-02	 0.599999809E-03	 0.369999999E-02	  1259.56402    
    1209	-0.120000033E-02	 0.599999809E-03	 0.369999999E-02	  1259.56402    
    1451	-0.900000310E-03	 0.599999809E-03	 0.369999999E-02	  1259.56402    
    1682	-0.600000286E-03	 0.599999809E-03	 0.369999999E-02	  1259.56402    
    1913	-0.300000262E-03	 0.599999809E-03	 0.369999999E-02	  1259.56402    
    2144	-0.238418579E-09	 0.599999809E-03	 0.369999999E-02	  1259.56402    
     195	-0.300000048E-02	 0.899999833E-03	 0.369999999E-02	  1259.56402    
     196	-0.270000045E-02	 0.899999833E-03	 0.369999999E-02	  1259.56402    
     362	-0.240000043E-02	 0.899999833E-03	 0.369999999E-02	  1259.56402    
     560	-0.210000040E-02	 0.899999833E-03	 0.369999999E-02	  1259.56402    
     769	-0.180000038E-02	 0.899999833E-03	 0.369999999E-02	  1259.56402    
     978	-0.150000036E-02	 0.899999833E-03	 0.369999999E-02	  1259.56402    
    1220	-0.120000033E-02	 0.899999833E-03	 0.369999999E-02	  1259.56402    
    1462	-0.900000310E-03	 0.899999833E-03	 0.369999999E-02	  1259.56402    
    1693	-0.600000286E-03	 0.899999833E-03	 0.369999999E-02	  1259.56402    
    1924	-0.300000262E-03	 0.899999833E-03	 0.369999999E-02	  1259.56402    
     217	-0.300000048E-02	 0.119999986E-02	 0.369999999E-02	  1259.56402    
     218	-0.270000045E-02	 0.119999986E-02	 0.369999999E-02	  1259.56402    
     373	-0.240000043E-02	 0.119999986E-02	 0.369999999E-02	  1259.56402    
     571	-0.210000040E-02	 0.119999986E-02	 0.369999999E-02	  1259.56402    
     780	-0.180000038E-02	 0.119999986E-02	 0.369999999E-02	  1259.56402    
     989	-0.150000036E-02	 0.119999986E-02	 0.369999999E-02	  1259.56402    
    1231	-0.120000033E-02	 0.119999986E-02	 0.369999999E-02	  1259.56402    
    1473	-0.900000310E-03	 0.119999986E-02	 0.369999999E-02	  1259.56402    
    1704	-0.600000286E-03	 0.119999986E-02	 0.369999999E-02	  1259.56402    
    1935	-0.300000262E-03	 0.119999986E-02	 0.369999999E-02	  1259.56402    
     239	-0.300000048E-02	 0.149999988E-02	 0.369999999E-02	  1259.56402    
     240	-0.270000045E-02	 0.149999988E-02	 0.369999999E-02	  1259.56402    
     384	-0.240000043E-02	 0.149999988E-02	 0.369999999E-02	  1259.56402    
     582	-0.210000040E-02	 0.149999988E-02	 0.369999999E-02	  1259.56402    
     791	-0.180000038E-02	 0.149999988E-02	 0.369999999E-02	  1259.56402    
    1000	-0.150000036E-02	 0.149999988E-02	 0.369999999E-02	  1259.56402    
    1242	-0.120000033E-02	 0.149999988E-02	 0.369999999E-02	  1259.56402    
    1484	-0.900000310E-03	 0.149999988E-02	 0.369999999E-02	  1259.56402    
    1715	-0.600000286E-03	 0.149999988E-02	 0.369999999E-02	  1259.56402    
    1946	-0.300000262E-03	 0.149999988E-02	 0.369999999E-02	  1259.56402    
     404	-0.270000045E-02	 0.179999990E-02	 0.369999999E-02	  1259.56402    
     405	-0.240000043E-02	 0.179999990E-02	 0.369999999E-02	  1259.56402    
     593	-0.210000040E-02	 0.179999990E-02	 0.369999999E-02	  1259.56402    
     802	-0.180000038E-02	 0.179999990E-02	 0.369999999E-02	  1259.56402    
    1011	-0.150000036E-02	 0.179999990E-02	 0.369999999E-02	  1259.56402    
    1253	-0.120000033E-02	 0.179999990E-02	 0.369999999E-02	  1259.56402    
    1495	-0.900000310E-03	 0.179999990E-02	 0.369999999E-02	  1259.56402    
    1726	-0.600000286E-03	 0.179999990E-02	 0.369999999E-02	  1259.56402    
    1957	-0.300000262E-03	 0.179999990E-02	 0.369999999E-02	  1259.56402    
     613	-0.240000043E-02	 0.209999993E-02	 0.369999999E-02	  1259.56402    
     614	-0.210000040E-02	 0.209999993E-02	 0.369999999E-02	  1259.56402    
     813	-0.180000038E-02	 0.209999993E-02	 0.369999999E-02	  1259.56402    
    1022	-0.150000036E-02	 0.209999993E-02	 0.369999999E-02	  1259.56402    
    1264	-0.120000033E-02	 0.209999993E-02	 0.369999999E-02	  1259.56402    
    1506	-0.900000310E-03	 0.209999993E-02	 0.369999999E-02	  1259.56402    
    1737	-0.600000286E-03	 0.209999993E-02	 0.369999999E-02	  1259.56402    
    1968	-0.300000262E-03	 0.209999993E-02	 0.369999999E-02	  1259.56402    
     635	-0.240000043E-02	 0.239999995E-02	 0.369999999E-02	  1259.56402    
     636	-0.210000040E-02	 0.239999995E-02	 0.369999999E-02	  1259.56402    
     824	-0.180000038E-02	 0.239999995E-02	 0.369999999E-02	  1259.56402    
    1033	-0.150000036E-02	 0.239999995E-02	 0.369999999E-02	  1259.56402    
    1275	-0.120000033E-02	 0.239999995E-02	 0.369999999E-02	  1259.56402    
    1517	-0.900000310E-03	 0.239999995E-02	 0.369999999E-02	  1259.56402    
    1748	-0.600000286E-03	 0.239999995E-02	 0.369999999E-02	  1259.56402    
    1053	-0.180000038E-02	 0.269999998E-02	 0.369999999E-02	  1259.56402    
    1054	-0.150000036E-02	 0.269999998E-02	 0.369999999E-02	  1259.56402    
    1286	-0.120000033E-02	 0.269999998E-02	 0.369999999E-02	  1259.56402    
    1528	-0.900000310E-03	 0.269999998E-02	 0.369999999E-02	  1259.56402    
    1759	-0.600000286E-03	 0.269999998E-02	 0.369999999E-02	  1259.56402    
    1306	-0.150000036E-02	 0.300000000E-02	 0.369999999E-02	  1259.56402    
    1307	-0.120000033E-02	 0.300000000E-02	 0.369999999E-02	  1259.56402    
    1539	-0.900000310E-03	 0.300000000E-02	 0.369999999E-02	  1259.56402    
    1770	-0.600000286E-03	 0.300000000E-02	 0.369999999E-02	  1259.56402    
    1979	-0.300000262E-03	 0.239999995E-02	 0.369999999E-02	  1259.56402    
    1990	-0.300000262E-03	 0.269999998E-02	 0.369999999E-02	  1259.56402    
    2001	-0.300000262E-03	 0.300000000E-02	 0.369999999E-02	  1259.56402    
    2155	-0.238418579E-09	 0.899999833E-03	 0.369999999E-02	  1259.56402    
    2166	-0.238418579E-09	 0.119999986E-02	 0.369999999E-02	  1259.56402    
    2177	-0.238418579E-09	 0.149999988E-02	 0.369999999E-02	  1259.56402    
    2188	-0.238418579E-09	 0.179999990E-02	 0.369999999E-02	  1259.56402    
    2199	-0.238418579E-09	 0.209999993E-02	 0.369999999E-02	  1259.56402    
    2210	-0.238418579E-09	 0.239999995E-02	 0.369999999E-02	  1259.56402    
    2221	-0.238418579E-09	 0.269999998E-02	 0.369999999E-02	  1259.56402    
    2232	-0.238418579E-09	 0.300000000E-02	 0.369999999E-02	  1259.56402    
    2342	 0.299999785E-03	-0.300000262E-03	 0.369999999E-02	  1259.56402    
    2353	 0.299999785E-03	-0.238418579E-09	 0.369999999E-02	  1259.56402    
    2364	 0.299999785E-03	 0.299999785E-03	 0.369999999E-02	  1259.56402    
    2375	 0.299999785E-03	 0.599999809E-03	 0.369999999E-02	  1259.56402    
    2386	 0.299999785E-03	 0.899999833E-03	 0.369999999E-02	  1259.56402    
    2397	 0.299999785E-03	 0.119999986E-02	 0.369999999E-02	  1259.56402    
    2408	 0.299999785E-03	 0.149999988E-02	 0.369999999E-02	  1259.56402    
    2419	 0.299999785E-03	 0.179999990E-02	 0.369999999E-02	  1259.56402    
    2430	 0.299999785E-03	 0.209999993E-02	 0.369999999E-02	  1259.56402    
    2441	 0.299999785E-03	 0.239999995E-02	 0.369999999E-02	  1259.56402    
    2452	 0.299999785E-03	 0.269999998E-02	 0.369999999E-02	  1259.56402    
    2463	 0.299999785E-03	 0.300000000E-02	 0.369999999E-02	  1259.56402    
    2573	 0.599999809E-03	-0.300000262E-03	 0.369999999E-02	  1259.56402    
    2584	 0.599999809E-03	-0.238418579E-09	 0.369999999E-02	  1259.56402    
    2595	 0.599999809E-03	 0.299999785E-03	 0.369999999E-02	  1259.56402    
    2606	 0.599999809E-03	 0.599999809E-03	 0.369999999E-02	  1259.56402    
    2617	 0.599999809E-03	 0.899999833E-03	 0.369999999E-02	  1259.56402    
    2628	 0.599999809E-03	 0.119999986E-02	 0.369999999E-02	  1259.56402    
    2639	 0.599999809E-03	 0.149999988E-02	 0.369999999E-02	  1259.56402    
    2650	 0.599999809E-03	 0.179999990E-02	 0.369999999E-02	  1259.56402    
    2661	 0.599999809E-03	 0.209999993E-02	 0.369999999E-02	  1259.56402    
    2672	 0.599999809E-03	 0.239999995E-02	 0.369999999E-02	  1259.56402    
    2683	 0.599999809E-03	 0.269999998E-02	 0.369999999E-02	  1259.56402    
    2694	 0.599999809E-03	 0.300000000E-02	 0.369999999E-02	  1259.56402    
    2804	 0.899999833E-03	-0.300000262E-03	 0.369999999E-02	  1259.56402    
    2815	 0.899999833E-03	-0.238418579E-09	 0.369999999E-02	  1259.56402    
    2826	 0.899999833E-03	 0.299999785E-03	 0.369999999E-02	  1259.56402    
    2837	 0.899999833E-03	 0.599999809E-03	 0.369999999E-02	  1259.56402    
    2848	 0.899999833E-03	 0.899999833E-03	 0.369999999E-02	  1259.56402    
    2859	 0.899999833E-03	 0.119999986E-02	 0.369999999E-02	  1259.56402    
    2870	 0.899999833E-03	 0.149999988E-02	 0.369999999E-02	  1259.56402    
    2881	 0.899999833E-03	 0.179999990E-02	 0.369999999E-02	  1259.56402    
    2892	 0.899999833E-03	 0.209999993E-02	 0.369999999E-02	  1259.56402    
    2903	 0.899999833E-03	 0.239999995E-02	 0.369999999E-02	  1259.56402    
    2914	 0.899999833E-03	 0.269999998E-02	 0.369999999E-02	  1259.56402    
    2925	 0.899999833E-03	 0.300000000E-02	 0.369999999E-02	  1259.56402    
    3035	 0.119999986E-02	-0.300000262E-03	 0.369999999E-02	  1259.56402    
    3046	 0.119999986E-02	-0.238418579E-09	 0.369999999E-02	  1259.56402    
    3057	 0.119999986E-02	 0.299999785E-03	 0.369999999E-02	  1259.56402    
    3068	 0.119999986E-02	 0.599999809E-03	 0.369999999E-02	  1259.56402    
    3079	 0.119999986E-02	 0.899999833E-03	 0.369999999E-02	  1259.56402    
    3090	 0.119999986E-02	 0.119999986E-02	 0.369999999E-02	  1259.56402    
    3101	 0.119999986E-02	 0.149999988E-02	 0.369999999E-02	  1259.56402    
    3112	 0.119999986E-02	 0.179999990E-02	 0.369999999E-02	  1259.56402    
    3123	 0.119999986E-02	 0.209999993E-02	 0.369999999E-02	  1259.56402    
    3134	 0.119999986E-02	 0.239999995E-02	 0.369999999E-02	  1259.56402    
    3145	 0.119999986E-02	 0.269999998E-02	 0.369999999E-02	  1259.56402    
    3156	 0.119999986E-02	 0.300000000E-02	 0.369999999E-02	  1259.56402    
    3266	 0.149999988E-02	-0.300000262E-03	 0.369999999E-02	  1259.56402    
    3277	 0.149999988E-02	-0.238418579E-09	 0.369999999E-02	  1259.56402    
    3288	 0.149999988E-02	 0.299999785E-03	 0.369999999E-02	  1259.56402    
    3299	 0.149999988E-02	 0.599999809E-03	 0.369999999E-02	  1259.56402    
    3310	 0.149999988E-02	 0.899999833E-03	 0.369999999E-02	  1259.56402    
    3321	 0.149999988E-02	 0.119999986E-02	 0.369999999E-02	  1259.56402    
    3332	 0.149999988E-02	 0.149999988E-02	 0.369999999E-02	  1259.56402    
    3343	 0.149999988E-02	 0.179999990E-02	 0.369999999E-02	  1259.56402    
    3354	 0.149999988E-02	 0.209999993E-02	 0.369999999E-02	  1259.56402    
    3365	 0.149999988E-02	 0.239999995E-02	 0.369999999E-02	  1259.56402    
    3376	 0.149999988E-02	 0.269999998E-02	 0.369999999E-02	  1259.56402    
    3387	 0.149999988E-02	 0.300000000E-02	 0.369999999E-02	  1259.56402    
    3486	 0.179999990E-02	-0.300000262E-03	 0.369999999E-02	  1259.56402    
    3497	 0.179999990E-02	-0.238418579E-09	 0.369999999E-02	  1259.56402    
    3508	 0.179999990E-02	 0.299999785E-03	 0.369999999E-02	  1259.56402    
    3519	 0.179999990E-02	 0.599999809E-03	 0.369999999E-02	  1259.56402    
    3530	 0.179999990E-02	 0.899999833E-03	 0.369999999E-02	  1259.56402    
    3541	 0.179999990E-02	 0.119999986E-02	 0.369999999E-02	  1259.56402    
    3552	 0.179999990E-02	 0.149999988E-02	 0.369999999E-02	  1259.56402    
    3563	 0.179999990E-02	 0.179999990E-02	 0.369999999E-02	  1259.56402    
    3574	 0.179999990E-02	 0.209999993E-02	 0.369999999E-02	  1259.56402    
    3585	 0.179999990E-02	 0.239999995E-02	 0.369999999E-02	  1259.56402    
    3596	 0.179999990E-02	 0.269999998E-02	 0.369999999E-02	  1259.56402    
    3684	 0.209999993E-02	-0.300000262E-03	 0.369999999E-02	  1259.56402    
    3695	 0.209999993E-02	-0.238418579E-09	 0.369999999E-02	  1259.56402    
    3706	 0.209999993E-02	 0.299999785E-03	 0.369999999E-02	  1259.56402    
    3717	 0.209999993E-02	 0.599999809E-03	 0.369999999E-02	  1259.56402    
    3728	 0.209999993E-02	 0.899999833E-03	 0.369999999E-02	  1259.56402    
    3739	 0.209999993E-02	 0.119999986E-02	 0.369999999E-02	  1259.56402    
    3750	 0.209999993E-02	 0.149999988E-02	 0.369999999E-02	  1259.56402    
    3761	 0.209999993E-02	 0.179999990E-02	 0.369999999E-02	  1259.56402    
    3772	 0.209999993E-02	 0.209999993E-02	 0.369999999E-02	  1259.56402    
    3783	 0.209999993E-02	 0.239999995E-02	 0.369999999E-02	  1259.56402    
    3871	 0.239999995E-02	-0.300000262E-03	 0.369999999E-02	  1259.56402    
    3882	 0.239999995E-02	-0.238418579E-09	 0.369999999E-02	  1259.56402    
    3893	 0.239999995E-02	 0.299999785E-03	 0.369999999E-02	  1259.56402    
    3904	 0.239999995E-02	 0.599999809E-03	 0.369999999E-02	  1259.56402    
    3915	 0.239999995E-02	 0.899999833E-03	 0.369999999E-02	  1259.56402    
    3926	 0.239999995E-02	 0.119999986E-02	 0.369999999E-02	  1259.56402    
    3937	 0.239999995E-02	 0.149999988E-02	 0.369999999E-02	  1259.56402    
    3948	 0.239999995E-02	 0.179999990E-02	 0.369999999E-02	  1259.56402    
    3959	 0.239999995E-02	 0.209999993E-02	 0.369999999E-02	  1259.56402    
    3970	 0.239999995E-02	 0.239999995E-02	 0.369999999E-02	  1259.56402    
    4036	 0.269999998E-02	-0.300000262E-03	 0.369999999E-02	  1259.56402    
    4047	 0.269999998E-02	-0.238418579E-09	 0.369999999E-02	  1259.56402    
    4058	 0.269999998E-02	 0.299999785E-03	 0.369999999E-02	  1259.56402    
    4069	 0.269999998E-02	 0.599999809E-03	 0.369999999E-02	  1259.56402    
    4080	 0.269999998E-02	 0.899999833E-03	 0.369999999E-02	  1259.56402    
    4091	 0.269999998E-02	 0.119999986E-02	 0.369999999E-02	  1259.56402    
    4102	 0.269999998E-02	 0.149999988E-02	 0.369999999E-02	  1259.56402    
    4113	 0.269999998E-02	 0.179999990E-02	 0.369999999E-02	  1259.56402    
    4168	 0.300000000E-02	-0.300000262E-03	 0.369999999E-02	  1259.56402    
    4179	 0.300000000E-02	-0.238418579E-09	 0.369999999E-02	  1259.56402    
    4190	 0.300000000E-02	 0.299999785E-03	 0.369999999E-02	  1259.56402    
    4201	 0.300000000E-02	 0.599999809E-03	 0.369999999E-02	  1259.56402    
    4212	 0.300000000E-02	 0.899999833E-03	 0.369999999E-02	  1259.56402    
    4223	 0.300000000E-02	 0.119999986E-02	 0.369999999E-02	  1259.56402    
    4234	 0.300000000E-02	 0.149999988E-02	 0.369999999E-02	  1259.56402    
      43	-0.270000045E-02	-0.150000036E-02	 0.400000000E-02	  1259.63493    
     273	-0.270000045E-02	-0.180000038E-02	 0.400000000E-02	  1259.63493    
     275	-0.240000043E-02	-0.150000036E-02	 0.400000000E-02	  1259.63493    
     274	-0.240000043E-02	-0.180000038E-02	 0.400000000E-02	  1259.63493    
     449	-0.240000043E-02	-0.210000040E-02	 0.400000000E-02	  1259.63493    
     448	-0.240000043E-02	-0.240000043E-02	 0.400000000E-02	  1259.63493    
     451	-0.210000040E-02	-0.210000040E-02	 0.400000000E-02	  1259.63493    
     450	-0.210000040E-02	-0.240000043E-02	 0.400000000E-02	  1259.63493    
     462	-0.210000040E-02	-0.180000038E-02	 0.400000000E-02	  1259.63493    
     473	-0.210000040E-02	-0.150000036E-02	 0.400000000E-02	  1259.63493    
     660	-0.180000038E-02	-0.210000040E-02	 0.400000000E-02	  1259.63493    
     659	-0.180000038E-02	-0.240000043E-02	 0.400000000E-02	  1259.63493    
     671	-0.180000038E-02	-0.180000038E-02	 0.400000000E-02	  1259.63493    
     682	-0.180000038E-02	-0.150000036E-02	 0.400000000E-02	  1259.63493    
     856	-0.180000038E-02	-0.270000045E-02	 0.400000000E-02	  1259.63493    
     858	-0.150000036E-02	-0.240000043E-02	 0.400000000E-02	  1259.63493    
     857	-0.150000036E-02	-0.270000045E-02	 0.400000000E-02	  1259.63493    
     869	-0.150000036E-02	-0.210000040E-02	 0.400000000E-02	  1259.63493    
     880	-0.150000036E-02	-0.180000038E-02	 0.400000000E-02	  1259.63493    
     891	-0.150000036E-02	-0.150000036E-02	 0.400000000E-02	  1259.63493    
    1087	-0.150000036E-02	-0.300000048E-02	 0.400000000E-02	  1259.63493    
    1089	-0.120000033E-02	-0.270000045E-02	 0.400000000E-02	  1259.63493    
    1088	-0.120000033E-02	-0.300000048E-02	 0.400000000E-02	  1259.63493    
    1100	-0.120000033E-02	-0.240000043E-02	 0.400000000E-02	  1259.63493    
    1111	-0.120000033E-02	-0.210000040E-02	 0.400000000E-02	  1259.63493    
    1122	-0.120000033E-02	-0.180000038E-02	 0.400000000E-02	  1259.63493    
    1133	-0.120000033E-02	-0.150000036E-02	 0.400000000E-02	  1259.63493    
    1331	-0.900000310E-03	-0.270000045E-02	 0.400000000E-02	  1259.63493    
    1330	-0.900000310E-03	-0.300000048E-02	 0.400000000E-02	  1259.63493    
    1342	-0.900000310E-03	-0.240000043E-02	 0.400000000E-02	  1259.63493    
    1353	-0.900000310E-03	-0.210000040E-02	 0.400000000E-02	  1259.63493    
    1364	-0.900000310E-03	-0.180000038E-02	 0.400000000E-02	  1259.63493    
    1375	-0.900000310E-03	-0.150000036E-02	 0.400000000E-02	  1259.63493    
    1144	-0.120000033E-02	-0.120000033E-02	 0.400000000E-02	  1259.63493    
    1386	-0.900000310E-03	-0.120000033E-02	 0.400000000E-02	  1259.63493    
    1562	-0.600000286E-03	-0.270000045E-02	 0.400000000E-02	  1259.63493    
    1561	-0.600000286E-03	-0.300000048E-02	 0.400000000E-02	  1259.63493    
    1573	-0.600000286E-03	-0.240000043E-02	 0.400000000E-02	  1259.63493    
    1584	-0.600000286E-03	-0.210000040E-02	 0.400000000E-02	  1259.63493    
    1595	-0.600000286E-03	-0.180000038E-02	 0.400000000E-02	  1259.63493    
    1606	-0.600000286E-03	-0.150000036E-02	 0.400000000E-02	  1259.63493    
    1617	-0.600000286E-03	-0.120000033E-02	 0.400000000E-02	  1259.63493    
    1397	-0.900000310E-03	-0.900000310E-03	 0.400000000E-02	  1259.63493    
    1628	-0.600000286E-03	-0.900000310E-03	 0.400000000E-02	  1259.63493    
    1793	-0.300000262E-03	-0.270000045E-02	 0.400000000E-02	  1259.63493    
    1792	-0.300000262E-03	-0.300000048E-02	 0.400000000E-02	  1259.63493    
    1804	-0.300000262E-03	-0.240000043E-02	 0.400000000E-02	  1259.63493    
    1815	-0.300000262E-03	-0.210000040E-02	 0.400000000E-02	  1259.63493    
    1826	-0.300000262E-03	-0.180000038E-02	 0.400000000E-02	  1259.63493    
    1837	-0.300000262E-03	-0.150000036E-02	 0.400000000E-02	  1259.63493    
    1848	-0.300000262E-03	-0.120000033E-02	 0.400000000E-02	  1259.63493    
    1859	-0.300000262E-03	-0.900000310E-03	 0.400000000E-02	  1259.63493    
    2024	-0.238418579E-09	-0.270000045E-02	 0.400000000E-02	  1259.63493    
    2023	-0.238418579E-09	-0.300000048E-02	 0.400000000E-02	  1259.63493    
    2035	-0.238418579E-09	-0.240000043E-02	 0.400000000E-02	  1259.63493    
    2046	-0.238418579E-09	-0.210000040E-02	 0.400000000E-02	  1259.63493    
    2057	-0.238418579E-09	-0.180000038E-02	 0.400000000E-02	  1259.63493    
    2068	-0.238418579E-09	-0.150000036E-02	 0.400000000E-02	  1259.63493    
    2079	-0.238418579E-09	-0.120000033E-02	 0.400000000E-02	  1259.63493    
    2090	-0.238418579E-09	-0.900000310E-03	 0.400000000E-02	  1259.63493    
    1870	-0.300000262E-03	-0.600000286E-03	 0.400000000E-02	  1259.63493    
    2101	-0.238418579E-09	-0.600000286E-03	 0.400000000E-02	  1259.63493    
    2255	 0.299999785E-03	-0.270000045E-02	 0.400000000E-02	  1259.63493    
    2254	 0.299999785E-03	-0.300000048E-02	 0.400000000E-02	  1259.63493    
    2266	 0.299999785E-03	-0.240000043E-02	 0.400000000E-02	  1259.63493    
    2277	 0.299999785E-03	-0.210000040E-02	 0.400000000E-02	  1259.63493    
    2288	 0.299999785E-03	-0.180000038E-02	 0.400000000E-02	  1259.63493    
    2299	 0.299999785E-03	-0.150000036E-02	 0.400000000E-02	  1259.63493    
    2310	 0.299999785E-03	-0.120000033E-02	 0.400000000E-02	  1259.63493    
    2321	 0.299999785E-03	-0.900000310E-03	 0.400000000E-02	  1259.63493    
    2332	 0.299999785E-03	-0.600000286E-03	 0.400000000E-02	  1259.63493    
    2486	 0.599999809E-03	-0.270000045E-02	 0.400000000E-02	  1259.63493    
    2485	 0.599999809E-03	-0.300000048E-02	 0.400000000E-02	  1259.63493    
    2497	 0.599999809E-03	-0.240000043E-02	 0.400000000E-02	  1259.63493    
    2508	 0.599999809E-03	-0.210000040E-02	 0.400000000E-02	  1259.63493    
    2519	 0.599999809E-03	-0.180000038E-02	 0.400000000E-02	  1259.63493    
    2530	 0.599999809E-03	-0.150000036E-02	 0.400000000E-02	  1259.63493    
    2541	 0.599999809E-03	-0.120000033E-02	 0.400000000E-02	  1259.63493    
    2552	 0.599999809E-03	-0.900000310E-03	 0.400000000E-02	  1259.63493    
    2563	 0.599999809E-03	-0.600000286E-03	 0.400000000E-02	  1259.63493    
    2717	 0.899999833E-03	-0.270000045E-02	 0.400000000E-02	  1259.63493    
    2716	 0.899999833E-03	-0.300000048E-02	 0.400000000E-02	  1259.63493    
    2728	 0.899999833E-03	-0.240000043E-02	 0.400000000E-02	  1259.63493    
    2739	 0.899999833E-03	-0.210000040E-02	 0.400000000E-02	  1259.63493    
    2750	 0.899999833E-03	-0.180000038E-02	 0.400000000E-02	  1259.63493    
    2761	 0.899999833E-03	-0.150000036E-02	 0.400000000E-02	  1259.63493    
    2772	 0.899999833E-03	-0.120000033E-02	 0.400000000E-02	  1259.63493    
    2783	 0.899999833E-03	-0.900000310E-03	 0.400000000E-02	  1259.63493    
    2794	 0.899999833E-03	-0.600000286E-03	 0.400000000E-02	  1259.63493    
    2948	 0.119999986E-02	-0.270000045E-02	 0.400000000E-02	  1259.63493    
    2947	 0.119999986E-02	-0.300000048E-02	 0.400000000E-02	  1259.63493    
    2959	 0.119999986E-02	-0.240000043E-02	 0.400000000E-02	  1259.63493    
    2970	 0.119999986E-02	-0.210000040E-02	 0.400000000E-02	  1259.63493    
    2981	 0.119999986E-02	-0.180000038E-02	 0.400000000E-02	  1259.63493    
    2992	 0.119999986E-02	-0.150000036E-02	 0.400000000E-02	  1259.63493    
    3003	 0.119999986E-02	-0.120000033E-02	 0.400000000E-02	  1259.63493    
    3014	 0.119999986E-02	-0.900000310E-03	 0.400000000E-02	  1259.63493    
    3025	 0.119999986E-02	-0.600000286E-03	 0.400000000E-02	  1259.63493    
    3179	 0.149999988E-02	-0.270000045E-02	 0.400000000E-02	  1259.63493    
    3178	 0.149999988E-02	-0.300000048E-02	 0.400000000E-02	  1259.63493    
    3190	 0.149999988E-02	-0.240000043E-02	 0.400000000E-02	  1259.63493    
    3201	 0.149999988E-02	-0.210000040E-02	 0.400000000E-02	  1259.63493    
    3212	 0.149999988E-02	-0.180000038E-02	 0.400000000E-02	  1259.63493    
    3223	 0.149999988E-02	-0.150000036E-02	 0.400000000E-02	  1259.63493    
    3234	 0.149999988E-02	-0.120000033E-02	 0.400000000E-02	  1259.63493    
    3245	 0.149999988E-02	-0.900000310E-03	 0.400000000E-02	  1259.63493    
    3256	 0.149999988E-02	-0.600000286E-03	 0.400000000E-02	  1259.63493    
    3410	 0.179999990E-02	-0.240000043E-02	 0.400000000E-02	  1259.63493    
    3409	 0.179999990E-02	-0.270000045E-02	 0.400000000E-02	  1259.63493    
    3421	 0.179999990E-02	-0.210000040E-02	 0.400000000E-02	  1259.63493    
    3432	 0.179999990E-02	-0.180000038E-02	 0.400000000E-02	  1259.63493    
    3443	 0.179999990E-02	-0.150000036E-02	 0.400000000E-02	  1259.63493    
    3454	 0.179999990E-02	-0.120000033E-02	 0.400000000E-02	  1259.63493    
    3465	 0.179999990E-02	-0.900000310E-03	 0.400000000E-02	  1259.63493    
    3476	 0.179999990E-02	-0.600000286E-03	 0.400000000E-02	  1259.63493    
    3619	 0.209999993E-02	-0.210000040E-02	 0.400000000E-02	  1259.63493    
    3618	 0.209999993E-02	-0.240000043E-02	 0.400000000E-02	  1259.63493    
    3630	 0.209999993E-02	-0.180000038E-02	 0.400000000E-02	  1259.63493    
    3641	 0.209999993E-02	-0.150000036E-02	 0.400000000E-02	  1259.63493    
    3652	 0.209999993E-02	-0.120000033E-02	 0.400000000E-02	  1259.63493    
    3663	 0.209999993E-02	-0.900000310E-03	 0.400000000E-02	  1259.63493    
    3674	 0.209999993E-02	-0.600000286E-03	 0.400000000E-02	  1259.63493    
    3806	 0.239999995E-02	-0.210000040E-02	 0.400000000E-02	  1259.63493    
    3805	 0.239999995E-02	-0.240000043E-02	 0.400000000E-02	  1259.63493    
    3817	 0.239999995E-02	-0.180000038E-02	 0.400000000E-02	  1259.63493    
    3828	 0.239999995E-02	-0.150000036E-02	 0.400000000E-02	  1259.63493    
    3839	 0.239999995E-02	-0.120000033E-02	 0.400000000E-02	  1259.63493    
    3850	 0.239999995E-02	-0.900000310E-03	 0.400000000E-02	  1259.63493    
    3861	 0.239999995E-02	-0.600000286E-03	 0.400000000E-02	  1259.63493    
    3993	 0.269999998E-02	-0.150000036E-02	 0.400000000E-02	  1259.63493    
    3992	 0.269999998E-02	-0.180000038E-02	 0.400000000E-02	  1259.63493    
    4004	 0.269999998E-02	-0.120000033E-02	 0.400000000E-02	  1259.63493    
    4015	 0.269999998E-02	-0.900000310E-03	 0.400000000E-02	  1259.63493    
    4026	 0.269999998E-02	-0.600000286E-03	 0.400000000E-02	  1259.63493    
    4136	 0.300000000E-02	-0.120000033E-02	 0.400000000E-02	  1259.63493    
    4135	 0.300000000E-02	-0.150000036E-02	 0.400000000E-02	  1259.63493    
    4147	 0.300000000E-02	-0.900000310E-03	 0.400000000E-02	  1259.63493    
    4158	 0.300000000E-02	-0.600000286E-03	 0.400000000E-02	  1259.63493    
      42	-0.300000048E-02	-0.120000033E-02	 0.400000000E-02	  1259.63493    
      41	-0.300000048E-02	-0.150000036E-02	 0.400000000E-02	  1259.63493    
      44	-0.270000045E-02	-0.120000033E-02	 0.400000000E-02	  1259.63493    
     286	-0.240000043E-02	-0.120000033E-02	 0.400000000E-02	  1259.63493    
     484	-0.210000040E-02	-0.120000033E-02	 0.400000000E-02	  1259.63493    
     693	-0.180000038E-02	-0.120000033E-02	 0.400000000E-02	  1259.63493    
     902	-0.150000036E-02	-0.120000033E-02	 0.400000000E-02	  1259.63493    
      65	-0.300000048E-02	-0.900000310E-03	 0.400000000E-02	  1259.63493    
      66	-0.270000045E-02	-0.900000310E-03	 0.400000000E-02	  1259.63493    
     297	-0.240000043E-02	-0.900000310E-03	 0.400000000E-02	  1259.63493    
     495	-0.210000040E-02	-0.900000310E-03	 0.400000000E-02	  1259.63493    
     704	-0.180000038E-02	-0.900000310E-03	 0.400000000E-02	  1259.63493    
     913	-0.150000036E-02	-0.900000310E-03	 0.400000000E-02	  1259.63493    
    1155	-0.120000033E-02	-0.900000310E-03	 0.400000000E-02	  1259.63493    
      87	-0.300000048E-02	-0.600000286E-03	 0.400000000E-02	  1259.63493    
      88	-0.270000045E-02	-0.600000286E-03	 0.400000000E-02	  1259.63493    
     308	-0.240000043E-02	-0.600000286E-03	 0.400000000E-02	  1259.63493    
     506	-0.210000040E-02	-0.600000286E-03	 0.400000000E-02	  1259.63493    
     715	-0.180000038E-02	-0.600000286E-03	 0.400000000E-02	  1259.63493    
     924	-0.150000036E-02	-0.600000286E-03	 0.400000000E-02	  1259.63493    
    1166	-0.120000033E-02	-0.600000286E-03	 0.400000000E-02	  1259.63493    
    1408	-0.900000310E-03	-0.600000286E-03	 0.400000000E-02	  1259.63493    
    1639	-0.600000286E-03	-0.600000286E-03	 0.400000000E-02	  1259.63493    
     109	-0.300000048E-02	-0.300000262E-03	 0.400000000E-02	  1259.63493    
     110	-0.270000045E-02	-0.300000262E-03	 0.400000000E-02	  1259.63493    
     319	-0.240000043E-02	-0.300000262E-03	 0.400000000E-02	  1259.63493    
     517	-0.210000040E-02	-0.300000262E-03	 0.400000000E-02	  1259.63493    
     726	-0.180000038E-02	-0.300000262E-03	 0.400000000E-02	  1259.63493    
     935	-0.150000036E-02	-0.300000262E-03	 0.400000000E-02	  1259.63493    
    1177	-0.120000033E-02	-0.300000262E-03	 0.400000000E-02	  1259.63493    
    1419	-0.900000310E-03	-0.300000262E-03	 0.400000000E-02	  1259.63493    
    1650	-0.600000286E-03	-0.300000262E-03	 0.400000000E-02	  1259.63493    
    1881	-0.300000262E-03	-0.300000262E-03	 0.400000000E-02	  1259.63493    
    2112	-0.238418579E-09	-0.300000262E-03	 0.400000000E-02	  1259.63493    
     131	-0.300000048E-02	-0.238418579E-09	 0.400000000E-02	  1259.63493    
     132	-0.270000045E-02	-0.238418579E-09	 0.400000000E-02	  1259.63493    
     330	-0.240000043E-02	-0.238418579E-09	 0.400000000E-02	  1259.63493    
     528	-0.210000040E-02	-0.238418579E-09	 0.400000000E-02	  1259.63493    
     737	-0.180000038E-02	-0.238418579E-09	 0.400000000E-02	  1259.63493    
     946	-0.150000036E-02	-0.238418579E-09	 0.400000000E-02	  1259.63493    
    1188	-0.120000033E-02	-0.238418579E-09	 0.400000000E-02	  1259.63493    
    1430	-0.900000310E-03	-0.238418579E-09	 0.400000000E-02	  1259.63493    
    1661	-0.600000286E-03	-0.238418579E-09	 0.400000000E-02	  1259.63493    
    1892	-0.300000262E-03	-0.238418579E-09	 0.400000000E-02	  1259.63493    
    2123	-0.238418579E-09	-0.238418579E-09	 0.400000000E-02	  1259.63493    
     153	-0.300000048E-02	 0.299999785E-03	 0.400000000E-02	  1259.63493    
     154	-0.270000045E-02	 0.299999785E-03	 0.400000000E-02	  1259.63493    
     341	-0.240000043E-02	 0.299999785E-03	 0.400000000E-02	  1259.63493    
     539	-0.210000040E-02	 0.299999785E-03	 0.400000000E-02	  1259.63493    
     748	-0.180000038E-02	 0.299999785E-03	 0.400000000E-02	  1259.63493    
     957	-0.150000036E-02	 0.299999785E-03	 0.400000000E-02	  1259.63493    
    1199	-0.120000033E-02	 0.299999785E-03	 0.400000000E-02	  1259.63493    
    1441	-0.900000310E-03	 0.299999785E-03	 0.400000000E-02	  1259.63493    
    1672	-0.600000286E-03	 0.299999785E-03	 0.400000000E-02	  1259.63493    
    1903	-0.300000262E-03	 0.299999785E-03	 0.400000000E-02	  1259.63493    
    2134	-0.238418579E-09	 0.299999785E-03	 0.400000000E-02	  1259.63493    
     175	-0.300000048E-02	 0.599999809E-03	 0.400000000E-02	  1259.63493    
     176	-0.270000045E-02	 0.599999809E-03	 0.400000000E-02	  1259.63493    
     352	-0.240000043E-02	 0.599999809E-03	 0.400000000E-02	  1259.63493    
     550	-0.210000040E-02	 0.599999809E-03	 0.400000000E-02	  1259.63493    
     759	-0.180000038E-02	 0.599999809E-03	 0.400000000E-02	  1259.63493    
     968	-0.150000036E-02	 0.599999809E-03	 0.400000000E-02	  1259.63493    
    1210	-0.120000033E-02	 0.599999809E-03	 0.400000000E-02	  1259.63493    
    1452	-0.900000310E-03	 0.599999809E-03	 0.400000000E-02	  1259.63493    
    1683	-0.600000286E-03	 0.599999809E-03	 0.400000000E-02	  1259.63493    
    1914	-0.300000262E-03	 0.599999809E-03	 0.400000000E-02	  1259.63493    
    2145	-0.238418579E-09	 0.599999809E-03	 0.400000000E-02	  1259.63493    
     197	-0.300000048E-02	 0.899999833E-03	 0.400000000E-02	  1259.63493    
     198	-0.270000045E-02	 0.899999833E-03	 0.400000000E-02	  1259.63493    
     363	-0.240000043E-02	 0.899999833E-03	 0.400000000E-02	  1259.63493    
     561	-0.210000040E-02	 0.899999833E-03	 0.400000000E-02	  1259.63493    
     770	-0.180000038E-02	 0.899999833E-03	 0.400000000E-02	  1259.63493    
     979	-0.150000036E-02	 0.899999833E-03	 0.400000000E-02	  1259.63493    
    1221	-0.120000033E-02	 0.899999833E-03	 0.400000000E-02	  1259.63493    
    1463	-0.900000310E-03	 0.899999833E-03	 0.400000000E-02	  1259.63493    
    1694	-0.600000286E-03	 0.899999833E-03	 0.400000000E-02	  1259.63493    
    1925	-0.300000262E-03	 0.899999833E-03	 0.400000000E-02	  1259.63493    
     219	-0.300000048E-02	 0.119999986E-02	 0.400000000E-02	  1259.63493    
     220	-0.270000045E-02	 0.119999986E-02	 0.400000000E-02	  1259.63493    
     374	-0.240000043E-02	 0.119999986E-02	 0.400000000E-02	  1259.63493    
     572	-0.210000040E-02	 0.119999986E-02	 0.400000000E-02	  1259.63493    
     781	-0.180000038E-02	 0.119999986E-02	 0.400000000E-02	  1259.63493    
     990	-0.150000036E-02	 0.119999986E-02	 0.400000000E-02	  1259.63493    
    1232	-0.120000033E-02	 0.119999986E-02	 0.400000000E-02	  1259.63493    
    1474	-0.900000310E-03	 0.119999986E-02	 0.400000000E-02	  1259.63493    
    1705	-0.600000286E-03	 0.119999986E-02	 0.400000000E-02	  1259.63493    
    1936	-0.300000262E-03	 0.119999986E-02	 0.400000000E-02	  1259.63493    
     241	-0.300000048E-02	 0.149999988E-02	 0.400000000E-02	  1259.63493    
     242	-0.270000045E-02	 0.149999988E-02	 0.400000000E-02	  1259.63493    
     385	-0.240000043E-02	 0.149999988E-02	 0.400000000E-02	  1259.63493    
     583	-0.210000040E-02	 0.149999988E-02	 0.400000000E-02	  1259.63493    
     792	-0.180000038E-02	 0.149999988E-02	 0.400000000E-02	  1259.63493    
    1001	-0.150000036E-02	 0.149999988E-02	 0.400000000E-02	  1259.63493    
    1243	-0.120000033E-02	 0.149999988E-02	 0.400000000E-02	  1259.63493    
    1485	-0.900000310E-03	 0.149999988E-02	 0.400000000E-02	  1259.63493    
    1716	-0.600000286E-03	 0.149999988E-02	 0.400000000E-02	  1259.63493    
    1947	-0.300000262E-03	 0.149999988E-02	 0.400000000E-02	  1259.63493    
     406	-0.270000045E-02	 0.179999990E-02	 0.400000000E-02	  1259.63493    
     407	-0.240000043E-02	 0.179999990E-02	 0.400000000E-02	  1259.63493    
     594	-0.210000040E-02	 0.179999990E-02	 0.400000000E-02	  1259.63493    
     803	-0.180000038E-02	 0.179999990E-02	 0.400000000E-02	  1259.63493    
    1012	-0.150000036E-02	 0.179999990E-02	 0.400000000E-02	  1259.63493    
    1254	-0.120000033E-02	 0.179999990E-02	 0.400000000E-02	  1259.63493    
    1496	-0.900000310E-03	 0.179999990E-02	 0.400000000E-02	  1259.63493    
    1727	-0.600000286E-03	 0.179999990E-02	 0.400000000E-02	  1259.63493    
    1958	-0.300000262E-03	 0.179999990E-02	 0.400000000E-02	  1259.63493    
     615	-0.240000043E-02	 0.209999993E-02	 0.400000000E-02	  1259.63493    
     616	-0.210000040E-02	 0.209999993E-02	 0.400000000E-02	  1259.63493    
     814	-0.180000038E-02	 0.209999993E-02	 0.400000000E-02	  1259.63493    
    1023	-0.150000036E-02	 0.209999993E-02	 0.400000000E-02	  1259.63493    
    1265	-0.120000033E-02	 0.209999993E-02	 0.400000000E-02	  1259.63493    
    1507	-0.900000310E-03	 0.209999993E-02	 0.400000000E-02	  1259.63493    
    1738	-0.600000286E-03	 0.209999993E-02	 0.400000000E-02	  1259.63493    
    1969	-0.300000262E-03	 0.209999993E-02	 0.400000000E-02	  1259.63493    
     637	-0.240000043E-02	 0.239999995E-02	 0.400000000E-02	  1259.63493    
     638	-0.210000040E-02	 0.239999995E-02	 0.400000000E-02	  1259.63493    
     825	-0.180000038E-02	 0.239999995E-02	 0.400000000E-02	  1259.63493    
    1034	-0.150000036E-02	 0.239999995E-02	 0.400000000E-02	  1259.63493    
    1276	-0.120000033E-02	 0.239999995E-02	 0.400000000E-02	  1259.63493    
    1518	-0.900000310E-03	 0.239999995E-02	 0.400000000E-02	  1259.63493    
    1749	-0.600000286E-03	 0.239999995E-02	 0.400000000E-02	  1259.63493    
    1055	-0.180000038E-02	 0.269999998E-02	 0.400000000E-02	  1259.63493    
    1056	-0.150000036E-02	 0.269999998E-02	 0.400000000E-02	  1259.63493    
    1287	-0.120000033E-02	 0.269999998E-02	 0.400000000E-02	  1259.63493    
    1529	-0.900000310E-03	 0.269999998E-02	 0.400000000E-02	  1259.63493    
    1760	-0.600000286E-03	 0.269999998E-02	 0.400000000E-02	  1259.63493    
    1308	-0.150000036E-02	 0.300000000E-02	 0.400000000E-02	  1259.63493    
    1309	-0.120000033E-02	 0.300000000E-02	 0.400000000E-02	  1259.63493    
    1540	-0.900000310E-03	 0.300000000E-02	 0.400000000E-02	  1259.63493    
    1771	-0.600000286E-03	 0.300000000E-02	 0.400000000E-02	  1259.63493    
    1980	-0.300000262E-03	 0.239999995E-02	 0.400000000E-02	  1259.63493    
    1991	-0.300000262E-03	 0.269999998E-02	 0.400000000E-02	  1259.63493    
    2002	-0.300000262E-03	 0.300000000E-02	 0.400000000E-02	  1259.63493    
    2156	-0.238418579E-09	 0.899999833E-03	 0.400000000E-02	  1259.63493    
    2167	-0.238418579E-09	 0.119999986E-02	 0.400000000E-02	  1259.63493    
    2178	-0.238418579E-09	 0.149999988E-02	 0.400000000E-02	  1259.63493    
    2189	-0.238418579E-09	 0.179999990E-02	 0.400000000E-02	  1259.63493    
    2200	-0.238418579E-09	 0.209999993E-02	 0.400000000E-02	  1259.63493    
    2211	-0.238418579E-09	 0.239999995E-02	 0.400000000E-02	  1259.63493    
    2222	-0.238418579E-09	 0.269999998E-02	 0.400000000E-02	  1259.63493    
    2233	-0.238418579E-09	 0.300000000E-02	 0.400000000E-02	  1259.63493    
    2343	 0.299999785E-03	-0.300000262E-03	 0.400000000E-02	  1259.63493    
    2354	 0.299999785E-03	-0.238418579E-09	 0.400000000E-02	  1259.63493    
    2365	 0.299999785E-03	 0.299999785E-03	 0.400000000E-02	  1259.63493    
    2376	 0.299999785E-03	 0.599999809E-03	 0.400000000E-02	  1259.63493    
    2387	 0.299999785E-03	 0.899999833E-03	 0.400000000E-02	  1259.63493    
    2398	 0.299999785E-03	 0.119999986E-02	 0.400000000E-02	  1259.63493    
    2409	 0.299999785E-03	 0.149999988E-02	 0.400000000E-02	  1259.63493    
    2420	 0.299999785E-03	 0.179999990E-02	 0.400000000E-02	  1259.63493    
    2431	 0.299999785E-03	 0.209999993E-02	 0.400000000E-02	  1259.63493    
    2442	 0.299999785E-03	 0.239999995E-02	 0.400000000E-02	  1259.63493    
    2453	 0.299999785E-03	 0.269999998E-02	 0.400000000E-02	  1259.63493    
    2464	 0.299999785E-03	 0.300000000E-02	 0.400000000E-02	  1259.63493    
    2574	 0.599999809E-03	-0.300000262E-03	 0.400000000E-02	  1259.63493    
    2585	 0.599999809E-03	-0.238418579E-09	 0.400000000E-02	  1259.63493    
    2596	 0.599999809E-03	 0.299999785E-03	 0.400000000E-02	  1259.63493    
    2607	 0.599999809E-03	 0.599999809E-03	 0.400000000E-02	  1259.63493    
    2618	 0.599999809E-03	 0.899999833E-03	 0.400000000E-02	  1259.63493    
    2629	 0.599999809E-03	 0.119999986E-02	 0.400000000E-02	  1259.63493    
    2640	 0.599999809E-03	 0.149999988E-02	 0.400000000E-02	  1259.63493    
    2651	 0.599999809E-03	 0.179999990E-02	 0.400000000E-02	  1259.63493    
    2662	 0.599999809E-03	 0.209999993E-02	 0.400000000E-02	  1259.63493    
    2673	 0.599999809E-03	 0.239999995E-02	 0.400000000E-02	  1259.63493    
    2684	 0.599999809E-03	 0.269999998E-02	 0.400000000E-02	  1259.63493    
    2695	 0.599999809E-03	 0.300000000E-02	 0.400000000E-02	  1259.63493    
    2805	 0.899999833E-03	-0.300000262E-03	 0.400000000E-02	  1259.63493    
    2816	 0.899999833E-03	-0.238418579E-09	 0.400000000E-02	  1259.63493    
    2827	 0.899999833E-03	 0.299999785E-03	 0.400000000E-02	  1259.63493    
    2838	 0.899999833E-03	 0.599999809E-03	 0.400000000E-02	  1259.63493    
    2849	 0.899999833E-03	 0.899999833E-03	 0.400000000E-02	  1259.63493    
    2860	 0.899999833E-03	 0.119999986E-02	 0.400000000E-02	  1259.63493    
    2871	 0.899999833E-03	 0.149999988E-02	 0.400000000E-02	  1259.63493    
    2882	 0.899999833E-03	 0.179999990E-02	 0.400000000E-02	  1259.63493    
    2893	 0.899999833E-03	 0.209999993E-02	 0.400000000E-02	  1259.63493    
    2904	 0.899999833E-03	 0.239999995E-02	 0.400000000E-02	  1259.63493    
    2915	 0.899999833E-03	 0.269999998E-02	 0.400000000E-02	  1259.63493    
    2926	 0.899999833E-03	 0.300000000E-02	 0.400000000E-02	  1259.63493    
    3036	 0.119999986E-02	-0.300000262E-03	 0.400000000E-02	  1259.63493    
    3047	 0.119999986E-02	-0.238418579E-09	 0.400000000E-02	  1259.63493    
    3058	 0.119999986E-02	 0.299999785E-03	 0.400000000E-02	  1259.63493    
    3069	 0.119999986E-02	 0.599999809E-03	 0.400000000E-02	  1259.63493    
    3080	 0.119999986E-02	 0.899999833E-03	 0.400000000E-02	  1259.63493    
    3091	 0.119999986E-02	 0.119999986E-02	 0.400000000E-02	  1259.63493    
    3102	 0.119999986E-02	 0.149999988E-02	 0.400000000E-02	  1259.63493    
    3113	 0.119999986E-02	 0.179999990E-02	 0.400000000E-02	  1259.63493    
    3124	 0.119999986E-02	 0.209999993E-02	 0.400000000E-02	  1259.63493    
    3135	 0.119999986E-02	 0.239999995E-02	 0.400000000E-02	  1259.63493    
    3146	 0.119999986E-02	 0.269999998E-02	 0.400000000E-02	  1259.63493    
    3157	 0.119999986E-02	 0.300000000E-02	 0.400000000E-02	  1259.63493    
    3267	 0.149999988E-02	-0.300000262E-03	 0.400000000E-02	  1259.63493    
    3278	 0.149999988E-02	-0.238418579E-09	 0.400000000E-02	  1259.63493    
    3289	 0.149999988E-02	 0.299999785E-03	 0.400000000E-02	  1259.63493    
    3300	 0.149999988E-02	 0.599999809E-03	 0.400000000E-02	  1259.63493    
    3311	 0.149999988E-02	 0.899999833E-03	 0.400000000E-02	  1259.63493    
    3322	 0.149999988E-02	 0.119999986E-02	 0.400000000E-02	  1259.63493    
    3333	 0.149999988E-02	 0.149999988E-02	 0.400000000E-02	  1259.63493    
    3344	 0.149999988E-02	 0.179999990E-02	 0.400000000E-02	  1259.63493    
    3355	 0.149999988E-02	 0.209999993E-02	 0.400000000E-02	  1259.63493    
    3366	 0.149999988E-02	 0.239999995E-02	 0.400000000E-02	  1259.63493    
    3377	 0.149999988E-02	 0.269999998E-02	 0.400000000E-02	  1259.63493    
    3388	 0.149999988E-02	 0.300000000E-02	 0.400000000E-02	  1259.63493    
    3487	 0.179999990E-02	-0.300000262E-03	 0.400000000E-02	  1259.63493    
    3498	 0.179999990E-02	-0.238418579E-09	 0.400000000E-02	  1259.63493    
    3509	 0.179999990E-02	 0.299999785E-03	 0.400000000E-02	  1259.63493    
    3520	 0.179999990E-02	 0.599999809E-03	 0.400000000E-02	  1259.63493    
    3531	 0.179999990E-02	 0.899999833E-03	 0.400000000E-02	  1259.63493    
    3542	 0.179999990E-02	 0.119999986E-02	 0.400000000E-02	  1259.63493    
    3553	 0.179999990E-02	 0.149999988E-02	 0.400000000E-02	  1259.63493    
    3564	 0.179999990E-02	 0.179999990E-02	 0.400000000E-02	  1259.63493    
    3575	 0.179999990E-02	 0.209999993E-02	 0.400000000E-02	  1259.63493    
    3586	 0.179999990E-02	 0.239999995E-02	 0.400000000E-02	  1259.63493    
    3597	 0.179999990E-02	 0.269999998E-02	 0.400000000E-02	  1259.63493    
    3685	 0.209999993E-02	-0.300000262E-03	 0.400000000E-02	  1259.63493    
    3696	 0.209999993E-02	-0.238418579E-09	 0.400000000E-02	  1259.63493    
    3707	 0.209999993E-02	 0.299999785E-03	 0.400000000E-02	  1259.63493    
    3718	 0.209999993E-02	 0.599999809E-03	 0.400000000E-02	  1259.63493    
    3729	 0.209999993E-02	 0.899999833E-03	 0.400000000E-02	  1259.63493    
    3740	 0.209999993E-02	 0.119999986E-02	 0.400000000E-02	  1259.63493    
    3751	 0.209999993E-02	 0.149999988E-02	 0.400000000E-02	  1259.63493    
    3762	 0.209999993E-02	 0.179999990E-02	 0.400000000E-02	  1259.63493    
    3773	 0.209999993E-02	 0.209999993E-02	 0.400000000E-02	  1259.63493    
    3784	 0.209999993E-02	 0.239999995E-02	 0.400000000E-02	  1259.63493    
    3872	 0.239999995E-02	-0.300000262E-03	 0.400000000E-02	  1259.63493    
    3883	 0.239999995E-02	-0.238418579E-09	 0.400000000E-02	  1259.63493    
    3894	 0.239999995E-02	 0.299999785E-03	 0.400000000E-02	  1259.63493    
    3905	 0.239999995E-02	 0.599999809E-03	 0.400000000E-02	  1259.63493    
    3916	 0.239999995E-02	 0.899999833E-03	 0.400000000E-02	  1259.63493    
    3927	 0.239999995E-02	 0.119999986E-02	 0.400000000E-02	  1259.63493    
    3938	 0.239999995E-02	 0.149999988E-02	 0.400000000E-02	  1259.63493    
    3949	 0.239999995E-02	 0.179999990E-02	 0.400000000E-02	  1259.63493    
    3960	 0.239999995E-02	 0.209999993E-02	 0.400000000E-02	  1259.63493    
    3971	 0.239999995E-02	 0.239999995E-02	 0.400000000E-02	  1259.63493    
    4037	 0.269999998E-02	-0.300000262E-03	 0.400000000E-02	  1259.63493    
    4048	 0.269999998E-02	-0.238418579E-09	 0.400000000E-02	  1259.63493    
    4059	 0.269999998E-02	 0.299999785E-03	 0.400000000E-02	  1259.63493    
    4070	 0.269999998E-02	 0.599999809E-03	 0.400000000E-02	  1259.63493    
    4081	 0.269999998E-02	 0.899999833E-03	 0.400000000E-02	  1259.63493    
    4092	 0.269999998E-02	 0.119999986E-02	 0.400000000E-02	  1259.63493    
    4103	 0.269999998E-02	 0.149999988E-02	 0.400000000E-02	  1259.63493    
    4114	 0.269999998E-02	 0.179999990E-02	 0.400000000E-02	  1259.63493    
    4169	 0.300000000E-02	-0.300000262E-03	 0.400000000E-02	  1259.63493    
    4180	 0.300000000E-02	-0.238418579E-09	 0.400000000E-02	  1259.63493    
    4191	 0.300000000E-02	 0.299999785E-03	 0.400000000E-02	  1259.63493    
    4202	 0.300000000E-02	 0.599999809E-03	 0.400000000E-02	  1259.63493    
    4213	 0.300000000E-02	 0.899999833E-03	 0.400000000E-02	  1259.63493    
    4224	 0.300000000E-02	 0.119999986E-02	 0.400000000E-02	  1259.63493    
    4235	 0.300000000E-02	 0.149999988E-02	 0.400000000E-02	  1259.63493    
