AM High Strain File
ANSYS 2025 R1          BUILD 25.1        UP20250123    WINDOWS x64 
04/04/2026      11:20:42
Title: --Static Structural
Node Number	X Coordinate	Y Coordinate	Z Coordinate	High Strain Value
     244	-0.270000045E-02	-0.180000038E-02	 0.129999995E-02	 0.352583942E-03
     243	-0.270000045E-02	-0.180000038E-02	 0.999999940E-03	 0.565381955E-03
     246	-0.240000043E-02	-0.180000038E-02	 0.129999995E-02	 0.400946792E-03
     245	-0.240000043E-02	-0.180000038E-02	 0.999999940E-03	 0.102697323E-02
     249	-0.270000045E-02	-0.180000038E-02	 0.159999995E-02	 0.450801571E-03
     250	-0.240000043E-02	-0.180000038E-02	 0.159999995E-02	 0.352903122E-03
     252	-0.270000045E-02	-0.180000038E-02	 0.189999996E-02	 0.197200908E-03
     253	-0.240000043E-02	-0.180000038E-02	 0.189999996E-02	 0.139567780E-03
     255	-0.270000045E-02	-0.180000038E-02	 0.219999996E-02	 0.110417750E-03
     256	-0.240000043E-02	-0.180000038E-02	 0.219999996E-02	 0.736336689E-04
     258	-0.270000045E-02	-0.180000038E-02	 0.249999997E-02	 0.698471146E-04
     259	-0.240000043E-02	-0.180000038E-02	 0.249999997E-02	 0.453154386E-04
     261	-0.270000045E-02	-0.180000038E-02	 0.279999998E-02	 0.487605512E-04
     262	-0.240000043E-02	-0.180000038E-02	 0.279999998E-02	 0.308012875E-04
     264	-0.270000045E-02	-0.180000038E-02	 0.309999998E-02	 0.360355404E-04
     265	-0.240000043E-02	-0.180000038E-02	 0.309999998E-02	 0.223723562E-04
     267	-0.270000045E-02	-0.180000038E-02	 0.339999999E-02	 0.278425644E-04
     268	-0.240000043E-02	-0.180000038E-02	 0.339999999E-02	 0.170590867E-04
     270	-0.270000045E-02	-0.180000038E-02	 0.369999999E-02	 0.222232520E-04
     271	-0.240000043E-02	-0.180000038E-02	 0.369999999E-02	 0.136283044E-04
     273	-0.270000045E-02	-0.180000038E-02	 0.400000000E-02	 0.181910526E-04
     274	-0.240000043E-02	-0.180000038E-02	 0.400000000E-02	 0.112590122E-04
     411	-0.240000043E-02	-0.210000040E-02	 0.129999995E-02	 0.323719173E-03
     409	-0.240000043E-02	-0.240000043E-02	 0.129999995E-02	 0.289985917E-03
     408	-0.240000043E-02	-0.240000043E-02	 0.999999940E-03	 0.578850153E-03
     410	-0.240000043E-02	-0.210000040E-02	 0.999999940E-03	 0.102373504E-02
     415	-0.210000040E-02	-0.210000040E-02	 0.129999995E-02	 0.291360349E-03
     413	-0.210000040E-02	-0.240000043E-02	 0.129999995E-02	 0.323719173E-03
     412	-0.210000040E-02	-0.240000043E-02	 0.999999940E-03	 0.102373504E-02
     414	-0.210000040E-02	-0.210000040E-02	 0.999999940E-03	 0.101045479E-02
     417	-0.240000043E-02	-0.210000040E-02	 0.159999995E-02	 0.265692498E-03
     416	-0.240000043E-02	-0.240000043E-02	 0.159999995E-02	 0.302727047E-03
     419	-0.210000040E-02	-0.210000040E-02	 0.159999995E-02	 0.188614956E-03
     418	-0.210000040E-02	-0.240000043E-02	 0.159999995E-02	 0.265692498E-03
     421	-0.240000043E-02	-0.210000040E-02	 0.189999996E-02	 0.112441373E-03
     420	-0.240000043E-02	-0.240000043E-02	 0.189999996E-02	 0.144102842E-03
     423	-0.210000040E-02	-0.210000040E-02	 0.189999996E-02	 0.736464505E-04
     422	-0.210000040E-02	-0.240000043E-02	 0.189999996E-02	 0.112441373E-03
     425	-0.240000043E-02	-0.210000040E-02	 0.219999996E-02	 0.627673135E-04
     424	-0.240000043E-02	-0.240000043E-02	 0.219999996E-02	 0.842832218E-04
     427	-0.210000040E-02	-0.210000040E-02	 0.219999996E-02	 0.387426070E-04
     426	-0.210000040E-02	-0.240000043E-02	 0.219999996E-02	 0.627673135E-04
     429	-0.240000043E-02	-0.210000040E-02	 0.249999997E-02	 0.400065200E-04
     428	-0.240000043E-02	-0.240000043E-02	 0.249999997E-02	 0.547439022E-04
     431	-0.210000040E-02	-0.210000040E-02	 0.249999997E-02	 0.241789140E-04
     430	-0.210000040E-02	-0.240000043E-02	 0.249999997E-02	 0.400065200E-04
     433	-0.240000043E-02	-0.210000040E-02	 0.279999998E-02	 0.279906249E-04
     432	-0.240000043E-02	-0.240000043E-02	 0.279999998E-02	 0.391136997E-04
     435	-0.210000040E-02	-0.210000040E-02	 0.279999998E-02	 0.166685376E-04
     434	-0.210000040E-02	-0.240000043E-02	 0.279999998E-02	 0.279906249E-04
     437	-0.240000043E-02	-0.210000040E-02	 0.309999998E-02	 0.207668075E-04
     436	-0.240000043E-02	-0.240000043E-02	 0.309999998E-02	 0.293697409E-04
     439	-0.210000040E-02	-0.210000040E-02	 0.309999998E-02	 0.122829420E-04
     438	-0.210000040E-02	-0.240000043E-02	 0.309999998E-02	 0.207668075E-04
     441	-0.240000043E-02	-0.210000040E-02	 0.339999999E-02	 0.160826406E-04
     440	-0.240000043E-02	-0.240000043E-02	 0.339999999E-02	 0.229577670E-04
     443	-0.210000040E-02	-0.210000040E-02	 0.339999999E-02	 0.957865363E-05
     442	-0.210000040E-02	-0.240000043E-02	 0.339999999E-02	 0.160826406E-04
     445	-0.240000043E-02	-0.210000040E-02	 0.369999999E-02	 0.128624847E-04
     444	-0.240000043E-02	-0.240000043E-02	 0.369999999E-02	 0.184708832E-04
     447	-0.210000040E-02	-0.210000040E-02	 0.369999999E-02	 0.756707384E-05
     446	-0.210000040E-02	-0.240000043E-02	 0.369999999E-02	 0.128624847E-04
     449	-0.240000043E-02	-0.210000040E-02	 0.400000000E-02	 0.105426402E-04
     448	-0.240000043E-02	-0.240000043E-02	 0.400000000E-02	 0.152030650E-04
     451	-0.210000040E-02	-0.210000040E-02	 0.400000000E-02	 0.619700908E-05
     450	-0.210000040E-02	-0.240000043E-02	 0.400000000E-02	 0.105426402E-04
   13372	-0.210000040E-02	-0.210000040E-02	 0.399999928E-03	 0.466346345E-02
   13420	-0.240000043E-02	-0.210000040E-02	 0.399999928E-03	 0.804608658E-02
   13417	-0.240000043E-02	-0.180000038E-02	 0.399999928E-03	 0.641607401E-02
   13369	-0.210000040E-02	-0.180000038E-02	 0.399999928E-03	 0.324066875E-02
   13373	-0.210000040E-02	-0.210000040E-02	 0.999999225E-04	 0.165826452E-02
   13421	-0.240000043E-02	-0.210000040E-02	 0.999999225E-04	 0.243817695E-02
   13418	-0.240000043E-02	-0.180000038E-02	 0.999999225E-04	 0.173755112E-02
   13370	-0.210000040E-02	-0.180000038E-02	 0.999999225E-04	 0.155952351E-02
   13371	-0.210000040E-02	-0.210000040E-02	 0.699999934E-03	 0.620799810E-02
   13419	-0.240000043E-02	-0.210000040E-02	 0.699999934E-03	 0.879416385E-02
   13416	-0.240000043E-02	-0.180000038E-02	 0.699999934E-03	 0.795519350E-02
   13368	-0.210000040E-02	-0.180000038E-02	 0.699999934E-03	 0.379717561E-02
     452	-0.210000040E-02	-0.180000038E-02	 0.999999940E-03	 0.730080433E-03
     453	-0.210000040E-02	-0.180000038E-02	 0.129999995E-02	 0.280093395E-03
     454	-0.210000040E-02	-0.180000038E-02	 0.159999995E-02	 0.238349683E-03
     455	-0.210000040E-02	-0.180000038E-02	 0.189999996E-02	 0.921744552E-04
     456	-0.210000040E-02	-0.180000038E-02	 0.219999996E-02	 0.472982451E-04
     457	-0.210000040E-02	-0.180000038E-02	 0.249999997E-02	 0.288325164E-04
     458	-0.210000040E-02	-0.180000038E-02	 0.279999998E-02	 0.195202703E-04
     459	-0.210000040E-02	-0.180000038E-02	 0.309999998E-02	 0.143949302E-04
     460	-0.210000040E-02	-0.180000038E-02	 0.339999999E-02	 0.116726391E-04
     461	-0.210000040E-02	-0.180000038E-02	 0.369999999E-02	 0.927753920E-05
     462	-0.210000040E-02	-0.180000038E-02	 0.400000000E-02	 0.768293423E-05
   13324	-0.180000038E-02	-0.240000043E-02	 0.399999928E-03	 0.641607401E-02
   13375	-0.210000040E-02	-0.240000043E-02	 0.399999928E-03	 0.804608658E-02
   13321	-0.180000038E-02	-0.210000040E-02	 0.399999928E-03	 0.324066875E-02
   13325	-0.180000038E-02	-0.240000043E-02	 0.999999225E-04	 0.173755112E-02
   13376	-0.210000040E-02	-0.240000043E-02	 0.999999225E-04	 0.243817695E-02
   13322	-0.180000038E-02	-0.210000040E-02	 0.999999225E-04	 0.155952351E-02
   13323	-0.180000038E-02	-0.240000043E-02	 0.699999934E-03	 0.795519350E-02
   13374	-0.210000040E-02	-0.240000043E-02	 0.699999934E-03	 0.879416385E-02
   13320	-0.180000038E-02	-0.210000040E-02	 0.699999934E-03	 0.379717561E-02
     639	-0.180000038E-02	-0.240000043E-02	 0.999999940E-03	 0.102697323E-02
     641	-0.180000038E-02	-0.210000040E-02	 0.999999940E-03	 0.730080433E-03
     642	-0.180000038E-02	-0.210000040E-02	 0.129999995E-02	 0.280093395E-03
     640	-0.180000038E-02	-0.240000043E-02	 0.129999995E-02	 0.400946792E-03
     644	-0.180000038E-02	-0.210000040E-02	 0.159999995E-02	 0.238349683E-03
     643	-0.180000038E-02	-0.240000043E-02	 0.159999995E-02	 0.352903122E-03
     646	-0.180000038E-02	-0.210000040E-02	 0.189999996E-02	 0.921744552E-04
     645	-0.180000038E-02	-0.240000043E-02	 0.189999996E-02	 0.139567780E-03
     648	-0.180000038E-02	-0.210000040E-02	 0.219999996E-02	 0.472982451E-04
     647	-0.180000038E-02	-0.240000043E-02	 0.219999996E-02	 0.736336689E-04
     650	-0.180000038E-02	-0.210000040E-02	 0.249999997E-02	 0.288325164E-04
     649	-0.180000038E-02	-0.240000043E-02	 0.249999997E-02	 0.453154386E-04
     652	-0.180000038E-02	-0.210000040E-02	 0.279999998E-02	 0.195202703E-04
     651	-0.180000038E-02	-0.240000043E-02	 0.279999998E-02	 0.308012875E-04
     654	-0.180000038E-02	-0.210000040E-02	 0.309999998E-02	 0.143949302E-04
     653	-0.180000038E-02	-0.240000043E-02	 0.309999998E-02	 0.223723562E-04
     656	-0.180000038E-02	-0.210000040E-02	 0.339999999E-02	 0.116726391E-04
     655	-0.180000038E-02	-0.240000043E-02	 0.339999999E-02	 0.170590867E-04
     658	-0.180000038E-02	-0.210000040E-02	 0.369999999E-02	 0.927753920E-05
     657	-0.180000038E-02	-0.240000043E-02	 0.369999999E-02	 0.136283044E-04
     660	-0.180000038E-02	-0.210000040E-02	 0.400000000E-02	 0.768293423E-05
     659	-0.180000038E-02	-0.240000043E-02	 0.400000000E-02	 0.112590122E-04
   13318	-0.180000038E-02	-0.180000038E-02	 0.399999928E-03	 0.234951176E-02
   13319	-0.180000038E-02	-0.180000038E-02	 0.999999225E-04	 0.155893498E-02
   13317	-0.180000038E-02	-0.180000038E-02	 0.699999934E-03	 0.408136504E-02
     661	-0.180000038E-02	-0.180000038E-02	 0.999999940E-03	 0.801429916E-03
     662	-0.180000038E-02	-0.180000038E-02	 0.129999995E-02	 0.263038805E-03
     663	-0.180000038E-02	-0.180000038E-02	 0.159999995E-02	 0.217818242E-03
     664	-0.180000038E-02	-0.180000038E-02	 0.189999996E-02	 0.855103081E-04
     665	-0.180000038E-02	-0.180000038E-02	 0.219999996E-02	 0.441460685E-04
     666	-0.180000038E-02	-0.180000038E-02	 0.249999997E-02	 0.269432827E-04
     667	-0.180000038E-02	-0.180000038E-02	 0.279999998E-02	 0.195306665E-04
     668	-0.180000038E-02	-0.180000038E-02	 0.309999998E-02	 0.158093287E-04
     669	-0.180000038E-02	-0.180000038E-02	 0.339999999E-02	 0.122340712E-04
     670	-0.180000038E-02	-0.180000038E-02	 0.369999999E-02	 0.826492171E-05
     671	-0.180000038E-02	-0.180000038E-02	 0.400000000E-02	 0.676963954E-05
     827	-0.180000038E-02	-0.270000045E-02	 0.129999995E-02	 0.352583942E-03
     826	-0.180000038E-02	-0.270000045E-02	 0.999999940E-03	 0.565381955E-03
     831	-0.150000036E-02	-0.240000043E-02	 0.129999995E-02	 0.339593375E-03
     829	-0.150000036E-02	-0.270000045E-02	 0.129999995E-02	 0.299267118E-03
     828	-0.150000036E-02	-0.270000045E-02	 0.999999940E-03	 0.123454983E-02
     830	-0.150000036E-02	-0.240000043E-02	 0.999999940E-03	 0.121497589E-02
     832	-0.180000038E-02	-0.270000045E-02	 0.159999995E-02	 0.450801571E-03
     834	-0.150000036E-02	-0.240000043E-02	 0.159999995E-02	 0.243846236E-03
     833	-0.150000036E-02	-0.270000045E-02	 0.159999995E-02	 0.304892899E-03
     835	-0.180000038E-02	-0.270000045E-02	 0.189999996E-02	 0.197200908E-03
     837	-0.150000036E-02	-0.240000043E-02	 0.189999996E-02	 0.942216850E-04
     836	-0.150000036E-02	-0.270000045E-02	 0.189999996E-02	 0.126649949E-03
     838	-0.180000038E-02	-0.270000045E-02	 0.219999996E-02	 0.110417750E-03
     840	-0.150000036E-02	-0.240000043E-02	 0.219999996E-02	 0.487883723E-04
     839	-0.150000036E-02	-0.270000045E-02	 0.219999996E-02	 0.690982562E-04
     841	-0.180000038E-02	-0.270000045E-02	 0.249999997E-02	 0.698471146E-04
     843	-0.150000036E-02	-0.240000043E-02	 0.249999997E-02	 0.300006469E-04
     842	-0.150000036E-02	-0.270000045E-02	 0.249999997E-02	 0.432867743E-04
     844	-0.180000038E-02	-0.270000045E-02	 0.279999998E-02	 0.487605512E-04
     846	-0.150000036E-02	-0.240000043E-02	 0.279999998E-02	 0.203824047E-04
     845	-0.150000036E-02	-0.270000045E-02	 0.279999998E-02	 0.298474892E-04
     847	-0.180000038E-02	-0.270000045E-02	 0.309999998E-02	 0.360355404E-04
     849	-0.150000036E-02	-0.240000043E-02	 0.309999998E-02	 0.148417830E-04
     848	-0.150000036E-02	-0.270000045E-02	 0.309999998E-02	 0.218900712E-04
     850	-0.180000038E-02	-0.270000045E-02	 0.339999999E-02	 0.278425644E-04
     852	-0.150000036E-02	-0.240000043E-02	 0.339999999E-02	 0.116286719E-04
     851	-0.150000036E-02	-0.270000045E-02	 0.339999999E-02	 0.168061870E-04
     853	-0.180000038E-02	-0.270000045E-02	 0.369999999E-02	 0.222232520E-04
     855	-0.150000036E-02	-0.240000043E-02	 0.369999999E-02	 0.943154542E-05
     854	-0.150000036E-02	-0.270000045E-02	 0.369999999E-02	 0.133564777E-04
     856	-0.180000038E-02	-0.270000045E-02	 0.400000000E-02	 0.181910526E-04
     858	-0.150000036E-02	-0.240000043E-02	 0.400000000E-02	 0.780348853E-05
     857	-0.150000036E-02	-0.270000045E-02	 0.400000000E-02	 0.108989209E-04
   13270	-0.150000036E-02	-0.240000043E-02	 0.399999928E-03	 0.404173259E-02
   13267	-0.150000036E-02	-0.210000040E-02	 0.399999928E-03	 0.260070959E-02
   13271	-0.150000036E-02	-0.240000043E-02	 0.999999225E-04	 0.168751405E-02
   13268	-0.150000036E-02	-0.210000040E-02	 0.999999225E-04	 0.156977510E-02
   13269	-0.150000036E-02	-0.240000043E-02	 0.699999934E-03	 0.711269026E-02
   13266	-0.150000036E-02	-0.210000040E-02	 0.699999934E-03	 0.403827931E-02
     859	-0.150000036E-02	-0.210000040E-02	 0.999999940E-03	 0.798886892E-03
     860	-0.150000036E-02	-0.210000040E-02	 0.129999995E-02	 0.268063520E-03
     861	-0.150000036E-02	-0.210000040E-02	 0.159999995E-02	 0.224501150E-03
     862	-0.150000036E-02	-0.210000040E-02	 0.189999996E-02	 0.876814493E-04
     863	-0.150000036E-02	-0.210000040E-02	 0.219999996E-02	 0.451606484E-04
     864	-0.150000036E-02	-0.210000040E-02	 0.249999997E-02	 0.275312850E-04
     865	-0.150000036E-02	-0.210000040E-02	 0.279999998E-02	 0.192638647E-04
     866	-0.150000036E-02	-0.210000040E-02	 0.309999998E-02	 0.155428056E-04
     867	-0.150000036E-02	-0.210000040E-02	 0.339999999E-02	 0.121913106E-04
     868	-0.150000036E-02	-0.210000040E-02	 0.369999999E-02	 0.849259746E-05
     869	-0.150000036E-02	-0.210000040E-02	 0.400000000E-02	 0.703552592E-05
   13264	-0.150000036E-02	-0.180000038E-02	 0.399999928E-03	 0.234448568E-02
   13265	-0.150000036E-02	-0.180000038E-02	 0.999999225E-04	 0.156104619E-02
   13263	-0.150000036E-02	-0.180000038E-02	 0.699999934E-03	 0.386112761E-02
     870	-0.150000036E-02	-0.180000038E-02	 0.999999940E-03	 0.779748508E-03
     871	-0.150000036E-02	-0.180000038E-02	 0.129999995E-02	 0.258576794E-03
     872	-0.150000036E-02	-0.180000038E-02	 0.159999995E-02	 0.222217231E-03
     873	-0.150000036E-02	-0.180000038E-02	 0.189999996E-02	 0.868561689E-04
     874	-0.150000036E-02	-0.180000038E-02	 0.219999996E-02	 0.448030554E-04
     875	-0.150000036E-02	-0.180000038E-02	 0.249999997E-02	 0.271407151E-04
     876	-0.150000036E-02	-0.180000038E-02	 0.279999998E-02	 0.183237748E-04
     877	-0.150000036E-02	-0.180000038E-02	 0.309999998E-02	 0.148746180E-04
     878	-0.150000036E-02	-0.180000038E-02	 0.339999999E-02	 0.109857862E-04
     879	-0.150000036E-02	-0.180000038E-02	 0.369999999E-02	 0.815813929E-05
     880	-0.150000036E-02	-0.180000038E-02	 0.400000000E-02	 0.676069906E-05
    1058	-0.150000036E-02	-0.300000048E-02	 0.129999995E-02	 0.290286649E-03
    1057	-0.150000036E-02	-0.300000048E-02	 0.999999940E-03	 0.205886199E-03
    1062	-0.120000033E-02	-0.270000045E-02	 0.129999995E-02	 0.333190855E-03
    1060	-0.120000033E-02	-0.300000048E-02	 0.129999995E-02	 0.251011420E-03
    1059	-0.120000033E-02	-0.300000048E-02	 0.999999940E-03	 0.215780663E-03
    1061	-0.120000033E-02	-0.270000045E-02	 0.999999940E-03	 0.106668717E-02
    1063	-0.150000036E-02	-0.300000048E-02	 0.159999995E-02	 0.333724594E-03
    1065	-0.120000033E-02	-0.270000045E-02	 0.159999995E-02	 0.201256769E-03
    1064	-0.120000033E-02	-0.300000048E-02	 0.159999995E-02	 0.291055866E-03
    1066	-0.150000036E-02	-0.300000048E-02	 0.189999996E-02	 0.155261953E-03
    1068	-0.120000033E-02	-0.270000045E-02	 0.189999996E-02	 0.807213731E-04
    1067	-0.120000033E-02	-0.300000048E-02	 0.189999996E-02	 0.134543937E-03
    1069	-0.150000036E-02	-0.300000048E-02	 0.219999996E-02	 0.874168760E-04
    1071	-0.120000033E-02	-0.270000045E-02	 0.219999996E-02	 0.432058812E-04
    1070	-0.120000033E-02	-0.300000048E-02	 0.219999996E-02	 0.761057534E-04
    1072	-0.150000036E-02	-0.300000048E-02	 0.249999997E-02	 0.559181167E-04
    1074	-0.120000033E-02	-0.270000045E-02	 0.249999997E-02	 0.270852374E-04
    1073	-0.120000033E-02	-0.300000048E-02	 0.249999997E-02	 0.486709964E-04
    1075	-0.150000036E-02	-0.300000048E-02	 0.279999998E-02	 0.392448364E-04
    1077	-0.120000033E-02	-0.270000045E-02	 0.279999998E-02	 0.186320497E-04
    1076	-0.120000033E-02	-0.300000048E-02	 0.279999998E-02	 0.342298550E-04
    1078	-0.150000036E-02	-0.300000048E-02	 0.309999998E-02	 0.292213470E-04
    1080	-0.120000033E-02	-0.270000045E-02	 0.309999998E-02	 0.136588489E-04
    1079	-0.120000033E-02	-0.300000048E-02	 0.309999998E-02	 0.254795052E-04
    1081	-0.150000036E-02	-0.300000048E-02	 0.339999999E-02	 0.226810407E-04
    1083	-0.120000033E-02	-0.270000045E-02	 0.339999999E-02	 0.104798361E-04
    1082	-0.120000033E-02	-0.300000048E-02	 0.339999999E-02	 0.197836852E-04
    1084	-0.150000036E-02	-0.300000048E-02	 0.369999999E-02	 0.181724597E-04
    1086	-0.120000033E-02	-0.270000045E-02	 0.369999999E-02	 0.832608374E-05
    1085	-0.120000033E-02	-0.300000048E-02	 0.369999999E-02	 0.158511348E-04
    1087	-0.150000036E-02	-0.300000048E-02	 0.400000000E-02	 0.149137772E-04
    1089	-0.120000033E-02	-0.270000045E-02	 0.400000000E-02	 0.679348262E-05
    1088	-0.120000033E-02	-0.300000048E-02	 0.400000000E-02	 0.130101845E-04
   13216	-0.120000033E-02	-0.270000045E-02	 0.399999928E-03	 0.649746695E-02
   13273	-0.150000036E-02	-0.270000045E-02	 0.399999928E-03	 0.799525346E-02
   13213	-0.120000033E-02	-0.240000043E-02	 0.399999928E-03	 0.320092739E-02
   13217	-0.120000033E-02	-0.270000045E-02	 0.999999225E-04	 0.173754788E-02
   13274	-0.150000036E-02	-0.270000045E-02	 0.999999225E-04	 0.243817330E-02
   13214	-0.120000033E-02	-0.240000043E-02	 0.999999225E-04	 0.156133579E-02
   13215	-0.120000033E-02	-0.270000045E-02	 0.699999934E-03	 0.809012760E-02
   13272	-0.150000036E-02	-0.270000045E-02	 0.699999934E-03	 0.987787787E-02
   13212	-0.120000033E-02	-0.240000043E-02	 0.699999934E-03	 0.396602266E-02
    1090	-0.120000033E-02	-0.240000043E-02	 0.999999940E-03	 0.776005359E-03
    1091	-0.120000033E-02	-0.240000043E-02	 0.129999995E-02	 0.270134474E-03
    1092	-0.120000033E-02	-0.240000043E-02	 0.159999995E-02	 0.224061514E-03
    1093	-0.120000033E-02	-0.240000043E-02	 0.189999996E-02	 0.882900470E-04
    1094	-0.120000033E-02	-0.240000043E-02	 0.219999996E-02	 0.457757190E-04
    1095	-0.120000033E-02	-0.240000043E-02	 0.249999997E-02	 0.281433148E-04
    1096	-0.120000033E-02	-0.240000043E-02	 0.279999998E-02	 0.197143166E-04
    1097	-0.120000033E-02	-0.240000043E-02	 0.309999998E-02	 0.158117997E-04
    1098	-0.120000033E-02	-0.240000043E-02	 0.339999999E-02	 0.127261847E-04
    1099	-0.120000033E-02	-0.240000043E-02	 0.369999999E-02	 0.856917811E-05
    1100	-0.120000033E-02	-0.240000043E-02	 0.400000000E-02	 0.700193433E-05
   13210	-0.120000033E-02	-0.210000040E-02	 0.399999928E-03	 0.231594982E-02
   13211	-0.120000033E-02	-0.210000040E-02	 0.999999225E-04	 0.156562113E-02
   13209	-0.120000033E-02	-0.210000040E-02	 0.699999934E-03	 0.404676956E-02
    1101	-0.120000033E-02	-0.210000040E-02	 0.999999940E-03	 0.807789407E-03
    1102	-0.120000033E-02	-0.210000040E-02	 0.129999995E-02	 0.264115274E-03
    1103	-0.120000033E-02	-0.210000040E-02	 0.159999995E-02	 0.221067802E-03
    1104	-0.120000033E-02	-0.210000040E-02	 0.189999996E-02	 0.867824434E-04
    1105	-0.120000033E-02	-0.210000040E-02	 0.219999996E-02	 0.448396916E-04
    1106	-0.120000033E-02	-0.210000040E-02	 0.249999997E-02	 0.273032264E-04
    1107	-0.120000033E-02	-0.210000040E-02	 0.279999998E-02	 0.191900350E-04
    1108	-0.120000033E-02	-0.210000040E-02	 0.309999998E-02	 0.156515216E-04
    1109	-0.120000033E-02	-0.210000040E-02	 0.339999999E-02	 0.116994873E-04
    1110	-0.120000033E-02	-0.210000040E-02	 0.369999999E-02	 0.824095775E-05
    1111	-0.120000033E-02	-0.210000040E-02	 0.400000000E-02	 0.673468177E-05
   13207	-0.120000033E-02	-0.180000038E-02	 0.399999928E-03	 0.230329126E-02
   13208	-0.120000033E-02	-0.180000038E-02	 0.999999225E-04	 0.156477757E-02
   13206	-0.120000033E-02	-0.180000038E-02	 0.699999934E-03	 0.395260758E-02
    1112	-0.120000033E-02	-0.180000038E-02	 0.999999940E-03	 0.801397273E-03
    1113	-0.120000033E-02	-0.180000038E-02	 0.129999995E-02	 0.266543295E-03
    1114	-0.120000033E-02	-0.180000038E-02	 0.159999995E-02	 0.222927926E-03
    1115	-0.120000033E-02	-0.180000038E-02	 0.189999996E-02	 0.859942371E-04
    1116	-0.120000033E-02	-0.180000038E-02	 0.219999996E-02	 0.441587462E-04
    1117	-0.120000033E-02	-0.180000038E-02	 0.249999997E-02	 0.265103053E-04
    1118	-0.120000033E-02	-0.180000038E-02	 0.279999998E-02	 0.177020685E-04
    1119	-0.120000033E-02	-0.180000038E-02	 0.309999998E-02	 0.138198976E-04
    1120	-0.120000033E-02	-0.180000038E-02	 0.339999999E-02	 0.103054139E-04
    1121	-0.120000033E-02	-0.180000038E-02	 0.369999999E-02	 0.838177232E-05
    1122	-0.120000033E-02	-0.180000038E-02	 0.400000000E-02	 0.694650903E-05
    1313	-0.900000310E-03	-0.270000045E-02	 0.129999995E-02	 0.288479150E-03
    1311	-0.900000310E-03	-0.300000048E-02	 0.129999995E-02	 0.303947262E-03
    1310	-0.900000310E-03	-0.300000048E-02	 0.999999940E-03	 0.129200126E-02
    1312	-0.900000310E-03	-0.270000045E-02	 0.999999940E-03	 0.116992343E-02
    1315	-0.900000310E-03	-0.270000045E-02	 0.159999995E-02	 0.199924941E-03
    1314	-0.900000310E-03	-0.300000048E-02	 0.159999995E-02	 0.257533342E-03
    1317	-0.900000310E-03	-0.270000045E-02	 0.189999996E-02	 0.811707762E-04
    1316	-0.900000310E-03	-0.300000048E-02	 0.189999996E-02	 0.108874061E-03
    1319	-0.900000310E-03	-0.270000045E-02	 0.219999996E-02	 0.429109048E-04
    1318	-0.900000310E-03	-0.300000048E-02	 0.219999996E-02	 0.598487719E-04
    1321	-0.900000310E-03	-0.270000045E-02	 0.249999997E-02	 0.266592374E-04
    1320	-0.900000310E-03	-0.300000048E-02	 0.249999997E-02	 0.381242922E-04
    1323	-0.900000310E-03	-0.270000045E-02	 0.279999998E-02	 0.182820212E-04
    1322	-0.900000310E-03	-0.300000048E-02	 0.279999998E-02	 0.281267882E-04
    1325	-0.900000310E-03	-0.270000045E-02	 0.309999998E-02	 0.133828196E-04
    1324	-0.900000310E-03	-0.300000048E-02	 0.309999998E-02	 0.213667454E-04
    1327	-0.900000310E-03	-0.270000045E-02	 0.339999999E-02	 0.102633616E-04
    1326	-0.900000310E-03	-0.300000048E-02	 0.339999999E-02	 0.164350290E-04
    1329	-0.900000310E-03	-0.270000045E-02	 0.369999999E-02	 0.815289693E-05
    1328	-0.900000310E-03	-0.300000048E-02	 0.369999999E-02	 0.124591722E-04
    1331	-0.900000310E-03	-0.270000045E-02	 0.400000000E-02	 0.665251951E-05
    1330	-0.900000310E-03	-0.300000048E-02	 0.400000000E-02	 0.997354056E-05
   13156	-0.900000310E-03	-0.270000045E-02	 0.399999928E-03	 0.395105008E-02
   13153	-0.900000310E-03	-0.240000043E-02	 0.399999928E-03	 0.258148487E-02
   13157	-0.900000310E-03	-0.270000045E-02	 0.999999225E-04	 0.167303631E-02
   13154	-0.900000310E-03	-0.240000043E-02	 0.999999225E-04	 0.156785206E-02
   13155	-0.900000310E-03	-0.270000045E-02	 0.699999934E-03	 0.690530331E-02
   13152	-0.900000310E-03	-0.240000043E-02	 0.699999934E-03	 0.405474842E-02
    1332	-0.900000310E-03	-0.240000043E-02	 0.999999940E-03	 0.799123926E-03
    1333	-0.900000310E-03	-0.240000043E-02	 0.129999995E-02	 0.268542333E-03
    1334	-0.900000310E-03	-0.240000043E-02	 0.159999995E-02	 0.215493771E-03
    1335	-0.900000310E-03	-0.240000043E-02	 0.189999996E-02	 0.848240963E-04
    1336	-0.900000310E-03	-0.240000043E-02	 0.219999996E-02	 0.440262781E-04
    1337	-0.900000310E-03	-0.240000043E-02	 0.249999997E-02	 0.269851535E-04
    1338	-0.900000310E-03	-0.240000043E-02	 0.279999998E-02	 0.195159852E-04
    1339	-0.900000310E-03	-0.240000043E-02	 0.309999998E-02	 0.157664197E-04
    1340	-0.900000310E-03	-0.240000043E-02	 0.339999999E-02	 0.122655628E-04
    1341	-0.900000310E-03	-0.240000043E-02	 0.369999999E-02	 0.815933092E-05
    1342	-0.900000310E-03	-0.240000043E-02	 0.400000000E-02	 0.666246129E-05
   13150	-0.900000310E-03	-0.210000040E-02	 0.399999928E-03	 0.231739129E-02
   13151	-0.900000310E-03	-0.210000040E-02	 0.999999225E-04	 0.156229773E-02
   13149	-0.900000310E-03	-0.210000040E-02	 0.699999934E-03	 0.388868691E-02
    1343	-0.900000310E-03	-0.210000040E-02	 0.999999940E-03	 0.788782137E-03
    1344	-0.900000310E-03	-0.210000040E-02	 0.129999995E-02	 0.260398703E-03
    1345	-0.900000310E-03	-0.210000040E-02	 0.159999995E-02	 0.221446466E-03
    1346	-0.900000310E-03	-0.210000040E-02	 0.189999996E-02	 0.865462381E-04
    1347	-0.900000310E-03	-0.210000040E-02	 0.219999996E-02	 0.446916466E-04
    1348	-0.900000310E-03	-0.210000040E-02	 0.249999997E-02	 0.271018552E-04
    1349	-0.900000310E-03	-0.210000040E-02	 0.279999998E-02	 0.183663318E-04
    1350	-0.900000310E-03	-0.210000040E-02	 0.309999998E-02	 0.150722575E-04
    1351	-0.900000310E-03	-0.210000040E-02	 0.339999999E-02	 0.110156665E-04
    1352	-0.900000310E-03	-0.210000040E-02	 0.369999999E-02	 0.803861898E-05
    1353	-0.900000310E-03	-0.210000040E-02	 0.400000000E-02	 0.655948718E-05
   13147	-0.900000310E-03	-0.180000038E-02	 0.399999928E-03	 0.228357958E-02
   13148	-0.900000310E-03	-0.180000038E-02	 0.999999225E-04	 0.156547576E-02
   13146	-0.900000310E-03	-0.180000038E-02	 0.699999934E-03	 0.400954046E-02
    1354	-0.900000310E-03	-0.180000038E-02	 0.999999940E-03	 0.815830645E-03
    1355	-0.900000310E-03	-0.180000038E-02	 0.129999995E-02	 0.271201627E-03
    1356	-0.900000310E-03	-0.180000038E-02	 0.159999995E-02	 0.223358315E-03
    1357	-0.900000310E-03	-0.180000038E-02	 0.189999996E-02	 0.851389597E-04
    1358	-0.900000310E-03	-0.180000038E-02	 0.219999996E-02	 0.435357034E-04
    1359	-0.900000310E-03	-0.180000038E-02	 0.249999997E-02	 0.260099613E-04
    1360	-0.900000310E-03	-0.180000038E-02	 0.279999998E-02	 0.172525149E-04
    1361	-0.900000310E-03	-0.180000038E-02	 0.309999998E-02	 0.133273535E-04
    1362	-0.900000310E-03	-0.180000038E-02	 0.339999999E-02	 0.105983563E-04
    1363	-0.900000310E-03	-0.180000038E-02	 0.369999999E-02	 0.862478472E-05
    1364	-0.900000310E-03	-0.180000038E-02	 0.400000000E-02	 0.715069265E-05
    1366	-0.900000310E-03	-0.150000036E-02	 0.129999995E-02	 0.276028407E-03
    1365	-0.900000310E-03	-0.150000036E-02	 0.999999940E-03	 0.831669780E-03
    1367	-0.900000310E-03	-0.150000036E-02	 0.159999995E-02	 0.224691168E-03
    1368	-0.900000310E-03	-0.150000036E-02	 0.189999996E-02	 0.838912549E-04
    1369	-0.900000310E-03	-0.150000036E-02	 0.219999996E-02	 0.423804072E-04
    1370	-0.900000310E-03	-0.150000036E-02	 0.249999997E-02	 0.250580556E-04
    1371	-0.900000310E-03	-0.150000036E-02	 0.279999998E-02	 0.181846744E-04
    1372	-0.900000310E-03	-0.150000036E-02	 0.309999998E-02	 0.140972735E-04
    1373	-0.900000310E-03	-0.150000036E-02	 0.339999999E-02	 0.112386009E-04
    1374	-0.900000310E-03	-0.150000036E-02	 0.369999999E-02	 0.916135002E-05
    1375	-0.900000310E-03	-0.150000036E-02	 0.400000000E-02	 0.760402655E-05
   13144	-0.900000310E-03	-0.150000036E-02	 0.399999928E-03	 0.227391322E-02
   13145	-0.900000310E-03	-0.150000036E-02	 0.999999225E-04	 0.156606356E-02
   13143	-0.900000310E-03	-0.150000036E-02	 0.699999934E-03	 0.407213124E-02
   13096	-0.600000286E-03	-0.300000048E-02	 0.399999928E-03	 0.651220205E-02
   13159	-0.900000310E-03	-0.300000048E-02	 0.399999928E-03	 0.795286538E-02
   13093	-0.600000286E-03	-0.270000045E-02	 0.399999928E-03	 0.323683982E-02
   13097	-0.600000286E-03	-0.300000048E-02	 0.999999225E-04	 0.173754838E-02
   13160	-0.900000310E-03	-0.300000048E-02	 0.999999225E-04	 0.243817457E-02
   13094	-0.600000286E-03	-0.270000045E-02	 0.999999225E-04	 0.155611597E-02
   13095	-0.600000286E-03	-0.300000048E-02	 0.699999934E-03	 0.779901044E-02
   13158	-0.900000310E-03	-0.300000048E-02	 0.699999934E-03	 0.101845036E-01
   13092	-0.600000286E-03	-0.270000045E-02	 0.699999934E-03	 0.375624452E-02
    1541	-0.600000286E-03	-0.300000048E-02	 0.999999940E-03	 0.981478120E-03
    1543	-0.600000286E-03	-0.270000045E-02	 0.999999940E-03	 0.724133764E-03
    1544	-0.600000286E-03	-0.270000045E-02	 0.129999995E-02	 0.234901886E-03
    1542	-0.600000286E-03	-0.300000048E-02	 0.129999995E-02	 0.348424957E-03
    1546	-0.600000286E-03	-0.270000045E-02	 0.159999995E-02	 0.209640204E-03
    1545	-0.600000286E-03	-0.300000048E-02	 0.159999995E-02	 0.295959126E-03
    1548	-0.600000286E-03	-0.270000045E-02	 0.189999996E-02	 0.834276424E-04
    1547	-0.600000286E-03	-0.300000048E-02	 0.189999996E-02	 0.122484553E-03
    1550	-0.600000286E-03	-0.270000045E-02	 0.219999996E-02	 0.438304069E-04
    1549	-0.600000286E-03	-0.300000048E-02	 0.219999996E-02	 0.676087626E-04
    1552	-0.600000286E-03	-0.270000045E-02	 0.249999997E-02	 0.269927285E-04
    1551	-0.600000286E-03	-0.300000048E-02	 0.249999997E-02	 0.431891429E-04
    1554	-0.600000286E-03	-0.270000045E-02	 0.279999998E-02	 0.183515538E-04
    1553	-0.600000286E-03	-0.300000048E-02	 0.279999998E-02	 0.301072544E-04
    1556	-0.600000286E-03	-0.270000045E-02	 0.309999998E-02	 0.133473029E-04
    1555	-0.600000286E-03	-0.300000048E-02	 0.309999998E-02	 0.222974535E-04
    1558	-0.600000286E-03	-0.270000045E-02	 0.339999999E-02	 0.101853578E-04
    1557	-0.600000286E-03	-0.300000048E-02	 0.339999999E-02	 0.172353474E-04
    1560	-0.600000286E-03	-0.270000045E-02	 0.369999999E-02	 0.806189769E-05
    1559	-0.600000286E-03	-0.300000048E-02	 0.369999999E-02	 0.137669329E-04
    1562	-0.600000286E-03	-0.270000045E-02	 0.400000000E-02	 0.656116397E-05
    1561	-0.600000286E-03	-0.300000048E-02	 0.400000000E-02	 0.112753409E-04
   13090	-0.600000286E-03	-0.240000043E-02	 0.399999928E-03	 0.234311654E-02
   13091	-0.600000286E-03	-0.240000043E-02	 0.999999225E-04	 0.156248475E-02
   13089	-0.600000286E-03	-0.240000043E-02	 0.699999934E-03	 0.395858128E-02
    1563	-0.600000286E-03	-0.240000043E-02	 0.999999940E-03	 0.785450712E-03
    1564	-0.600000286E-03	-0.240000043E-02	 0.129999995E-02	 0.259825445E-03
    1565	-0.600000286E-03	-0.240000043E-02	 0.159999995E-02	 0.214762599E-03
    1566	-0.600000286E-03	-0.240000043E-02	 0.189999996E-02	 0.842783040E-04
    1567	-0.600000286E-03	-0.240000043E-02	 0.219999996E-02	 0.438729073E-04
    1568	-0.600000286E-03	-0.240000043E-02	 0.249999997E-02	 0.267935065E-04
    1569	-0.600000286E-03	-0.240000043E-02	 0.279999998E-02	 0.187275037E-04
    1570	-0.600000286E-03	-0.240000043E-02	 0.309999998E-02	 0.151723600E-04
    1571	-0.600000286E-03	-0.240000043E-02	 0.339999999E-02	 0.117108328E-04
    1572	-0.600000286E-03	-0.240000043E-02	 0.369999999E-02	 0.796385437E-05
    1573	-0.600000286E-03	-0.240000043E-02	 0.400000000E-02	 0.648945706E-05
   13087	-0.600000286E-03	-0.210000040E-02	 0.399999928E-03	 0.230342939E-02
   13088	-0.600000286E-03	-0.210000040E-02	 0.999999225E-04	 0.156471536E-02
   13086	-0.600000286E-03	-0.210000040E-02	 0.699999934E-03	 0.393447265E-02
    1574	-0.600000286E-03	-0.210000040E-02	 0.999999940E-03	 0.797712789E-03
    1575	-0.600000286E-03	-0.210000040E-02	 0.129999995E-02	 0.265529025E-03
    1576	-0.600000286E-03	-0.210000040E-02	 0.159999995E-02	 0.220752221E-03
    1577	-0.600000286E-03	-0.210000040E-02	 0.189999996E-02	 0.855695416E-04
    1578	-0.600000286E-03	-0.210000040E-02	 0.219999996E-02	 0.442206602E-04
    1579	-0.600000286E-03	-0.210000040E-02	 0.249999997E-02	 0.267799546E-04
    1580	-0.600000286E-03	-0.210000040E-02	 0.279999998E-02	 0.179826924E-04
    1581	-0.600000286E-03	-0.210000040E-02	 0.309999998E-02	 0.144124364E-04
    1582	-0.600000286E-03	-0.210000040E-02	 0.339999999E-02	 0.104863737E-04
    1583	-0.600000286E-03	-0.210000040E-02	 0.369999999E-02	 0.805980484E-05
    1584	-0.600000286E-03	-0.210000040E-02	 0.400000000E-02	 0.667958414E-05
   13084	-0.600000286E-03	-0.180000038E-02	 0.399999928E-03	 0.226967678E-02
   13085	-0.600000286E-03	-0.180000038E-02	 0.999999225E-04	 0.156548013E-02
   13083	-0.600000286E-03	-0.180000038E-02	 0.699999934E-03	 0.404236517E-02
    1585	-0.600000286E-03	-0.180000038E-02	 0.999999940E-03	 0.824142672E-03
    1586	-0.600000286E-03	-0.180000038E-02	 0.129999995E-02	 0.273257404E-03
    1587	-0.600000286E-03	-0.180000038E-02	 0.159999995E-02	 0.223142288E-03
    1588	-0.600000286E-03	-0.180000038E-02	 0.189999996E-02	 0.842476919E-04
    1589	-0.600000286E-03	-0.180000038E-02	 0.219999996E-02	 0.429125557E-04
    1590	-0.600000286E-03	-0.180000038E-02	 0.249999997E-02	 0.255673210E-04
    1591	-0.600000286E-03	-0.180000038E-02	 0.279999998E-02	 0.175707013E-04
    1592	-0.600000286E-03	-0.180000038E-02	 0.309999998E-02	 0.135899429E-04
    1593	-0.600000286E-03	-0.180000038E-02	 0.339999999E-02	 0.108174695E-04
    1594	-0.600000286E-03	-0.180000038E-02	 0.369999999E-02	 0.880908544E-05
    1595	-0.600000286E-03	-0.180000038E-02	 0.400000000E-02	 0.730679533E-05
    1597	-0.600000286E-03	-0.150000036E-02	 0.129999995E-02	 0.277620734E-03
    1596	-0.600000286E-03	-0.150000036E-02	 0.999999940E-03	 0.836595292E-03
    1598	-0.600000286E-03	-0.150000036E-02	 0.159999995E-02	 0.224917740E-03
    1599	-0.600000286E-03	-0.150000036E-02	 0.189999996E-02	 0.833349854E-04
    1600	-0.600000286E-03	-0.150000036E-02	 0.219999996E-02	 0.418736547E-04
    1601	-0.600000286E-03	-0.150000036E-02	 0.249999997E-02	 0.247139744E-04
    1602	-0.600000286E-03	-0.150000036E-02	 0.279999998E-02	 0.184994572E-04
    1603	-0.600000286E-03	-0.150000036E-02	 0.309999998E-02	 0.143658284E-04
    1604	-0.600000286E-03	-0.150000036E-02	 0.339999999E-02	 0.114691473E-04
    1605	-0.600000286E-03	-0.150000036E-02	 0.369999999E-02	 0.935920349E-05
    1606	-0.600000286E-03	-0.150000036E-02	 0.400000000E-02	 0.777389431E-05
   13081	-0.600000286E-03	-0.150000036E-02	 0.399999928E-03	 0.227469489E-02
   13082	-0.600000286E-03	-0.150000036E-02	 0.999999225E-04	 0.156640381E-02
   13080	-0.600000286E-03	-0.150000036E-02	 0.699999934E-03	 0.408726384E-02
   13078	-0.600000286E-03	-0.120000033E-02	 0.399999928E-03	 0.227236366E-02
   13079	-0.600000286E-03	-0.120000033E-02	 0.999999225E-04	 0.156658626E-02
   13077	-0.600000286E-03	-0.120000033E-02	 0.699999934E-03	 0.410556847E-02
    1607	-0.600000286E-03	-0.120000033E-02	 0.999999940E-03	 0.842396197E-03
    1608	-0.600000286E-03	-0.120000033E-02	 0.129999995E-02	 0.279431810E-03
    1609	-0.600000286E-03	-0.120000033E-02	 0.159999995E-02	 0.225923832E-03
    1610	-0.600000286E-03	-0.120000033E-02	 0.189999996E-02	 0.827183158E-04
    1611	-0.600000286E-03	-0.120000033E-02	 0.219999996E-02	 0.410814912E-04
    1612	-0.600000286E-03	-0.120000033E-02	 0.249999997E-02	 0.254008049E-04
    1613	-0.600000286E-03	-0.120000033E-02	 0.279999998E-02	 0.190925292E-04
    1614	-0.600000286E-03	-0.120000033E-02	 0.309999998E-02	 0.148847177E-04
    1615	-0.600000286E-03	-0.120000033E-02	 0.339999999E-02	 0.119205108E-04
    1616	-0.600000286E-03	-0.120000033E-02	 0.369999999E-02	 0.974980955E-05
    1617	-0.600000286E-03	-0.120000033E-02	 0.400000000E-02	 0.811103726E-05
   13033	-0.300000262E-03	-0.300000048E-02	 0.399999928E-03	 0.590836094E-02
   13030	-0.300000262E-03	-0.270000045E-02	 0.399999928E-03	 0.303302664E-02
   13034	-0.300000262E-03	-0.300000048E-02	 0.999999225E-04	 0.173754792E-02
   13031	-0.300000262E-03	-0.270000045E-02	 0.999999225E-04	 0.155731428E-02
   13032	-0.300000262E-03	-0.300000048E-02	 0.699999934E-03	 0.657710736E-02
   13029	-0.300000262E-03	-0.270000045E-02	 0.699999934E-03	 0.356505649E-02
    1772	-0.300000262E-03	-0.300000048E-02	 0.999999940E-03	 0.844200751E-03
    1774	-0.300000262E-03	-0.270000045E-02	 0.999999940E-03	 0.692550907E-03
    1775	-0.300000262E-03	-0.270000045E-02	 0.129999995E-02	 0.242536292E-03
    1773	-0.300000262E-03	-0.300000048E-02	 0.129999995E-02	 0.320546837E-03
    1777	-0.300000262E-03	-0.270000045E-02	 0.159999995E-02	 0.210340937E-03
    1776	-0.300000262E-03	-0.300000048E-02	 0.159999995E-02	 0.283631356E-03
    1779	-0.300000262E-03	-0.270000045E-02	 0.189999996E-02	 0.832516731E-04
    1778	-0.300000262E-03	-0.300000048E-02	 0.189999996E-02	 0.117681126E-03
    1781	-0.300000262E-03	-0.270000045E-02	 0.219999996E-02	 0.437689926E-04
    1780	-0.300000262E-03	-0.300000048E-02	 0.219999996E-02	 0.647941713E-04
    1783	-0.300000262E-03	-0.270000045E-02	 0.249999997E-02	 0.267980565E-04
    1782	-0.300000262E-03	-0.300000048E-02	 0.249999997E-02	 0.412928626E-04
    1785	-0.300000262E-03	-0.270000045E-02	 0.279999998E-02	 0.181069337E-04
    1784	-0.300000262E-03	-0.300000048E-02	 0.279999998E-02	 0.287417276E-04
    1787	-0.300000262E-03	-0.270000045E-02	 0.309999998E-02	 0.130978972E-04
    1786	-0.300000262E-03	-0.300000048E-02	 0.309999998E-02	 0.214630266E-04
    1789	-0.300000262E-03	-0.270000045E-02	 0.339999999E-02	 0.995617343E-05
    1788	-0.300000262E-03	-0.300000048E-02	 0.339999999E-02	 0.165184174E-04
    1791	-0.300000262E-03	-0.270000045E-02	 0.369999999E-02	 0.785801420E-05
    1790	-0.300000262E-03	-0.300000048E-02	 0.369999999E-02	 0.131028273E-04
    1793	-0.300000262E-03	-0.270000045E-02	 0.400000000E-02	 0.638243004E-05
    1792	-0.300000262E-03	-0.300000048E-02	 0.400000000E-02	 0.107265715E-04
   13027	-0.300000262E-03	-0.240000043E-02	 0.399999928E-03	 0.233571116E-02
   13028	-0.300000262E-03	-0.240000043E-02	 0.999999225E-04	 0.155824176E-02
   13026	-0.300000262E-03	-0.240000043E-02	 0.699999934E-03	 0.382937849E-02
    1794	-0.300000262E-03	-0.240000043E-02	 0.999999940E-03	 0.767765161E-03
    1795	-0.300000262E-03	-0.240000043E-02	 0.129999995E-02	 0.254655065E-03
    1796	-0.300000262E-03	-0.240000043E-02	 0.159999995E-02	 0.213268167E-03
    1797	-0.300000262E-03	-0.240000043E-02	 0.189999996E-02	 0.831103989E-04
    1798	-0.300000262E-03	-0.240000043E-02	 0.219999996E-02	 0.433531951E-04
    1799	-0.300000262E-03	-0.240000043E-02	 0.249999997E-02	 0.264637274E-04
    1800	-0.300000262E-03	-0.240000043E-02	 0.279999998E-02	 0.181699238E-04
    1801	-0.300000262E-03	-0.240000043E-02	 0.309999998E-02	 0.147318980E-04
    1802	-0.300000262E-03	-0.240000043E-02	 0.339999999E-02	 0.114085213E-04
    1803	-0.300000262E-03	-0.240000043E-02	 0.369999999E-02	 0.777908691E-05
    1804	-0.300000262E-03	-0.240000043E-02	 0.400000000E-02	 0.632849334E-05
   13024	-0.300000262E-03	-0.210000040E-02	 0.399999928E-03	 0.229228383E-02
   13025	-0.300000262E-03	-0.210000040E-02	 0.999999225E-04	 0.156470203E-02
   13023	-0.300000262E-03	-0.210000040E-02	 0.699999934E-03	 0.396832375E-02
    1805	-0.300000262E-03	-0.210000040E-02	 0.999999940E-03	 0.804610988E-03
    1806	-0.300000262E-03	-0.210000040E-02	 0.129999995E-02	 0.267820772E-03
    1807	-0.300000262E-03	-0.210000040E-02	 0.159999995E-02	 0.220080465E-03
    1808	-0.300000262E-03	-0.210000040E-02	 0.189999996E-02	 0.847306863E-04
    1809	-0.300000262E-03	-0.210000040E-02	 0.219999996E-02	 0.437756296E-04
    1810	-0.300000262E-03	-0.210000040E-02	 0.249999997E-02	 0.265016976E-04
    1811	-0.300000262E-03	-0.210000040E-02	 0.279999998E-02	 0.177466927E-04
    1812	-0.300000262E-03	-0.210000040E-02	 0.309999998E-02	 0.139831612E-04
    1813	-0.300000262E-03	-0.210000040E-02	 0.339999999E-02	 0.101995752E-04
    1814	-0.300000262E-03	-0.210000040E-02	 0.369999999E-02	 0.818102536E-05
    1815	-0.300000262E-03	-0.210000040E-02	 0.400000000E-02	 0.678165854E-05
   13021	-0.300000262E-03	-0.180000038E-02	 0.399999928E-03	 0.227158031E-02
   13022	-0.300000262E-03	-0.180000038E-02	 0.999999225E-04	 0.156595242E-02
   13020	-0.300000262E-03	-0.180000038E-02	 0.699999934E-03	 0.405346574E-02
    1816	-0.300000262E-03	-0.180000038E-02	 0.999999940E-03	 0.827541299E-03
    1817	-0.300000262E-03	-0.180000038E-02	 0.129999995E-02	 0.274673659E-03
    1818	-0.300000262E-03	-0.180000038E-02	 0.159999995E-02	 0.222899198E-03
    1819	-0.300000262E-03	-0.180000038E-02	 0.189999996E-02	 0.837035429E-04
    1820	-0.300000262E-03	-0.180000038E-02	 0.219999996E-02	 0.425365398E-04
    1821	-0.300000262E-03	-0.180000038E-02	 0.249999997E-02	 0.253180142E-04
    1822	-0.300000262E-03	-0.180000038E-02	 0.279999998E-02	 0.177636986E-04
    1823	-0.300000262E-03	-0.180000038E-02	 0.309999998E-02	 0.137517823E-04
    1824	-0.300000262E-03	-0.180000038E-02	 0.339999999E-02	 0.109546528E-04
    1825	-0.300000262E-03	-0.180000038E-02	 0.369999999E-02	 0.892558953E-05
    1826	-0.300000262E-03	-0.180000038E-02	 0.400000000E-02	 0.740608419E-05
    1828	-0.300000262E-03	-0.150000036E-02	 0.129999995E-02	 0.278362503E-03
    1827	-0.300000262E-03	-0.150000036E-02	 0.999999940E-03	 0.839178195E-03
    1829	-0.300000262E-03	-0.150000036E-02	 0.159999995E-02	 0.224956228E-03
    1830	-0.300000262E-03	-0.150000036E-02	 0.189999996E-02	 0.830121674E-04
    1831	-0.300000262E-03	-0.150000036E-02	 0.219999996E-02	 0.415692949E-04
    1832	-0.300000262E-03	-0.150000036E-02	 0.249999997E-02	 0.249147667E-04
    1833	-0.300000262E-03	-0.150000036E-02	 0.279999998E-02	 0.186674021E-04
    1834	-0.300000262E-03	-0.150000036E-02	 0.309999998E-02	 0.145122642E-04
    1835	-0.300000262E-03	-0.150000036E-02	 0.339999999E-02	 0.115972628E-04
    1836	-0.300000262E-03	-0.150000036E-02	 0.369999999E-02	 0.947061476E-05
    1837	-0.300000262E-03	-0.150000036E-02	 0.400000000E-02	 0.787037376E-05
   13018	-0.300000262E-03	-0.150000036E-02	 0.399999928E-03	 0.227224119E-02
   13019	-0.300000262E-03	-0.150000036E-02	 0.999999225E-04	 0.156648450E-02
   13017	-0.300000262E-03	-0.150000036E-02	 0.699999934E-03	 0.409529125E-02
   13015	-0.300000262E-03	-0.120000033E-02	 0.399999928E-03	 0.227214870E-02
   13016	-0.300000262E-03	-0.120000033E-02	 0.999999225E-04	 0.156672822E-02
   13014	-0.300000262E-03	-0.120000033E-02	 0.699999934E-03	 0.410758060E-02
    1838	-0.300000262E-03	-0.120000033E-02	 0.999999940E-03	 0.843592421E-03
    1839	-0.300000262E-03	-0.120000033E-02	 0.129999995E-02	 0.279837024E-03
    1840	-0.300000262E-03	-0.120000033E-02	 0.159999995E-02	 0.226088906E-03
    1841	-0.300000262E-03	-0.120000033E-02	 0.189999996E-02	 0.825749276E-04
    1842	-0.300000262E-03	-0.120000033E-02	 0.219999996E-02	 0.408751691E-04
    1843	-0.300000262E-03	-0.120000033E-02	 0.249999997E-02	 0.255666001E-04
    1844	-0.300000262E-03	-0.120000033E-02	 0.279999998E-02	 0.192366733E-04
    1845	-0.300000262E-03	-0.120000033E-02	 0.309999998E-02	 0.150159229E-04
    1846	-0.300000262E-03	-0.120000033E-02	 0.339999999E-02	 0.120391880E-04
    1847	-0.300000262E-03	-0.120000033E-02	 0.369999999E-02	 0.985555712E-05
    1848	-0.300000262E-03	-0.120000033E-02	 0.400000000E-02	 0.820409549E-05
   12970	-0.238418579E-09	-0.300000048E-02	 0.399999928E-03	 0.612742608E-02
   12967	-0.238418579E-09	-0.270000045E-02	 0.399999928E-03	 0.298074985E-02
   12971	-0.238418579E-09	-0.300000048E-02	 0.999999225E-04	 0.173754844E-02
   12968	-0.238418579E-09	-0.270000045E-02	 0.999999225E-04	 0.156105707E-02
   12969	-0.238418579E-09	-0.300000048E-02	 0.699999934E-03	 0.730840590E-02
   12966	-0.238418579E-09	-0.270000045E-02	 0.699999934E-03	 0.366110316E-02
    2003	-0.238418579E-09	-0.300000048E-02	 0.999999940E-03	 0.961634896E-03
    2005	-0.238418579E-09	-0.270000045E-02	 0.999999940E-03	 0.707971672E-03
    2006	-0.238418579E-09	-0.270000045E-02	 0.129999995E-02	 0.247372598E-03
    2004	-0.238418579E-09	-0.300000048E-02	 0.129999995E-02	 0.342874568E-03
    2008	-0.238418579E-09	-0.270000045E-02	 0.159999995E-02	 0.209364014E-03
    2007	-0.238418579E-09	-0.300000048E-02	 0.159999995E-02	 0.290398168E-03
    2010	-0.238418579E-09	-0.270000045E-02	 0.189999996E-02	 0.828449944E-04
    2009	-0.238418579E-09	-0.300000048E-02	 0.189999996E-02	 0.120324236E-03
    2012	-0.238418579E-09	-0.270000045E-02	 0.219999996E-02	 0.435691926E-04
    2011	-0.238418579E-09	-0.300000048E-02	 0.219999996E-02	 0.662532884E-04
    2014	-0.238418579E-09	-0.270000045E-02	 0.249999997E-02	 0.266585912E-04
    2013	-0.238418579E-09	-0.300000048E-02	 0.249999997E-02	 0.422320881E-04
    2016	-0.238418579E-09	-0.270000045E-02	 0.279999998E-02	 0.179707540E-04
    2015	-0.238418579E-09	-0.300000048E-02	 0.279999998E-02	 0.293848762E-04
    2018	-0.238418579E-09	-0.270000045E-02	 0.309999998E-02	 0.129762109E-04
    2017	-0.238418579E-09	-0.300000048E-02	 0.309999998E-02	 0.217315533E-04
    2020	-0.238418579E-09	-0.270000045E-02	 0.339999999E-02	 0.984894755E-05
    2019	-0.238418579E-09	-0.300000048E-02	 0.339999999E-02	 0.167811507E-04
    2022	-0.238418579E-09	-0.270000045E-02	 0.369999999E-02	 0.776533955E-05
    2021	-0.238418579E-09	-0.300000048E-02	 0.369999999E-02	 0.133947334E-04
    2024	-0.238418579E-09	-0.270000045E-02	 0.400000000E-02	 0.630235792E-05
    2023	-0.238418579E-09	-0.300000048E-02	 0.400000000E-02	 0.109651682E-04
   12964	-0.238418579E-09	-0.240000043E-02	 0.399999928E-03	 0.232068588E-02
   12965	-0.238418579E-09	-0.240000043E-02	 0.999999225E-04	 0.155806726E-02
   12963	-0.238418579E-09	-0.240000043E-02	 0.699999934E-03	 0.385355433E-02
    2025	-0.238418579E-09	-0.240000043E-02	 0.999999940E-03	 0.770765960E-03
    2026	-0.238418579E-09	-0.240000043E-02	 0.129999995E-02	 0.256482844E-03
    2027	-0.238418579E-09	-0.240000043E-02	 0.159999995E-02	 0.213301943E-03
    2028	-0.238418579E-09	-0.240000043E-02	 0.189999996E-02	 0.829183348E-04
    2029	-0.238418579E-09	-0.240000043E-02	 0.219999996E-02	 0.432654501E-04
    2030	-0.238418579E-09	-0.240000043E-02	 0.249999997E-02	 0.264211742E-04
    2031	-0.238418579E-09	-0.240000043E-02	 0.279999998E-02	 0.180297815E-04
    2032	-0.238418579E-09	-0.240000043E-02	 0.309999998E-02	 0.146181157E-04
    2033	-0.238418579E-09	-0.240000043E-02	 0.339999999E-02	 0.113453790E-04
    2034	-0.238418579E-09	-0.240000043E-02	 0.369999999E-02	 0.773720158E-05
    2035	-0.238418579E-09	-0.240000043E-02	 0.400000000E-02	 0.629076584E-05
   12961	-0.238418579E-09	-0.210000040E-02	 0.399999928E-03	 0.229290856E-02
   12962	-0.238418579E-09	-0.210000040E-02	 0.999999225E-04	 0.156406293E-02
   12960	-0.238418579E-09	-0.210000040E-02	 0.699999934E-03	 0.398660198E-02
    2036	-0.238418579E-09	-0.210000040E-02	 0.999999940E-03	 0.807931783E-03
    2037	-0.238418579E-09	-0.210000040E-02	 0.129999995E-02	 0.268360596E-03
    2038	-0.238418579E-09	-0.210000040E-02	 0.159999995E-02	 0.219835221E-03
    2039	-0.238418579E-09	-0.210000040E-02	 0.189999996E-02	 0.844360643E-04
    2040	-0.238418579E-09	-0.210000040E-02	 0.219999996E-02	 0.436240824E-04
    2041	-0.238418579E-09	-0.210000040E-02	 0.249999997E-02	 0.264182801E-04
    2042	-0.238418579E-09	-0.210000040E-02	 0.279999998E-02	 0.176810439E-04
    2043	-0.238418579E-09	-0.210000040E-02	 0.309999998E-02	 0.138320506E-04
    2044	-0.238418579E-09	-0.210000040E-02	 0.339999999E-02	 0.101091053E-04
    2045	-0.238418579E-09	-0.210000040E-02	 0.369999999E-02	 0.822528210E-05
    2046	-0.238418579E-09	-0.210000040E-02	 0.400000000E-02	 0.681909887E-05
   12958	-0.238418579E-09	-0.180000038E-02	 0.399999928E-03	 0.227076884E-02
   12959	-0.238418579E-09	-0.180000038E-02	 0.999999225E-04	 0.156604441E-02
   12957	-0.238418579E-09	-0.180000038E-02	 0.699999934E-03	 0.405640209E-02
    2047	-0.238418579E-09	-0.180000038E-02	 0.999999940E-03	 0.828538679E-03
    2048	-0.238418579E-09	-0.180000038E-02	 0.129999995E-02	 0.275111791E-03
    2049	-0.238418579E-09	-0.180000038E-02	 0.159999995E-02	 0.222791280E-03
    2050	-0.238418579E-09	-0.180000038E-02	 0.189999996E-02	 0.835041421E-04
    2051	-0.238418579E-09	-0.180000038E-02	 0.219999996E-02	 0.423962703E-04
    2052	-0.238418579E-09	-0.180000038E-02	 0.249999997E-02	 0.252253269E-04
    2053	-0.238418579E-09	-0.180000038E-02	 0.279999998E-02	 0.178240790E-04
    2054	-0.238418579E-09	-0.180000038E-02	 0.309999998E-02	 0.138032585E-04
    2055	-0.238418579E-09	-0.180000038E-02	 0.339999999E-02	 0.109988060E-04
    2056	-0.238418579E-09	-0.180000038E-02	 0.369999999E-02	 0.896341726E-05
    2057	-0.238418579E-09	-0.180000038E-02	 0.400000000E-02	 0.743847758E-05
    2059	-0.238418579E-09	-0.150000036E-02	 0.129999995E-02	 0.278593790E-03
    2058	-0.238418579E-09	-0.150000036E-02	 0.999999940E-03	 0.839769069E-03
    2060	-0.238418579E-09	-0.150000036E-02	 0.159999995E-02	 0.224962239E-03
    2061	-0.238418579E-09	-0.150000036E-02	 0.189999996E-02	 0.829150237E-04
    2062	-0.238418579E-09	-0.150000036E-02	 0.219999996E-02	 0.414781594E-04
    2063	-0.238418579E-09	-0.150000036E-02	 0.249999997E-02	 0.249794420E-04
    2064	-0.238418579E-09	-0.150000036E-02	 0.279999998E-02	 0.187214318E-04
    2065	-0.238418579E-09	-0.150000036E-02	 0.309999998E-02	 0.145597211E-04
    2066	-0.238418579E-09	-0.150000036E-02	 0.339999999E-02	 0.116390881E-04
    2067	-0.238418579E-09	-0.150000036E-02	 0.369999999E-02	 0.950720686E-05
    2068	-0.238418579E-09	-0.150000036E-02	 0.400000000E-02	 0.790217633E-05
   12955	-0.238418579E-09	-0.150000036E-02	 0.399999928E-03	 0.227240770E-02
   12956	-0.238418579E-09	-0.150000036E-02	 0.999999225E-04	 0.156660442E-02
   12954	-0.238418579E-09	-0.150000036E-02	 0.699999934E-03	 0.409646885E-02
   12952	-0.238418579E-09	-0.120000033E-02	 0.399999928E-03	 0.227173068E-02
   12953	-0.238418579E-09	-0.120000033E-02	 0.999999225E-04	 0.156674366E-02
   12951	-0.238418579E-09	-0.120000033E-02	 0.699999934E-03	 0.410848632E-02
    2069	-0.238418579E-09	-0.120000033E-02	 0.999999940E-03	 0.844000116E-03
    2070	-0.238418579E-09	-0.120000033E-02	 0.129999995E-02	 0.279955695E-03
    2071	-0.238418579E-09	-0.120000033E-02	 0.159999995E-02	 0.226128349E-03
    2072	-0.238418579E-09	-0.120000033E-02	 0.189999996E-02	 0.825339978E-04
    2073	-0.238418579E-09	-0.120000033E-02	 0.219999996E-02	 0.408081959E-04
    2074	-0.238418579E-09	-0.120000033E-02	 0.249999997E-02	 0.256170379E-04
    2075	-0.238418579E-09	-0.120000033E-02	 0.279999998E-02	 0.192811083E-04
    2076	-0.238418579E-09	-0.120000033E-02	 0.309999998E-02	 0.150568147E-04
    2077	-0.238418579E-09	-0.120000033E-02	 0.339999999E-02	 0.120766846E-04
    2078	-0.238418579E-09	-0.120000033E-02	 0.369999999E-02	 0.988926841E-05
    2079	-0.238418579E-09	-0.120000033E-02	 0.400000000E-02	 0.823394382E-05
   12949	-0.238418579E-09	-0.900000310E-03	 0.399999928E-03	 0.227216497E-02
   12950	-0.238418579E-09	-0.900000310E-03	 0.999999225E-04	 0.156678779E-02
   12948	-0.238418579E-09	-0.900000310E-03	 0.699999934E-03	 0.411337831E-02
    2080	-0.238418579E-09	-0.900000310E-03	 0.999999940E-03	 0.845837892E-03
    2081	-0.238418579E-09	-0.900000310E-03	 0.129999995E-02	 0.280556841E-03
    2082	-0.238418579E-09	-0.900000310E-03	 0.159999995E-02	 0.226765158E-03
    2083	-0.238418579E-09	-0.900000310E-03	 0.189999996E-02	 0.824440468E-04
    2084	-0.238418579E-09	-0.900000310E-03	 0.219999996E-02	 0.404468979E-04
    2085	-0.238418579E-09	-0.900000310E-03	 0.249999997E-02	 0.259761041E-04
    2086	-0.238418579E-09	-0.900000310E-03	 0.279999998E-02	 0.196097196E-04
    2087	-0.238418579E-09	-0.900000310E-03	 0.309999998E-02	 0.153640546E-04
    2088	-0.238418579E-09	-0.900000310E-03	 0.339999999E-02	 0.123593536E-04
    2089	-0.238418579E-09	-0.900000310E-03	 0.369999999E-02	 0.101437642E-04
    2090	-0.238418579E-09	-0.900000310E-03	 0.400000000E-02	 0.845946553E-05
   12907	 0.299999785E-03	-0.300000048E-02	 0.399999928E-03	 0.590836094E-02
   12904	 0.299999785E-03	-0.270000045E-02	 0.399999928E-03	 0.303302664E-02
   12908	 0.299999785E-03	-0.300000048E-02	 0.999999225E-04	 0.173754792E-02
   12905	 0.299999785E-03	-0.270000045E-02	 0.999999225E-04	 0.155731428E-02
   12906	 0.299999785E-03	-0.300000048E-02	 0.699999934E-03	 0.657710736E-02
   12903	 0.299999785E-03	-0.270000045E-02	 0.699999934E-03	 0.356505649E-02
    2234	 0.299999785E-03	-0.300000048E-02	 0.999999940E-03	 0.844200751E-03
    2236	 0.299999785E-03	-0.270000045E-02	 0.999999940E-03	 0.692550907E-03
    2237	 0.299999785E-03	-0.270000045E-02	 0.129999995E-02	 0.242536292E-03
    2235	 0.299999785E-03	-0.300000048E-02	 0.129999995E-02	 0.320546837E-03
    2239	 0.299999785E-03	-0.270000045E-02	 0.159999995E-02	 0.210340937E-03
    2238	 0.299999785E-03	-0.300000048E-02	 0.159999995E-02	 0.283631356E-03
    2241	 0.299999785E-03	-0.270000045E-02	 0.189999996E-02	 0.832516731E-04
    2240	 0.299999785E-03	-0.300000048E-02	 0.189999996E-02	 0.117681126E-03
    2243	 0.299999785E-03	-0.270000045E-02	 0.219999996E-02	 0.437689926E-04
    2242	 0.299999785E-03	-0.300000048E-02	 0.219999996E-02	 0.647941713E-04
    2245	 0.299999785E-03	-0.270000045E-02	 0.249999997E-02	 0.267980565E-04
    2244	 0.299999785E-03	-0.300000048E-02	 0.249999997E-02	 0.412928626E-04
    2247	 0.299999785E-03	-0.270000045E-02	 0.279999998E-02	 0.181069337E-04
    2246	 0.299999785E-03	-0.300000048E-02	 0.279999998E-02	 0.287417276E-04
    2249	 0.299999785E-03	-0.270000045E-02	 0.309999998E-02	 0.130978972E-04
    2248	 0.299999785E-03	-0.300000048E-02	 0.309999998E-02	 0.214630266E-04
    2251	 0.299999785E-03	-0.270000045E-02	 0.339999999E-02	 0.995617343E-05
    2250	 0.299999785E-03	-0.300000048E-02	 0.339999999E-02	 0.165184174E-04
    2253	 0.299999785E-03	-0.270000045E-02	 0.369999999E-02	 0.785801420E-05
    2252	 0.299999785E-03	-0.300000048E-02	 0.369999999E-02	 0.131028273E-04
    2255	 0.299999785E-03	-0.270000045E-02	 0.400000000E-02	 0.638243004E-05
    2254	 0.299999785E-03	-0.300000048E-02	 0.400000000E-02	 0.107265715E-04
   12901	 0.299999785E-03	-0.240000043E-02	 0.399999928E-03	 0.233571116E-02
   12902	 0.299999785E-03	-0.240000043E-02	 0.999999225E-04	 0.155824176E-02
   12900	 0.299999785E-03	-0.240000043E-02	 0.699999934E-03	 0.382937849E-02
    2256	 0.299999785E-03	-0.240000043E-02	 0.999999940E-03	 0.767765161E-03
    2257	 0.299999785E-03	-0.240000043E-02	 0.129999995E-02	 0.254655065E-03
    2258	 0.299999785E-03	-0.240000043E-02	 0.159999995E-02	 0.213268167E-03
    2259	 0.299999785E-03	-0.240000043E-02	 0.189999996E-02	 0.831103989E-04
    2260	 0.299999785E-03	-0.240000043E-02	 0.219999996E-02	 0.433531951E-04
    2261	 0.299999785E-03	-0.240000043E-02	 0.249999997E-02	 0.264637274E-04
    2262	 0.299999785E-03	-0.240000043E-02	 0.279999998E-02	 0.181699238E-04
    2263	 0.299999785E-03	-0.240000043E-02	 0.309999998E-02	 0.147318980E-04
    2264	 0.299999785E-03	-0.240000043E-02	 0.339999999E-02	 0.114085213E-04
    2265	 0.299999785E-03	-0.240000043E-02	 0.369999999E-02	 0.777908691E-05
    2266	 0.299999785E-03	-0.240000043E-02	 0.400000000E-02	 0.632849334E-05
   12898	 0.299999785E-03	-0.210000040E-02	 0.399999928E-03	 0.229228383E-02
   12899	 0.299999785E-03	-0.210000040E-02	 0.999999225E-04	 0.156470203E-02
   12897	 0.299999785E-03	-0.210000040E-02	 0.699999934E-03	 0.396832375E-02
    2267	 0.299999785E-03	-0.210000040E-02	 0.999999940E-03	 0.804610988E-03
    2268	 0.299999785E-03	-0.210000040E-02	 0.129999995E-02	 0.267820772E-03
    2269	 0.299999785E-03	-0.210000040E-02	 0.159999995E-02	 0.220080465E-03
    2270	 0.299999785E-03	-0.210000040E-02	 0.189999996E-02	 0.847306863E-04
    2271	 0.299999785E-03	-0.210000040E-02	 0.219999996E-02	 0.437756296E-04
    2272	 0.299999785E-03	-0.210000040E-02	 0.249999997E-02	 0.265016976E-04
    2273	 0.299999785E-03	-0.210000040E-02	 0.279999998E-02	 0.177466927E-04
    2274	 0.299999785E-03	-0.210000040E-02	 0.309999998E-02	 0.139831612E-04
    2275	 0.299999785E-03	-0.210000040E-02	 0.339999999E-02	 0.101995752E-04
    2276	 0.299999785E-03	-0.210000040E-02	 0.369999999E-02	 0.818102536E-05
    2277	 0.299999785E-03	-0.210000040E-02	 0.400000000E-02	 0.678165854E-05
   12895	 0.299999785E-03	-0.180000038E-02	 0.399999928E-03	 0.227158031E-02
   12896	 0.299999785E-03	-0.180000038E-02	 0.999999225E-04	 0.156595242E-02
   12894	 0.299999785E-03	-0.180000038E-02	 0.699999934E-03	 0.405346574E-02
    2278	 0.299999785E-03	-0.180000038E-02	 0.999999940E-03	 0.827541299E-03
    2279	 0.299999785E-03	-0.180000038E-02	 0.129999995E-02	 0.274673659E-03
    2280	 0.299999785E-03	-0.180000038E-02	 0.159999995E-02	 0.222899198E-03
    2281	 0.299999785E-03	-0.180000038E-02	 0.189999996E-02	 0.837035429E-04
    2282	 0.299999785E-03	-0.180000038E-02	 0.219999996E-02	 0.425365398E-04
    2283	 0.299999785E-03	-0.180000038E-02	 0.249999997E-02	 0.253180142E-04
    2284	 0.299999785E-03	-0.180000038E-02	 0.279999998E-02	 0.177636986E-04
    2285	 0.299999785E-03	-0.180000038E-02	 0.309999998E-02	 0.137517823E-04
    2286	 0.299999785E-03	-0.180000038E-02	 0.339999999E-02	 0.109546528E-04
    2287	 0.299999785E-03	-0.180000038E-02	 0.369999999E-02	 0.892558953E-05
    2288	 0.299999785E-03	-0.180000038E-02	 0.400000000E-02	 0.740608419E-05
    2290	 0.299999785E-03	-0.150000036E-02	 0.129999995E-02	 0.278362503E-03
    2289	 0.299999785E-03	-0.150000036E-02	 0.999999940E-03	 0.839178195E-03
    2291	 0.299999785E-03	-0.150000036E-02	 0.159999995E-02	 0.224956228E-03
    2292	 0.299999785E-03	-0.150000036E-02	 0.189999996E-02	 0.830121674E-04
    2293	 0.299999785E-03	-0.150000036E-02	 0.219999996E-02	 0.415692949E-04
    2294	 0.299999785E-03	-0.150000036E-02	 0.249999997E-02	 0.249147667E-04
    2295	 0.299999785E-03	-0.150000036E-02	 0.279999998E-02	 0.186674021E-04
    2296	 0.299999785E-03	-0.150000036E-02	 0.309999998E-02	 0.145122642E-04
    2297	 0.299999785E-03	-0.150000036E-02	 0.339999999E-02	 0.115972628E-04
    2298	 0.299999785E-03	-0.150000036E-02	 0.369999999E-02	 0.947061476E-05
    2299	 0.299999785E-03	-0.150000036E-02	 0.400000000E-02	 0.787037376E-05
   12892	 0.299999785E-03	-0.150000036E-02	 0.399999928E-03	 0.227224119E-02
   12893	 0.299999785E-03	-0.150000036E-02	 0.999999225E-04	 0.156648450E-02
   12891	 0.299999785E-03	-0.150000036E-02	 0.699999934E-03	 0.409529125E-02
   12889	 0.299999785E-03	-0.120000033E-02	 0.399999928E-03	 0.227214870E-02
   12890	 0.299999785E-03	-0.120000033E-02	 0.999999225E-04	 0.156672822E-02
   12888	 0.299999785E-03	-0.120000033E-02	 0.699999934E-03	 0.410758060E-02
    2300	 0.299999785E-03	-0.120000033E-02	 0.999999940E-03	 0.843592421E-03
    2301	 0.299999785E-03	-0.120000033E-02	 0.129999995E-02	 0.279837024E-03
    2302	 0.299999785E-03	-0.120000033E-02	 0.159999995E-02	 0.226088906E-03
    2303	 0.299999785E-03	-0.120000033E-02	 0.189999996E-02	 0.825749276E-04
    2304	 0.299999785E-03	-0.120000033E-02	 0.219999996E-02	 0.408751691E-04
    2305	 0.299999785E-03	-0.120000033E-02	 0.249999997E-02	 0.255666001E-04
    2306	 0.299999785E-03	-0.120000033E-02	 0.279999998E-02	 0.192366733E-04
    2307	 0.299999785E-03	-0.120000033E-02	 0.309999998E-02	 0.150159229E-04
    2308	 0.299999785E-03	-0.120000033E-02	 0.339999999E-02	 0.120391880E-04
    2309	 0.299999785E-03	-0.120000033E-02	 0.369999999E-02	 0.985555712E-05
    2310	 0.299999785E-03	-0.120000033E-02	 0.400000000E-02	 0.820409549E-05
   12886	 0.299999785E-03	-0.900000310E-03	 0.399999928E-03	 0.227220096E-02
   12887	 0.299999785E-03	-0.900000310E-03	 0.999999225E-04	 0.156675770E-02
   12885	 0.299999785E-03	-0.900000310E-03	 0.699999934E-03	 0.411326806E-02
    2311	 0.299999785E-03	-0.900000310E-03	 0.999999940E-03	 0.845645304E-03
    2312	 0.299999785E-03	-0.900000310E-03	 0.129999995E-02	 0.280490119E-03
    2313	 0.299999785E-03	-0.900000310E-03	 0.159999995E-02	 0.226722870E-03
    2314	 0.299999785E-03	-0.900000310E-03	 0.189999996E-02	 0.824521226E-04
    2315	 0.299999785E-03	-0.900000310E-03	 0.219999996E-02	 0.404893493E-04
    2316	 0.299999785E-03	-0.900000310E-03	 0.249999997E-02	 0.259348042E-04
    2317	 0.299999785E-03	-0.900000310E-03	 0.279999998E-02	 0.195719977E-04
    2318	 0.299999785E-03	-0.900000310E-03	 0.309999998E-02	 0.153279187E-04
    2319	 0.299999785E-03	-0.900000310E-03	 0.339999999E-02	 0.123250550E-04
    2320	 0.299999785E-03	-0.900000310E-03	 0.369999999E-02	 0.101121629E-04
    2321	 0.299999785E-03	-0.900000310E-03	 0.400000000E-02	 0.843102983E-05
   12842	 0.599999809E-03	-0.300000048E-02	 0.399999928E-03	 0.651220205E-02
   12838	 0.599999809E-03	-0.270000045E-02	 0.399999928E-03	 0.323683982E-02
   12844	 0.599999809E-03	-0.300000048E-02	 0.999999225E-04	 0.173754838E-02
   12839	 0.599999809E-03	-0.270000045E-02	 0.999999225E-04	 0.155611597E-02
   12840	 0.599999809E-03	-0.300000048E-02	 0.699999934E-03	 0.779901044E-02
   12837	 0.599999809E-03	-0.270000045E-02	 0.699999934E-03	 0.375624452E-02
    2465	 0.599999809E-03	-0.300000048E-02	 0.999999940E-03	 0.981478120E-03
    2467	 0.599999809E-03	-0.270000045E-02	 0.999999940E-03	 0.724133764E-03
    2468	 0.599999809E-03	-0.270000045E-02	 0.129999995E-02	 0.234901886E-03
    2466	 0.599999809E-03	-0.300000048E-02	 0.129999995E-02	 0.348424957E-03
    2470	 0.599999809E-03	-0.270000045E-02	 0.159999995E-02	 0.209640204E-03
    2469	 0.599999809E-03	-0.300000048E-02	 0.159999995E-02	 0.295959126E-03
    2472	 0.599999809E-03	-0.270000045E-02	 0.189999996E-02	 0.834276424E-04
    2471	 0.599999809E-03	-0.300000048E-02	 0.189999996E-02	 0.122484553E-03
    2474	 0.599999809E-03	-0.270000045E-02	 0.219999996E-02	 0.438304069E-04
    2473	 0.599999809E-03	-0.300000048E-02	 0.219999996E-02	 0.676087626E-04
    2476	 0.599999809E-03	-0.270000045E-02	 0.249999997E-02	 0.269927285E-04
    2475	 0.599999809E-03	-0.300000048E-02	 0.249999997E-02	 0.431891429E-04
    2478	 0.599999809E-03	-0.270000045E-02	 0.279999998E-02	 0.183515538E-04
    2477	 0.599999809E-03	-0.300000048E-02	 0.279999998E-02	 0.301072544E-04
    2480	 0.599999809E-03	-0.270000045E-02	 0.309999998E-02	 0.133473029E-04
    2479	 0.599999809E-03	-0.300000048E-02	 0.309999998E-02	 0.222974535E-04
    2482	 0.599999809E-03	-0.270000045E-02	 0.339999999E-02	 0.101853578E-04
    2481	 0.599999809E-03	-0.300000048E-02	 0.339999999E-02	 0.172353474E-04
    2484	 0.599999809E-03	-0.270000045E-02	 0.369999999E-02	 0.806189769E-05
    2483	 0.599999809E-03	-0.300000048E-02	 0.369999999E-02	 0.137669329E-04
    2486	 0.599999809E-03	-0.270000045E-02	 0.400000000E-02	 0.656116396E-05
    2485	 0.599999809E-03	-0.300000048E-02	 0.400000000E-02	 0.112753409E-04
   12835	 0.599999809E-03	-0.240000043E-02	 0.399999928E-03	 0.234311654E-02
   12836	 0.599999809E-03	-0.240000043E-02	 0.999999225E-04	 0.156248475E-02
   12834	 0.599999809E-03	-0.240000043E-02	 0.699999934E-03	 0.395858128E-02
    2487	 0.599999809E-03	-0.240000043E-02	 0.999999940E-03	 0.785450712E-03
    2488	 0.599999809E-03	-0.240000043E-02	 0.129999995E-02	 0.259825445E-03
    2489	 0.599999809E-03	-0.240000043E-02	 0.159999995E-02	 0.214762599E-03
    2490	 0.599999809E-03	-0.240000043E-02	 0.189999996E-02	 0.842783040E-04
    2491	 0.599999809E-03	-0.240000043E-02	 0.219999996E-02	 0.438729073E-04
    2492	 0.599999809E-03	-0.240000043E-02	 0.249999997E-02	 0.267935065E-04
    2493	 0.599999809E-03	-0.240000043E-02	 0.279999998E-02	 0.187275037E-04
    2494	 0.599999809E-03	-0.240000043E-02	 0.309999998E-02	 0.151723600E-04
    2495	 0.599999809E-03	-0.240000043E-02	 0.339999999E-02	 0.117108328E-04
    2496	 0.599999809E-03	-0.240000043E-02	 0.369999999E-02	 0.796385437E-05
    2497	 0.599999809E-03	-0.240000043E-02	 0.400000000E-02	 0.648945706E-05
   12832	 0.599999809E-03	-0.210000040E-02	 0.399999928E-03	 0.230342939E-02
   12833	 0.599999809E-03	-0.210000040E-02	 0.999999225E-04	 0.156471536E-02
   12831	 0.599999809E-03	-0.210000040E-02	 0.699999934E-03	 0.393447266E-02
    2498	 0.599999809E-03	-0.210000040E-02	 0.999999940E-03	 0.797712789E-03
    2499	 0.599999809E-03	-0.210000040E-02	 0.129999995E-02	 0.265529025E-03
    2500	 0.599999809E-03	-0.210000040E-02	 0.159999995E-02	 0.220752221E-03
    2501	 0.599999809E-03	-0.210000040E-02	 0.189999996E-02	 0.855695416E-04
    2502	 0.599999809E-03	-0.210000040E-02	 0.219999996E-02	 0.442206602E-04
    2503	 0.599999809E-03	-0.210000040E-02	 0.249999997E-02	 0.267799546E-04
    2504	 0.599999809E-03	-0.210000040E-02	 0.279999998E-02	 0.179826924E-04
    2505	 0.599999809E-03	-0.210000040E-02	 0.309999998E-02	 0.144124364E-04
    2506	 0.599999809E-03	-0.210000040E-02	 0.339999999E-02	 0.104863737E-04
    2507	 0.599999809E-03	-0.210000040E-02	 0.369999999E-02	 0.805980484E-05
    2508	 0.599999809E-03	-0.210000040E-02	 0.400000000E-02	 0.667958414E-05
   12829	 0.599999809E-03	-0.180000038E-02	 0.399999928E-03	 0.226967678E-02
   12830	 0.599999809E-03	-0.180000038E-02	 0.999999225E-04	 0.156548013E-02
   12828	 0.599999809E-03	-0.180000038E-02	 0.699999934E-03	 0.404236517E-02
    2509	 0.599999809E-03	-0.180000038E-02	 0.999999940E-03	 0.824142672E-03
    2510	 0.599999809E-03	-0.180000038E-02	 0.129999995E-02	 0.273257404E-03
    2511	 0.599999809E-03	-0.180000038E-02	 0.159999995E-02	 0.223142288E-03
    2512	 0.599999809E-03	-0.180000038E-02	 0.189999996E-02	 0.842476919E-04
    2513	 0.599999809E-03	-0.180000038E-02	 0.219999996E-02	 0.429125557E-04
    2514	 0.599999809E-03	-0.180000038E-02	 0.249999997E-02	 0.255673210E-04
    2515	 0.599999809E-03	-0.180000038E-02	 0.279999998E-02	 0.175707013E-04
    2516	 0.599999809E-03	-0.180000038E-02	 0.309999998E-02	 0.135899429E-04
    2517	 0.599999809E-03	-0.180000038E-02	 0.339999999E-02	 0.108174695E-04
    2518	 0.599999809E-03	-0.180000038E-02	 0.369999999E-02	 0.880908544E-05
    2519	 0.599999809E-03	-0.180000038E-02	 0.400000000E-02	 0.730679533E-05
    2521	 0.599999809E-03	-0.150000036E-02	 0.129999995E-02	 0.277620734E-03
    2520	 0.599999809E-03	-0.150000036E-02	 0.999999940E-03	 0.836595292E-03
    2522	 0.599999809E-03	-0.150000036E-02	 0.159999995E-02	 0.224917740E-03
    2523	 0.599999809E-03	-0.150000036E-02	 0.189999996E-02	 0.833349854E-04
    2524	 0.599999809E-03	-0.150000036E-02	 0.219999996E-02	 0.418736547E-04
    2525	 0.599999809E-03	-0.150000036E-02	 0.249999997E-02	 0.247139744E-04
    2526	 0.599999809E-03	-0.150000036E-02	 0.279999998E-02	 0.184994572E-04
    2527	 0.599999809E-03	-0.150000036E-02	 0.309999998E-02	 0.143658284E-04
    2528	 0.599999809E-03	-0.150000036E-02	 0.339999999E-02	 0.114691473E-04
    2529	 0.599999809E-03	-0.150000036E-02	 0.369999999E-02	 0.935920349E-05
    2530	 0.599999809E-03	-0.150000036E-02	 0.400000000E-02	 0.777389431E-05
   12826	 0.599999809E-03	-0.150000036E-02	 0.399999928E-03	 0.227469489E-02
   12827	 0.599999809E-03	-0.150000036E-02	 0.999999225E-04	 0.156640381E-02
   12825	 0.599999809E-03	-0.150000036E-02	 0.699999934E-03	 0.408726384E-02
   12823	 0.599999809E-03	-0.120000033E-02	 0.399999928E-03	 0.227236366E-02
   12824	 0.599999809E-03	-0.120000033E-02	 0.999999225E-04	 0.156658626E-02
   12822	 0.599999809E-03	-0.120000033E-02	 0.699999934E-03	 0.410556847E-02
    2531	 0.599999809E-03	-0.120000033E-02	 0.999999940E-03	 0.842396197E-03
    2532	 0.599999809E-03	-0.120000033E-02	 0.129999995E-02	 0.279431810E-03
    2533	 0.599999809E-03	-0.120000033E-02	 0.159999995E-02	 0.225923832E-03
    2534	 0.599999809E-03	-0.120000033E-02	 0.189999996E-02	 0.827183158E-04
    2535	 0.599999809E-03	-0.120000033E-02	 0.219999996E-02	 0.410814912E-04
    2536	 0.599999809E-03	-0.120000033E-02	 0.249999997E-02	 0.254008049E-04
    2537	 0.599999809E-03	-0.120000033E-02	 0.279999998E-02	 0.190925292E-04
    2538	 0.599999809E-03	-0.120000033E-02	 0.309999998E-02	 0.148847177E-04
    2539	 0.599999809E-03	-0.120000033E-02	 0.339999999E-02	 0.119205108E-04
    2540	 0.599999809E-03	-0.120000033E-02	 0.369999999E-02	 0.974980955E-05
    2541	 0.599999809E-03	-0.120000033E-02	 0.400000000E-02	 0.811103726E-05
   12820	 0.599999809E-03	-0.900000310E-03	 0.399999928E-03	 0.227278013E-02
   12821	 0.599999809E-03	-0.900000310E-03	 0.999999225E-04	 0.156664964E-02
   12819	 0.599999809E-03	-0.900000310E-03	 0.699999934E-03	 0.411261474E-02
    2542	 0.599999809E-03	-0.900000310E-03	 0.999999940E-03	 0.844962012E-03
    2543	 0.599999809E-03	-0.900000310E-03	 0.129999995E-02	 0.280261669E-03
    2544	 0.599999809E-03	-0.900000310E-03	 0.159999995E-02	 0.226564360E-03
    2545	 0.599999809E-03	-0.900000310E-03	 0.189999996E-02	 0.824986722E-04
    2546	 0.599999809E-03	-0.900000310E-03	 0.219999996E-02	 0.406360889E-04
    2547	 0.599999809E-03	-0.900000310E-03	 0.249999997E-02	 0.258017499E-04
    2548	 0.599999809E-03	-0.900000310E-03	 0.279999998E-02	 0.194515111E-04
    2549	 0.599999809E-03	-0.900000310E-03	 0.309999998E-02	 0.152134487E-04
    2550	 0.599999809E-03	-0.900000310E-03	 0.339999999E-02	 0.122177575E-04
    2551	 0.599999809E-03	-0.900000310E-03	 0.369999999E-02	 0.100141558E-04
    2552	 0.599999809E-03	-0.900000310E-03	 0.400000000E-02	 0.834336870E-05
   12843	 0.899999833E-03	-0.300000048E-02	 0.399999928E-03	 0.795286538E-02
   12775	 0.899999833E-03	-0.270000045E-02	 0.399999928E-03	 0.395105008E-02
   12845	 0.899999833E-03	-0.300000048E-02	 0.999999225E-04	 0.243817457E-02
   12776	 0.899999833E-03	-0.270000045E-02	 0.999999225E-04	 0.167303631E-02
   12841	 0.899999833E-03	-0.300000048E-02	 0.699999934E-03	 0.101845036E-01
   12774	 0.899999833E-03	-0.270000045E-02	 0.699999934E-03	 0.690530331E-02
    2696	 0.899999833E-03	-0.300000048E-02	 0.999999940E-03	 0.129200126E-02
    2698	 0.899999833E-03	-0.270000045E-02	 0.999999940E-03	 0.116992343E-02
    2699	 0.899999833E-03	-0.270000045E-02	 0.129999995E-02	 0.288479151E-03
    2697	 0.899999833E-03	-0.300000048E-02	 0.129999995E-02	 0.303947262E-03
    2701	 0.899999833E-03	-0.270000045E-02	 0.159999995E-02	 0.199924941E-03
    2700	 0.899999833E-03	-0.300000048E-02	 0.159999995E-02	 0.257533342E-03
    2703	 0.899999833E-03	-0.270000045E-02	 0.189999996E-02	 0.811707762E-04
    2702	 0.899999833E-03	-0.300000048E-02	 0.189999996E-02	 0.108874061E-03
    2705	 0.899999833E-03	-0.270000045E-02	 0.219999996E-02	 0.429109048E-04
    2704	 0.899999833E-03	-0.300000048E-02	 0.219999996E-02	 0.598487719E-04
    2707	 0.899999833E-03	-0.270000045E-02	 0.249999997E-02	 0.266592374E-04
    2706	 0.899999833E-03	-0.300000048E-02	 0.249999997E-02	 0.381242922E-04
    2709	 0.899999833E-03	-0.270000045E-02	 0.279999998E-02	 0.182820212E-04
    2708	 0.899999833E-03	-0.300000048E-02	 0.279999998E-02	 0.281267882E-04
    2711	 0.899999833E-03	-0.270000045E-02	 0.309999998E-02	 0.133828196E-04
    2710	 0.899999833E-03	-0.300000048E-02	 0.309999998E-02	 0.213667454E-04
    2713	 0.899999833E-03	-0.270000045E-02	 0.339999999E-02	 0.102633616E-04
    2712	 0.899999833E-03	-0.300000048E-02	 0.339999999E-02	 0.164350290E-04
    2715	 0.899999833E-03	-0.270000045E-02	 0.369999999E-02	 0.815289693E-05
    2714	 0.899999833E-03	-0.300000048E-02	 0.369999999E-02	 0.124591722E-04
    2717	 0.899999833E-03	-0.270000045E-02	 0.400000000E-02	 0.665251951E-05
    2716	 0.899999833E-03	-0.300000048E-02	 0.400000000E-02	 0.997354056E-05
   12772	 0.899999833E-03	-0.240000043E-02	 0.399999928E-03	 0.258148487E-02
   12773	 0.899999833E-03	-0.240000043E-02	 0.999999225E-04	 0.156785206E-02
   12771	 0.899999833E-03	-0.240000043E-02	 0.699999934E-03	 0.405474843E-02
    2718	 0.899999833E-03	-0.240000043E-02	 0.999999940E-03	 0.799123926E-03
    2719	 0.899999833E-03	-0.240000043E-02	 0.129999995E-02	 0.268542333E-03
    2720	 0.899999833E-03	-0.240000043E-02	 0.159999995E-02	 0.215493771E-03
    2721	 0.899999833E-03	-0.240000043E-02	 0.189999996E-02	 0.848240963E-04
    2722	 0.899999833E-03	-0.240000043E-02	 0.219999996E-02	 0.440262781E-04
    2723	 0.899999833E-03	-0.240000043E-02	 0.249999997E-02	 0.269851535E-04
    2724	 0.899999833E-03	-0.240000043E-02	 0.279999998E-02	 0.195159852E-04
    2725	 0.899999833E-03	-0.240000043E-02	 0.309999998E-02	 0.157664197E-04
    2726	 0.899999833E-03	-0.240000043E-02	 0.339999999E-02	 0.122655628E-04
    2727	 0.899999833E-03	-0.240000043E-02	 0.369999999E-02	 0.815933092E-05
    2728	 0.899999833E-03	-0.240000043E-02	 0.400000000E-02	 0.666246129E-05
   12769	 0.899999833E-03	-0.210000040E-02	 0.399999928E-03	 0.231739129E-02
   12770	 0.899999833E-03	-0.210000040E-02	 0.999999225E-04	 0.156229773E-02
   12768	 0.899999833E-03	-0.210000040E-02	 0.699999934E-03	 0.388868691E-02
    2729	 0.899999833E-03	-0.210000040E-02	 0.999999940E-03	 0.788782137E-03
    2730	 0.899999833E-03	-0.210000040E-02	 0.129999995E-02	 0.260398703E-03
    2731	 0.899999833E-03	-0.210000040E-02	 0.159999995E-02	 0.221446466E-03
    2732	 0.899999833E-03	-0.210000040E-02	 0.189999996E-02	 0.865462382E-04
    2733	 0.899999833E-03	-0.210000040E-02	 0.219999996E-02	 0.446916466E-04
    2734	 0.899999833E-03	-0.210000040E-02	 0.249999997E-02	 0.271018552E-04
    2735	 0.899999833E-03	-0.210000040E-02	 0.279999998E-02	 0.183663318E-04
    2736	 0.899999833E-03	-0.210000040E-02	 0.309999998E-02	 0.150722575E-04
    2737	 0.899999833E-03	-0.210000040E-02	 0.339999999E-02	 0.110156665E-04
    2738	 0.899999833E-03	-0.210000040E-02	 0.369999999E-02	 0.803861898E-05
    2739	 0.899999833E-03	-0.210000040E-02	 0.400000000E-02	 0.655948718E-05
   12766	 0.899999833E-03	-0.180000038E-02	 0.399999928E-03	 0.228357958E-02
   12767	 0.899999833E-03	-0.180000038E-02	 0.999999225E-04	 0.156547576E-02
   12765	 0.899999833E-03	-0.180000038E-02	 0.699999934E-03	 0.400954046E-02
    2740	 0.899999833E-03	-0.180000038E-02	 0.999999940E-03	 0.815830645E-03
    2741	 0.899999833E-03	-0.180000038E-02	 0.129999995E-02	 0.271201627E-03
    2742	 0.899999833E-03	-0.180000038E-02	 0.159999995E-02	 0.223358315E-03
    2743	 0.899999833E-03	-0.180000038E-02	 0.189999996E-02	 0.851389597E-04
    2744	 0.899999833E-03	-0.180000038E-02	 0.219999996E-02	 0.435357034E-04
    2745	 0.899999833E-03	-0.180000038E-02	 0.249999997E-02	 0.260099613E-04
    2746	 0.899999833E-03	-0.180000038E-02	 0.279999998E-02	 0.172525149E-04
    2747	 0.899999833E-03	-0.180000038E-02	 0.309999998E-02	 0.133273535E-04
    2748	 0.899999833E-03	-0.180000038E-02	 0.339999999E-02	 0.105983563E-04
    2749	 0.899999833E-03	-0.180000038E-02	 0.369999999E-02	 0.862478471E-05
    2750	 0.899999833E-03	-0.180000038E-02	 0.400000000E-02	 0.715069265E-05
    2752	 0.899999833E-03	-0.150000036E-02	 0.129999995E-02	 0.276028407E-03
    2751	 0.899999833E-03	-0.150000036E-02	 0.999999940E-03	 0.831669780E-03
    2753	 0.899999833E-03	-0.150000036E-02	 0.159999995E-02	 0.224691168E-03
    2754	 0.899999833E-03	-0.150000036E-02	 0.189999996E-02	 0.838912549E-04
    2755	 0.899999833E-03	-0.150000036E-02	 0.219999996E-02	 0.423804072E-04
    2756	 0.899999833E-03	-0.150000036E-02	 0.249999997E-02	 0.250580556E-04
    2757	 0.899999833E-03	-0.150000036E-02	 0.279999998E-02	 0.181846744E-04
    2758	 0.899999833E-03	-0.150000036E-02	 0.309999998E-02	 0.140972735E-04
    2759	 0.899999833E-03	-0.150000036E-02	 0.339999999E-02	 0.112386009E-04
    2760	 0.899999833E-03	-0.150000036E-02	 0.369999999E-02	 0.916135002E-05
    2761	 0.899999833E-03	-0.150000036E-02	 0.400000000E-02	 0.760402655E-05
   12763	 0.899999833E-03	-0.150000036E-02	 0.399999928E-03	 0.227391322E-02
   12764	 0.899999833E-03	-0.150000036E-02	 0.999999225E-04	 0.156606356E-02
   12762	 0.899999833E-03	-0.150000036E-02	 0.699999934E-03	 0.407213124E-02
   12760	 0.899999833E-03	-0.120000033E-02	 0.399999928E-03	 0.227331023E-02
   12761	 0.899999833E-03	-0.120000033E-02	 0.999999225E-04	 0.156623064E-02
   12759	 0.899999833E-03	-0.120000033E-02	 0.699999934E-03	 0.410052927E-02
    2762	 0.899999833E-03	-0.120000033E-02	 0.999999940E-03	 0.839836453E-03
    2763	 0.899999833E-03	-0.120000033E-02	 0.129999995E-02	 0.278572013E-03
    2764	 0.899999833E-03	-0.120000033E-02	 0.159999995E-02	 0.225563153E-03
    2765	 0.899999833E-03	-0.120000033E-02	 0.189999996E-02	 0.830435561E-04
    2766	 0.899999833E-03	-0.120000033E-02	 0.219999996E-02	 0.414910360E-04
    2767	 0.899999833E-03	-0.120000033E-02	 0.249999997E-02	 0.250883890E-04
    2768	 0.899999833E-03	-0.120000033E-02	 0.279999998E-02	 0.188227323E-04
    2769	 0.899999833E-03	-0.120000033E-02	 0.309999998E-02	 0.146444171E-04
    2770	 0.899999833E-03	-0.120000033E-02	 0.339999999E-02	 0.117073762E-04
    2771	 0.899999833E-03	-0.120000033E-02	 0.369999999E-02	 0.956265227E-05
    2772	 0.899999833E-03	-0.120000033E-02	 0.400000000E-02	 0.794790686E-05
   12757	 0.899999833E-03	-0.900000310E-03	 0.399999928E-03	 0.227370146E-02
   12758	 0.899999833E-03	-0.900000310E-03	 0.999999225E-04	 0.156650197E-02
   12756	 0.899999833E-03	-0.900000310E-03	 0.699999934E-03	 0.410915048E-02
    2773	 0.899999833E-03	-0.900000310E-03	 0.999999940E-03	 0.843243827E-03
    2774	 0.899999833E-03	-0.900000310E-03	 0.129999995E-02	 0.279733382E-03
    2775	 0.899999833E-03	-0.900000310E-03	 0.159999995E-02	 0.226210076E-03
    2776	 0.899999833E-03	-0.900000310E-03	 0.189999996E-02	 0.826468191E-04
    2777	 0.899999833E-03	-0.900000310E-03	 0.219999996E-02	 0.409390353E-04
    2778	 0.899999833E-03	-0.900000310E-03	 0.249999997E-02	 0.255407637E-04
    2779	 0.899999833E-03	-0.900000310E-03	 0.279999998E-02	 0.192180237E-04
    2780	 0.899999833E-03	-0.900000310E-03	 0.309999998E-02	 0.149977298E-04
    2781	 0.899999833E-03	-0.900000310E-03	 0.339999999E-02	 0.120205278E-04
    2782	 0.899999833E-03	-0.900000310E-03	 0.369999999E-02	 0.983729716E-05
    2783	 0.899999833E-03	-0.900000310E-03	 0.400000000E-02	 0.818706344E-05
    2930	 0.119999986E-02	-0.270000045E-02	 0.129999995E-02	 0.333190855E-03
    2928	 0.119999986E-02	-0.300000048E-02	 0.129999995E-02	 0.251011420E-03
    2927	 0.119999986E-02	-0.300000048E-02	 0.999999940E-03	 0.215780663E-03
    2929	 0.119999986E-02	-0.270000045E-02	 0.999999940E-03	 0.106668717E-02
    2932	 0.119999986E-02	-0.270000045E-02	 0.159999995E-02	 0.201256769E-03
    2931	 0.119999986E-02	-0.300000048E-02	 0.159999995E-02	 0.291055867E-03
    2934	 0.119999986E-02	-0.270000045E-02	 0.189999996E-02	 0.807213731E-04
    2933	 0.119999986E-02	-0.300000048E-02	 0.189999996E-02	 0.134543937E-03
    2936	 0.119999986E-02	-0.270000045E-02	 0.219999996E-02	 0.432058812E-04
    2935	 0.119999986E-02	-0.300000048E-02	 0.219999996E-02	 0.761057534E-04
    2938	 0.119999986E-02	-0.270000045E-02	 0.249999997E-02	 0.270852374E-04
    2937	 0.119999986E-02	-0.300000048E-02	 0.249999997E-02	 0.486709964E-04
    2940	 0.119999986E-02	-0.270000045E-02	 0.279999998E-02	 0.186320497E-04
    2939	 0.119999986E-02	-0.300000048E-02	 0.279999998E-02	 0.342298551E-04
    2942	 0.119999986E-02	-0.270000045E-02	 0.309999998E-02	 0.136588489E-04
    2941	 0.119999986E-02	-0.300000048E-02	 0.309999998E-02	 0.254795052E-04
    2944	 0.119999986E-02	-0.270000045E-02	 0.339999999E-02	 0.104798361E-04
    2943	 0.119999986E-02	-0.300000048E-02	 0.339999999E-02	 0.197836852E-04
    2946	 0.119999986E-02	-0.270000045E-02	 0.369999999E-02	 0.832608374E-05
    2945	 0.119999986E-02	-0.300000048E-02	 0.369999999E-02	 0.158511348E-04
    2948	 0.119999986E-02	-0.270000045E-02	 0.400000000E-02	 0.679348262E-05
    2947	 0.119999986E-02	-0.300000048E-02	 0.400000000E-02	 0.130101845E-04
   12716	 0.119999986E-02	-0.270000045E-02	 0.399999928E-03	 0.649746695E-02
   12712	 0.119999986E-02	-0.240000043E-02	 0.399999928E-03	 0.320092739E-02
   12718	 0.119999986E-02	-0.270000045E-02	 0.999999225E-04	 0.173754788E-02
   12713	 0.119999986E-02	-0.240000043E-02	 0.999999225E-04	 0.156133579E-02
   12714	 0.119999986E-02	-0.270000045E-02	 0.699999934E-03	 0.809012761E-02
   12711	 0.119999986E-02	-0.240000043E-02	 0.699999934E-03	 0.396602266E-02
    2949	 0.119999986E-02	-0.240000043E-02	 0.999999940E-03	 0.776005359E-03
    2950	 0.119999986E-02	-0.240000043E-02	 0.129999995E-02	 0.270134474E-03
    2951	 0.119999986E-02	-0.240000043E-02	 0.159999995E-02	 0.224061514E-03
    2952	 0.119999986E-02	-0.240000043E-02	 0.189999996E-02	 0.882900470E-04
    2953	 0.119999986E-02	-0.240000043E-02	 0.219999996E-02	 0.457757190E-04
    2954	 0.119999986E-02	-0.240000043E-02	 0.249999997E-02	 0.281433148E-04
    2955	 0.119999986E-02	-0.240000043E-02	 0.279999998E-02	 0.197143166E-04
    2956	 0.119999986E-02	-0.240000043E-02	 0.309999998E-02	 0.158117997E-04
    2957	 0.119999986E-02	-0.240000043E-02	 0.339999999E-02	 0.127261847E-04
    2958	 0.119999986E-02	-0.240000043E-02	 0.369999999E-02	 0.856917811E-05
    2959	 0.119999986E-02	-0.240000043E-02	 0.400000000E-02	 0.700193433E-05
   12709	 0.119999986E-02	-0.210000040E-02	 0.399999928E-03	 0.231594982E-02
   12710	 0.119999986E-02	-0.210000040E-02	 0.999999225E-04	 0.156562113E-02
   12708	 0.119999986E-02	-0.210000040E-02	 0.699999934E-03	 0.404676956E-02
    2960	 0.119999986E-02	-0.210000040E-02	 0.999999940E-03	 0.807789407E-03
    2961	 0.119999986E-02	-0.210000040E-02	 0.129999995E-02	 0.264115274E-03
    2962	 0.119999986E-02	-0.210000040E-02	 0.159999995E-02	 0.221067802E-03
    2963	 0.119999986E-02	-0.210000040E-02	 0.189999996E-02	 0.867824434E-04
    2964	 0.119999986E-02	-0.210000040E-02	 0.219999996E-02	 0.448396916E-04
    2965	 0.119999986E-02	-0.210000040E-02	 0.249999997E-02	 0.273032264E-04
    2966	 0.119999986E-02	-0.210000040E-02	 0.279999998E-02	 0.191900350E-04
    2967	 0.119999986E-02	-0.210000040E-02	 0.309999998E-02	 0.156515216E-04
    2968	 0.119999986E-02	-0.210000040E-02	 0.339999999E-02	 0.116994873E-04
    2969	 0.119999986E-02	-0.210000040E-02	 0.369999999E-02	 0.824095775E-05
    2970	 0.119999986E-02	-0.210000040E-02	 0.400000000E-02	 0.673468177E-05
   12706	 0.119999986E-02	-0.180000038E-02	 0.399999928E-03	 0.230329126E-02
   12707	 0.119999986E-02	-0.180000038E-02	 0.999999225E-04	 0.156477757E-02
   12705	 0.119999986E-02	-0.180000038E-02	 0.699999934E-03	 0.395260758E-02
    2971	 0.119999986E-02	-0.180000038E-02	 0.999999940E-03	 0.801397273E-03
    2972	 0.119999986E-02	-0.180000038E-02	 0.129999995E-02	 0.266543295E-03
    2973	 0.119999986E-02	-0.180000038E-02	 0.159999995E-02	 0.222927926E-03
    2974	 0.119999986E-02	-0.180000038E-02	 0.189999996E-02	 0.859942371E-04
    2975	 0.119999986E-02	-0.180000038E-02	 0.219999996E-02	 0.441587462E-04
    2976	 0.119999986E-02	-0.180000038E-02	 0.249999997E-02	 0.265103053E-04
    2977	 0.119999986E-02	-0.180000038E-02	 0.279999998E-02	 0.177020685E-04
    2978	 0.119999986E-02	-0.180000038E-02	 0.309999998E-02	 0.138198976E-04
    2979	 0.119999986E-02	-0.180000038E-02	 0.339999999E-02	 0.103054139E-04
    2980	 0.119999986E-02	-0.180000038E-02	 0.369999999E-02	 0.838177232E-05
    2981	 0.119999986E-02	-0.180000038E-02	 0.400000000E-02	 0.694650903E-05
    2983	 0.119999986E-02	-0.150000036E-02	 0.129999995E-02	 0.273075267E-03
    2982	 0.119999986E-02	-0.150000036E-02	 0.999999940E-03	 0.822797676E-03
    2984	 0.119999986E-02	-0.150000036E-02	 0.159999995E-02	 0.224279283E-03
    2985	 0.119999986E-02	-0.150000036E-02	 0.189999996E-02	 0.848074159E-04
    2986	 0.119999986E-02	-0.150000036E-02	 0.219999996E-02	 0.431664737E-04
    2987	 0.119999986E-02	-0.150000036E-02	 0.249999997E-02	 0.256720005E-04
    2988	 0.119999986E-02	-0.150000036E-02	 0.279999998E-02	 0.177008161E-04
    2989	 0.119999986E-02	-0.150000036E-02	 0.309999998E-02	 0.136953120E-04
    2990	 0.119999986E-02	-0.150000036E-02	 0.339999999E-02	 0.109008892E-04
    2991	 0.119999986E-02	-0.150000036E-02	 0.369999999E-02	 0.887600156E-05
    2992	 0.119999986E-02	-0.150000036E-02	 0.400000000E-02	 0.736148336E-05
   12703	 0.119999986E-02	-0.150000036E-02	 0.399999928E-03	 0.227245138E-02
   12704	 0.119999986E-02	-0.150000036E-02	 0.999999225E-04	 0.156495147E-02
   12702	 0.119999986E-02	-0.150000036E-02	 0.699999934E-03	 0.404356269E-02
   12700	 0.119999986E-02	-0.120000033E-02	 0.399999928E-03	 0.228016397E-02
   12701	 0.119999986E-02	-0.120000033E-02	 0.999999225E-04	 0.156573808E-02
   12699	 0.119999986E-02	-0.120000033E-02	 0.699999934E-03	 0.408517211E-02
    2993	 0.119999986E-02	-0.120000033E-02	 0.999999940E-03	 0.834230791E-03
    2994	 0.119999986E-02	-0.120000033E-02	 0.129999995E-02	 0.276934805E-03
    2995	 0.119999986E-02	-0.120000033E-02	 0.159999995E-02	 0.224942853E-03
    2996	 0.119999986E-02	-0.120000033E-02	 0.189999996E-02	 0.836872405E-04
    2997	 0.119999986E-02	-0.120000033E-02	 0.219999996E-02	 0.421491611E-04
    2998	 0.119999986E-02	-0.120000033E-02	 0.249999997E-02	 0.248665395E-04
    2999	 0.119999986E-02	-0.120000033E-02	 0.279999998E-02	 0.183799820E-04
    3000	 0.119999986E-02	-0.120000033E-02	 0.309999998E-02	 0.142617948E-04
    3001	 0.119999986E-02	-0.120000033E-02	 0.339999999E-02	 0.113768899E-04
    3002	 0.119999986E-02	-0.120000033E-02	 0.369999999E-02	 0.927789256E-05
    3003	 0.119999986E-02	-0.120000033E-02	 0.400000000E-02	 0.770282203E-05
   12697	 0.119999986E-02	-0.900000310E-03	 0.399999928E-03	 0.227331023E-02
   12698	 0.119999986E-02	-0.900000310E-03	 0.999999225E-04	 0.156623064E-02
   12696	 0.119999986E-02	-0.900000310E-03	 0.699999934E-03	 0.410052927E-02
    3004	 0.119999986E-02	-0.900000310E-03	 0.999999940E-03	 0.839836453E-03
    3005	 0.119999986E-02	-0.900000310E-03	 0.129999995E-02	 0.278572013E-03
    3006	 0.119999986E-02	-0.900000310E-03	 0.159999995E-02	 0.225563153E-03
    3007	 0.119999986E-02	-0.900000310E-03	 0.189999996E-02	 0.830435561E-04
    3008	 0.119999986E-02	-0.900000310E-03	 0.219999996E-02	 0.414910360E-04
    3009	 0.119999986E-02	-0.900000310E-03	 0.249999997E-02	 0.250883890E-04
    3010	 0.119999986E-02	-0.900000310E-03	 0.279999998E-02	 0.188227323E-04
    3011	 0.119999986E-02	-0.900000310E-03	 0.309999998E-02	 0.146444171E-04
    3012	 0.119999986E-02	-0.900000310E-03	 0.339999999E-02	 0.117073762E-04
    3013	 0.119999986E-02	-0.900000310E-03	 0.369999999E-02	 0.956265227E-05
    3014	 0.119999986E-02	-0.900000310E-03	 0.400000000E-02	 0.794790686E-05
    3161	 0.149999988E-02	-0.270000045E-02	 0.129999995E-02	 0.299267118E-03
    3159	 0.149999988E-02	-0.300000048E-02	 0.129999995E-02	 0.290286649E-03
    3158	 0.149999988E-02	-0.300000048E-02	 0.999999940E-03	 0.205886199E-03
    3160	 0.149999988E-02	-0.270000045E-02	 0.999999940E-03	 0.123454983E-02
    3163	 0.149999988E-02	-0.270000045E-02	 0.159999995E-02	 0.304892899E-03
    3162	 0.149999988E-02	-0.300000048E-02	 0.159999995E-02	 0.333724594E-03
    3165	 0.149999988E-02	-0.270000045E-02	 0.189999996E-02	 0.126649949E-03
    3164	 0.149999988E-02	-0.300000048E-02	 0.189999996E-02	 0.155261953E-03
    3167	 0.149999988E-02	-0.270000045E-02	 0.219999996E-02	 0.690982562E-04
    3166	 0.149999988E-02	-0.300000048E-02	 0.219999996E-02	 0.874168761E-04
    3169	 0.149999988E-02	-0.270000045E-02	 0.249999997E-02	 0.432867743E-04
    3168	 0.149999988E-02	-0.300000048E-02	 0.249999997E-02	 0.559181168E-04
    3171	 0.149999988E-02	-0.270000045E-02	 0.279999998E-02	 0.298474892E-04
    3170	 0.149999988E-02	-0.300000048E-02	 0.279999998E-02	 0.392448364E-04
    3173	 0.149999988E-02	-0.270000045E-02	 0.309999998E-02	 0.218900712E-04
    3172	 0.149999988E-02	-0.300000048E-02	 0.309999998E-02	 0.292213470E-04
    3175	 0.149999988E-02	-0.270000045E-02	 0.339999999E-02	 0.168061870E-04
    3174	 0.149999988E-02	-0.300000048E-02	 0.339999999E-02	 0.226810407E-04
    3177	 0.149999988E-02	-0.270000045E-02	 0.369999999E-02	 0.133564777E-04
    3176	 0.149999988E-02	-0.300000048E-02	 0.369999999E-02	 0.181724597E-04
    3179	 0.149999988E-02	-0.270000045E-02	 0.400000000E-02	 0.108989209E-04
    3178	 0.149999988E-02	-0.300000048E-02	 0.400000000E-02	 0.149137772E-04
   12717	 0.149999988E-02	-0.270000045E-02	 0.399999928E-03	 0.799525346E-02
   12655	 0.149999988E-02	-0.240000043E-02	 0.399999928E-03	 0.404173259E-02
   12719	 0.149999988E-02	-0.270000045E-02	 0.999999225E-04	 0.243817330E-02
   12656	 0.149999988E-02	-0.240000043E-02	 0.999999225E-04	 0.168751405E-02
   12715	 0.149999988E-02	-0.270000045E-02	 0.699999934E-03	 0.987787787E-02
   12654	 0.149999988E-02	-0.240000043E-02	 0.699999934E-03	 0.711269025E-02
    3180	 0.149999988E-02	-0.240000043E-02	 0.999999940E-03	 0.121497588E-02
    3181	 0.149999988E-02	-0.240000043E-02	 0.129999995E-02	 0.339593374E-03
    3182	 0.149999988E-02	-0.240000043E-02	 0.159999995E-02	 0.243846236E-03
    3183	 0.149999988E-02	-0.240000043E-02	 0.189999996E-02	 0.942216850E-04
    3184	 0.149999988E-02	-0.240000043E-02	 0.219999996E-02	 0.487883723E-04
    3185	 0.149999988E-02	-0.240000043E-02	 0.249999997E-02	 0.300006469E-04
    3186	 0.149999988E-02	-0.240000043E-02	 0.279999998E-02	 0.203824047E-04
    3187	 0.149999988E-02	-0.240000043E-02	 0.309999998E-02	 0.148417829E-04
    3188	 0.149999988E-02	-0.240000043E-02	 0.339999999E-02	 0.116286719E-04
    3189	 0.149999988E-02	-0.240000043E-02	 0.369999999E-02	 0.943154541E-05
    3190	 0.149999988E-02	-0.240000043E-02	 0.400000000E-02	 0.780348852E-05
   12652	 0.149999988E-02	-0.210000040E-02	 0.399999928E-03	 0.260070959E-02
   12653	 0.149999988E-02	-0.210000040E-02	 0.999999225E-04	 0.156977510E-02
   12651	 0.149999988E-02	-0.210000040E-02	 0.699999934E-03	 0.403827931E-02
    3191	 0.149999988E-02	-0.210000040E-02	 0.999999940E-03	 0.798886892E-03
    3192	 0.149999988E-02	-0.210000040E-02	 0.129999995E-02	 0.268063520E-03
    3193	 0.149999988E-02	-0.210000040E-02	 0.159999995E-02	 0.224501150E-03
    3194	 0.149999988E-02	-0.210000040E-02	 0.189999996E-02	 0.876814493E-04
    3195	 0.149999988E-02	-0.210000040E-02	 0.219999996E-02	 0.451606484E-04
    3196	 0.149999988E-02	-0.210000040E-02	 0.249999997E-02	 0.275312850E-04
    3197	 0.149999988E-02	-0.210000040E-02	 0.279999998E-02	 0.192638647E-04
    3198	 0.149999988E-02	-0.210000040E-02	 0.309999998E-02	 0.155428056E-04
    3199	 0.149999988E-02	-0.210000040E-02	 0.339999999E-02	 0.121913106E-04
    3200	 0.149999988E-02	-0.210000040E-02	 0.369999999E-02	 0.849259745E-05
    3201	 0.149999988E-02	-0.210000040E-02	 0.400000000E-02	 0.703552592E-05
   12649	 0.149999988E-02	-0.180000038E-02	 0.399999928E-03	 0.234448568E-02
   12650	 0.149999988E-02	-0.180000038E-02	 0.999999225E-04	 0.156104619E-02
   12648	 0.149999988E-02	-0.180000038E-02	 0.699999934E-03	 0.386112761E-02
    3202	 0.149999988E-02	-0.180000038E-02	 0.999999940E-03	 0.779748508E-03
    3203	 0.149999988E-02	-0.180000038E-02	 0.129999995E-02	 0.258576794E-03
    3204	 0.149999988E-02	-0.180000038E-02	 0.159999995E-02	 0.222217231E-03
    3205	 0.149999988E-02	-0.180000038E-02	 0.189999996E-02	 0.868561689E-04
    3206	 0.149999988E-02	-0.180000038E-02	 0.219999996E-02	 0.448030554E-04
    3207	 0.149999988E-02	-0.180000038E-02	 0.249999997E-02	 0.271407151E-04
    3208	 0.149999988E-02	-0.180000038E-02	 0.279999998E-02	 0.183237748E-04
    3209	 0.149999988E-02	-0.180000038E-02	 0.309999998E-02	 0.148746180E-04
    3210	 0.149999988E-02	-0.180000038E-02	 0.339999999E-02	 0.109857862E-04
    3211	 0.149999988E-02	-0.180000038E-02	 0.369999999E-02	 0.815813929E-05
    3212	 0.149999988E-02	-0.180000038E-02	 0.400000000E-02	 0.676069906E-05
    3214	 0.149999988E-02	-0.150000036E-02	 0.129999995E-02	 0.269167935E-03
    3213	 0.149999988E-02	-0.150000036E-02	 0.999999940E-03	 0.807634685E-03
    3215	 0.149999988E-02	-0.150000036E-02	 0.159999995E-02	 0.223428976E-03
    3216	 0.149999988E-02	-0.150000036E-02	 0.189999996E-02	 0.858482687E-04
    3217	 0.149999988E-02	-0.150000036E-02	 0.219999996E-02	 0.440193218E-04
    3218	 0.149999988E-02	-0.150000036E-02	 0.249999997E-02	 0.263779493E-04
    3219	 0.149999988E-02	-0.150000036E-02	 0.279999998E-02	 0.175632455E-04
    3220	 0.149999988E-02	-0.150000036E-02	 0.309999998E-02	 0.134270159E-04
    3221	 0.149999988E-02	-0.150000036E-02	 0.339999999E-02	 0.104568236E-04
    3222	 0.149999988E-02	-0.150000036E-02	 0.369999999E-02	 0.850729573E-05
    3223	 0.149999988E-02	-0.150000036E-02	 0.400000000E-02	 0.705163993E-05
   12646	 0.149999988E-02	-0.150000036E-02	 0.399999928E-03	 0.229687016E-02
   12647	 0.149999988E-02	-0.150000036E-02	 0.999999225E-04	 0.156319390E-02
   12645	 0.149999988E-02	-0.150000036E-02	 0.699999934E-03	 0.398841905E-02
   12643	 0.149999988E-02	-0.120000033E-02	 0.399999928E-03	 0.227245138E-02
   12644	 0.149999988E-02	-0.120000033E-02	 0.999999225E-04	 0.156495147E-02
   12642	 0.149999988E-02	-0.120000033E-02	 0.699999934E-03	 0.404356269E-02
    3224	 0.149999988E-02	-0.120000033E-02	 0.999999940E-03	 0.822797676E-03
    3225	 0.149999988E-02	-0.120000033E-02	 0.129999995E-02	 0.273075267E-03
    3226	 0.149999988E-02	-0.120000033E-02	 0.159999995E-02	 0.224279283E-03
    3227	 0.149999988E-02	-0.120000033E-02	 0.189999996E-02	 0.848074159E-04
    3228	 0.149999988E-02	-0.120000033E-02	 0.219999996E-02	 0.431664737E-04
    3229	 0.149999988E-02	-0.120000033E-02	 0.249999997E-02	 0.256720005E-04
    3230	 0.149999988E-02	-0.120000033E-02	 0.279999998E-02	 0.177008161E-04
    3231	 0.149999988E-02	-0.120000033E-02	 0.309999998E-02	 0.136953120E-04
    3232	 0.149999988E-02	-0.120000033E-02	 0.339999999E-02	 0.109008892E-04
    3233	 0.149999988E-02	-0.120000033E-02	 0.369999999E-02	 0.887600156E-05
    3234	 0.149999988E-02	-0.120000033E-02	 0.400000000E-02	 0.736148336E-05
   12640	 0.149999988E-02	-0.900000310E-03	 0.399999928E-03	 0.227391322E-02
   12641	 0.149999988E-02	-0.900000310E-03	 0.999999225E-04	 0.156606356E-02
   12639	 0.149999988E-02	-0.900000310E-03	 0.699999934E-03	 0.407213124E-02
    3235	 0.149999988E-02	-0.900000310E-03	 0.999999940E-03	 0.831669780E-03
    3236	 0.149999988E-02	-0.900000310E-03	 0.129999995E-02	 0.276028407E-03
    3237	 0.149999988E-02	-0.900000310E-03	 0.159999995E-02	 0.224691168E-03
    3238	 0.149999988E-02	-0.900000310E-03	 0.189999996E-02	 0.838912549E-04
    3239	 0.149999988E-02	-0.900000310E-03	 0.219999996E-02	 0.423804072E-04
    3240	 0.149999988E-02	-0.900000310E-03	 0.249999997E-02	 0.250580556E-04
    3241	 0.149999988E-02	-0.900000310E-03	 0.279999998E-02	 0.181846744E-04
    3242	 0.149999988E-02	-0.900000310E-03	 0.309999998E-02	 0.140972735E-04
    3243	 0.149999988E-02	-0.900000310E-03	 0.339999999E-02	 0.112386009E-04
    3244	 0.149999988E-02	-0.900000310E-03	 0.369999999E-02	 0.916135002E-05
    3245	 0.149999988E-02	-0.900000310E-03	 0.400000000E-02	 0.760402655E-05
    3392	 0.179999990E-02	-0.240000043E-02	 0.129999995E-02	 0.400946792E-03
    3390	 0.179999990E-02	-0.270000045E-02	 0.129999995E-02	 0.352583942E-03
    3389	 0.179999990E-02	-0.270000045E-02	 0.999999940E-03	 0.565381955E-03
    3391	 0.179999990E-02	-0.240000043E-02	 0.999999940E-03	 0.102697322E-02
    3394	 0.179999990E-02	-0.240000043E-02	 0.159999995E-02	 0.352903122E-03
    3393	 0.179999990E-02	-0.270000045E-02	 0.159999995E-02	 0.450801571E-03
    3396	 0.179999990E-02	-0.240000043E-02	 0.189999996E-02	 0.139567780E-03
    3395	 0.179999990E-02	-0.270000045E-02	 0.189999996E-02	 0.197200908E-03
    3398	 0.179999990E-02	-0.240000043E-02	 0.219999996E-02	 0.736336689E-04
    3397	 0.179999990E-02	-0.270000045E-02	 0.219999996E-02	 0.110417750E-03
    3400	 0.179999990E-02	-0.240000043E-02	 0.249999997E-02	 0.453154386E-04
    3399	 0.179999990E-02	-0.270000045E-02	 0.249999997E-02	 0.698471145E-04
    3402	 0.179999990E-02	-0.240000043E-02	 0.279999998E-02	 0.308012875E-04
    3401	 0.179999990E-02	-0.270000045E-02	 0.279999998E-02	 0.487605511E-04
    3404	 0.179999990E-02	-0.240000043E-02	 0.309999998E-02	 0.223723563E-04
    3403	 0.179999990E-02	-0.270000045E-02	 0.309999998E-02	 0.360355404E-04
    3406	 0.179999990E-02	-0.240000043E-02	 0.339999999E-02	 0.170590867E-04
    3405	 0.179999990E-02	-0.270000045E-02	 0.339999999E-02	 0.278425644E-04
    3408	 0.179999990E-02	-0.240000043E-02	 0.369999999E-02	 0.136283044E-04
    3407	 0.179999990E-02	-0.270000045E-02	 0.369999999E-02	 0.222232520E-04
    3410	 0.179999990E-02	-0.240000043E-02	 0.400000000E-02	 0.112590122E-04
    3409	 0.179999990E-02	-0.270000045E-02	 0.400000000E-02	 0.181910526E-04
   12602	 0.179999990E-02	-0.240000043E-02	 0.399999928E-03	 0.641607401E-02
   12598	 0.179999990E-02	-0.210000040E-02	 0.399999928E-03	 0.324066875E-02
   12604	 0.179999990E-02	-0.240000043E-02	 0.999999225E-04	 0.173755112E-02
   12599	 0.179999990E-02	-0.210000040E-02	 0.999999225E-04	 0.155952351E-02
   12600	 0.179999990E-02	-0.240000043E-02	 0.699999934E-03	 0.795519350E-02
   12597	 0.179999990E-02	-0.210000040E-02	 0.699999934E-03	 0.379717562E-02
    3411	 0.179999990E-02	-0.210000040E-02	 0.999999940E-03	 0.730080433E-03
    3412	 0.179999990E-02	-0.210000040E-02	 0.129999995E-02	 0.280093395E-03
    3413	 0.179999990E-02	-0.210000040E-02	 0.159999995E-02	 0.238349683E-03
    3414	 0.179999990E-02	-0.210000040E-02	 0.189999996E-02	 0.921744552E-04
    3415	 0.179999990E-02	-0.210000040E-02	 0.219999996E-02	 0.472982451E-04
    3416	 0.179999990E-02	-0.210000040E-02	 0.249999997E-02	 0.288325164E-04
    3417	 0.179999990E-02	-0.210000040E-02	 0.279999998E-02	 0.195202703E-04
    3418	 0.179999990E-02	-0.210000040E-02	 0.309999998E-02	 0.143949302E-04
    3419	 0.179999990E-02	-0.210000040E-02	 0.339999999E-02	 0.116726391E-04
    3420	 0.179999990E-02	-0.210000040E-02	 0.369999999E-02	 0.927753920E-05
    3421	 0.179999990E-02	-0.210000040E-02	 0.400000000E-02	 0.768293423E-05
   12595	 0.179999990E-02	-0.180000038E-02	 0.399999928E-03	 0.234951176E-02
   12596	 0.179999990E-02	-0.180000038E-02	 0.999999225E-04	 0.155893498E-02
   12594	 0.179999990E-02	-0.180000038E-02	 0.699999934E-03	 0.408136505E-02
    3422	 0.179999990E-02	-0.180000038E-02	 0.999999940E-03	 0.801429916E-03
    3423	 0.179999990E-02	-0.180000038E-02	 0.129999995E-02	 0.263038805E-03
    3424	 0.179999990E-02	-0.180000038E-02	 0.159999995E-02	 0.217818242E-03
    3425	 0.179999990E-02	-0.180000038E-02	 0.189999996E-02	 0.855103081E-04
    3426	 0.179999990E-02	-0.180000038E-02	 0.219999996E-02	 0.441460685E-04
    3427	 0.179999990E-02	-0.180000038E-02	 0.249999997E-02	 0.269432827E-04
    3428	 0.179999990E-02	-0.180000038E-02	 0.279999998E-02	 0.195306665E-04
    3429	 0.179999990E-02	-0.180000038E-02	 0.309999998E-02	 0.158093287E-04
    3430	 0.179999990E-02	-0.180000038E-02	 0.339999999E-02	 0.122340712E-04
    3431	 0.179999990E-02	-0.180000038E-02	 0.369999999E-02	 0.826492171E-05
    3432	 0.179999990E-02	-0.180000038E-02	 0.400000000E-02	 0.676963954E-05
    3434	 0.179999990E-02	-0.150000036E-02	 0.129999995E-02	 0.258576794E-03
    3433	 0.179999990E-02	-0.150000036E-02	 0.999999940E-03	 0.779748508E-03
    3435	 0.179999990E-02	-0.150000036E-02	 0.159999995E-02	 0.222217231E-03
    3436	 0.179999990E-02	-0.150000036E-02	 0.189999996E-02	 0.868561689E-04
    3437	 0.179999990E-02	-0.150000036E-02	 0.219999996E-02	 0.448030554E-04
    3438	 0.179999990E-02	-0.150000036E-02	 0.249999997E-02	 0.271407151E-04
    3439	 0.179999990E-02	-0.150000036E-02	 0.279999998E-02	 0.183237748E-04
    3440	 0.179999990E-02	-0.150000036E-02	 0.309999998E-02	 0.148746180E-04
    3441	 0.179999990E-02	-0.150000036E-02	 0.339999999E-02	 0.109857862E-04
    3442	 0.179999990E-02	-0.150000036E-02	 0.369999999E-02	 0.815813929E-05
    3443	 0.179999990E-02	-0.150000036E-02	 0.400000000E-02	 0.676069906E-05
   12592	 0.179999990E-02	-0.150000036E-02	 0.399999928E-03	 0.234448568E-02
   12593	 0.179999990E-02	-0.150000036E-02	 0.999999225E-04	 0.156104619E-02
   12591	 0.179999990E-02	-0.150000036E-02	 0.699999934E-03	 0.386112761E-02
   12589	 0.179999990E-02	-0.120000033E-02	 0.399999928E-03	 0.230329126E-02
   12590	 0.179999990E-02	-0.120000033E-02	 0.999999225E-04	 0.156477757E-02
   12588	 0.179999990E-02	-0.120000033E-02	 0.699999934E-03	 0.395260758E-02
    3444	 0.179999990E-02	-0.120000033E-02	 0.999999940E-03	 0.801397273E-03
    3445	 0.179999990E-02	-0.120000033E-02	 0.129999995E-02	 0.266543295E-03
    3446	 0.179999990E-02	-0.120000033E-02	 0.159999995E-02	 0.222927926E-03
    3447	 0.179999990E-02	-0.120000033E-02	 0.189999996E-02	 0.859942371E-04
    3448	 0.179999990E-02	-0.120000033E-02	 0.219999996E-02	 0.441587462E-04
    3449	 0.179999990E-02	-0.120000033E-02	 0.249999997E-02	 0.265103053E-04
    3450	 0.179999990E-02	-0.120000033E-02	 0.279999998E-02	 0.177020685E-04
    3451	 0.179999990E-02	-0.120000033E-02	 0.309999998E-02	 0.138198976E-04
    3452	 0.179999990E-02	-0.120000033E-02	 0.339999999E-02	 0.103054139E-04
    3453	 0.179999990E-02	-0.120000033E-02	 0.369999999E-02	 0.838177232E-05
    3454	 0.179999990E-02	-0.120000033E-02	 0.400000000E-02	 0.694650903E-05
   12586	 0.179999990E-02	-0.900000310E-03	 0.399999928E-03	 0.228357958E-02
   12587	 0.179999990E-02	-0.900000310E-03	 0.999999225E-04	 0.156547576E-02
   12585	 0.179999990E-02	-0.900000310E-03	 0.699999934E-03	 0.400954046E-02
    3455	 0.179999990E-02	-0.900000310E-03	 0.999999940E-03	 0.815830644E-03
    3456	 0.179999990E-02	-0.900000310E-03	 0.129999995E-02	 0.271201627E-03
    3457	 0.179999990E-02	-0.900000310E-03	 0.159999995E-02	 0.223358315E-03
    3458	 0.179999990E-02	-0.900000310E-03	 0.189999996E-02	 0.851389597E-04
    3459	 0.179999990E-02	-0.900000310E-03	 0.219999996E-02	 0.435357034E-04
    3460	 0.179999990E-02	-0.900000310E-03	 0.249999997E-02	 0.260099613E-04
    3461	 0.179999990E-02	-0.900000310E-03	 0.279999998E-02	 0.172525149E-04
    3462	 0.179999990E-02	-0.900000310E-03	 0.309999998E-02	 0.133273535E-04
    3463	 0.179999990E-02	-0.900000310E-03	 0.339999999E-02	 0.105983563E-04
    3464	 0.179999990E-02	-0.900000310E-03	 0.369999999E-02	 0.862478471E-05
    3465	 0.179999990E-02	-0.900000310E-03	 0.400000000E-02	 0.715069265E-05
   12603	 0.209999993E-02	-0.240000043E-02	 0.399999928E-03	 0.804608658E-02
   12545	 0.209999993E-02	-0.210000040E-02	 0.399999928E-03	 0.466346345E-02
   12605	 0.209999993E-02	-0.240000043E-02	 0.999999225E-04	 0.243817694E-02
   12547	 0.209999993E-02	-0.210000040E-02	 0.999999225E-04	 0.165826452E-02
   12601	 0.209999993E-02	-0.240000043E-02	 0.699999934E-03	 0.879416385E-02
   12543	 0.209999993E-02	-0.210000040E-02	 0.699999934E-03	 0.620799810E-02
    3598	 0.209999993E-02	-0.240000043E-02	 0.999999940E-03	 0.102373504E-02
    3600	 0.209999993E-02	-0.210000040E-02	 0.999999940E-03	 0.101045479E-02
    3601	 0.209999993E-02	-0.210000040E-02	 0.129999995E-02	 0.291360350E-03
    3599	 0.209999993E-02	-0.240000043E-02	 0.129999995E-02	 0.323719173E-03
    3603	 0.209999993E-02	-0.210000040E-02	 0.159999995E-02	 0.188614956E-03
    3602	 0.209999993E-02	-0.240000043E-02	 0.159999995E-02	 0.265692498E-03
    3605	 0.209999993E-02	-0.210000040E-02	 0.189999996E-02	 0.736464505E-04
    3604	 0.209999993E-02	-0.240000043E-02	 0.189999996E-02	 0.112441373E-03
    3607	 0.209999993E-02	-0.210000040E-02	 0.219999996E-02	 0.387426070E-04
    3606	 0.209999993E-02	-0.240000043E-02	 0.219999996E-02	 0.627673135E-04
    3609	 0.209999993E-02	-0.210000040E-02	 0.249999997E-02	 0.241789140E-04
    3608	 0.209999993E-02	-0.240000043E-02	 0.249999997E-02	 0.400065200E-04
    3611	 0.209999993E-02	-0.210000040E-02	 0.279999998E-02	 0.166685376E-04
    3610	 0.209999993E-02	-0.240000043E-02	 0.279999998E-02	 0.279906249E-04
    3613	 0.209999993E-02	-0.210000040E-02	 0.309999998E-02	 0.122829420E-04
    3612	 0.209999993E-02	-0.240000043E-02	 0.309999998E-02	 0.207668075E-04
    3615	 0.209999993E-02	-0.210000040E-02	 0.339999999E-02	 0.957865363E-05
    3614	 0.209999993E-02	-0.240000043E-02	 0.339999999E-02	 0.160826406E-04
    3617	 0.209999993E-02	-0.210000040E-02	 0.369999999E-02	 0.756707384E-05
    3616	 0.209999993E-02	-0.240000043E-02	 0.369999999E-02	 0.128624847E-04
    3619	 0.209999993E-02	-0.210000040E-02	 0.400000000E-02	 0.619700908E-05
    3618	 0.209999993E-02	-0.240000043E-02	 0.400000000E-02	 0.105426402E-04
   12539	 0.209999993E-02	-0.180000038E-02	 0.399999928E-03	 0.324066875E-02
   12541	 0.209999993E-02	-0.180000038E-02	 0.999999225E-04	 0.155952351E-02
   12537	 0.209999993E-02	-0.180000038E-02	 0.699999934E-03	 0.379717561E-02
    3620	 0.209999993E-02	-0.180000038E-02	 0.999999940E-03	 0.730080433E-03
    3621	 0.209999993E-02	-0.180000038E-02	 0.129999995E-02	 0.280093395E-03
    3622	 0.209999993E-02	-0.180000038E-02	 0.159999995E-02	 0.238349683E-03
    3623	 0.209999993E-02	-0.180000038E-02	 0.189999996E-02	 0.921744552E-04
    3624	 0.209999993E-02	-0.180000038E-02	 0.219999996E-02	 0.472982451E-04
    3625	 0.209999993E-02	-0.180000038E-02	 0.249999997E-02	 0.288325164E-04
    3626	 0.209999993E-02	-0.180000038E-02	 0.279999998E-02	 0.195202703E-04
    3627	 0.209999993E-02	-0.180000038E-02	 0.309999998E-02	 0.143949302E-04
    3628	 0.209999993E-02	-0.180000038E-02	 0.339999999E-02	 0.116726391E-04
    3629	 0.209999993E-02	-0.180000038E-02	 0.369999999E-02	 0.927753920E-05
    3630	 0.209999993E-02	-0.180000038E-02	 0.400000000E-02	 0.768293423E-05
    3632	 0.209999993E-02	-0.150000036E-02	 0.129999995E-02	 0.268063520E-03
    3631	 0.209999993E-02	-0.150000036E-02	 0.999999940E-03	 0.798886892E-03
    3633	 0.209999993E-02	-0.150000036E-02	 0.159999995E-02	 0.224501150E-03
    3634	 0.209999993E-02	-0.150000036E-02	 0.189999996E-02	 0.876814493E-04
    3635	 0.209999993E-02	-0.150000036E-02	 0.219999996E-02	 0.451606484E-04
    3636	 0.209999993E-02	-0.150000036E-02	 0.249999997E-02	 0.275312850E-04
    3637	 0.209999993E-02	-0.150000036E-02	 0.279999998E-02	 0.192638647E-04
    3638	 0.209999993E-02	-0.150000036E-02	 0.309999998E-02	 0.155428056E-04
    3639	 0.209999993E-02	-0.150000036E-02	 0.339999999E-02	 0.121913106E-04
    3640	 0.209999993E-02	-0.150000036E-02	 0.369999999E-02	 0.849259746E-05
    3641	 0.209999993E-02	-0.150000036E-02	 0.400000000E-02	 0.703552592E-05
   12535	 0.209999993E-02	-0.150000036E-02	 0.399999928E-03	 0.260070959E-02
   12536	 0.209999993E-02	-0.150000036E-02	 0.999999225E-04	 0.156977510E-02
   12534	 0.209999993E-02	-0.150000036E-02	 0.699999934E-03	 0.403827931E-02
   12532	 0.209999993E-02	-0.120000033E-02	 0.399999928E-03	 0.231594982E-02
   12533	 0.209999993E-02	-0.120000033E-02	 0.999999225E-04	 0.156562113E-02
   12531	 0.209999993E-02	-0.120000033E-02	 0.699999934E-03	 0.404676955E-02
    3642	 0.209999993E-02	-0.120000033E-02	 0.999999940E-03	 0.807789407E-03
    3643	 0.209999993E-02	-0.120000033E-02	 0.129999995E-02	 0.264115274E-03
    3644	 0.209999993E-02	-0.120000033E-02	 0.159999995E-02	 0.221067802E-03
    3645	 0.209999993E-02	-0.120000033E-02	 0.189999996E-02	 0.867824434E-04
    3646	 0.209999993E-02	-0.120000033E-02	 0.219999996E-02	 0.448396916E-04
    3647	 0.209999993E-02	-0.120000033E-02	 0.249999997E-02	 0.273032264E-04
    3648	 0.209999993E-02	-0.120000033E-02	 0.279999998E-02	 0.191900350E-04
    3649	 0.209999993E-02	-0.120000033E-02	 0.309999998E-02	 0.156515216E-04
    3650	 0.209999993E-02	-0.120000033E-02	 0.339999999E-02	 0.116994873E-04
    3651	 0.209999993E-02	-0.120000033E-02	 0.369999999E-02	 0.824095775E-05
    3652	 0.209999993E-02	-0.120000033E-02	 0.400000000E-02	 0.673468177E-05
   12529	 0.209999993E-02	-0.900000310E-03	 0.399999928E-03	 0.231739129E-02
   12530	 0.209999993E-02	-0.900000310E-03	 0.999999225E-04	 0.156229773E-02
   12528	 0.209999993E-02	-0.900000310E-03	 0.699999934E-03	 0.388868691E-02
    3653	 0.209999993E-02	-0.900000310E-03	 0.999999940E-03	 0.788782137E-03
    3654	 0.209999993E-02	-0.900000310E-03	 0.129999995E-02	 0.260398703E-03
    3655	 0.209999993E-02	-0.900000310E-03	 0.159999995E-02	 0.221446466E-03
    3656	 0.209999993E-02	-0.900000310E-03	 0.189999996E-02	 0.865462382E-04
    3657	 0.209999993E-02	-0.900000310E-03	 0.219999996E-02	 0.446916466E-04
    3658	 0.209999993E-02	-0.900000310E-03	 0.249999997E-02	 0.271018552E-04
    3659	 0.209999993E-02	-0.900000310E-03	 0.279999998E-02	 0.183663318E-04
    3660	 0.209999993E-02	-0.900000310E-03	 0.309999998E-02	 0.150722575E-04
    3661	 0.209999993E-02	-0.900000310E-03	 0.339999999E-02	 0.110156665E-04
    3662	 0.209999993E-02	-0.900000310E-03	 0.369999999E-02	 0.803861898E-05
    3663	 0.209999993E-02	-0.900000310E-03	 0.400000000E-02	 0.655948718E-05
    3788	 0.239999995E-02	-0.210000040E-02	 0.129999995E-02	 0.323719173E-03
    3786	 0.239999995E-02	-0.240000043E-02	 0.129999995E-02	 0.289985917E-03
    3785	 0.239999995E-02	-0.240000043E-02	 0.999999940E-03	 0.578850154E-03
    3787	 0.239999995E-02	-0.210000040E-02	 0.999999940E-03	 0.102373504E-02
    3790	 0.239999995E-02	-0.210000040E-02	 0.159999995E-02	 0.265692498E-03
    3789	 0.239999995E-02	-0.240000043E-02	 0.159999995E-02	 0.302727047E-03
    3792	 0.239999995E-02	-0.210000040E-02	 0.189999996E-02	 0.112441373E-03
    3791	 0.239999995E-02	-0.240000043E-02	 0.189999996E-02	 0.144102841E-03
    3794	 0.239999995E-02	-0.210000040E-02	 0.219999996E-02	 0.627673136E-04
    3793	 0.239999995E-02	-0.240000043E-02	 0.219999996E-02	 0.842832218E-04
    3796	 0.239999995E-02	-0.210000040E-02	 0.249999997E-02	 0.400065200E-04
    3795	 0.239999995E-02	-0.240000043E-02	 0.249999997E-02	 0.547439021E-04
    3798	 0.239999995E-02	-0.210000040E-02	 0.279999998E-02	 0.279906249E-04
    3797	 0.239999995E-02	-0.240000043E-02	 0.279999998E-02	 0.391136997E-04
    3800	 0.239999995E-02	-0.210000040E-02	 0.309999998E-02	 0.207668075E-04
    3799	 0.239999995E-02	-0.240000043E-02	 0.309999998E-02	 0.293697409E-04
    3802	 0.239999995E-02	-0.210000040E-02	 0.339999999E-02	 0.160826406E-04
    3801	 0.239999995E-02	-0.240000043E-02	 0.339999999E-02	 0.229577670E-04
    3804	 0.239999995E-02	-0.210000040E-02	 0.369999999E-02	 0.128624848E-04
    3803	 0.239999995E-02	-0.240000043E-02	 0.369999999E-02	 0.184708832E-04
    3806	 0.239999995E-02	-0.210000040E-02	 0.400000000E-02	 0.105426402E-04
    3805	 0.239999995E-02	-0.240000043E-02	 0.400000000E-02	 0.152030650E-04
   12546	 0.239999995E-02	-0.210000040E-02	 0.399999928E-03	 0.804608658E-02
   12540	 0.239999995E-02	-0.180000038E-02	 0.399999928E-03	 0.641607401E-02
   12548	 0.239999995E-02	-0.210000040E-02	 0.999999225E-04	 0.243817695E-02
   12542	 0.239999995E-02	-0.180000038E-02	 0.999999225E-04	 0.173755112E-02
   12544	 0.239999995E-02	-0.210000040E-02	 0.699999934E-03	 0.879416385E-02
   12538	 0.239999995E-02	-0.180000038E-02	 0.699999934E-03	 0.795519350E-02
    3807	 0.239999995E-02	-0.180000038E-02	 0.999999940E-03	 0.102697323E-02
    3808	 0.239999995E-02	-0.180000038E-02	 0.129999995E-02	 0.400946792E-03
    3809	 0.239999995E-02	-0.180000038E-02	 0.159999995E-02	 0.352903122E-03
    3810	 0.239999995E-02	-0.180000038E-02	 0.189999996E-02	 0.139567780E-03
    3811	 0.239999995E-02	-0.180000038E-02	 0.219999996E-02	 0.736336689E-04
    3812	 0.239999995E-02	-0.180000038E-02	 0.249999997E-02	 0.453154386E-04
    3813	 0.239999995E-02	-0.180000038E-02	 0.279999998E-02	 0.308012875E-04
    3814	 0.239999995E-02	-0.180000038E-02	 0.309999998E-02	 0.223723562E-04
    3815	 0.239999995E-02	-0.180000038E-02	 0.339999999E-02	 0.170590867E-04
    3816	 0.239999995E-02	-0.180000038E-02	 0.369999999E-02	 0.136283044E-04
    3817	 0.239999995E-02	-0.180000038E-02	 0.400000000E-02	 0.112590122E-04
    3819	 0.239999995E-02	-0.150000036E-02	 0.129999995E-02	 0.339593375E-03
    3818	 0.239999995E-02	-0.150000036E-02	 0.999999940E-03	 0.121497589E-02
    3820	 0.239999995E-02	-0.150000036E-02	 0.159999995E-02	 0.243846236E-03
    3821	 0.239999995E-02	-0.150000036E-02	 0.189999996E-02	 0.942216850E-04
    3822	 0.239999995E-02	-0.150000036E-02	 0.219999996E-02	 0.487883723E-04
    3823	 0.239999995E-02	-0.150000036E-02	 0.249999997E-02	 0.300006469E-04
    3824	 0.239999995E-02	-0.150000036E-02	 0.279999998E-02	 0.203824047E-04
    3825	 0.239999995E-02	-0.150000036E-02	 0.309999998E-02	 0.148417830E-04
    3826	 0.239999995E-02	-0.150000036E-02	 0.339999999E-02	 0.116286719E-04
    3827	 0.239999995E-02	-0.150000036E-02	 0.369999999E-02	 0.943154542E-05
    3828	 0.239999995E-02	-0.150000036E-02	 0.400000000E-02	 0.780348853E-05
   12488	 0.239999995E-02	-0.150000036E-02	 0.399999928E-03	 0.404173259E-02
   12490	 0.239999995E-02	-0.150000036E-02	 0.999999225E-04	 0.168751405E-02
   12486	 0.239999995E-02	-0.150000036E-02	 0.699999934E-03	 0.711269026E-02
   12482	 0.239999995E-02	-0.120000033E-02	 0.399999928E-03	 0.320092739E-02
   12484	 0.239999995E-02	-0.120000033E-02	 0.999999225E-04	 0.156133579E-02
   12480	 0.239999995E-02	-0.120000033E-02	 0.699999934E-03	 0.396602266E-02
    3829	 0.239999995E-02	-0.120000033E-02	 0.999999940E-03	 0.776005359E-03
    3830	 0.239999995E-02	-0.120000033E-02	 0.129999995E-02	 0.270134474E-03
    3831	 0.239999995E-02	-0.120000033E-02	 0.159999995E-02	 0.224061514E-03
    3832	 0.239999995E-02	-0.120000033E-02	 0.189999996E-02	 0.882900470E-04
    3833	 0.239999995E-02	-0.120000033E-02	 0.219999996E-02	 0.457757190E-04
    3834	 0.239999995E-02	-0.120000033E-02	 0.249999997E-02	 0.281433148E-04
    3835	 0.239999995E-02	-0.120000033E-02	 0.279999998E-02	 0.197143166E-04
    3836	 0.239999995E-02	-0.120000033E-02	 0.309999998E-02	 0.158117997E-04
    3837	 0.239999995E-02	-0.120000033E-02	 0.339999999E-02	 0.127261847E-04
    3838	 0.239999995E-02	-0.120000033E-02	 0.369999999E-02	 0.856917811E-05
    3839	 0.239999995E-02	-0.120000033E-02	 0.400000000E-02	 0.700193433E-05
   12478	 0.239999995E-02	-0.900000310E-03	 0.399999928E-03	 0.258148487E-02
   12479	 0.239999995E-02	-0.900000310E-03	 0.999999225E-04	 0.156785206E-02
   12477	 0.239999995E-02	-0.900000310E-03	 0.699999934E-03	 0.405474842E-02
    3840	 0.239999995E-02	-0.900000310E-03	 0.999999940E-03	 0.799123926E-03
    3841	 0.239999995E-02	-0.900000310E-03	 0.129999995E-02	 0.268542333E-03
    3842	 0.239999995E-02	-0.900000310E-03	 0.159999995E-02	 0.215493771E-03
    3843	 0.239999995E-02	-0.900000310E-03	 0.189999996E-02	 0.848240963E-04
    3844	 0.239999995E-02	-0.900000310E-03	 0.219999996E-02	 0.440262781E-04
    3845	 0.239999995E-02	-0.900000310E-03	 0.249999997E-02	 0.269851535E-04
    3846	 0.239999995E-02	-0.900000310E-03	 0.279999998E-02	 0.195159852E-04
    3847	 0.239999995E-02	-0.900000310E-03	 0.309999998E-02	 0.157664197E-04
    3848	 0.239999995E-02	-0.900000310E-03	 0.339999999E-02	 0.122655628E-04
    3849	 0.239999995E-02	-0.900000310E-03	 0.369999999E-02	 0.815933092E-05
    3850	 0.239999995E-02	-0.900000310E-03	 0.400000000E-02	 0.666246129E-05
    3975	 0.269999998E-02	-0.150000036E-02	 0.129999995E-02	 0.299267118E-03
    3973	 0.269999998E-02	-0.180000038E-02	 0.129999995E-02	 0.352583942E-03
    3972	 0.269999998E-02	-0.180000038E-02	 0.999999940E-03	 0.565381955E-03
    3974	 0.269999998E-02	-0.150000036E-02	 0.999999940E-03	 0.123454983E-02
    3977	 0.269999998E-02	-0.150000036E-02	 0.159999995E-02	 0.304892899E-03
    3976	 0.269999998E-02	-0.180000038E-02	 0.159999995E-02	 0.450801571E-03
    3979	 0.269999998E-02	-0.150000036E-02	 0.189999996E-02	 0.126649949E-03
    3978	 0.269999998E-02	-0.180000038E-02	 0.189999996E-02	 0.197200908E-03
    3981	 0.269999998E-02	-0.150000036E-02	 0.219999996E-02	 0.690982562E-04
    3980	 0.269999998E-02	-0.180000038E-02	 0.219999996E-02	 0.110417750E-03
    3983	 0.269999998E-02	-0.150000036E-02	 0.249999997E-02	 0.432867743E-04
    3982	 0.269999998E-02	-0.180000038E-02	 0.249999997E-02	 0.698471146E-04
    3985	 0.269999998E-02	-0.150000036E-02	 0.279999998E-02	 0.298474892E-04
    3984	 0.269999998E-02	-0.180000038E-02	 0.279999998E-02	 0.487605512E-04
    3987	 0.269999998E-02	-0.150000036E-02	 0.309999998E-02	 0.218900712E-04
    3986	 0.269999998E-02	-0.180000038E-02	 0.309999998E-02	 0.360355404E-04
    3989	 0.269999998E-02	-0.150000036E-02	 0.339999999E-02	 0.168061870E-04
    3988	 0.269999998E-02	-0.180000038E-02	 0.339999999E-02	 0.278425644E-04
    3991	 0.269999998E-02	-0.150000036E-02	 0.369999999E-02	 0.133564777E-04
    3990	 0.269999998E-02	-0.180000038E-02	 0.369999999E-02	 0.222232520E-04
    3993	 0.269999998E-02	-0.150000036E-02	 0.400000000E-02	 0.108989209E-04
    3992	 0.269999998E-02	-0.180000038E-02	 0.400000000E-02	 0.181910526E-04
   12489	 0.269999998E-02	-0.150000036E-02	 0.399999928E-03	 0.799525346E-02
   12483	 0.269999998E-02	-0.120000033E-02	 0.399999928E-03	 0.649746695E-02
   12491	 0.269999998E-02	-0.150000036E-02	 0.999999225E-04	 0.243817330E-02
   12485	 0.269999998E-02	-0.120000033E-02	 0.999999225E-04	 0.173754788E-02
   12487	 0.269999998E-02	-0.150000036E-02	 0.699999934E-03	 0.987787787E-02
   12481	 0.269999998E-02	-0.120000033E-02	 0.699999934E-03	 0.809012760E-02
    3994	 0.269999998E-02	-0.120000033E-02	 0.999999940E-03	 0.106668717E-02
    3995	 0.269999998E-02	-0.120000033E-02	 0.129999995E-02	 0.333190855E-03
    3996	 0.269999998E-02	-0.120000033E-02	 0.159999995E-02	 0.201256769E-03
    3997	 0.269999998E-02	-0.120000033E-02	 0.189999996E-02	 0.807213731E-04
    3998	 0.269999998E-02	-0.120000033E-02	 0.219999996E-02	 0.432058812E-04
    3999	 0.269999998E-02	-0.120000033E-02	 0.249999997E-02	 0.270852374E-04
    4000	 0.269999998E-02	-0.120000033E-02	 0.279999998E-02	 0.186320497E-04
    4001	 0.269999998E-02	-0.120000033E-02	 0.309999998E-02	 0.136588489E-04
    4002	 0.269999998E-02	-0.120000033E-02	 0.339999999E-02	 0.104798361E-04
    4003	 0.269999998E-02	-0.120000033E-02	 0.369999999E-02	 0.832608374E-05
    4004	 0.269999998E-02	-0.120000033E-02	 0.400000000E-02	 0.679348262E-05
   12443	 0.269999998E-02	-0.900000310E-03	 0.399999928E-03	 0.395105008E-02
   12445	 0.269999998E-02	-0.900000310E-03	 0.999999225E-04	 0.167303631E-02
   12441	 0.269999998E-02	-0.900000310E-03	 0.699999934E-03	 0.690530331E-02
    4005	 0.269999998E-02	-0.900000310E-03	 0.999999940E-03	 0.116992343E-02
    4006	 0.269999998E-02	-0.900000310E-03	 0.129999995E-02	 0.288479150E-03
    4007	 0.269999998E-02	-0.900000310E-03	 0.159999995E-02	 0.199924941E-03
    4008	 0.269999998E-02	-0.900000310E-03	 0.189999996E-02	 0.811707762E-04
    4009	 0.269999998E-02	-0.900000310E-03	 0.219999996E-02	 0.429109048E-04
    4010	 0.269999998E-02	-0.900000310E-03	 0.249999997E-02	 0.266592374E-04
    4011	 0.269999998E-02	-0.900000310E-03	 0.279999998E-02	 0.182820212E-04
    4012	 0.269999998E-02	-0.900000310E-03	 0.309999998E-02	 0.133828196E-04
    4013	 0.269999998E-02	-0.900000310E-03	 0.339999999E-02	 0.102633616E-04
    4014	 0.269999998E-02	-0.900000310E-03	 0.369999999E-02	 0.815289693E-05
    4015	 0.269999998E-02	-0.900000310E-03	 0.400000000E-02	 0.665251951E-05
    4118	 0.300000000E-02	-0.120000033E-02	 0.129999995E-02	 0.251011420E-03
    4116	 0.300000000E-02	-0.150000036E-02	 0.129999995E-02	 0.290286649E-03
    4115	 0.300000000E-02	-0.150000036E-02	 0.999999940E-03	 0.205886199E-03
    4117	 0.300000000E-02	-0.120000033E-02	 0.999999940E-03	 0.215780663E-03
    4120	 0.300000000E-02	-0.120000033E-02	 0.159999995E-02	 0.291055866E-03
    4119	 0.300000000E-02	-0.150000036E-02	 0.159999995E-02	 0.333724594E-03
    4122	 0.300000000E-02	-0.120000033E-02	 0.189999996E-02	 0.134543937E-03
    4121	 0.300000000E-02	-0.150000036E-02	 0.189999996E-02	 0.155261953E-03
    4124	 0.300000000E-02	-0.120000033E-02	 0.219999996E-02	 0.761057534E-04
    4123	 0.300000000E-02	-0.150000036E-02	 0.219999996E-02	 0.874168760E-04
    4126	 0.300000000E-02	-0.120000033E-02	 0.249999997E-02	 0.486709964E-04
    4125	 0.300000000E-02	-0.150000036E-02	 0.249999997E-02	 0.559181167E-04
    4128	 0.300000000E-02	-0.120000033E-02	 0.279999998E-02	 0.342298550E-04
    4127	 0.300000000E-02	-0.150000036E-02	 0.279999998E-02	 0.392448364E-04
    4130	 0.300000000E-02	-0.120000033E-02	 0.309999998E-02	 0.254795052E-04
    4129	 0.300000000E-02	-0.150000036E-02	 0.309999998E-02	 0.292213470E-04
    4132	 0.300000000E-02	-0.120000033E-02	 0.339999999E-02	 0.197836852E-04
    4131	 0.300000000E-02	-0.150000036E-02	 0.339999999E-02	 0.226810407E-04
    4134	 0.300000000E-02	-0.120000033E-02	 0.369999999E-02	 0.158511348E-04
    4133	 0.300000000E-02	-0.150000036E-02	 0.369999999E-02	 0.181724597E-04
    4136	 0.300000000E-02	-0.120000033E-02	 0.400000000E-02	 0.130101845E-04
    4135	 0.300000000E-02	-0.150000036E-02	 0.400000000E-02	 0.149137772E-04
    4138	 0.300000000E-02	-0.900000310E-03	 0.129999995E-02	 0.303947262E-03
    4137	 0.300000000E-02	-0.900000310E-03	 0.999999940E-03	 0.129200126E-02
    4139	 0.300000000E-02	-0.900000310E-03	 0.159999995E-02	 0.257533342E-03
    4140	 0.300000000E-02	-0.900000310E-03	 0.189999996E-02	 0.108874061E-03
    4141	 0.300000000E-02	-0.900000310E-03	 0.219999996E-02	 0.598487719E-04
    4142	 0.300000000E-02	-0.900000310E-03	 0.249999997E-02	 0.381242922E-04
    4143	 0.300000000E-02	-0.900000310E-03	 0.279999998E-02	 0.281267882E-04
    4144	 0.300000000E-02	-0.900000310E-03	 0.309999998E-02	 0.213667454E-04
    4145	 0.300000000E-02	-0.900000310E-03	 0.339999999E-02	 0.164350290E-04
    4146	 0.300000000E-02	-0.900000310E-03	 0.369999999E-02	 0.124591722E-04
    4147	 0.300000000E-02	-0.900000310E-03	 0.400000000E-02	 0.997354056E-05
   12444	 0.300000000E-02	-0.900000310E-03	 0.399999928E-03	 0.795286538E-02
   12446	 0.300000000E-02	-0.900000310E-03	 0.999999225E-04	 0.243817457E-02
   12442	 0.300000000E-02	-0.900000310E-03	 0.699999934E-03	 0.101845036E-01
   13453	-0.270000045E-02	-0.150000036E-02	 0.399999928E-03	 0.799525346E-02
   13450	-0.270000045E-02	-0.120000033E-02	 0.399999928E-03	 0.649746695E-02
   13411	-0.240000043E-02	-0.120000033E-02	 0.399999928E-03	 0.320092739E-02
   13454	-0.270000045E-02	-0.150000036E-02	 0.999999225E-04	 0.243817330E-02
   13451	-0.270000045E-02	-0.120000033E-02	 0.999999225E-04	 0.173754788E-02
   13412	-0.240000043E-02	-0.120000033E-02	 0.999999225E-04	 0.156133579E-02
   13363	-0.210000040E-02	-0.120000033E-02	 0.399999928E-03	 0.231594982E-02
   13364	-0.210000040E-02	-0.120000033E-02	 0.999999225E-04	 0.156562113E-02
   13312	-0.180000038E-02	-0.120000033E-02	 0.399999928E-03	 0.230329126E-02
   13313	-0.180000038E-02	-0.120000033E-02	 0.999999225E-04	 0.156477757E-02
   13258	-0.150000036E-02	-0.120000033E-02	 0.399999928E-03	 0.227245138E-02
   13259	-0.150000036E-02	-0.120000033E-02	 0.999999225E-04	 0.156495147E-02
   13452	-0.270000045E-02	-0.150000036E-02	 0.699999934E-03	 0.987787787E-02
   13449	-0.270000045E-02	-0.120000033E-02	 0.699999934E-03	 0.809012760E-02
   13410	-0.240000043E-02	-0.120000033E-02	 0.699999934E-03	 0.396602266E-02
   13362	-0.210000040E-02	-0.120000033E-02	 0.699999934E-03	 0.404676956E-02
   13311	-0.180000038E-02	-0.120000033E-02	 0.699999934E-03	 0.395260758E-02
   13257	-0.150000036E-02	-0.120000033E-02	 0.699999934E-03	 0.404356269E-02
       7	-0.270000045E-02	-0.120000033E-02	 0.999999940E-03	 0.106668717E-02
     276	-0.240000043E-02	-0.120000033E-02	 0.999999940E-03	 0.776005359E-03
     474	-0.210000040E-02	-0.120000033E-02	 0.999999940E-03	 0.807789407E-03
     683	-0.180000038E-02	-0.120000033E-02	 0.999999940E-03	 0.801397273E-03
     892	-0.150000036E-02	-0.120000033E-02	 0.999999940E-03	 0.822797676E-03
       4	-0.300000048E-02	-0.120000033E-02	 0.129999995E-02	 0.251011420E-03
       2	-0.300000048E-02	-0.150000036E-02	 0.129999995E-02	 0.290286649E-03
       1	-0.300000048E-02	-0.150000036E-02	 0.999999940E-03	 0.205886199E-03
       3	-0.300000048E-02	-0.120000033E-02	 0.999999940E-03	 0.215780663E-03
       8	-0.270000045E-02	-0.120000033E-02	 0.129999995E-02	 0.333190855E-03
     277	-0.240000043E-02	-0.120000033E-02	 0.129999995E-02	 0.270134474E-03
     475	-0.210000040E-02	-0.120000033E-02	 0.129999995E-02	 0.264115274E-03
     684	-0.180000038E-02	-0.120000033E-02	 0.129999995E-02	 0.266543295E-03
     893	-0.150000036E-02	-0.120000033E-02	 0.129999995E-02	 0.273075267E-03
      10	-0.300000048E-02	-0.120000033E-02	 0.159999995E-02	 0.291055866E-03
       9	-0.300000048E-02	-0.150000036E-02	 0.159999995E-02	 0.333724594E-03
      12	-0.270000045E-02	-0.120000033E-02	 0.159999995E-02	 0.201256769E-03
     278	-0.240000043E-02	-0.120000033E-02	 0.159999995E-02	 0.224061514E-03
     476	-0.210000040E-02	-0.120000033E-02	 0.159999995E-02	 0.221067802E-03
     685	-0.180000038E-02	-0.120000033E-02	 0.159999995E-02	 0.222927926E-03
     894	-0.150000036E-02	-0.120000033E-02	 0.159999995E-02	 0.224279283E-03
      14	-0.300000048E-02	-0.120000033E-02	 0.189999996E-02	 0.134543937E-03
      13	-0.300000048E-02	-0.150000036E-02	 0.189999996E-02	 0.155261953E-03
      16	-0.270000045E-02	-0.120000033E-02	 0.189999996E-02	 0.807213731E-04
     279	-0.240000043E-02	-0.120000033E-02	 0.189999996E-02	 0.882900470E-04
     477	-0.210000040E-02	-0.120000033E-02	 0.189999996E-02	 0.867824434E-04
     686	-0.180000038E-02	-0.120000033E-02	 0.189999996E-02	 0.859942371E-04
     895	-0.150000036E-02	-0.120000033E-02	 0.189999996E-02	 0.848074159E-04
      18	-0.300000048E-02	-0.120000033E-02	 0.219999996E-02	 0.761057534E-04
      17	-0.300000048E-02	-0.150000036E-02	 0.219999996E-02	 0.874168760E-04
      20	-0.270000045E-02	-0.120000033E-02	 0.219999996E-02	 0.432058812E-04
     280	-0.240000043E-02	-0.120000033E-02	 0.219999996E-02	 0.457757190E-04
     478	-0.210000040E-02	-0.120000033E-02	 0.219999996E-02	 0.448396916E-04
     687	-0.180000038E-02	-0.120000033E-02	 0.219999996E-02	 0.441587462E-04
     896	-0.150000036E-02	-0.120000033E-02	 0.219999996E-02	 0.431664737E-04
      22	-0.300000048E-02	-0.120000033E-02	 0.249999997E-02	 0.486709964E-04
      21	-0.300000048E-02	-0.150000036E-02	 0.249999997E-02	 0.559181167E-04
      24	-0.270000045E-02	-0.120000033E-02	 0.249999997E-02	 0.270852374E-04
     281	-0.240000043E-02	-0.120000033E-02	 0.249999997E-02	 0.281433148E-04
     479	-0.210000040E-02	-0.120000033E-02	 0.249999997E-02	 0.273032264E-04
     688	-0.180000038E-02	-0.120000033E-02	 0.249999997E-02	 0.265103053E-04
     897	-0.150000036E-02	-0.120000033E-02	 0.249999997E-02	 0.256720005E-04
      26	-0.300000048E-02	-0.120000033E-02	 0.279999998E-02	 0.342298550E-04
      25	-0.300000048E-02	-0.150000036E-02	 0.279999998E-02	 0.392448364E-04
      28	-0.270000045E-02	-0.120000033E-02	 0.279999998E-02	 0.186320497E-04
     282	-0.240000043E-02	-0.120000033E-02	 0.279999998E-02	 0.197143166E-04
     480	-0.210000040E-02	-0.120000033E-02	 0.279999998E-02	 0.191900350E-04
     689	-0.180000038E-02	-0.120000033E-02	 0.279999998E-02	 0.177020685E-04
     898	-0.150000036E-02	-0.120000033E-02	 0.279999998E-02	 0.177008161E-04
      30	-0.300000048E-02	-0.120000033E-02	 0.309999998E-02	 0.254795052E-04
      29	-0.300000048E-02	-0.150000036E-02	 0.309999998E-02	 0.292213470E-04
      32	-0.270000045E-02	-0.120000033E-02	 0.309999998E-02	 0.136588489E-04
     283	-0.240000043E-02	-0.120000033E-02	 0.309999998E-02	 0.158117997E-04
     481	-0.210000040E-02	-0.120000033E-02	 0.309999998E-02	 0.156515216E-04
     690	-0.180000038E-02	-0.120000033E-02	 0.309999998E-02	 0.138198976E-04
     899	-0.150000036E-02	-0.120000033E-02	 0.309999998E-02	 0.136953120E-04
      34	-0.300000048E-02	-0.120000033E-02	 0.339999999E-02	 0.197836852E-04
      33	-0.300000048E-02	-0.150000036E-02	 0.339999999E-02	 0.226810407E-04
      36	-0.270000045E-02	-0.120000033E-02	 0.339999999E-02	 0.104798361E-04
     284	-0.240000043E-02	-0.120000033E-02	 0.339999999E-02	 0.127261847E-04
     482	-0.210000040E-02	-0.120000033E-02	 0.339999999E-02	 0.116994873E-04
     691	-0.180000038E-02	-0.120000033E-02	 0.339999999E-02	 0.103054139E-04
     900	-0.150000036E-02	-0.120000033E-02	 0.339999999E-02	 0.109008892E-04
      38	-0.300000048E-02	-0.120000033E-02	 0.369999999E-02	 0.158511348E-04
      37	-0.300000048E-02	-0.150000036E-02	 0.369999999E-02	 0.181724597E-04
      40	-0.270000045E-02	-0.120000033E-02	 0.369999999E-02	 0.832608374E-05
     285	-0.240000043E-02	-0.120000033E-02	 0.369999999E-02	 0.856917811E-05
     483	-0.210000040E-02	-0.120000033E-02	 0.369999999E-02	 0.824095775E-05
     692	-0.180000038E-02	-0.120000033E-02	 0.369999999E-02	 0.838177232E-05
     901	-0.150000036E-02	-0.120000033E-02	 0.369999999E-02	 0.887600156E-05
      42	-0.300000048E-02	-0.120000033E-02	 0.400000000E-02	 0.130101845E-04
      41	-0.300000048E-02	-0.150000036E-02	 0.400000000E-02	 0.149137772E-04
      44	-0.270000045E-02	-0.120000033E-02	 0.400000000E-02	 0.679348262E-05
     286	-0.240000043E-02	-0.120000033E-02	 0.400000000E-02	 0.700193433E-05
     484	-0.210000040E-02	-0.120000033E-02	 0.400000000E-02	 0.673468177E-05
     693	-0.180000038E-02	-0.120000033E-02	 0.400000000E-02	 0.694650903E-05
     902	-0.150000036E-02	-0.120000033E-02	 0.400000000E-02	 0.736148336E-05
   13447	-0.270000045E-02	-0.900000310E-03	 0.399999928E-03	 0.395105008E-02
   13408	-0.240000043E-02	-0.900000310E-03	 0.399999928E-03	 0.258148487E-02
   13448	-0.270000045E-02	-0.900000310E-03	 0.999999225E-04	 0.167303631E-02
   13409	-0.240000043E-02	-0.900000310E-03	 0.999999225E-04	 0.156785206E-02
   13360	-0.210000040E-02	-0.900000310E-03	 0.399999928E-03	 0.231739129E-02
   13361	-0.210000040E-02	-0.900000310E-03	 0.999999225E-04	 0.156229773E-02
   13309	-0.180000038E-02	-0.900000310E-03	 0.399999928E-03	 0.228357958E-02
   13310	-0.180000038E-02	-0.900000310E-03	 0.999999225E-04	 0.156547576E-02
   13255	-0.150000036E-02	-0.900000310E-03	 0.399999928E-03	 0.227391322E-02
   13256	-0.150000036E-02	-0.900000310E-03	 0.999999225E-04	 0.156606356E-02
   13198	-0.120000033E-02	-0.900000310E-03	 0.399999928E-03	 0.227331023E-02
   13199	-0.120000033E-02	-0.900000310E-03	 0.999999225E-04	 0.156623064E-02
   13446	-0.270000045E-02	-0.900000310E-03	 0.699999934E-03	 0.690530331E-02
   13407	-0.240000043E-02	-0.900000310E-03	 0.699999934E-03	 0.405474842E-02
   13359	-0.210000040E-02	-0.900000310E-03	 0.699999934E-03	 0.388868691E-02
   13308	-0.180000038E-02	-0.900000310E-03	 0.699999934E-03	 0.400954046E-02
   13254	-0.150000036E-02	-0.900000310E-03	 0.699999934E-03	 0.407213124E-02
   13197	-0.120000033E-02	-0.900000310E-03	 0.699999934E-03	 0.410052927E-02
      47	-0.270000045E-02	-0.900000310E-03	 0.999999940E-03	 0.116992343E-02
     287	-0.240000043E-02	-0.900000310E-03	 0.999999940E-03	 0.799123926E-03
     485	-0.210000040E-02	-0.900000310E-03	 0.999999940E-03	 0.788782137E-03
     694	-0.180000038E-02	-0.900000310E-03	 0.999999940E-03	 0.815830645E-03
     903	-0.150000036E-02	-0.900000310E-03	 0.999999940E-03	 0.831669780E-03
    1145	-0.120000033E-02	-0.900000310E-03	 0.999999940E-03	 0.839836453E-03
      46	-0.300000048E-02	-0.900000310E-03	 0.129999995E-02	 0.303947262E-03
      45	-0.300000048E-02	-0.900000310E-03	 0.999999940E-03	 0.129200126E-02
      48	-0.270000045E-02	-0.900000310E-03	 0.129999995E-02	 0.288479150E-03
     288	-0.240000043E-02	-0.900000310E-03	 0.129999995E-02	 0.268542333E-03
     486	-0.210000040E-02	-0.900000310E-03	 0.129999995E-02	 0.260398703E-03
     695	-0.180000038E-02	-0.900000310E-03	 0.129999995E-02	 0.271201627E-03
     904	-0.150000036E-02	-0.900000310E-03	 0.129999995E-02	 0.276028407E-03
    1146	-0.120000033E-02	-0.900000310E-03	 0.129999995E-02	 0.278572013E-03
      49	-0.300000048E-02	-0.900000310E-03	 0.159999995E-02	 0.257533342E-03
      50	-0.270000045E-02	-0.900000310E-03	 0.159999995E-02	 0.199924941E-03
     289	-0.240000043E-02	-0.900000310E-03	 0.159999995E-02	 0.215493771E-03
     487	-0.210000040E-02	-0.900000310E-03	 0.159999995E-02	 0.221446466E-03
     696	-0.180000038E-02	-0.900000310E-03	 0.159999995E-02	 0.223358315E-03
     905	-0.150000036E-02	-0.900000310E-03	 0.159999995E-02	 0.224691168E-03
    1147	-0.120000033E-02	-0.900000310E-03	 0.159999995E-02	 0.225563153E-03
      51	-0.300000048E-02	-0.900000310E-03	 0.189999996E-02	 0.108874061E-03
      52	-0.270000045E-02	-0.900000310E-03	 0.189999996E-02	 0.811707762E-04
     290	-0.240000043E-02	-0.900000310E-03	 0.189999996E-02	 0.848240963E-04
     488	-0.210000040E-02	-0.900000310E-03	 0.189999996E-02	 0.865462381E-04
     697	-0.180000038E-02	-0.900000310E-03	 0.189999996E-02	 0.851389597E-04
     906	-0.150000036E-02	-0.900000310E-03	 0.189999996E-02	 0.838912549E-04
    1148	-0.120000033E-02	-0.900000310E-03	 0.189999996E-02	 0.830435561E-04
      53	-0.300000048E-02	-0.900000310E-03	 0.219999996E-02	 0.598487719E-04
      54	-0.270000045E-02	-0.900000310E-03	 0.219999996E-02	 0.429109048E-04
     291	-0.240000043E-02	-0.900000310E-03	 0.219999996E-02	 0.440262781E-04
     489	-0.210000040E-02	-0.900000310E-03	 0.219999996E-02	 0.446916466E-04
     698	-0.180000038E-02	-0.900000310E-03	 0.219999996E-02	 0.435357034E-04
     907	-0.150000036E-02	-0.900000310E-03	 0.219999996E-02	 0.423804072E-04
    1149	-0.120000033E-02	-0.900000310E-03	 0.219999996E-02	 0.414910360E-04
      55	-0.300000048E-02	-0.900000310E-03	 0.249999997E-02	 0.381242922E-04
      56	-0.270000045E-02	-0.900000310E-03	 0.249999997E-02	 0.266592374E-04
     292	-0.240000043E-02	-0.900000310E-03	 0.249999997E-02	 0.269851535E-04
     490	-0.210000040E-02	-0.900000310E-03	 0.249999997E-02	 0.271018552E-04
     699	-0.180000038E-02	-0.900000310E-03	 0.249999997E-02	 0.260099613E-04
     908	-0.150000036E-02	-0.900000310E-03	 0.249999997E-02	 0.250580556E-04
    1150	-0.120000033E-02	-0.900000310E-03	 0.249999997E-02	 0.250883890E-04
      57	-0.300000048E-02	-0.900000310E-03	 0.279999998E-02	 0.281267882E-04
      58	-0.270000045E-02	-0.900000310E-03	 0.279999998E-02	 0.182820212E-04
     293	-0.240000043E-02	-0.900000310E-03	 0.279999998E-02	 0.195159852E-04
     491	-0.210000040E-02	-0.900000310E-03	 0.279999998E-02	 0.183663318E-04
     700	-0.180000038E-02	-0.900000310E-03	 0.279999998E-02	 0.172525149E-04
     909	-0.150000036E-02	-0.900000310E-03	 0.279999998E-02	 0.181846744E-04
    1151	-0.120000033E-02	-0.900000310E-03	 0.279999998E-02	 0.188227323E-04
      59	-0.300000048E-02	-0.900000310E-03	 0.309999998E-02	 0.213667454E-04
      60	-0.270000045E-02	-0.900000310E-03	 0.309999998E-02	 0.133828196E-04
     294	-0.240000043E-02	-0.900000310E-03	 0.309999998E-02	 0.157664197E-04
     492	-0.210000040E-02	-0.900000310E-03	 0.309999998E-02	 0.150722575E-04
     701	-0.180000038E-02	-0.900000310E-03	 0.309999998E-02	 0.133273535E-04
     910	-0.150000036E-02	-0.900000310E-03	 0.309999998E-02	 0.140972735E-04
    1152	-0.120000033E-02	-0.900000310E-03	 0.309999998E-02	 0.146444171E-04
      61	-0.300000048E-02	-0.900000310E-03	 0.339999999E-02	 0.164350290E-04
      62	-0.270000045E-02	-0.900000310E-03	 0.339999999E-02	 0.102633616E-04
     295	-0.240000043E-02	-0.900000310E-03	 0.339999999E-02	 0.122655628E-04
     493	-0.210000040E-02	-0.900000310E-03	 0.339999999E-02	 0.110156665E-04
     702	-0.180000038E-02	-0.900000310E-03	 0.339999999E-02	 0.105983563E-04
     911	-0.150000036E-02	-0.900000310E-03	 0.339999999E-02	 0.112386009E-04
    1153	-0.120000033E-02	-0.900000310E-03	 0.339999999E-02	 0.117073762E-04
      63	-0.300000048E-02	-0.900000310E-03	 0.369999999E-02	 0.124591722E-04
      64	-0.270000045E-02	-0.900000310E-03	 0.369999999E-02	 0.815289693E-05
     296	-0.240000043E-02	-0.900000310E-03	 0.369999999E-02	 0.815933092E-05
     494	-0.210000040E-02	-0.900000310E-03	 0.369999999E-02	 0.803861898E-05
     703	-0.180000038E-02	-0.900000310E-03	 0.369999999E-02	 0.862478472E-05
     912	-0.150000036E-02	-0.900000310E-03	 0.369999999E-02	 0.916135002E-05
    1154	-0.120000033E-02	-0.900000310E-03	 0.369999999E-02	 0.956265227E-05
      65	-0.300000048E-02	-0.900000310E-03	 0.400000000E-02	 0.997354056E-05
      66	-0.270000045E-02	-0.900000310E-03	 0.400000000E-02	 0.665251951E-05
     297	-0.240000043E-02	-0.900000310E-03	 0.400000000E-02	 0.666246129E-05
     495	-0.210000040E-02	-0.900000310E-03	 0.400000000E-02	 0.655948718E-05
     704	-0.180000038E-02	-0.900000310E-03	 0.400000000E-02	 0.715069265E-05
     913	-0.150000036E-02	-0.900000310E-03	 0.400000000E-02	 0.760402655E-05
    1155	-0.120000033E-02	-0.900000310E-03	 0.400000000E-02	 0.794790686E-05
   13474	-0.300000048E-02	-0.900000310E-03	 0.399999928E-03	 0.795286538E-02
   13471	-0.300000048E-02	-0.600000286E-03	 0.399999928E-03	 0.651220205E-02
   13444	-0.270000045E-02	-0.600000286E-03	 0.399999928E-03	 0.323683982E-02
   13475	-0.300000048E-02	-0.900000310E-03	 0.999999225E-04	 0.243817457E-02
   13472	-0.300000048E-02	-0.600000286E-03	 0.999999225E-04	 0.173754838E-02
   13445	-0.270000045E-02	-0.600000286E-03	 0.999999225E-04	 0.155611597E-02
   13405	-0.240000043E-02	-0.600000286E-03	 0.399999928E-03	 0.234311654E-02
   13406	-0.240000043E-02	-0.600000286E-03	 0.999999225E-04	 0.156248475E-02
   13357	-0.210000040E-02	-0.600000286E-03	 0.399999928E-03	 0.230342939E-02
   13358	-0.210000040E-02	-0.600000286E-03	 0.999999225E-04	 0.156471536E-02
   13306	-0.180000038E-02	-0.600000286E-03	 0.399999928E-03	 0.226967678E-02
   13307	-0.180000038E-02	-0.600000286E-03	 0.999999225E-04	 0.156548013E-02
   13252	-0.150000036E-02	-0.600000286E-03	 0.399999928E-03	 0.227469489E-02
   13253	-0.150000036E-02	-0.600000286E-03	 0.999999225E-04	 0.156640381E-02
   13195	-0.120000033E-02	-0.600000286E-03	 0.399999928E-03	 0.227236366E-02
   13196	-0.120000033E-02	-0.600000286E-03	 0.999999225E-04	 0.156658626E-02
   13135	-0.900000310E-03	-0.600000286E-03	 0.399999928E-03	 0.227278013E-02
   13136	-0.900000310E-03	-0.600000286E-03	 0.999999225E-04	 0.156664964E-02
   13072	-0.600000286E-03	-0.600000286E-03	 0.399999928E-03	 0.227248138E-02
   13073	-0.600000286E-03	-0.600000286E-03	 0.999999225E-04	 0.156672369E-02
   13473	-0.300000048E-02	-0.900000310E-03	 0.699999934E-03	 0.101845036E-01
   13470	-0.300000048E-02	-0.600000286E-03	 0.699999934E-03	 0.779901044E-02
   13443	-0.270000045E-02	-0.600000286E-03	 0.699999934E-03	 0.375624452E-02
   13404	-0.240000043E-02	-0.600000286E-03	 0.699999934E-03	 0.395858128E-02
   13356	-0.210000040E-02	-0.600000286E-03	 0.699999934E-03	 0.393447265E-02
   13305	-0.180000038E-02	-0.600000286E-03	 0.699999934E-03	 0.404236517E-02
   13251	-0.150000036E-02	-0.600000286E-03	 0.699999934E-03	 0.408726384E-02
   13194	-0.120000033E-02	-0.600000286E-03	 0.699999934E-03	 0.410556847E-02
   13134	-0.900000310E-03	-0.600000286E-03	 0.699999934E-03	 0.411261474E-02
   13071	-0.600000286E-03	-0.600000286E-03	 0.699999934E-03	 0.411452399E-02
      67	-0.300000048E-02	-0.600000286E-03	 0.999999940E-03	 0.981478120E-03
      69	-0.270000045E-02	-0.600000286E-03	 0.999999940E-03	 0.724133764E-03
     298	-0.240000043E-02	-0.600000286E-03	 0.999999940E-03	 0.785450712E-03
     496	-0.210000040E-02	-0.600000286E-03	 0.999999940E-03	 0.797712789E-03
     705	-0.180000038E-02	-0.600000286E-03	 0.999999940E-03	 0.824142672E-03
     914	-0.150000036E-02	-0.600000286E-03	 0.999999940E-03	 0.836595292E-03
    1156	-0.120000033E-02	-0.600000286E-03	 0.999999940E-03	 0.842396197E-03
    1398	-0.900000310E-03	-0.600000286E-03	 0.999999940E-03	 0.844962012E-03
    1629	-0.600000286E-03	-0.600000286E-03	 0.999999940E-03	 0.846013582E-03
      68	-0.300000048E-02	-0.600000286E-03	 0.129999995E-02	 0.348424957E-03
      70	-0.270000045E-02	-0.600000286E-03	 0.129999995E-02	 0.234901886E-03
     299	-0.240000043E-02	-0.600000286E-03	 0.129999995E-02	 0.259825445E-03
     497	-0.210000040E-02	-0.600000286E-03	 0.129999995E-02	 0.265529025E-03
     706	-0.180000038E-02	-0.600000286E-03	 0.129999995E-02	 0.273257404E-03
     915	-0.150000036E-02	-0.600000286E-03	 0.129999995E-02	 0.277620734E-03
    1157	-0.120000033E-02	-0.600000286E-03	 0.129999995E-02	 0.279431810E-03
    1399	-0.900000310E-03	-0.600000286E-03	 0.129999995E-02	 0.280261669E-03
    1630	-0.600000286E-03	-0.600000286E-03	 0.129999995E-02	 0.280612555E-03
      71	-0.300000048E-02	-0.600000286E-03	 0.159999995E-02	 0.295959126E-03
      72	-0.270000045E-02	-0.600000286E-03	 0.159999995E-02	 0.209640204E-03
     300	-0.240000043E-02	-0.600000286E-03	 0.159999995E-02	 0.214762599E-03
     498	-0.210000040E-02	-0.600000286E-03	 0.159999995E-02	 0.220752221E-03
     707	-0.180000038E-02	-0.600000286E-03	 0.159999995E-02	 0.223142288E-03
     916	-0.150000036E-02	-0.600000286E-03	 0.159999995E-02	 0.224917740E-03
    1158	-0.120000033E-02	-0.600000286E-03	 0.159999995E-02	 0.225923832E-03
    1400	-0.900000310E-03	-0.600000286E-03	 0.159999995E-02	 0.226564360E-03
    1631	-0.600000286E-03	-0.600000286E-03	 0.159999995E-02	 0.226882836E-03
      73	-0.300000048E-02	-0.600000286E-03	 0.189999996E-02	 0.122484553E-03
      74	-0.270000045E-02	-0.600000286E-03	 0.189999996E-02	 0.834276424E-04
     301	-0.240000043E-02	-0.600000286E-03	 0.189999996E-02	 0.842783040E-04
     499	-0.210000040E-02	-0.600000286E-03	 0.189999996E-02	 0.855695416E-04
     708	-0.180000038E-02	-0.600000286E-03	 0.189999996E-02	 0.842476919E-04
     917	-0.150000036E-02	-0.600000286E-03	 0.189999996E-02	 0.833349854E-04
    1159	-0.120000033E-02	-0.600000286E-03	 0.189999996E-02	 0.827183158E-04
    1401	-0.900000310E-03	-0.600000286E-03	 0.189999996E-02	 0.824986722E-04
    1632	-0.600000286E-03	-0.600000286E-03	 0.189999996E-02	 0.824451696E-04
      75	-0.300000048E-02	-0.600000286E-03	 0.219999996E-02	 0.676087626E-04
      76	-0.270000045E-02	-0.600000286E-03	 0.219999996E-02	 0.438304069E-04
     302	-0.240000043E-02	-0.600000286E-03	 0.219999996E-02	 0.438729073E-04
     500	-0.210000040E-02	-0.600000286E-03	 0.219999996E-02	 0.442206602E-04
     709	-0.180000038E-02	-0.600000286E-03	 0.219999996E-02	 0.429125557E-04
     918	-0.150000036E-02	-0.600000286E-03	 0.219999996E-02	 0.418736547E-04
    1160	-0.120000033E-02	-0.600000286E-03	 0.219999996E-02	 0.410814912E-04
    1402	-0.900000310E-03	-0.600000286E-03	 0.219999996E-02	 0.406360889E-04
    1633	-0.600000286E-03	-0.600000286E-03	 0.219999996E-02	 0.404023890E-04
      77	-0.300000048E-02	-0.600000286E-03	 0.249999997E-02	 0.431891429E-04
      78	-0.270000045E-02	-0.600000286E-03	 0.249999997E-02	 0.269927285E-04
     303	-0.240000043E-02	-0.600000286E-03	 0.249999997E-02	 0.267935065E-04
     501	-0.210000040E-02	-0.600000286E-03	 0.249999997E-02	 0.267799546E-04
     710	-0.180000038E-02	-0.600000286E-03	 0.249999997E-02	 0.255673210E-04
     919	-0.150000036E-02	-0.600000286E-03	 0.249999997E-02	 0.247139744E-04
    1161	-0.120000033E-02	-0.600000286E-03	 0.249999997E-02	 0.254008049E-04
    1403	-0.900000310E-03	-0.600000286E-03	 0.249999997E-02	 0.258017499E-04
    1634	-0.600000286E-03	-0.600000286E-03	 0.249999997E-02	 0.260266783E-04
      79	-0.300000048E-02	-0.600000286E-03	 0.279999998E-02	 0.301072544E-04
      80	-0.270000045E-02	-0.600000286E-03	 0.279999998E-02	 0.183515538E-04
     304	-0.240000043E-02	-0.600000286E-03	 0.279999998E-02	 0.187275037E-04
     502	-0.210000040E-02	-0.600000286E-03	 0.279999998E-02	 0.179826924E-04
     711	-0.180000038E-02	-0.600000286E-03	 0.279999998E-02	 0.175707013E-04
     920	-0.150000036E-02	-0.600000286E-03	 0.279999998E-02	 0.184994572E-04
    1162	-0.120000033E-02	-0.600000286E-03	 0.279999998E-02	 0.190925292E-04
    1404	-0.900000310E-03	-0.600000286E-03	 0.279999998E-02	 0.194515111E-04
    1635	-0.600000286E-03	-0.600000286E-03	 0.279999998E-02	 0.196576223E-04
      81	-0.300000048E-02	-0.600000286E-03	 0.309999998E-02	 0.222974535E-04
      82	-0.270000045E-02	-0.600000286E-03	 0.309999998E-02	 0.133473029E-04
     305	-0.240000043E-02	-0.600000286E-03	 0.309999998E-02	 0.151723600E-04
     503	-0.210000040E-02	-0.600000286E-03	 0.309999998E-02	 0.144124364E-04
     712	-0.180000038E-02	-0.600000286E-03	 0.309999998E-02	 0.135899429E-04
     921	-0.150000036E-02	-0.600000286E-03	 0.309999998E-02	 0.143658284E-04
    1163	-0.120000033E-02	-0.600000286E-03	 0.309999998E-02	 0.148847177E-04
    1405	-0.900000310E-03	-0.600000286E-03	 0.309999998E-02	 0.152134487E-04
    1636	-0.600000286E-03	-0.600000286E-03	 0.309999998E-02	 0.154098873E-04
      83	-0.300000048E-02	-0.600000286E-03	 0.339999999E-02	 0.172353474E-04
      84	-0.270000045E-02	-0.600000286E-03	 0.339999999E-02	 0.101853578E-04
     306	-0.240000043E-02	-0.600000286E-03	 0.339999999E-02	 0.117108328E-04
     504	-0.210000040E-02	-0.600000286E-03	 0.339999999E-02	 0.104863737E-04
     713	-0.180000038E-02	-0.600000286E-03	 0.339999999E-02	 0.108174695E-04
     922	-0.150000036E-02	-0.600000286E-03	 0.339999999E-02	 0.114691473E-04
    1164	-0.120000033E-02	-0.600000286E-03	 0.339999999E-02	 0.119205108E-04
    1406	-0.900000310E-03	-0.600000286E-03	 0.339999999E-02	 0.122177575E-04
    1637	-0.600000286E-03	-0.600000286E-03	 0.339999999E-02	 0.124018248E-04
      85	-0.300000048E-02	-0.600000286E-03	 0.369999999E-02	 0.137669329E-04
      86	-0.270000045E-02	-0.600000286E-03	 0.369999999E-02	 0.806189769E-05
     307	-0.240000043E-02	-0.600000286E-03	 0.369999999E-02	 0.796385437E-05
     505	-0.210000040E-02	-0.600000286E-03	 0.369999999E-02	 0.805980484E-05
     714	-0.180000038E-02	-0.600000286E-03	 0.369999999E-02	 0.880908544E-05
     923	-0.150000036E-02	-0.600000286E-03	 0.369999999E-02	 0.935920349E-05
    1165	-0.120000033E-02	-0.600000286E-03	 0.369999999E-02	 0.974980955E-05
    1407	-0.900000310E-03	-0.600000286E-03	 0.369999999E-02	 0.100141558E-04
    1638	-0.600000286E-03	-0.600000286E-03	 0.369999999E-02	 0.101821571E-04
      87	-0.300000048E-02	-0.600000286E-03	 0.400000000E-02	 0.112753409E-04
      88	-0.270000045E-02	-0.600000286E-03	 0.400000000E-02	 0.656116397E-05
     308	-0.240000043E-02	-0.600000286E-03	 0.400000000E-02	 0.648945706E-05
     506	-0.210000040E-02	-0.600000286E-03	 0.400000000E-02	 0.667958414E-05
     715	-0.180000038E-02	-0.600000286E-03	 0.400000000E-02	 0.730679533E-05
     924	-0.150000036E-02	-0.600000286E-03	 0.400000000E-02	 0.777389431E-05
    1166	-0.120000033E-02	-0.600000286E-03	 0.400000000E-02	 0.811103726E-05
    1408	-0.900000310E-03	-0.600000286E-03	 0.400000000E-02	 0.834336870E-05
    1639	-0.600000286E-03	-0.600000286E-03	 0.400000000E-02	 0.849354895E-05
   13468	-0.300000048E-02	-0.300000262E-03	 0.399999928E-03	 0.590836094E-02
   13441	-0.270000045E-02	-0.300000262E-03	 0.399999928E-03	 0.303302664E-02
   13469	-0.300000048E-02	-0.300000262E-03	 0.999999225E-04	 0.173754792E-02
   13442	-0.270000045E-02	-0.300000262E-03	 0.999999225E-04	 0.155731428E-02
   13402	-0.240000043E-02	-0.300000262E-03	 0.399999928E-03	 0.233571116E-02
   13403	-0.240000043E-02	-0.300000262E-03	 0.999999225E-04	 0.155824176E-02
   13354	-0.210000040E-02	-0.300000262E-03	 0.399999928E-03	 0.229228383E-02
   13355	-0.210000040E-02	-0.300000262E-03	 0.999999225E-04	 0.156470203E-02
   13303	-0.180000038E-02	-0.300000262E-03	 0.399999928E-03	 0.227158031E-02
   13304	-0.180000038E-02	-0.300000262E-03	 0.999999225E-04	 0.156595242E-02
   13249	-0.150000036E-02	-0.300000262E-03	 0.399999928E-03	 0.227224119E-02
   13250	-0.150000036E-02	-0.300000262E-03	 0.999999225E-04	 0.156648450E-02
   13192	-0.120000033E-02	-0.300000262E-03	 0.399999928E-03	 0.227214870E-02
   13193	-0.120000033E-02	-0.300000262E-03	 0.999999225E-04	 0.156672822E-02
   13132	-0.900000310E-03	-0.300000262E-03	 0.399999928E-03	 0.227220096E-02
   13133	-0.900000310E-03	-0.300000262E-03	 0.999999225E-04	 0.156675770E-02
   13069	-0.600000286E-03	-0.300000262E-03	 0.399999928E-03	 0.227233381E-02
   13070	-0.600000286E-03	-0.300000262E-03	 0.999999225E-04	 0.156677110E-02
   13006	-0.300000262E-03	-0.300000262E-03	 0.399999928E-03	 0.227227535E-02
   13007	-0.300000262E-03	-0.300000262E-03	 0.999999225E-04	 0.156677864E-02
   13467	-0.300000048E-02	-0.300000262E-03	 0.699999934E-03	 0.657710736E-02
   13440	-0.270000045E-02	-0.300000262E-03	 0.699999934E-03	 0.356505649E-02
   13401	-0.240000043E-02	-0.300000262E-03	 0.699999934E-03	 0.382937849E-02
   13353	-0.210000040E-02	-0.300000262E-03	 0.699999934E-03	 0.396832375E-02
   13302	-0.180000038E-02	-0.300000262E-03	 0.699999934E-03	 0.405346574E-02
   13248	-0.150000036E-02	-0.300000262E-03	 0.699999934E-03	 0.409529125E-02
   13191	-0.120000033E-02	-0.300000262E-03	 0.699999934E-03	 0.410758060E-02
   13131	-0.900000310E-03	-0.300000262E-03	 0.699999934E-03	 0.411326806E-02
   13068	-0.600000286E-03	-0.300000262E-03	 0.699999934E-03	 0.411510422E-02
   13005	-0.300000262E-03	-0.300000262E-03	 0.699999934E-03	 0.411568803E-02
      89	-0.300000048E-02	-0.300000262E-03	 0.999999940E-03	 0.844200751E-03
      91	-0.270000045E-02	-0.300000262E-03	 0.999999940E-03	 0.692550907E-03
     309	-0.240000043E-02	-0.300000262E-03	 0.999999940E-03	 0.767765161E-03
     507	-0.210000040E-02	-0.300000262E-03	 0.999999940E-03	 0.804610988E-03
     716	-0.180000038E-02	-0.300000262E-03	 0.999999940E-03	 0.827541299E-03
     925	-0.150000036E-02	-0.300000262E-03	 0.999999940E-03	 0.839178195E-03
    1167	-0.120000033E-02	-0.300000262E-03	 0.999999940E-03	 0.843592421E-03
    1409	-0.900000310E-03	-0.300000262E-03	 0.999999940E-03	 0.845645304E-03
    1640	-0.600000286E-03	-0.300000262E-03	 0.999999940E-03	 0.846473246E-03
    1871	-0.300000262E-03	-0.300000262E-03	 0.999999940E-03	 0.846808011E-03
      90	-0.300000048E-02	-0.300000262E-03	 0.129999995E-02	 0.320546837E-03
      92	-0.270000045E-02	-0.300000262E-03	 0.129999995E-02	 0.242536292E-03
     310	-0.240000043E-02	-0.300000262E-03	 0.129999995E-02	 0.254655065E-03
     508	-0.210000040E-02	-0.300000262E-03	 0.129999995E-02	 0.267820772E-03
     717	-0.180000038E-02	-0.300000262E-03	 0.129999995E-02	 0.274673659E-03
     926	-0.150000036E-02	-0.300000262E-03	 0.129999995E-02	 0.278362503E-03
    1168	-0.120000033E-02	-0.300000262E-03	 0.129999995E-02	 0.279837024E-03
    1410	-0.900000310E-03	-0.300000262E-03	 0.129999995E-02	 0.280490119E-03
    1641	-0.600000286E-03	-0.300000262E-03	 0.129999995E-02	 0.280761687E-03
    1872	-0.300000262E-03	-0.300000262E-03	 0.129999995E-02	 0.280872315E-03
      93	-0.300000048E-02	-0.300000262E-03	 0.159999995E-02	 0.283631356E-03
      94	-0.270000045E-02	-0.300000262E-03	 0.159999995E-02	 0.210340937E-03
     311	-0.240000043E-02	-0.300000262E-03	 0.159999995E-02	 0.213268167E-03
     509	-0.210000040E-02	-0.300000262E-03	 0.159999995E-02	 0.220080465E-03
     718	-0.180000038E-02	-0.300000262E-03	 0.159999995E-02	 0.222899198E-03
     927	-0.150000036E-02	-0.300000262E-03	 0.159999995E-02	 0.224956228E-03
    1169	-0.120000033E-02	-0.300000262E-03	 0.159999995E-02	 0.226088906E-03
    1411	-0.900000310E-03	-0.300000262E-03	 0.159999995E-02	 0.226722870E-03
    1642	-0.600000286E-03	-0.300000262E-03	 0.159999995E-02	 0.227017029E-03
    1873	-0.300000262E-03	-0.300000262E-03	 0.159999995E-02	 0.227130675E-03
      95	-0.300000048E-02	-0.300000262E-03	 0.189999996E-02	 0.117681126E-03
      96	-0.270000045E-02	-0.300000262E-03	 0.189999996E-02	 0.832516731E-04
     312	-0.240000043E-02	-0.300000262E-03	 0.189999996E-02	 0.831103989E-04
     510	-0.210000040E-02	-0.300000262E-03	 0.189999996E-02	 0.847306863E-04
     719	-0.180000038E-02	-0.300000262E-03	 0.189999996E-02	 0.837035429E-04
     928	-0.150000036E-02	-0.300000262E-03	 0.189999996E-02	 0.830121674E-04
    1170	-0.120000033E-02	-0.300000262E-03	 0.189999996E-02	 0.825749276E-04
    1412	-0.900000310E-03	-0.300000262E-03	 0.189999996E-02	 0.824521226E-04
    1643	-0.600000286E-03	-0.300000262E-03	 0.189999996E-02	 0.824503367E-04
    1874	-0.300000262E-03	-0.300000262E-03	 0.189999996E-02	 0.824774756E-04
      97	-0.300000048E-02	-0.300000262E-03	 0.219999996E-02	 0.647941713E-04
      98	-0.270000045E-02	-0.300000262E-03	 0.219999996E-02	 0.437689926E-04
     313	-0.240000043E-02	-0.300000262E-03	 0.219999996E-02	 0.433531951E-04
     511	-0.210000040E-02	-0.300000262E-03	 0.219999996E-02	 0.437756296E-04
     720	-0.180000038E-02	-0.300000262E-03	 0.219999996E-02	 0.425365398E-04
     929	-0.150000036E-02	-0.300000262E-03	 0.219999996E-02	 0.415692949E-04
    1171	-0.120000033E-02	-0.300000262E-03	 0.219999996E-02	 0.408751691E-04
    1413	-0.900000310E-03	-0.300000262E-03	 0.219999996E-02	 0.404893493E-04
    1644	-0.600000286E-03	-0.300000262E-03	 0.219999996E-02	 0.402984835E-04
    1875	-0.300000262E-03	-0.300000262E-03	 0.219999996E-02	 0.402161824E-04
      99	-0.300000048E-02	-0.300000262E-03	 0.249999997E-02	 0.412928626E-04
     100	-0.270000045E-02	-0.300000262E-03	 0.249999997E-02	 0.267980565E-04
     314	-0.240000043E-02	-0.300000262E-03	 0.249999997E-02	 0.264637274E-04
     512	-0.210000040E-02	-0.300000262E-03	 0.249999997E-02	 0.265016976E-04
     721	-0.180000038E-02	-0.300000262E-03	 0.249999997E-02	 0.253180142E-04
     930	-0.150000036E-02	-0.300000262E-03	 0.249999997E-02	 0.249147667E-04
    1172	-0.120000033E-02	-0.300000262E-03	 0.249999997E-02	 0.255666001E-04
    1414	-0.900000310E-03	-0.300000262E-03	 0.249999997E-02	 0.259348042E-04
    1645	-0.600000286E-03	-0.300000262E-03	 0.249999997E-02	 0.261397445E-04
    1876	-0.300000262E-03	-0.300000262E-03	 0.249999997E-02	 0.262404497E-04
     101	-0.300000048E-02	-0.300000262E-03	 0.279999998E-02	 0.287417276E-04
     102	-0.270000045E-02	-0.300000262E-03	 0.279999998E-02	 0.181069337E-04
     315	-0.240000043E-02	-0.300000262E-03	 0.279999998E-02	 0.181699238E-04
     513	-0.210000040E-02	-0.300000262E-03	 0.279999998E-02	 0.177466927E-04
     722	-0.180000038E-02	-0.300000262E-03	 0.279999998E-02	 0.177636986E-04
     931	-0.150000036E-02	-0.300000262E-03	 0.279999998E-02	 0.186674021E-04
    1173	-0.120000033E-02	-0.300000262E-03	 0.279999998E-02	 0.192366733E-04
    1415	-0.900000310E-03	-0.300000262E-03	 0.279999998E-02	 0.195719977E-04
    1646	-0.600000286E-03	-0.300000262E-03	 0.279999998E-02	 0.197627907E-04
    1877	-0.300000262E-03	-0.300000262E-03	 0.279999998E-02	 0.198586252E-04
     103	-0.300000048E-02	-0.300000262E-03	 0.309999998E-02	 0.214630266E-04
     104	-0.270000045E-02	-0.300000262E-03	 0.309999998E-02	 0.130978972E-04
     316	-0.240000043E-02	-0.300000262E-03	 0.309999998E-02	 0.147318980E-04
     514	-0.210000040E-02	-0.300000262E-03	 0.309999998E-02	 0.139831612E-04
     723	-0.180000038E-02	-0.300000262E-03	 0.309999998E-02	 0.137517823E-04
     932	-0.150000036E-02	-0.300000262E-03	 0.309999998E-02	 0.145122642E-04
    1174	-0.120000033E-02	-0.300000262E-03	 0.309999998E-02	 0.150159229E-04
    1416	-0.900000310E-03	-0.300000262E-03	 0.309999998E-02	 0.153279187E-04
    1647	-0.600000286E-03	-0.300000262E-03	 0.309999998E-02	 0.155131195E-04
    1878	-0.300000262E-03	-0.300000262E-03	 0.309999998E-02	 0.156091999E-04
     105	-0.300000048E-02	-0.300000262E-03	 0.339999999E-02	 0.165184174E-04
     106	-0.270000045E-02	-0.300000262E-03	 0.339999999E-02	 0.995617343E-05
     317	-0.240000043E-02	-0.300000262E-03	 0.339999999E-02	 0.114085213E-04
     515	-0.210000040E-02	-0.300000262E-03	 0.339999999E-02	 0.101995752E-04
     724	-0.180000038E-02	-0.300000262E-03	 0.339999999E-02	 0.109546528E-04
     933	-0.150000036E-02	-0.300000262E-03	 0.339999999E-02	 0.115972628E-04
    1175	-0.120000033E-02	-0.300000262E-03	 0.339999999E-02	 0.120391880E-04
    1417	-0.900000310E-03	-0.300000262E-03	 0.339999999E-02	 0.123250550E-04
    1648	-0.600000286E-03	-0.300000262E-03	 0.339999999E-02	 0.125013412E-04
    1879	-0.300000262E-03	-0.300000262E-03	 0.339999999E-02	 0.125957947E-04
     107	-0.300000048E-02	-0.300000262E-03	 0.369999999E-02	 0.131028273E-04
     108	-0.270000045E-02	-0.300000262E-03	 0.369999999E-02	 0.785801420E-05
     318	-0.240000043E-02	-0.300000262E-03	 0.369999999E-02	 0.777908691E-05
     516	-0.210000040E-02	-0.300000262E-03	 0.369999999E-02	 0.818102536E-05
     725	-0.180000038E-02	-0.300000262E-03	 0.369999999E-02	 0.892558953E-05
     934	-0.150000036E-02	-0.300000262E-03	 0.369999999E-02	 0.947061476E-05
    1176	-0.120000033E-02	-0.300000262E-03	 0.369999999E-02	 0.985555712E-05
    1418	-0.900000310E-03	-0.300000262E-03	 0.369999999E-02	 0.101121629E-04
    1649	-0.600000286E-03	-0.300000262E-03	 0.369999999E-02	 0.102748672E-04
    1880	-0.300000262E-03	-0.300000262E-03	 0.369999999E-02	 0.103640462E-04
     109	-0.300000048E-02	-0.300000262E-03	 0.400000000E-02	 0.107265715E-04
     110	-0.270000045E-02	-0.300000262E-03	 0.400000000E-02	 0.638243004E-05
     319	-0.240000043E-02	-0.300000262E-03	 0.400000000E-02	 0.632849334E-05
     517	-0.210000040E-02	-0.300000262E-03	 0.400000000E-02	 0.678165854E-05
     726	-0.180000038E-02	-0.300000262E-03	 0.400000000E-02	 0.740608419E-05
     935	-0.150000036E-02	-0.300000262E-03	 0.400000000E-02	 0.787037376E-05
    1177	-0.120000033E-02	-0.300000262E-03	 0.400000000E-02	 0.820409549E-05
    1419	-0.900000310E-03	-0.300000262E-03	 0.400000000E-02	 0.843102983E-05
    1650	-0.600000286E-03	-0.300000262E-03	 0.400000000E-02	 0.857754704E-05
    1881	-0.300000262E-03	-0.300000262E-03	 0.400000000E-02	 0.865905769E-05
   13465	-0.300000048E-02	-0.238418579E-09	 0.399999928E-03	 0.612742608E-02
   13438	-0.270000045E-02	-0.238418579E-09	 0.399999928E-03	 0.298074985E-02
   13466	-0.300000048E-02	-0.238418579E-09	 0.999999225E-04	 0.173754844E-02
   13439	-0.270000045E-02	-0.238418579E-09	 0.999999225E-04	 0.156105707E-02
   13399	-0.240000043E-02	-0.238418579E-09	 0.399999928E-03	 0.232068588E-02
   13400	-0.240000043E-02	-0.238418579E-09	 0.999999225E-04	 0.155806726E-02
   13351	-0.210000040E-02	-0.238418579E-09	 0.399999928E-03	 0.229290856E-02
   13352	-0.210000040E-02	-0.238418579E-09	 0.999999225E-04	 0.156406293E-02
   13300	-0.180000038E-02	-0.238418579E-09	 0.399999928E-03	 0.227076884E-02
   13301	-0.180000038E-02	-0.238418579E-09	 0.999999225E-04	 0.156604441E-02
   13246	-0.150000036E-02	-0.238418579E-09	 0.399999928E-03	 0.227240770E-02
   13247	-0.150000036E-02	-0.238418579E-09	 0.999999225E-04	 0.156660442E-02
   13189	-0.120000033E-02	-0.238418579E-09	 0.399999928E-03	 0.227173068E-02
   13190	-0.120000033E-02	-0.238418579E-09	 0.999999225E-04	 0.156674366E-02
   13129	-0.900000310E-03	-0.238418579E-09	 0.399999928E-03	 0.227216497E-02
   13130	-0.900000310E-03	-0.238418579E-09	 0.999999225E-04	 0.156678779E-02
   13066	-0.600000286E-03	-0.238418579E-09	 0.399999928E-03	 0.227217848E-02
   13067	-0.600000286E-03	-0.238418579E-09	 0.999999225E-04	 0.156679014E-02
   13003	-0.300000262E-03	-0.238418579E-09	 0.399999928E-03	 0.227229421E-02
   13004	-0.300000262E-03	-0.238418579E-09	 0.999999225E-04	 0.156678481E-02
   13464	-0.300000048E-02	-0.238418579E-09	 0.699999934E-03	 0.730840590E-02
   13437	-0.270000045E-02	-0.238418579E-09	 0.699999934E-03	 0.366110316E-02
   13398	-0.240000043E-02	-0.238418579E-09	 0.699999934E-03	 0.385355433E-02
   13350	-0.210000040E-02	-0.238418579E-09	 0.699999934E-03	 0.398660198E-02
   13299	-0.180000038E-02	-0.238418579E-09	 0.699999934E-03	 0.405640209E-02
   13245	-0.150000036E-02	-0.238418579E-09	 0.699999934E-03	 0.409646885E-02
   13188	-0.120000033E-02	-0.238418579E-09	 0.699999934E-03	 0.410848632E-02
   13128	-0.900000310E-03	-0.238418579E-09	 0.699999934E-03	 0.411337831E-02
   13065	-0.600000286E-03	-0.238418579E-09	 0.699999934E-03	 0.411515381E-02
   13002	-0.300000262E-03	-0.238418579E-09	 0.699999934E-03	 0.411580259E-02
     111	-0.300000048E-02	-0.238418579E-09	 0.999999940E-03	 0.961634896E-03
     113	-0.270000045E-02	-0.238418579E-09	 0.999999940E-03	 0.707971672E-03
     320	-0.240000043E-02	-0.238418579E-09	 0.999999940E-03	 0.770765960E-03
     518	-0.210000040E-02	-0.238418579E-09	 0.999999940E-03	 0.807931783E-03
     727	-0.180000038E-02	-0.238418579E-09	 0.999999940E-03	 0.828538679E-03
     936	-0.150000036E-02	-0.238418579E-09	 0.999999940E-03	 0.839769069E-03
    1178	-0.120000033E-02	-0.238418579E-09	 0.999999940E-03	 0.844000116E-03
    1420	-0.900000310E-03	-0.238418579E-09	 0.999999940E-03	 0.845837892E-03
    1651	-0.600000286E-03	-0.238418579E-09	 0.999999940E-03	 0.846592886E-03
    1882	-0.300000262E-03	-0.238418579E-09	 0.999999940E-03	 0.846897450E-03
     112	-0.300000048E-02	-0.238418579E-09	 0.129999995E-02	 0.342874568E-03
     114	-0.270000045E-02	-0.238418579E-09	 0.129999995E-02	 0.247372598E-03
     321	-0.240000043E-02	-0.238418579E-09	 0.129999995E-02	 0.256482844E-03
     519	-0.210000040E-02	-0.238418579E-09	 0.129999995E-02	 0.268360596E-03
     728	-0.180000038E-02	-0.238418579E-09	 0.129999995E-02	 0.275111791E-03
     937	-0.150000036E-02	-0.238418579E-09	 0.129999995E-02	 0.278593790E-03
    1179	-0.120000033E-02	-0.238418579E-09	 0.129999995E-02	 0.279955695E-03
    1421	-0.900000310E-03	-0.238418579E-09	 0.129999995E-02	 0.280556841E-03
    1652	-0.600000286E-03	-0.238418579E-09	 0.129999995E-02	 0.280802096E-03
    1883	-0.300000262E-03	-0.238418579E-09	 0.129999995E-02	 0.280902602E-03
     115	-0.300000048E-02	-0.238418579E-09	 0.159999995E-02	 0.290398168E-03
     116	-0.270000045E-02	-0.238418579E-09	 0.159999995E-02	 0.209364014E-03
     322	-0.240000043E-02	-0.238418579E-09	 0.159999995E-02	 0.213301943E-03
     520	-0.210000040E-02	-0.238418579E-09	 0.159999995E-02	 0.219835221E-03
     729	-0.180000038E-02	-0.238418579E-09	 0.159999995E-02	 0.222791280E-03
     938	-0.150000036E-02	-0.238418579E-09	 0.159999995E-02	 0.224962239E-03
    1180	-0.120000033E-02	-0.238418579E-09	 0.159999995E-02	 0.226128349E-03
    1422	-0.900000310E-03	-0.238418579E-09	 0.159999995E-02	 0.226765158E-03
    1653	-0.600000286E-03	-0.238418579E-09	 0.159999995E-02	 0.227050305E-03
    1884	-0.300000262E-03	-0.238418579E-09	 0.159999995E-02	 0.227159343E-03
     117	-0.300000048E-02	-0.238418579E-09	 0.189999996E-02	 0.120324236E-03
     118	-0.270000045E-02	-0.238418579E-09	 0.189999996E-02	 0.828449944E-04
     323	-0.240000043E-02	-0.238418579E-09	 0.189999996E-02	 0.829183348E-04
     521	-0.210000040E-02	-0.238418579E-09	 0.189999996E-02	 0.844360643E-04
     730	-0.180000038E-02	-0.238418579E-09	 0.189999996E-02	 0.835041421E-04
     939	-0.150000036E-02	-0.238418579E-09	 0.189999996E-02	 0.829150237E-04
    1181	-0.120000033E-02	-0.238418579E-09	 0.189999996E-02	 0.825339978E-04
    1423	-0.900000310E-03	-0.238418579E-09	 0.189999996E-02	 0.824440468E-04
    1654	-0.600000286E-03	-0.238418579E-09	 0.189999996E-02	 0.824565720E-04
    1885	-0.300000262E-03	-0.238418579E-09	 0.189999996E-02	 0.824898851E-04
     119	-0.300000048E-02	-0.238418579E-09	 0.219999996E-02	 0.662532884E-04
     120	-0.270000045E-02	-0.238418579E-09	 0.219999996E-02	 0.435691926E-04
     324	-0.240000043E-02	-0.238418579E-09	 0.219999996E-02	 0.432654501E-04
     522	-0.210000040E-02	-0.238418579E-09	 0.219999996E-02	 0.436240824E-04
     731	-0.180000038E-02	-0.238418579E-09	 0.219999996E-02	 0.423962703E-04
     940	-0.150000036E-02	-0.238418579E-09	 0.219999996E-02	 0.414781594E-04
    1182	-0.120000033E-02	-0.238418579E-09	 0.219999996E-02	 0.408081959E-04
    1424	-0.900000310E-03	-0.238418579E-09	 0.219999996E-02	 0.404468979E-04
    1655	-0.600000286E-03	-0.238418579E-09	 0.219999996E-02	 0.402684848E-04
    1886	-0.300000262E-03	-0.238418579E-09	 0.219999996E-02	 0.401943063E-04
     121	-0.300000048E-02	-0.238418579E-09	 0.249999997E-02	 0.422320881E-04
     122	-0.270000045E-02	-0.238418579E-09	 0.249999997E-02	 0.266585912E-04
     325	-0.240000043E-02	-0.238418579E-09	 0.249999997E-02	 0.264211742E-04
     523	-0.210000040E-02	-0.238418579E-09	 0.249999997E-02	 0.264182801E-04
     732	-0.180000038E-02	-0.238418579E-09	 0.249999997E-02	 0.252253269E-04
     941	-0.150000036E-02	-0.238418579E-09	 0.249999997E-02	 0.249794420E-04
    1183	-0.120000033E-02	-0.238418579E-09	 0.249999997E-02	 0.256170379E-04
    1425	-0.900000310E-03	-0.238418579E-09	 0.249999997E-02	 0.259761041E-04
    1656	-0.600000286E-03	-0.238418579E-09	 0.249999997E-02	 0.261737495E-04
    1887	-0.300000262E-03	-0.238418579E-09	 0.249999997E-02	 0.262710974E-04
     123	-0.300000048E-02	-0.238418579E-09	 0.279999998E-02	 0.293848762E-04
     124	-0.270000045E-02	-0.238418579E-09	 0.279999998E-02	 0.179707540E-04
     326	-0.240000043E-02	-0.238418579E-09	 0.279999998E-02	 0.180297815E-04
     524	-0.210000040E-02	-0.238418579E-09	 0.279999998E-02	 0.176810439E-04
     733	-0.180000038E-02	-0.238418579E-09	 0.279999998E-02	 0.178240790E-04
     942	-0.150000036E-02	-0.238418579E-09	 0.279999998E-02	 0.187214318E-04
    1184	-0.120000033E-02	-0.238418579E-09	 0.279999998E-02	 0.192811083E-04
    1426	-0.900000310E-03	-0.238418579E-09	 0.279999998E-02	 0.196097196E-04
    1657	-0.600000286E-03	-0.238418579E-09	 0.279999998E-02	 0.197948051E-04
    1888	-0.300000262E-03	-0.238418579E-09	 0.279999998E-02	 0.198878807E-04
     125	-0.300000048E-02	-0.238418579E-09	 0.309999998E-02	 0.217315533E-04
     126	-0.270000045E-02	-0.238418579E-09	 0.309999998E-02	 0.129762109E-04
     327	-0.240000043E-02	-0.238418579E-09	 0.309999998E-02	 0.146181157E-04
     525	-0.210000040E-02	-0.238418579E-09	 0.309999998E-02	 0.138320506E-04
     734	-0.180000038E-02	-0.238418579E-09	 0.309999998E-02	 0.138032585E-04
     943	-0.150000036E-02	-0.238418579E-09	 0.309999998E-02	 0.145597211E-04
    1185	-0.120000033E-02	-0.238418579E-09	 0.309999998E-02	 0.150568147E-04
    1427	-0.900000310E-03	-0.238418579E-09	 0.309999998E-02	 0.153640546E-04
    1658	-0.600000286E-03	-0.238418579E-09	 0.309999998E-02	 0.155450493E-04
    1889	-0.300000262E-03	-0.238418579E-09	 0.309999998E-02	 0.156390377E-04
     127	-0.300000048E-02	-0.238418579E-09	 0.339999999E-02	 0.167811507E-04
     128	-0.270000045E-02	-0.238418579E-09	 0.339999999E-02	 0.984894755E-05
     328	-0.240000043E-02	-0.238418579E-09	 0.339999999E-02	 0.113453790E-04
     526	-0.210000040E-02	-0.238418579E-09	 0.339999999E-02	 0.101091053E-04
     735	-0.180000038E-02	-0.238418579E-09	 0.339999999E-02	 0.109988060E-04
     944	-0.150000036E-02	-0.238418579E-09	 0.339999999E-02	 0.116390881E-04
    1186	-0.120000033E-02	-0.238418579E-09	 0.339999999E-02	 0.120766846E-04
    1428	-0.900000310E-03	-0.238418579E-09	 0.339999999E-02	 0.123593536E-04
    1659	-0.600000286E-03	-0.238418579E-09	 0.339999999E-02	 0.125326382E-04
    1890	-0.300000262E-03	-0.238418579E-09	 0.339999999E-02	 0.126255918E-04
     129	-0.300000048E-02	-0.238418579E-09	 0.369999999E-02	 0.133947334E-04
     130	-0.270000045E-02	-0.238418579E-09	 0.369999999E-02	 0.776533955E-05
     329	-0.240000043E-02	-0.238418579E-09	 0.369999999E-02	 0.773720158E-05
     527	-0.210000040E-02	-0.238418579E-09	 0.369999999E-02	 0.822528210E-05
     736	-0.180000038E-02	-0.238418579E-09	 0.369999999E-02	 0.896341726E-05
     945	-0.150000036E-02	-0.238418579E-09	 0.369999999E-02	 0.950720686E-05
    1187	-0.120000033E-02	-0.238418579E-09	 0.369999999E-02	 0.988926841E-05
    1429	-0.900000310E-03	-0.238418579E-09	 0.369999999E-02	 0.101437642E-04
    1660	-0.600000286E-03	-0.238418579E-09	 0.369999999E-02	 0.103043721E-04
    1891	-0.300000262E-03	-0.238418579E-09	 0.369999999E-02	 0.103925245E-04
     131	-0.300000048E-02	-0.238418579E-09	 0.400000000E-02	 0.109651682E-04
     132	-0.270000045E-02	-0.238418579E-09	 0.400000000E-02	 0.630235792E-05
     330	-0.240000043E-02	-0.238418579E-09	 0.400000000E-02	 0.629076584E-05
     528	-0.210000040E-02	-0.238418579E-09	 0.400000000E-02	 0.681909887E-05
     737	-0.180000038E-02	-0.238418579E-09	 0.400000000E-02	 0.743847758E-05
     946	-0.150000036E-02	-0.238418579E-09	 0.400000000E-02	 0.790217633E-05
    1188	-0.120000033E-02	-0.238418579E-09	 0.400000000E-02	 0.823394382E-05
    1430	-0.900000310E-03	-0.238418579E-09	 0.400000000E-02	 0.845946553E-05
    1661	-0.600000286E-03	-0.238418579E-09	 0.400000000E-02	 0.860448573E-05
    1892	-0.300000262E-03	-0.238418579E-09	 0.400000000E-02	 0.868528745E-05
   13462	-0.300000048E-02	 0.299999785E-03	 0.399999928E-03	 0.590836094E-02
   13435	-0.270000045E-02	 0.299999785E-03	 0.399999928E-03	 0.303302664E-02
   13463	-0.300000048E-02	 0.299999785E-03	 0.999999225E-04	 0.173754792E-02
   13436	-0.270000045E-02	 0.299999785E-03	 0.999999225E-04	 0.155731428E-02
   13396	-0.240000043E-02	 0.299999785E-03	 0.399999928E-03	 0.233571116E-02
   13397	-0.240000043E-02	 0.299999785E-03	 0.999999225E-04	 0.155824176E-02
   13348	-0.210000040E-02	 0.299999785E-03	 0.399999928E-03	 0.229228383E-02
   13349	-0.210000040E-02	 0.299999785E-03	 0.999999225E-04	 0.156470203E-02
   13297	-0.180000038E-02	 0.299999785E-03	 0.399999928E-03	 0.227158031E-02
   13298	-0.180000038E-02	 0.299999785E-03	 0.999999225E-04	 0.156595242E-02
   13243	-0.150000036E-02	 0.299999785E-03	 0.399999928E-03	 0.227224119E-02
   13244	-0.150000036E-02	 0.299999785E-03	 0.999999225E-04	 0.156648450E-02
   13186	-0.120000033E-02	 0.299999785E-03	 0.399999928E-03	 0.227214870E-02
   13187	-0.120000033E-02	 0.299999785E-03	 0.999999225E-04	 0.156672822E-02
   13126	-0.900000310E-03	 0.299999785E-03	 0.399999928E-03	 0.227220096E-02
   13127	-0.900000310E-03	 0.299999785E-03	 0.999999225E-04	 0.156675770E-02
   13063	-0.600000286E-03	 0.299999785E-03	 0.399999928E-03	 0.227233381E-02
   13064	-0.600000286E-03	 0.299999785E-03	 0.999999225E-04	 0.156677110E-02
   13000	-0.300000262E-03	 0.299999785E-03	 0.399999928E-03	 0.227227535E-02
   13001	-0.300000262E-03	 0.299999785E-03	 0.999999225E-04	 0.156677864E-02
   13461	-0.300000048E-02	 0.299999785E-03	 0.699999934E-03	 0.657710736E-02
   13434	-0.270000045E-02	 0.299999785E-03	 0.699999934E-03	 0.356505649E-02
   13395	-0.240000043E-02	 0.299999785E-03	 0.699999934E-03	 0.382937849E-02
   13347	-0.210000040E-02	 0.299999785E-03	 0.699999934E-03	 0.396832375E-02
   13296	-0.180000038E-02	 0.299999785E-03	 0.699999934E-03	 0.405346574E-02
   13242	-0.150000036E-02	 0.299999785E-03	 0.699999934E-03	 0.409529125E-02
   13185	-0.120000033E-02	 0.299999785E-03	 0.699999934E-03	 0.410758060E-02
   13125	-0.900000310E-03	 0.299999785E-03	 0.699999934E-03	 0.411326806E-02
   13062	-0.600000286E-03	 0.299999785E-03	 0.699999934E-03	 0.411510422E-02
   12999	-0.300000262E-03	 0.299999785E-03	 0.699999934E-03	 0.411568803E-02
     133	-0.300000048E-02	 0.299999785E-03	 0.999999940E-03	 0.844200751E-03
     135	-0.270000045E-02	 0.299999785E-03	 0.999999940E-03	 0.692550907E-03
     331	-0.240000043E-02	 0.299999785E-03	 0.999999940E-03	 0.767765161E-03
     529	-0.210000040E-02	 0.299999785E-03	 0.999999940E-03	 0.804610988E-03
     738	-0.180000038E-02	 0.299999785E-03	 0.999999940E-03	 0.827541299E-03
     947	-0.150000036E-02	 0.299999785E-03	 0.999999940E-03	 0.839178195E-03
    1189	-0.120000033E-02	 0.299999785E-03	 0.999999940E-03	 0.843592421E-03
    1431	-0.900000310E-03	 0.299999785E-03	 0.999999940E-03	 0.845645304E-03
    1662	-0.600000286E-03	 0.299999785E-03	 0.999999940E-03	 0.846473246E-03
    1893	-0.300000262E-03	 0.299999785E-03	 0.999999940E-03	 0.846808011E-03
     134	-0.300000048E-02	 0.299999785E-03	 0.129999995E-02	 0.320546837E-03
     136	-0.270000045E-02	 0.299999785E-03	 0.129999995E-02	 0.242536292E-03
     332	-0.240000043E-02	 0.299999785E-03	 0.129999995E-02	 0.254655065E-03
     530	-0.210000040E-02	 0.299999785E-03	 0.129999995E-02	 0.267820772E-03
     739	-0.180000038E-02	 0.299999785E-03	 0.129999995E-02	 0.274673659E-03
     948	-0.150000036E-02	 0.299999785E-03	 0.129999995E-02	 0.278362503E-03
    1190	-0.120000033E-02	 0.299999785E-03	 0.129999995E-02	 0.279837024E-03
    1432	-0.900000310E-03	 0.299999785E-03	 0.129999995E-02	 0.280490119E-03
    1663	-0.600000286E-03	 0.299999785E-03	 0.129999995E-02	 0.280761687E-03
    1894	-0.300000262E-03	 0.299999785E-03	 0.129999995E-02	 0.280872315E-03
     137	-0.300000048E-02	 0.299999785E-03	 0.159999995E-02	 0.283631356E-03
     138	-0.270000045E-02	 0.299999785E-03	 0.159999995E-02	 0.210340937E-03
     333	-0.240000043E-02	 0.299999785E-03	 0.159999995E-02	 0.213268167E-03
     531	-0.210000040E-02	 0.299999785E-03	 0.159999995E-02	 0.220080465E-03
     740	-0.180000038E-02	 0.299999785E-03	 0.159999995E-02	 0.222899198E-03
     949	-0.150000036E-02	 0.299999785E-03	 0.159999995E-02	 0.224956228E-03
    1191	-0.120000033E-02	 0.299999785E-03	 0.159999995E-02	 0.226088906E-03
    1433	-0.900000310E-03	 0.299999785E-03	 0.159999995E-02	 0.226722870E-03
    1664	-0.600000286E-03	 0.299999785E-03	 0.159999995E-02	 0.227017029E-03
    1895	-0.300000262E-03	 0.299999785E-03	 0.159999995E-02	 0.227130675E-03
     139	-0.300000048E-02	 0.299999785E-03	 0.189999996E-02	 0.117681126E-03
     140	-0.270000045E-02	 0.299999785E-03	 0.189999996E-02	 0.832516731E-04
     334	-0.240000043E-02	 0.299999785E-03	 0.189999996E-02	 0.831103989E-04
     532	-0.210000040E-02	 0.299999785E-03	 0.189999996E-02	 0.847306863E-04
     741	-0.180000038E-02	 0.299999785E-03	 0.189999996E-02	 0.837035429E-04
     950	-0.150000036E-02	 0.299999785E-03	 0.189999996E-02	 0.830121674E-04
    1192	-0.120000033E-02	 0.299999785E-03	 0.189999996E-02	 0.825749276E-04
    1434	-0.900000310E-03	 0.299999785E-03	 0.189999996E-02	 0.824521226E-04
    1665	-0.600000286E-03	 0.299999785E-03	 0.189999996E-02	 0.824503367E-04
    1896	-0.300000262E-03	 0.299999785E-03	 0.189999996E-02	 0.824774756E-04
     141	-0.300000048E-02	 0.299999785E-03	 0.219999996E-02	 0.647941713E-04
     142	-0.270000045E-02	 0.299999785E-03	 0.219999996E-02	 0.437689926E-04
     335	-0.240000043E-02	 0.299999785E-03	 0.219999996E-02	 0.433531951E-04
     533	-0.210000040E-02	 0.299999785E-03	 0.219999996E-02	 0.437756296E-04
     742	-0.180000038E-02	 0.299999785E-03	 0.219999996E-02	 0.425365398E-04
     951	-0.150000036E-02	 0.299999785E-03	 0.219999996E-02	 0.415692949E-04
    1193	-0.120000033E-02	 0.299999785E-03	 0.219999996E-02	 0.408751691E-04
    1435	-0.900000310E-03	 0.299999785E-03	 0.219999996E-02	 0.404893493E-04
    1666	-0.600000286E-03	 0.299999785E-03	 0.219999996E-02	 0.402984835E-04
    1897	-0.300000262E-03	 0.299999785E-03	 0.219999996E-02	 0.402161824E-04
     143	-0.300000048E-02	 0.299999785E-03	 0.249999997E-02	 0.412928626E-04
     144	-0.270000045E-02	 0.299999785E-03	 0.249999997E-02	 0.267980565E-04
     336	-0.240000043E-02	 0.299999785E-03	 0.249999997E-02	 0.264637274E-04
     534	-0.210000040E-02	 0.299999785E-03	 0.249999997E-02	 0.265016976E-04
     743	-0.180000038E-02	 0.299999785E-03	 0.249999997E-02	 0.253180142E-04
     952	-0.150000036E-02	 0.299999785E-03	 0.249999997E-02	 0.249147667E-04
    1194	-0.120000033E-02	 0.299999785E-03	 0.249999997E-02	 0.255666001E-04
    1436	-0.900000310E-03	 0.299999785E-03	 0.249999997E-02	 0.259348042E-04
    1667	-0.600000286E-03	 0.299999785E-03	 0.249999997E-02	 0.261397445E-04
    1898	-0.300000262E-03	 0.299999785E-03	 0.249999997E-02	 0.262404497E-04
     145	-0.300000048E-02	 0.299999785E-03	 0.279999998E-02	 0.287417276E-04
     146	-0.270000045E-02	 0.299999785E-03	 0.279999998E-02	 0.181069337E-04
     337	-0.240000043E-02	 0.299999785E-03	 0.279999998E-02	 0.181699238E-04
     535	-0.210000040E-02	 0.299999785E-03	 0.279999998E-02	 0.177466927E-04
     744	-0.180000038E-02	 0.299999785E-03	 0.279999998E-02	 0.177636986E-04
     953	-0.150000036E-02	 0.299999785E-03	 0.279999998E-02	 0.186674021E-04
    1195	-0.120000033E-02	 0.299999785E-03	 0.279999998E-02	 0.192366733E-04
    1437	-0.900000310E-03	 0.299999785E-03	 0.279999998E-02	 0.195719977E-04
    1668	-0.600000286E-03	 0.299999785E-03	 0.279999998E-02	 0.197627907E-04
    1899	-0.300000262E-03	 0.299999785E-03	 0.279999998E-02	 0.198586252E-04
     147	-0.300000048E-02	 0.299999785E-03	 0.309999998E-02	 0.214630266E-04
     148	-0.270000045E-02	 0.299999785E-03	 0.309999998E-02	 0.130978972E-04
     338	-0.240000043E-02	 0.299999785E-03	 0.309999998E-02	 0.147318980E-04
     536	-0.210000040E-02	 0.299999785E-03	 0.309999998E-02	 0.139831612E-04
     745	-0.180000038E-02	 0.299999785E-03	 0.309999998E-02	 0.137517823E-04
     954	-0.150000036E-02	 0.299999785E-03	 0.309999998E-02	 0.145122642E-04
    1196	-0.120000033E-02	 0.299999785E-03	 0.309999998E-02	 0.150159229E-04
    1438	-0.900000310E-03	 0.299999785E-03	 0.309999998E-02	 0.153279187E-04
    1669	-0.600000286E-03	 0.299999785E-03	 0.309999998E-02	 0.155131195E-04
    1900	-0.300000262E-03	 0.299999785E-03	 0.309999998E-02	 0.156091999E-04
     149	-0.300000048E-02	 0.299999785E-03	 0.339999999E-02	 0.165184174E-04
     150	-0.270000045E-02	 0.299999785E-03	 0.339999999E-02	 0.995617343E-05
     339	-0.240000043E-02	 0.299999785E-03	 0.339999999E-02	 0.114085213E-04
     537	-0.210000040E-02	 0.299999785E-03	 0.339999999E-02	 0.101995752E-04
     746	-0.180000038E-02	 0.299999785E-03	 0.339999999E-02	 0.109546528E-04
     955	-0.150000036E-02	 0.299999785E-03	 0.339999999E-02	 0.115972628E-04
    1197	-0.120000033E-02	 0.299999785E-03	 0.339999999E-02	 0.120391880E-04
    1439	-0.900000310E-03	 0.299999785E-03	 0.339999999E-02	 0.123250550E-04
    1670	-0.600000286E-03	 0.299999785E-03	 0.339999999E-02	 0.125013412E-04
    1901	-0.300000262E-03	 0.299999785E-03	 0.339999999E-02	 0.125957947E-04
     151	-0.300000048E-02	 0.299999785E-03	 0.369999999E-02	 0.131028273E-04
     152	-0.270000045E-02	 0.299999785E-03	 0.369999999E-02	 0.785801420E-05
     340	-0.240000043E-02	 0.299999785E-03	 0.369999999E-02	 0.777908691E-05
     538	-0.210000040E-02	 0.299999785E-03	 0.369999999E-02	 0.818102536E-05
     747	-0.180000038E-02	 0.299999785E-03	 0.369999999E-02	 0.892558953E-05
     956	-0.150000036E-02	 0.299999785E-03	 0.369999999E-02	 0.947061476E-05
    1198	-0.120000033E-02	 0.299999785E-03	 0.369999999E-02	 0.985555712E-05
    1440	-0.900000310E-03	 0.299999785E-03	 0.369999999E-02	 0.101121629E-04
    1671	-0.600000286E-03	 0.299999785E-03	 0.369999999E-02	 0.102748672E-04
    1902	-0.300000262E-03	 0.299999785E-03	 0.369999999E-02	 0.103640462E-04
     153	-0.300000048E-02	 0.299999785E-03	 0.400000000E-02	 0.107265715E-04
     154	-0.270000045E-02	 0.299999785E-03	 0.400000000E-02	 0.638243004E-05
     341	-0.240000043E-02	 0.299999785E-03	 0.400000000E-02	 0.632849334E-05
     539	-0.210000040E-02	 0.299999785E-03	 0.400000000E-02	 0.678165854E-05
     748	-0.180000038E-02	 0.299999785E-03	 0.400000000E-02	 0.740608419E-05
     957	-0.150000036E-02	 0.299999785E-03	 0.400000000E-02	 0.787037376E-05
    1199	-0.120000033E-02	 0.299999785E-03	 0.400000000E-02	 0.820409549E-05
    1441	-0.900000310E-03	 0.299999785E-03	 0.400000000E-02	 0.843102983E-05
    1672	-0.600000286E-03	 0.299999785E-03	 0.400000000E-02	 0.857754704E-05
    1903	-0.300000262E-03	 0.299999785E-03	 0.400000000E-02	 0.865905769E-05
   13457	-0.300000048E-02	 0.599999809E-03	 0.399999928E-03	 0.651220205E-02
   13432	-0.270000045E-02	 0.599999809E-03	 0.399999928E-03	 0.323683982E-02
   13459	-0.300000048E-02	 0.599999809E-03	 0.999999225E-04	 0.173754838E-02
   13433	-0.270000045E-02	 0.599999809E-03	 0.999999225E-04	 0.155611597E-02
   13393	-0.240000043E-02	 0.599999809E-03	 0.399999928E-03	 0.234311654E-02
   13394	-0.240000043E-02	 0.599999809E-03	 0.999999225E-04	 0.156248475E-02
   13345	-0.210000040E-02	 0.599999809E-03	 0.399999928E-03	 0.230342939E-02
   13346	-0.210000040E-02	 0.599999809E-03	 0.999999225E-04	 0.156471536E-02
   13294	-0.180000038E-02	 0.599999809E-03	 0.399999928E-03	 0.226967678E-02
   13295	-0.180000038E-02	 0.599999809E-03	 0.999999225E-04	 0.156548013E-02
   13240	-0.150000036E-02	 0.599999809E-03	 0.399999928E-03	 0.227469489E-02
   13241	-0.150000036E-02	 0.599999809E-03	 0.999999225E-04	 0.156640381E-02
   13183	-0.120000033E-02	 0.599999809E-03	 0.399999928E-03	 0.227236366E-02
   13184	-0.120000033E-02	 0.599999809E-03	 0.999999225E-04	 0.156658626E-02
   13123	-0.900000310E-03	 0.599999809E-03	 0.399999928E-03	 0.227278013E-02
   13124	-0.900000310E-03	 0.599999809E-03	 0.999999225E-04	 0.156664964E-02
   13060	-0.600000286E-03	 0.599999809E-03	 0.399999928E-03	 0.227248138E-02
   13061	-0.600000286E-03	 0.599999809E-03	 0.999999225E-04	 0.156672369E-02
   12997	-0.300000262E-03	 0.599999809E-03	 0.399999928E-03	 0.227233381E-02
   12998	-0.300000262E-03	 0.599999809E-03	 0.999999225E-04	 0.156677110E-02
   13455	-0.300000048E-02	 0.599999809E-03	 0.699999934E-03	 0.779901044E-02
   13431	-0.270000045E-02	 0.599999809E-03	 0.699999934E-03	 0.375624452E-02
   13392	-0.240000043E-02	 0.599999809E-03	 0.699999934E-03	 0.395858128E-02
   13344	-0.210000040E-02	 0.599999809E-03	 0.699999934E-03	 0.393447266E-02
   13293	-0.180000038E-02	 0.599999809E-03	 0.699999934E-03	 0.404236517E-02
   13239	-0.150000036E-02	 0.599999809E-03	 0.699999934E-03	 0.408726384E-02
   13182	-0.120000033E-02	 0.599999809E-03	 0.699999934E-03	 0.410556847E-02
   13122	-0.900000310E-03	 0.599999809E-03	 0.699999934E-03	 0.411261474E-02
   13059	-0.600000286E-03	 0.599999809E-03	 0.699999934E-03	 0.411452399E-02
     155	-0.300000048E-02	 0.599999809E-03	 0.999999940E-03	 0.981478120E-03
     157	-0.270000045E-02	 0.599999809E-03	 0.999999940E-03	 0.724133764E-03
     342	-0.240000043E-02	 0.599999809E-03	 0.999999940E-03	 0.785450712E-03
     540	-0.210000040E-02	 0.599999809E-03	 0.999999940E-03	 0.797712789E-03
     749	-0.180000038E-02	 0.599999809E-03	 0.999999940E-03	 0.824142672E-03
     958	-0.150000036E-02	 0.599999809E-03	 0.999999940E-03	 0.836595292E-03
    1200	-0.120000033E-02	 0.599999809E-03	 0.999999940E-03	 0.842396197E-03
    1442	-0.900000310E-03	 0.599999809E-03	 0.999999940E-03	 0.844962012E-03
    1673	-0.600000286E-03	 0.599999809E-03	 0.999999940E-03	 0.846013582E-03
     156	-0.300000048E-02	 0.599999809E-03	 0.129999995E-02	 0.348424957E-03
     158	-0.270000045E-02	 0.599999809E-03	 0.129999995E-02	 0.234901886E-03
     343	-0.240000043E-02	 0.599999809E-03	 0.129999995E-02	 0.259825445E-03
     541	-0.210000040E-02	 0.599999809E-03	 0.129999995E-02	 0.265529025E-03
     750	-0.180000038E-02	 0.599999809E-03	 0.129999995E-02	 0.273257404E-03
     959	-0.150000036E-02	 0.599999809E-03	 0.129999995E-02	 0.277620734E-03
    1201	-0.120000033E-02	 0.599999809E-03	 0.129999995E-02	 0.279431810E-03
    1443	-0.900000310E-03	 0.599999809E-03	 0.129999995E-02	 0.280261669E-03
    1674	-0.600000286E-03	 0.599999809E-03	 0.129999995E-02	 0.280612555E-03
     159	-0.300000048E-02	 0.599999809E-03	 0.159999995E-02	 0.295959126E-03
     160	-0.270000045E-02	 0.599999809E-03	 0.159999995E-02	 0.209640204E-03
     344	-0.240000043E-02	 0.599999809E-03	 0.159999995E-02	 0.214762599E-03
     542	-0.210000040E-02	 0.599999809E-03	 0.159999995E-02	 0.220752221E-03
     751	-0.180000038E-02	 0.599999809E-03	 0.159999995E-02	 0.223142288E-03
     960	-0.150000036E-02	 0.599999809E-03	 0.159999995E-02	 0.224917740E-03
    1202	-0.120000033E-02	 0.599999809E-03	 0.159999995E-02	 0.225923832E-03
    1444	-0.900000310E-03	 0.599999809E-03	 0.159999995E-02	 0.226564360E-03
    1675	-0.600000286E-03	 0.599999809E-03	 0.159999995E-02	 0.226882836E-03
     161	-0.300000048E-02	 0.599999809E-03	 0.189999996E-02	 0.122484553E-03
     162	-0.270000045E-02	 0.599999809E-03	 0.189999996E-02	 0.834276424E-04
     345	-0.240000043E-02	 0.599999809E-03	 0.189999996E-02	 0.842783040E-04
     543	-0.210000040E-02	 0.599999809E-03	 0.189999996E-02	 0.855695416E-04
     752	-0.180000038E-02	 0.599999809E-03	 0.189999996E-02	 0.842476919E-04
     961	-0.150000036E-02	 0.599999809E-03	 0.189999996E-02	 0.833349854E-04
    1203	-0.120000033E-02	 0.599999809E-03	 0.189999996E-02	 0.827183158E-04
    1445	-0.900000310E-03	 0.599999809E-03	 0.189999996E-02	 0.824986722E-04
    1676	-0.600000286E-03	 0.599999809E-03	 0.189999996E-02	 0.824451696E-04
     163	-0.300000048E-02	 0.599999809E-03	 0.219999996E-02	 0.676087626E-04
     164	-0.270000045E-02	 0.599999809E-03	 0.219999996E-02	 0.438304069E-04
     346	-0.240000043E-02	 0.599999809E-03	 0.219999996E-02	 0.438729073E-04
     544	-0.210000040E-02	 0.599999809E-03	 0.219999996E-02	 0.442206602E-04
     753	-0.180000038E-02	 0.599999809E-03	 0.219999996E-02	 0.429125557E-04
     962	-0.150000036E-02	 0.599999809E-03	 0.219999996E-02	 0.418736547E-04
    1204	-0.120000033E-02	 0.599999809E-03	 0.219999996E-02	 0.410814912E-04
    1446	-0.900000310E-03	 0.599999809E-03	 0.219999996E-02	 0.406360889E-04
    1677	-0.600000286E-03	 0.599999809E-03	 0.219999996E-02	 0.404023890E-04
     165	-0.300000048E-02	 0.599999809E-03	 0.249999997E-02	 0.431891429E-04
     166	-0.270000045E-02	 0.599999809E-03	 0.249999997E-02	 0.269927285E-04
     347	-0.240000043E-02	 0.599999809E-03	 0.249999997E-02	 0.267935065E-04
     545	-0.210000040E-02	 0.599999809E-03	 0.249999997E-02	 0.267799546E-04
     754	-0.180000038E-02	 0.599999809E-03	 0.249999997E-02	 0.255673210E-04
     963	-0.150000036E-02	 0.599999809E-03	 0.249999997E-02	 0.247139744E-04
    1205	-0.120000033E-02	 0.599999809E-03	 0.249999997E-02	 0.254008049E-04
    1447	-0.900000310E-03	 0.599999809E-03	 0.249999997E-02	 0.258017499E-04
    1678	-0.600000286E-03	 0.599999809E-03	 0.249999997E-02	 0.260266783E-04
     167	-0.300000048E-02	 0.599999809E-03	 0.279999998E-02	 0.301072544E-04
     168	-0.270000045E-02	 0.599999809E-03	 0.279999998E-02	 0.183515538E-04
     348	-0.240000043E-02	 0.599999809E-03	 0.279999998E-02	 0.187275037E-04
     546	-0.210000040E-02	 0.599999809E-03	 0.279999998E-02	 0.179826924E-04
     755	-0.180000038E-02	 0.599999809E-03	 0.279999998E-02	 0.175707013E-04
     964	-0.150000036E-02	 0.599999809E-03	 0.279999998E-02	 0.184994572E-04
    1206	-0.120000033E-02	 0.599999809E-03	 0.279999998E-02	 0.190925292E-04
    1448	-0.900000310E-03	 0.599999809E-03	 0.279999998E-02	 0.194515111E-04
    1679	-0.600000286E-03	 0.599999809E-03	 0.279999998E-02	 0.196576223E-04
     169	-0.300000048E-02	 0.599999809E-03	 0.309999998E-02	 0.222974535E-04
     170	-0.270000045E-02	 0.599999809E-03	 0.309999998E-02	 0.133473029E-04
     349	-0.240000043E-02	 0.599999809E-03	 0.309999998E-02	 0.151723600E-04
     547	-0.210000040E-02	 0.599999809E-03	 0.309999998E-02	 0.144124364E-04
     756	-0.180000038E-02	 0.599999809E-03	 0.309999998E-02	 0.135899429E-04
     965	-0.150000036E-02	 0.599999809E-03	 0.309999998E-02	 0.143658284E-04
    1207	-0.120000033E-02	 0.599999809E-03	 0.309999998E-02	 0.148847177E-04
    1449	-0.900000310E-03	 0.599999809E-03	 0.309999998E-02	 0.152134487E-04
    1680	-0.600000286E-03	 0.599999809E-03	 0.309999998E-02	 0.154098873E-04
     171	-0.300000048E-02	 0.599999809E-03	 0.339999999E-02	 0.172353474E-04
     172	-0.270000045E-02	 0.599999809E-03	 0.339999999E-02	 0.101853578E-04
     350	-0.240000043E-02	 0.599999809E-03	 0.339999999E-02	 0.117108328E-04
     548	-0.210000040E-02	 0.599999809E-03	 0.339999999E-02	 0.104863737E-04
     757	-0.180000038E-02	 0.599999809E-03	 0.339999999E-02	 0.108174695E-04
     966	-0.150000036E-02	 0.599999809E-03	 0.339999999E-02	 0.114691473E-04
    1208	-0.120000033E-02	 0.599999809E-03	 0.339999999E-02	 0.119205108E-04
    1450	-0.900000310E-03	 0.599999809E-03	 0.339999999E-02	 0.122177575E-04
    1681	-0.600000286E-03	 0.599999809E-03	 0.339999999E-02	 0.124018248E-04
     173	-0.300000048E-02	 0.599999809E-03	 0.369999999E-02	 0.137669329E-04
     174	-0.270000045E-02	 0.599999809E-03	 0.369999999E-02	 0.806189769E-05
     351	-0.240000043E-02	 0.599999809E-03	 0.369999999E-02	 0.796385437E-05
     549	-0.210000040E-02	 0.599999809E-03	 0.369999999E-02	 0.805980484E-05
     758	-0.180000038E-02	 0.599999809E-03	 0.369999999E-02	 0.880908544E-05
     967	-0.150000036E-02	 0.599999809E-03	 0.369999999E-02	 0.935920349E-05
    1209	-0.120000033E-02	 0.599999809E-03	 0.369999999E-02	 0.974980955E-05
    1451	-0.900000310E-03	 0.599999809E-03	 0.369999999E-02	 0.100141558E-04
    1682	-0.600000286E-03	 0.599999809E-03	 0.369999999E-02	 0.101821571E-04
     175	-0.300000048E-02	 0.599999809E-03	 0.400000000E-02	 0.112753409E-04
     176	-0.270000045E-02	 0.599999809E-03	 0.400000000E-02	 0.656116396E-05
     352	-0.240000043E-02	 0.599999809E-03	 0.400000000E-02	 0.648945706E-05
     550	-0.210000040E-02	 0.599999809E-03	 0.400000000E-02	 0.667958414E-05
     759	-0.180000038E-02	 0.599999809E-03	 0.400000000E-02	 0.730679533E-05
     968	-0.150000036E-02	 0.599999809E-03	 0.400000000E-02	 0.777389431E-05
    1210	-0.120000033E-02	 0.599999809E-03	 0.400000000E-02	 0.811103726E-05
    1452	-0.900000310E-03	 0.599999809E-03	 0.400000000E-02	 0.834336870E-05
    1683	-0.600000286E-03	 0.599999809E-03	 0.400000000E-02	 0.849354895E-05
   13458	-0.300000048E-02	 0.899999833E-03	 0.399999928E-03	 0.795286538E-02
   13429	-0.270000045E-02	 0.899999833E-03	 0.399999928E-03	 0.395105008E-02
   13460	-0.300000048E-02	 0.899999833E-03	 0.999999225E-04	 0.243817457E-02
   13430	-0.270000045E-02	 0.899999833E-03	 0.999999225E-04	 0.167303631E-02
   13390	-0.240000043E-02	 0.899999833E-03	 0.399999928E-03	 0.258148487E-02
   13391	-0.240000043E-02	 0.899999833E-03	 0.999999225E-04	 0.156785206E-02
   13342	-0.210000040E-02	 0.899999833E-03	 0.399999928E-03	 0.231739129E-02
   13343	-0.210000040E-02	 0.899999833E-03	 0.999999225E-04	 0.156229773E-02
   13291	-0.180000038E-02	 0.899999833E-03	 0.399999928E-03	 0.228357958E-02
   13292	-0.180000038E-02	 0.899999833E-03	 0.999999225E-04	 0.156547576E-02
   13237	-0.150000036E-02	 0.899999833E-03	 0.399999928E-03	 0.227391322E-02
   13238	-0.150000036E-02	 0.899999833E-03	 0.999999225E-04	 0.156606356E-02
   13180	-0.120000033E-02	 0.899999833E-03	 0.399999928E-03	 0.227331023E-02
   13181	-0.120000033E-02	 0.899999833E-03	 0.999999225E-04	 0.156623064E-02
   13120	-0.900000310E-03	 0.899999833E-03	 0.399999928E-03	 0.227370146E-02
   13121	-0.900000310E-03	 0.899999833E-03	 0.999999225E-04	 0.156650197E-02
   13057	-0.600000286E-03	 0.899999833E-03	 0.399999928E-03	 0.227278013E-02
   13058	-0.600000286E-03	 0.899999833E-03	 0.999999225E-04	 0.156664964E-02
   12995	-0.300000262E-03	 0.899999833E-03	 0.999999225E-04	 0.156675770E-02
   13456	-0.300000048E-02	 0.899999833E-03	 0.699999934E-03	 0.101845036E-01
   13428	-0.270000045E-02	 0.899999833E-03	 0.699999934E-03	 0.690530331E-02
   13389	-0.240000043E-02	 0.899999833E-03	 0.699999934E-03	 0.405474843E-02
   13341	-0.210000040E-02	 0.899999833E-03	 0.699999934E-03	 0.388868691E-02
   13290	-0.180000038E-02	 0.899999833E-03	 0.699999934E-03	 0.400954046E-02
   13236	-0.150000036E-02	 0.899999833E-03	 0.699999934E-03	 0.407213124E-02
   13179	-0.120000033E-02	 0.899999833E-03	 0.699999934E-03	 0.410052927E-02
   13119	-0.900000310E-03	 0.899999833E-03	 0.699999934E-03	 0.410915048E-02
   13056	-0.600000286E-03	 0.899999833E-03	 0.699999934E-03	 0.411261474E-02
     177	-0.300000048E-02	 0.899999833E-03	 0.999999940E-03	 0.129200126E-02
     179	-0.270000045E-02	 0.899999833E-03	 0.999999940E-03	 0.116992343E-02
     353	-0.240000043E-02	 0.899999833E-03	 0.999999940E-03	 0.799123926E-03
     551	-0.210000040E-02	 0.899999833E-03	 0.999999940E-03	 0.788782137E-03
     760	-0.180000038E-02	 0.899999833E-03	 0.999999940E-03	 0.815830645E-03
     969	-0.150000036E-02	 0.899999833E-03	 0.999999940E-03	 0.831669780E-03
    1211	-0.120000033E-02	 0.899999833E-03	 0.999999940E-03	 0.839836453E-03
    1453	-0.900000310E-03	 0.899999833E-03	 0.999999940E-03	 0.843243827E-03
    1684	-0.600000286E-03	 0.899999833E-03	 0.999999940E-03	 0.844962012E-03
     178	-0.300000048E-02	 0.899999833E-03	 0.129999995E-02	 0.303947262E-03
     180	-0.270000045E-02	 0.899999833E-03	 0.129999995E-02	 0.288479151E-03
     354	-0.240000043E-02	 0.899999833E-03	 0.129999995E-02	 0.268542333E-03
     552	-0.210000040E-02	 0.899999833E-03	 0.129999995E-02	 0.260398703E-03
     761	-0.180000038E-02	 0.899999833E-03	 0.129999995E-02	 0.271201627E-03
     970	-0.150000036E-02	 0.899999833E-03	 0.129999995E-02	 0.276028407E-03
    1212	-0.120000033E-02	 0.899999833E-03	 0.129999995E-02	 0.278572013E-03
    1454	-0.900000310E-03	 0.899999833E-03	 0.129999995E-02	 0.279733382E-03
    1685	-0.600000286E-03	 0.899999833E-03	 0.129999995E-02	 0.280261669E-03
     181	-0.300000048E-02	 0.899999833E-03	 0.159999995E-02	 0.257533342E-03
     182	-0.270000045E-02	 0.899999833E-03	 0.159999995E-02	 0.199924941E-03
     355	-0.240000043E-02	 0.899999833E-03	 0.159999995E-02	 0.215493771E-03
     553	-0.210000040E-02	 0.899999833E-03	 0.159999995E-02	 0.221446466E-03
     762	-0.180000038E-02	 0.899999833E-03	 0.159999995E-02	 0.223358315E-03
     971	-0.150000036E-02	 0.899999833E-03	 0.159999995E-02	 0.224691168E-03
    1213	-0.120000033E-02	 0.899999833E-03	 0.159999995E-02	 0.225563153E-03
    1455	-0.900000310E-03	 0.899999833E-03	 0.159999995E-02	 0.226210076E-03
    1686	-0.600000286E-03	 0.899999833E-03	 0.159999995E-02	 0.226564360E-03
     183	-0.300000048E-02	 0.899999833E-03	 0.189999996E-02	 0.108874061E-03
     184	-0.270000045E-02	 0.899999833E-03	 0.189999996E-02	 0.811707762E-04
     356	-0.240000043E-02	 0.899999833E-03	 0.189999996E-02	 0.848240963E-04
     554	-0.210000040E-02	 0.899999833E-03	 0.189999996E-02	 0.865462382E-04
     763	-0.180000038E-02	 0.899999833E-03	 0.189999996E-02	 0.851389597E-04
     972	-0.150000036E-02	 0.899999833E-03	 0.189999996E-02	 0.838912549E-04
    1214	-0.120000033E-02	 0.899999833E-03	 0.189999996E-02	 0.830435561E-04
    1456	-0.900000310E-03	 0.899999833E-03	 0.189999996E-02	 0.826468191E-04
    1687	-0.600000286E-03	 0.899999833E-03	 0.189999996E-02	 0.824986722E-04
     185	-0.300000048E-02	 0.899999833E-03	 0.219999996E-02	 0.598487719E-04
     186	-0.270000045E-02	 0.899999833E-03	 0.219999996E-02	 0.429109048E-04
     357	-0.240000043E-02	 0.899999833E-03	 0.219999996E-02	 0.440262781E-04
     555	-0.210000040E-02	 0.899999833E-03	 0.219999996E-02	 0.446916466E-04
     764	-0.180000038E-02	 0.899999833E-03	 0.219999996E-02	 0.435357034E-04
     973	-0.150000036E-02	 0.899999833E-03	 0.219999996E-02	 0.423804072E-04
    1215	-0.120000033E-02	 0.899999833E-03	 0.219999996E-02	 0.414910360E-04
    1457	-0.900000310E-03	 0.899999833E-03	 0.219999996E-02	 0.409390353E-04
    1688	-0.600000286E-03	 0.899999833E-03	 0.219999996E-02	 0.406360889E-04
     187	-0.300000048E-02	 0.899999833E-03	 0.249999997E-02	 0.381242922E-04
     188	-0.270000045E-02	 0.899999833E-03	 0.249999997E-02	 0.266592374E-04
     358	-0.240000043E-02	 0.899999833E-03	 0.249999997E-02	 0.269851535E-04
     556	-0.210000040E-02	 0.899999833E-03	 0.249999997E-02	 0.271018552E-04
     765	-0.180000038E-02	 0.899999833E-03	 0.249999997E-02	 0.260099613E-04
     974	-0.150000036E-02	 0.899999833E-03	 0.249999997E-02	 0.250580556E-04
    1216	-0.120000033E-02	 0.899999833E-03	 0.249999997E-02	 0.250883890E-04
    1458	-0.900000310E-03	 0.899999833E-03	 0.249999997E-02	 0.255407637E-04
    1689	-0.600000286E-03	 0.899999833E-03	 0.249999997E-02	 0.258017499E-04
     189	-0.300000048E-02	 0.899999833E-03	 0.279999998E-02	 0.281267882E-04
     190	-0.270000045E-02	 0.899999833E-03	 0.279999998E-02	 0.182820212E-04
     359	-0.240000043E-02	 0.899999833E-03	 0.279999998E-02	 0.195159852E-04
     557	-0.210000040E-02	 0.899999833E-03	 0.279999998E-02	 0.183663318E-04
     766	-0.180000038E-02	 0.899999833E-03	 0.279999998E-02	 0.172525149E-04
     975	-0.150000036E-02	 0.899999833E-03	 0.279999998E-02	 0.181846744E-04
    1217	-0.120000033E-02	 0.899999833E-03	 0.279999998E-02	 0.188227323E-04
    1459	-0.900000310E-03	 0.899999833E-03	 0.279999998E-02	 0.192180237E-04
    1690	-0.600000286E-03	 0.899999833E-03	 0.279999998E-02	 0.194515111E-04
     191	-0.300000048E-02	 0.899999833E-03	 0.309999998E-02	 0.213667454E-04
     192	-0.270000045E-02	 0.899999833E-03	 0.309999998E-02	 0.133828196E-04
     360	-0.240000043E-02	 0.899999833E-03	 0.309999998E-02	 0.157664197E-04
     558	-0.210000040E-02	 0.899999833E-03	 0.309999998E-02	 0.150722575E-04
     767	-0.180000038E-02	 0.899999833E-03	 0.309999998E-02	 0.133273535E-04
     976	-0.150000036E-02	 0.899999833E-03	 0.309999998E-02	 0.140972735E-04
    1218	-0.120000033E-02	 0.899999833E-03	 0.309999998E-02	 0.146444171E-04
    1460	-0.900000310E-03	 0.899999833E-03	 0.309999998E-02	 0.149977298E-04
    1691	-0.600000286E-03	 0.899999833E-03	 0.309999998E-02	 0.152134487E-04
     193	-0.300000048E-02	 0.899999833E-03	 0.339999999E-02	 0.164350290E-04
     194	-0.270000045E-02	 0.899999833E-03	 0.339999999E-02	 0.102633616E-04
     361	-0.240000043E-02	 0.899999833E-03	 0.339999999E-02	 0.122655628E-04
     559	-0.210000040E-02	 0.899999833E-03	 0.339999999E-02	 0.110156665E-04
     768	-0.180000038E-02	 0.899999833E-03	 0.339999999E-02	 0.105983563E-04
     977	-0.150000036E-02	 0.899999833E-03	 0.339999999E-02	 0.112386009E-04
    1219	-0.120000033E-02	 0.899999833E-03	 0.339999999E-02	 0.117073762E-04
    1461	-0.900000310E-03	 0.899999833E-03	 0.339999999E-02	 0.120205278E-04
    1692	-0.600000286E-03	 0.899999833E-03	 0.339999999E-02	 0.122177575E-04
     195	-0.300000048E-02	 0.899999833E-03	 0.369999999E-02	 0.124591722E-04
     196	-0.270000045E-02	 0.899999833E-03	 0.369999999E-02	 0.815289693E-05
     362	-0.240000043E-02	 0.899999833E-03	 0.369999999E-02	 0.815933092E-05
     560	-0.210000040E-02	 0.899999833E-03	 0.369999999E-02	 0.803861898E-05
     769	-0.180000038E-02	 0.899999833E-03	 0.369999999E-02	 0.862478471E-05
     978	-0.150000036E-02	 0.899999833E-03	 0.369999999E-02	 0.916135002E-05
    1220	-0.120000033E-02	 0.899999833E-03	 0.369999999E-02	 0.956265227E-05
    1462	-0.900000310E-03	 0.899999833E-03	 0.369999999E-02	 0.983729716E-05
    1693	-0.600000286E-03	 0.899999833E-03	 0.369999999E-02	 0.100141558E-04
     197	-0.300000048E-02	 0.899999833E-03	 0.400000000E-02	 0.997354056E-05
     198	-0.270000045E-02	 0.899999833E-03	 0.400000000E-02	 0.665251951E-05
     363	-0.240000043E-02	 0.899999833E-03	 0.400000000E-02	 0.666246129E-05
     561	-0.210000040E-02	 0.899999833E-03	 0.400000000E-02	 0.655948718E-05
     770	-0.180000038E-02	 0.899999833E-03	 0.400000000E-02	 0.715069265E-05
     979	-0.150000036E-02	 0.899999833E-03	 0.400000000E-02	 0.760402655E-05
    1221	-0.120000033E-02	 0.899999833E-03	 0.400000000E-02	 0.794790686E-05
    1463	-0.900000310E-03	 0.899999833E-03	 0.400000000E-02	 0.818706344E-05
    1694	-0.600000286E-03	 0.899999833E-03	 0.400000000E-02	 0.834336870E-05
   13424	-0.270000045E-02	 0.119999986E-02	 0.399999928E-03	 0.649746695E-02
   13387	-0.240000043E-02	 0.119999986E-02	 0.399999928E-03	 0.320092739E-02
   13426	-0.270000045E-02	 0.119999986E-02	 0.999999225E-04	 0.173754788E-02
   13388	-0.240000043E-02	 0.119999986E-02	 0.999999225E-04	 0.156133579E-02
   13339	-0.210000040E-02	 0.119999986E-02	 0.399999928E-03	 0.231594982E-02
   13340	-0.210000040E-02	 0.119999986E-02	 0.999999225E-04	 0.156562113E-02
   13288	-0.180000038E-02	 0.119999986E-02	 0.399999928E-03	 0.230329126E-02
   13289	-0.180000038E-02	 0.119999986E-02	 0.999999225E-04	 0.156477757E-02
   13234	-0.150000036E-02	 0.119999986E-02	 0.399999928E-03	 0.227245138E-02
   13235	-0.150000036E-02	 0.119999986E-02	 0.999999225E-04	 0.156495147E-02
   13177	-0.120000033E-02	 0.119999986E-02	 0.399999928E-03	 0.228016397E-02
   13178	-0.120000033E-02	 0.119999986E-02	 0.999999225E-04	 0.156573808E-02
   13117	-0.900000310E-03	 0.119999986E-02	 0.399999928E-03	 0.227331023E-02
   13118	-0.900000310E-03	 0.119999986E-02	 0.999999225E-04	 0.156623064E-02
   13054	-0.600000286E-03	 0.119999986E-02	 0.399999928E-03	 0.227236366E-02
   13055	-0.600000286E-03	 0.119999986E-02	 0.999999225E-04	 0.156658626E-02
   13422	-0.270000045E-02	 0.119999986E-02	 0.699999934E-03	 0.809012761E-02
   13386	-0.240000043E-02	 0.119999986E-02	 0.699999934E-03	 0.396602266E-02
   13338	-0.210000040E-02	 0.119999986E-02	 0.699999934E-03	 0.404676956E-02
   13287	-0.180000038E-02	 0.119999986E-02	 0.699999934E-03	 0.395260758E-02
   13233	-0.150000036E-02	 0.119999986E-02	 0.699999934E-03	 0.404356269E-02
   13176	-0.120000033E-02	 0.119999986E-02	 0.699999934E-03	 0.408517211E-02
   13116	-0.900000310E-03	 0.119999986E-02	 0.699999934E-03	 0.410052927E-02
   13053	-0.600000286E-03	 0.119999986E-02	 0.699999934E-03	 0.410556847E-02
     201	-0.270000045E-02	 0.119999986E-02	 0.999999940E-03	 0.106668717E-02
     364	-0.240000043E-02	 0.119999986E-02	 0.999999940E-03	 0.776005359E-03
     562	-0.210000040E-02	 0.119999986E-02	 0.999999940E-03	 0.807789407E-03
     771	-0.180000038E-02	 0.119999986E-02	 0.999999940E-03	 0.801397273E-03
     980	-0.150000036E-02	 0.119999986E-02	 0.999999940E-03	 0.822797676E-03
    1222	-0.120000033E-02	 0.119999986E-02	 0.999999940E-03	 0.834230791E-03
    1464	-0.900000310E-03	 0.119999986E-02	 0.999999940E-03	 0.839836453E-03
    1695	-0.600000286E-03	 0.119999986E-02	 0.999999940E-03	 0.842396197E-03
     200	-0.300000048E-02	 0.119999986E-02	 0.129999995E-02	 0.251011420E-03
     199	-0.300000048E-02	 0.119999986E-02	 0.999999940E-03	 0.215780663E-03
     202	-0.270000045E-02	 0.119999986E-02	 0.129999995E-02	 0.333190855E-03
     365	-0.240000043E-02	 0.119999986E-02	 0.129999995E-02	 0.270134474E-03
     563	-0.210000040E-02	 0.119999986E-02	 0.129999995E-02	 0.264115274E-03
     772	-0.180000038E-02	 0.119999986E-02	 0.129999995E-02	 0.266543295E-03
     981	-0.150000036E-02	 0.119999986E-02	 0.129999995E-02	 0.273075267E-03
    1223	-0.120000033E-02	 0.119999986E-02	 0.129999995E-02	 0.276934805E-03
    1465	-0.900000310E-03	 0.119999986E-02	 0.129999995E-02	 0.278572013E-03
    1696	-0.600000286E-03	 0.119999986E-02	 0.129999995E-02	 0.279431810E-03
     203	-0.300000048E-02	 0.119999986E-02	 0.159999995E-02	 0.291055867E-03
     204	-0.270000045E-02	 0.119999986E-02	 0.159999995E-02	 0.201256769E-03
     366	-0.240000043E-02	 0.119999986E-02	 0.159999995E-02	 0.224061514E-03
     564	-0.210000040E-02	 0.119999986E-02	 0.159999995E-02	 0.221067802E-03
     773	-0.180000038E-02	 0.119999986E-02	 0.159999995E-02	 0.222927926E-03
     982	-0.150000036E-02	 0.119999986E-02	 0.159999995E-02	 0.224279283E-03
    1224	-0.120000033E-02	 0.119999986E-02	 0.159999995E-02	 0.224942853E-03
    1466	-0.900000310E-03	 0.119999986E-02	 0.159999995E-02	 0.225563153E-03
    1697	-0.600000286E-03	 0.119999986E-02	 0.159999995E-02	 0.225923832E-03
     205	-0.300000048E-02	 0.119999986E-02	 0.189999996E-02	 0.134543937E-03
     206	-0.270000045E-02	 0.119999986E-02	 0.189999996E-02	 0.807213731E-04
     367	-0.240000043E-02	 0.119999986E-02	 0.189999996E-02	 0.882900470E-04
     565	-0.210000040E-02	 0.119999986E-02	 0.189999996E-02	 0.867824434E-04
     774	-0.180000038E-02	 0.119999986E-02	 0.189999996E-02	 0.859942371E-04
     983	-0.150000036E-02	 0.119999986E-02	 0.189999996E-02	 0.848074159E-04
    1225	-0.120000033E-02	 0.119999986E-02	 0.189999996E-02	 0.836872405E-04
    1467	-0.900000310E-03	 0.119999986E-02	 0.189999996E-02	 0.830435561E-04
    1698	-0.600000286E-03	 0.119999986E-02	 0.189999996E-02	 0.827183158E-04
     207	-0.300000048E-02	 0.119999986E-02	 0.219999996E-02	 0.761057534E-04
     208	-0.270000045E-02	 0.119999986E-02	 0.219999996E-02	 0.432058812E-04
     368	-0.240000043E-02	 0.119999986E-02	 0.219999996E-02	 0.457757190E-04
     566	-0.210000040E-02	 0.119999986E-02	 0.219999996E-02	 0.448396916E-04
     775	-0.180000038E-02	 0.119999986E-02	 0.219999996E-02	 0.441587462E-04
     984	-0.150000036E-02	 0.119999986E-02	 0.219999996E-02	 0.431664737E-04
    1226	-0.120000033E-02	 0.119999986E-02	 0.219999996E-02	 0.421491611E-04
    1468	-0.900000310E-03	 0.119999986E-02	 0.219999996E-02	 0.414910360E-04
    1699	-0.600000286E-03	 0.119999986E-02	 0.219999996E-02	 0.410814912E-04
     209	-0.300000048E-02	 0.119999986E-02	 0.249999997E-02	 0.486709964E-04
     210	-0.270000045E-02	 0.119999986E-02	 0.249999997E-02	 0.270852374E-04
     369	-0.240000043E-02	 0.119999986E-02	 0.249999997E-02	 0.281433148E-04
     567	-0.210000040E-02	 0.119999986E-02	 0.249999997E-02	 0.273032264E-04
     776	-0.180000038E-02	 0.119999986E-02	 0.249999997E-02	 0.265103053E-04
     985	-0.150000036E-02	 0.119999986E-02	 0.249999997E-02	 0.256720005E-04
    1227	-0.120000033E-02	 0.119999986E-02	 0.249999997E-02	 0.248665395E-04
    1469	-0.900000310E-03	 0.119999986E-02	 0.249999997E-02	 0.250883890E-04
    1700	-0.600000286E-03	 0.119999986E-02	 0.249999997E-02	 0.254008049E-04
     211	-0.300000048E-02	 0.119999986E-02	 0.279999998E-02	 0.342298551E-04
     212	-0.270000045E-02	 0.119999986E-02	 0.279999998E-02	 0.186320497E-04
     370	-0.240000043E-02	 0.119999986E-02	 0.279999998E-02	 0.197143166E-04
     568	-0.210000040E-02	 0.119999986E-02	 0.279999998E-02	 0.191900350E-04
     777	-0.180000038E-02	 0.119999986E-02	 0.279999998E-02	 0.177020685E-04
     986	-0.150000036E-02	 0.119999986E-02	 0.279999998E-02	 0.177008161E-04
    1228	-0.120000033E-02	 0.119999986E-02	 0.279999998E-02	 0.183799820E-04
    1470	-0.900000310E-03	 0.119999986E-02	 0.279999998E-02	 0.188227323E-04
    1701	-0.600000286E-03	 0.119999986E-02	 0.279999998E-02	 0.190925292E-04
     213	-0.300000048E-02	 0.119999986E-02	 0.309999998E-02	 0.254795052E-04
     214	-0.270000045E-02	 0.119999986E-02	 0.309999998E-02	 0.136588489E-04
     371	-0.240000043E-02	 0.119999986E-02	 0.309999998E-02	 0.158117997E-04
     569	-0.210000040E-02	 0.119999986E-02	 0.309999998E-02	 0.156515216E-04
     778	-0.180000038E-02	 0.119999986E-02	 0.309999998E-02	 0.138198976E-04
     987	-0.150000036E-02	 0.119999986E-02	 0.309999998E-02	 0.136953120E-04
    1229	-0.120000033E-02	 0.119999986E-02	 0.309999998E-02	 0.142617948E-04
    1471	-0.900000310E-03	 0.119999986E-02	 0.309999998E-02	 0.146444171E-04
    1702	-0.600000286E-03	 0.119999986E-02	 0.309999998E-02	 0.148847177E-04
     215	-0.300000048E-02	 0.119999986E-02	 0.339999999E-02	 0.197836852E-04
     216	-0.270000045E-02	 0.119999986E-02	 0.339999999E-02	 0.104798361E-04
     372	-0.240000043E-02	 0.119999986E-02	 0.339999999E-02	 0.127261847E-04
     570	-0.210000040E-02	 0.119999986E-02	 0.339999999E-02	 0.116994873E-04
     779	-0.180000038E-02	 0.119999986E-02	 0.339999999E-02	 0.103054139E-04
     988	-0.150000036E-02	 0.119999986E-02	 0.339999999E-02	 0.109008892E-04
    1230	-0.120000033E-02	 0.119999986E-02	 0.339999999E-02	 0.113768899E-04
    1472	-0.900000310E-03	 0.119999986E-02	 0.339999999E-02	 0.117073762E-04
    1703	-0.600000286E-03	 0.119999986E-02	 0.339999999E-02	 0.119205108E-04
     217	-0.300000048E-02	 0.119999986E-02	 0.369999999E-02	 0.158511348E-04
     218	-0.270000045E-02	 0.119999986E-02	 0.369999999E-02	 0.832608374E-05
     373	-0.240000043E-02	 0.119999986E-02	 0.369999999E-02	 0.856917811E-05
     571	-0.210000040E-02	 0.119999986E-02	 0.369999999E-02	 0.824095775E-05
     780	-0.180000038E-02	 0.119999986E-02	 0.369999999E-02	 0.838177232E-05
     989	-0.150000036E-02	 0.119999986E-02	 0.369999999E-02	 0.887600156E-05
    1231	-0.120000033E-02	 0.119999986E-02	 0.369999999E-02	 0.927789256E-05
    1473	-0.900000310E-03	 0.119999986E-02	 0.369999999E-02	 0.956265227E-05
    1704	-0.600000286E-03	 0.119999986E-02	 0.369999999E-02	 0.974980955E-05
     219	-0.300000048E-02	 0.119999986E-02	 0.400000000E-02	 0.130101845E-04
     220	-0.270000045E-02	 0.119999986E-02	 0.400000000E-02	 0.679348262E-05
     374	-0.240000043E-02	 0.119999986E-02	 0.400000000E-02	 0.700193433E-05
     572	-0.210000040E-02	 0.119999986E-02	 0.400000000E-02	 0.673468177E-05
     781	-0.180000038E-02	 0.119999986E-02	 0.400000000E-02	 0.694650903E-05
     990	-0.150000036E-02	 0.119999986E-02	 0.400000000E-02	 0.736148336E-05
    1232	-0.120000033E-02	 0.119999986E-02	 0.400000000E-02	 0.770282203E-05
    1474	-0.900000310E-03	 0.119999986E-02	 0.400000000E-02	 0.794790686E-05
    1705	-0.600000286E-03	 0.119999986E-02	 0.400000000E-02	 0.811103726E-05
   13425	-0.270000045E-02	 0.149999988E-02	 0.399999928E-03	 0.799525346E-02
   13384	-0.240000043E-02	 0.149999988E-02	 0.399999928E-03	 0.404173259E-02
   13427	-0.270000045E-02	 0.149999988E-02	 0.999999225E-04	 0.243817330E-02
   13385	-0.240000043E-02	 0.149999988E-02	 0.999999225E-04	 0.168751405E-02
   13336	-0.210000040E-02	 0.149999988E-02	 0.399999928E-03	 0.260070959E-02
   13337	-0.210000040E-02	 0.149999988E-02	 0.999999225E-04	 0.156977510E-02
   13285	-0.180000038E-02	 0.149999988E-02	 0.399999928E-03	 0.234448568E-02
   13286	-0.180000038E-02	 0.149999988E-02	 0.999999225E-04	 0.156104619E-02
   13231	-0.150000036E-02	 0.149999988E-02	 0.399999928E-03	 0.229687016E-02
   13232	-0.150000036E-02	 0.149999988E-02	 0.999999225E-04	 0.156319390E-02
   13174	-0.120000033E-02	 0.149999988E-02	 0.399999928E-03	 0.227245138E-02
   13175	-0.120000033E-02	 0.149999988E-02	 0.999999225E-04	 0.156495147E-02
   13114	-0.900000310E-03	 0.149999988E-02	 0.399999928E-03	 0.227391322E-02
   13115	-0.900000310E-03	 0.149999988E-02	 0.999999225E-04	 0.156606356E-02
   13051	-0.600000286E-03	 0.149999988E-02	 0.399999928E-03	 0.227469489E-02
   13052	-0.600000286E-03	 0.149999988E-02	 0.999999225E-04	 0.156640381E-02
   13423	-0.270000045E-02	 0.149999988E-02	 0.699999934E-03	 0.987787787E-02
   13383	-0.240000043E-02	 0.149999988E-02	 0.699999934E-03	 0.711269025E-02
   13335	-0.210000040E-02	 0.149999988E-02	 0.699999934E-03	 0.403827931E-02
   13284	-0.180000038E-02	 0.149999988E-02	 0.699999934E-03	 0.386112761E-02
   13230	-0.150000036E-02	 0.149999988E-02	 0.699999934E-03	 0.398841905E-02
   13173	-0.120000033E-02	 0.149999988E-02	 0.699999934E-03	 0.404356269E-02
   13113	-0.900000310E-03	 0.149999988E-02	 0.699999934E-03	 0.407213124E-02
   13050	-0.600000286E-03	 0.149999988E-02	 0.699999934E-03	 0.408726385E-02
     223	-0.270000045E-02	 0.149999988E-02	 0.999999940E-03	 0.123454983E-02
     375	-0.240000043E-02	 0.149999988E-02	 0.999999940E-03	 0.121497588E-02
     573	-0.210000040E-02	 0.149999988E-02	 0.999999940E-03	 0.798886892E-03
     782	-0.180000038E-02	 0.149999988E-02	 0.999999940E-03	 0.779748508E-03
     991	-0.150000036E-02	 0.149999988E-02	 0.999999940E-03	 0.807634685E-03
    1233	-0.120000033E-02	 0.149999988E-02	 0.999999940E-03	 0.822797676E-03
    1475	-0.900000310E-03	 0.149999988E-02	 0.999999940E-03	 0.831669780E-03
    1706	-0.600000286E-03	 0.149999988E-02	 0.999999940E-03	 0.836595292E-03
     222	-0.300000048E-02	 0.149999988E-02	 0.129999995E-02	 0.290286649E-03
     221	-0.300000048E-02	 0.149999988E-02	 0.999999940E-03	 0.205886199E-03
     224	-0.270000045E-02	 0.149999988E-02	 0.129999995E-02	 0.299267118E-03
     376	-0.240000043E-02	 0.149999988E-02	 0.129999995E-02	 0.339593374E-03
     574	-0.210000040E-02	 0.149999988E-02	 0.129999995E-02	 0.268063520E-03
     783	-0.180000038E-02	 0.149999988E-02	 0.129999995E-02	 0.258576794E-03
     992	-0.150000036E-02	 0.149999988E-02	 0.129999995E-02	 0.269167935E-03
    1234	-0.120000033E-02	 0.149999988E-02	 0.129999995E-02	 0.273075267E-03
    1476	-0.900000310E-03	 0.149999988E-02	 0.129999995E-02	 0.276028407E-03
    1707	-0.600000286E-03	 0.149999988E-02	 0.129999995E-02	 0.277620734E-03
     225	-0.300000048E-02	 0.149999988E-02	 0.159999995E-02	 0.333724594E-03
     226	-0.270000045E-02	 0.149999988E-02	 0.159999995E-02	 0.304892899E-03
     377	-0.240000043E-02	 0.149999988E-02	 0.159999995E-02	 0.243846236E-03
     575	-0.210000040E-02	 0.149999988E-02	 0.159999995E-02	 0.224501150E-03
     784	-0.180000038E-02	 0.149999988E-02	 0.159999995E-02	 0.222217231E-03
     993	-0.150000036E-02	 0.149999988E-02	 0.159999995E-02	 0.223428976E-03
    1235	-0.120000033E-02	 0.149999988E-02	 0.159999995E-02	 0.224279283E-03
    1477	-0.900000310E-03	 0.149999988E-02	 0.159999995E-02	 0.224691168E-03
    1708	-0.600000286E-03	 0.149999988E-02	 0.159999995E-02	 0.224917740E-03
     227	-0.300000048E-02	 0.149999988E-02	 0.189999996E-02	 0.155261953E-03
     228	-0.270000045E-02	 0.149999988E-02	 0.189999996E-02	 0.126649949E-03
     378	-0.240000043E-02	 0.149999988E-02	 0.189999996E-02	 0.942216850E-04
     576	-0.210000040E-02	 0.149999988E-02	 0.189999996E-02	 0.876814493E-04
     785	-0.180000038E-02	 0.149999988E-02	 0.189999996E-02	 0.868561689E-04
     994	-0.150000036E-02	 0.149999988E-02	 0.189999996E-02	 0.858482687E-04
    1236	-0.120000033E-02	 0.149999988E-02	 0.189999996E-02	 0.848074159E-04
    1478	-0.900000310E-03	 0.149999988E-02	 0.189999996E-02	 0.838912549E-04
    1709	-0.600000286E-03	 0.149999988E-02	 0.189999996E-02	 0.833349854E-04
     229	-0.300000048E-02	 0.149999988E-02	 0.219999996E-02	 0.874168761E-04
     230	-0.270000045E-02	 0.149999988E-02	 0.219999996E-02	 0.690982562E-04
     379	-0.240000043E-02	 0.149999988E-02	 0.219999996E-02	 0.487883723E-04
     577	-0.210000040E-02	 0.149999988E-02	 0.219999996E-02	 0.451606484E-04
     786	-0.180000038E-02	 0.149999988E-02	 0.219999996E-02	 0.448030554E-04
     995	-0.150000036E-02	 0.149999988E-02	 0.219999996E-02	 0.440193218E-04
    1237	-0.120000033E-02	 0.149999988E-02	 0.219999996E-02	 0.431664737E-04
    1479	-0.900000310E-03	 0.149999988E-02	 0.219999996E-02	 0.423804072E-04
    1710	-0.600000286E-03	 0.149999988E-02	 0.219999996E-02	 0.418736547E-04
     231	-0.300000048E-02	 0.149999988E-02	 0.249999997E-02	 0.559181168E-04
     232	-0.270000045E-02	 0.149999988E-02	 0.249999997E-02	 0.432867743E-04
     380	-0.240000043E-02	 0.149999988E-02	 0.249999997E-02	 0.300006469E-04
     578	-0.210000040E-02	 0.149999988E-02	 0.249999997E-02	 0.275312850E-04
     787	-0.180000038E-02	 0.149999988E-02	 0.249999997E-02	 0.271407151E-04
     996	-0.150000036E-02	 0.149999988E-02	 0.249999997E-02	 0.263779493E-04
    1238	-0.120000033E-02	 0.149999988E-02	 0.249999997E-02	 0.256720005E-04
    1480	-0.900000310E-03	 0.149999988E-02	 0.249999997E-02	 0.250580556E-04
    1711	-0.600000286E-03	 0.149999988E-02	 0.249999997E-02	 0.247139744E-04
     233	-0.300000048E-02	 0.149999988E-02	 0.279999998E-02	 0.392448364E-04
     234	-0.270000045E-02	 0.149999988E-02	 0.279999998E-02	 0.298474892E-04
     381	-0.240000043E-02	 0.149999988E-02	 0.279999998E-02	 0.203824047E-04
     579	-0.210000040E-02	 0.149999988E-02	 0.279999998E-02	 0.192638647E-04
     788	-0.180000038E-02	 0.149999988E-02	 0.279999998E-02	 0.183237748E-04
     997	-0.150000036E-02	 0.149999988E-02	 0.279999998E-02	 0.175632455E-04
    1239	-0.120000033E-02	 0.149999988E-02	 0.279999998E-02	 0.177008161E-04
    1481	-0.900000310E-03	 0.149999988E-02	 0.279999998E-02	 0.181846744E-04
    1712	-0.600000286E-03	 0.149999988E-02	 0.279999998E-02	 0.184994572E-04
     235	-0.300000048E-02	 0.149999988E-02	 0.309999998E-02	 0.292213470E-04
     236	-0.270000045E-02	 0.149999988E-02	 0.309999998E-02	 0.218900712E-04
     382	-0.240000043E-02	 0.149999988E-02	 0.309999998E-02	 0.148417829E-04
     580	-0.210000040E-02	 0.149999988E-02	 0.309999998E-02	 0.155428056E-04
     789	-0.180000038E-02	 0.149999988E-02	 0.309999998E-02	 0.148746180E-04
     998	-0.150000036E-02	 0.149999988E-02	 0.309999998E-02	 0.134270159E-04
    1240	-0.120000033E-02	 0.149999988E-02	 0.309999998E-02	 0.136953120E-04
    1482	-0.900000310E-03	 0.149999988E-02	 0.309999998E-02	 0.140972735E-04
    1713	-0.600000286E-03	 0.149999988E-02	 0.309999998E-02	 0.143658284E-04
     237	-0.300000048E-02	 0.149999988E-02	 0.339999999E-02	 0.226810407E-04
     238	-0.270000045E-02	 0.149999988E-02	 0.339999999E-02	 0.168061870E-04
     383	-0.240000043E-02	 0.149999988E-02	 0.339999999E-02	 0.116286719E-04
     581	-0.210000040E-02	 0.149999988E-02	 0.339999999E-02	 0.121913106E-04
     790	-0.180000038E-02	 0.149999988E-02	 0.339999999E-02	 0.109857862E-04
     999	-0.150000036E-02	 0.149999988E-02	 0.339999999E-02	 0.104568236E-04
    1241	-0.120000033E-02	 0.149999988E-02	 0.339999999E-02	 0.109008892E-04
    1483	-0.900000310E-03	 0.149999988E-02	 0.339999999E-02	 0.112386009E-04
    1714	-0.600000286E-03	 0.149999988E-02	 0.339999999E-02	 0.114691473E-04
     239	-0.300000048E-02	 0.149999988E-02	 0.369999999E-02	 0.181724597E-04
     240	-0.270000045E-02	 0.149999988E-02	 0.369999999E-02	 0.133564777E-04
     384	-0.240000043E-02	 0.149999988E-02	 0.369999999E-02	 0.943154541E-05
     582	-0.210000040E-02	 0.149999988E-02	 0.369999999E-02	 0.849259745E-05
     791	-0.180000038E-02	 0.149999988E-02	 0.369999999E-02	 0.815813929E-05
    1000	-0.150000036E-02	 0.149999988E-02	 0.369999999E-02	 0.850729573E-05
    1242	-0.120000033E-02	 0.149999988E-02	 0.369999999E-02	 0.887600156E-05
    1484	-0.900000310E-03	 0.149999988E-02	 0.369999999E-02	 0.916135002E-05
    1715	-0.600000286E-03	 0.149999988E-02	 0.369999999E-02	 0.935920349E-05
     241	-0.300000048E-02	 0.149999988E-02	 0.400000000E-02	 0.149137772E-04
     242	-0.270000045E-02	 0.149999988E-02	 0.400000000E-02	 0.108989209E-04
     385	-0.240000043E-02	 0.149999988E-02	 0.400000000E-02	 0.780348852E-05
     583	-0.210000040E-02	 0.149999988E-02	 0.400000000E-02	 0.703552592E-05
     792	-0.180000038E-02	 0.149999988E-02	 0.400000000E-02	 0.676069906E-05
    1001	-0.150000036E-02	 0.149999988E-02	 0.400000000E-02	 0.705163993E-05
    1243	-0.120000033E-02	 0.149999988E-02	 0.400000000E-02	 0.736148336E-05
    1485	-0.900000310E-03	 0.149999988E-02	 0.400000000E-02	 0.760402655E-05
    1716	-0.600000286E-03	 0.149999988E-02	 0.400000000E-02	 0.777389431E-05
   13379	-0.240000043E-02	 0.179999990E-02	 0.399999928E-03	 0.641607401E-02
   13333	-0.210000040E-02	 0.179999990E-02	 0.399999928E-03	 0.324066875E-02
   13381	-0.240000043E-02	 0.179999990E-02	 0.999999225E-04	 0.173755112E-02
   13334	-0.210000040E-02	 0.179999990E-02	 0.999999225E-04	 0.155952351E-02
   13282	-0.180000038E-02	 0.179999990E-02	 0.399999928E-03	 0.234951176E-02
   13283	-0.180000038E-02	 0.179999990E-02	 0.999999225E-04	 0.155893498E-02
   13228	-0.150000036E-02	 0.179999990E-02	 0.399999928E-03	 0.234448568E-02
   13229	-0.150000036E-02	 0.179999990E-02	 0.999999225E-04	 0.156104619E-02
   13171	-0.120000033E-02	 0.179999990E-02	 0.399999928E-03	 0.230329126E-02
   13172	-0.120000033E-02	 0.179999990E-02	 0.999999225E-04	 0.156477757E-02
   13111	-0.900000310E-03	 0.179999990E-02	 0.399999928E-03	 0.228357958E-02
   13112	-0.900000310E-03	 0.179999990E-02	 0.999999225E-04	 0.156547576E-02
   13048	-0.600000286E-03	 0.179999990E-02	 0.399999928E-03	 0.226967678E-02
   13049	-0.600000286E-03	 0.179999990E-02	 0.999999225E-04	 0.156548013E-02
   13377	-0.240000043E-02	 0.179999990E-02	 0.699999934E-03	 0.795519350E-02
   13332	-0.210000040E-02	 0.179999990E-02	 0.699999934E-03	 0.379717562E-02
   13281	-0.180000038E-02	 0.179999990E-02	 0.699999934E-03	 0.408136505E-02
   13227	-0.150000036E-02	 0.179999990E-02	 0.699999934E-03	 0.386112761E-02
   13170	-0.120000033E-02	 0.179999990E-02	 0.699999934E-03	 0.395260758E-02
   13110	-0.900000310E-03	 0.179999990E-02	 0.699999934E-03	 0.400954046E-02
   13047	-0.600000286E-03	 0.179999990E-02	 0.699999934E-03	 0.404236517E-02
     388	-0.240000043E-02	 0.179999990E-02	 0.999999940E-03	 0.102697322E-02
     584	-0.210000040E-02	 0.179999990E-02	 0.999999940E-03	 0.730080433E-03
     793	-0.180000038E-02	 0.179999990E-02	 0.999999940E-03	 0.801429916E-03
    1002	-0.150000036E-02	 0.179999990E-02	 0.999999940E-03	 0.779748508E-03
    1244	-0.120000033E-02	 0.179999990E-02	 0.999999940E-03	 0.801397273E-03
    1486	-0.900000310E-03	 0.179999990E-02	 0.999999940E-03	 0.815830644E-03
    1717	-0.600000286E-03	 0.179999990E-02	 0.999999940E-03	 0.824142672E-03
     387	-0.270000045E-02	 0.179999990E-02	 0.129999995E-02	 0.352583942E-03
     386	-0.270000045E-02	 0.179999990E-02	 0.999999940E-03	 0.565381955E-03
     389	-0.240000043E-02	 0.179999990E-02	 0.129999995E-02	 0.400946792E-03
     585	-0.210000040E-02	 0.179999990E-02	 0.129999995E-02	 0.280093395E-03
     794	-0.180000038E-02	 0.179999990E-02	 0.129999995E-02	 0.263038805E-03
    1003	-0.150000036E-02	 0.179999990E-02	 0.129999995E-02	 0.258576794E-03
    1245	-0.120000033E-02	 0.179999990E-02	 0.129999995E-02	 0.266543295E-03
    1487	-0.900000310E-03	 0.179999990E-02	 0.129999995E-02	 0.271201627E-03
    1718	-0.600000286E-03	 0.179999990E-02	 0.129999995E-02	 0.273257404E-03
     390	-0.270000045E-02	 0.179999990E-02	 0.159999995E-02	 0.450801571E-03
     391	-0.240000043E-02	 0.179999990E-02	 0.159999995E-02	 0.352903122E-03
     586	-0.210000040E-02	 0.179999990E-02	 0.159999995E-02	 0.238349683E-03
     795	-0.180000038E-02	 0.179999990E-02	 0.159999995E-02	 0.217818242E-03
    1004	-0.150000036E-02	 0.179999990E-02	 0.159999995E-02	 0.222217231E-03
    1246	-0.120000033E-02	 0.179999990E-02	 0.159999995E-02	 0.222927926E-03
    1488	-0.900000310E-03	 0.179999990E-02	 0.159999995E-02	 0.223358315E-03
    1719	-0.600000286E-03	 0.179999990E-02	 0.159999995E-02	 0.223142288E-03
     392	-0.270000045E-02	 0.179999990E-02	 0.189999996E-02	 0.197200908E-03
     393	-0.240000043E-02	 0.179999990E-02	 0.189999996E-02	 0.139567780E-03
     587	-0.210000040E-02	 0.179999990E-02	 0.189999996E-02	 0.921744552E-04
     796	-0.180000038E-02	 0.179999990E-02	 0.189999996E-02	 0.855103081E-04
    1005	-0.150000036E-02	 0.179999990E-02	 0.189999996E-02	 0.868561689E-04
    1247	-0.120000033E-02	 0.179999990E-02	 0.189999996E-02	 0.859942371E-04
    1489	-0.900000310E-03	 0.179999990E-02	 0.189999996E-02	 0.851389597E-04
    1720	-0.600000286E-03	 0.179999990E-02	 0.189999996E-02	 0.842476919E-04
     394	-0.270000045E-02	 0.179999990E-02	 0.219999996E-02	 0.110417750E-03
     395	-0.240000043E-02	 0.179999990E-02	 0.219999996E-02	 0.736336689E-04
     588	-0.210000040E-02	 0.179999990E-02	 0.219999996E-02	 0.472982451E-04
     797	-0.180000038E-02	 0.179999990E-02	 0.219999996E-02	 0.441460685E-04
    1006	-0.150000036E-02	 0.179999990E-02	 0.219999996E-02	 0.448030554E-04
    1248	-0.120000033E-02	 0.179999990E-02	 0.219999996E-02	 0.441587462E-04
    1490	-0.900000310E-03	 0.179999990E-02	 0.219999996E-02	 0.435357034E-04
    1721	-0.600000286E-03	 0.179999990E-02	 0.219999996E-02	 0.429125557E-04
     396	-0.270000045E-02	 0.179999990E-02	 0.249999997E-02	 0.698471145E-04
     397	-0.240000043E-02	 0.179999990E-02	 0.249999997E-02	 0.453154386E-04
     589	-0.210000040E-02	 0.179999990E-02	 0.249999997E-02	 0.288325164E-04
     798	-0.180000038E-02	 0.179999990E-02	 0.249999997E-02	 0.269432827E-04
    1007	-0.150000036E-02	 0.179999990E-02	 0.249999997E-02	 0.271407151E-04
    1249	-0.120000033E-02	 0.179999990E-02	 0.249999997E-02	 0.265103053E-04
    1491	-0.900000310E-03	 0.179999990E-02	 0.249999997E-02	 0.260099613E-04
    1722	-0.600000286E-03	 0.179999990E-02	 0.249999997E-02	 0.255673210E-04
     398	-0.270000045E-02	 0.179999990E-02	 0.279999998E-02	 0.487605511E-04
     399	-0.240000043E-02	 0.179999990E-02	 0.279999998E-02	 0.308012875E-04
     590	-0.210000040E-02	 0.179999990E-02	 0.279999998E-02	 0.195202703E-04
     799	-0.180000038E-02	 0.179999990E-02	 0.279999998E-02	 0.195306665E-04
    1008	-0.150000036E-02	 0.179999990E-02	 0.279999998E-02	 0.183237748E-04
    1250	-0.120000033E-02	 0.179999990E-02	 0.279999998E-02	 0.177020685E-04
    1492	-0.900000310E-03	 0.179999990E-02	 0.279999998E-02	 0.172525149E-04
    1723	-0.600000286E-03	 0.179999990E-02	 0.279999998E-02	 0.175707013E-04
     400	-0.270000045E-02	 0.179999990E-02	 0.309999998E-02	 0.360355404E-04
     401	-0.240000043E-02	 0.179999990E-02	 0.309999998E-02	 0.223723563E-04
     591	-0.210000040E-02	 0.179999990E-02	 0.309999998E-02	 0.143949302E-04
     800	-0.180000038E-02	 0.179999990E-02	 0.309999998E-02	 0.158093287E-04
    1009	-0.150000036E-02	 0.179999990E-02	 0.309999998E-02	 0.148746180E-04
    1251	-0.120000033E-02	 0.179999990E-02	 0.309999998E-02	 0.138198976E-04
    1493	-0.900000310E-03	 0.179999990E-02	 0.309999998E-02	 0.133273535E-04
    1724	-0.600000286E-03	 0.179999990E-02	 0.309999998E-02	 0.135899429E-04
     402	-0.270000045E-02	 0.179999990E-02	 0.339999999E-02	 0.278425644E-04
     403	-0.240000043E-02	 0.179999990E-02	 0.339999999E-02	 0.170590867E-04
     592	-0.210000040E-02	 0.179999990E-02	 0.339999999E-02	 0.116726391E-04
     801	-0.180000038E-02	 0.179999990E-02	 0.339999999E-02	 0.122340712E-04
    1010	-0.150000036E-02	 0.179999990E-02	 0.339999999E-02	 0.109857862E-04
    1252	-0.120000033E-02	 0.179999990E-02	 0.339999999E-02	 0.103054139E-04
    1494	-0.900000310E-03	 0.179999990E-02	 0.339999999E-02	 0.105983563E-04
    1725	-0.600000286E-03	 0.179999990E-02	 0.339999999E-02	 0.108174695E-04
     404	-0.270000045E-02	 0.179999990E-02	 0.369999999E-02	 0.222232520E-04
     405	-0.240000043E-02	 0.179999990E-02	 0.369999999E-02	 0.136283044E-04
     593	-0.210000040E-02	 0.179999990E-02	 0.369999999E-02	 0.927753920E-05
     802	-0.180000038E-02	 0.179999990E-02	 0.369999999E-02	 0.826492171E-05
    1011	-0.150000036E-02	 0.179999990E-02	 0.369999999E-02	 0.815813929E-05
    1253	-0.120000033E-02	 0.179999990E-02	 0.369999999E-02	 0.838177232E-05
    1495	-0.900000310E-03	 0.179999990E-02	 0.369999999E-02	 0.862478471E-05
    1726	-0.600000286E-03	 0.179999990E-02	 0.369999999E-02	 0.880908544E-05
     406	-0.270000045E-02	 0.179999990E-02	 0.400000000E-02	 0.181910526E-04
     407	-0.240000043E-02	 0.179999990E-02	 0.400000000E-02	 0.112590122E-04
     594	-0.210000040E-02	 0.179999990E-02	 0.400000000E-02	 0.768293423E-05
     803	-0.180000038E-02	 0.179999990E-02	 0.400000000E-02	 0.676963954E-05
    1012	-0.150000036E-02	 0.179999990E-02	 0.400000000E-02	 0.676069906E-05
    1254	-0.120000033E-02	 0.179999990E-02	 0.400000000E-02	 0.694650903E-05
    1496	-0.900000310E-03	 0.179999990E-02	 0.400000000E-02	 0.715069265E-05
    1727	-0.600000286E-03	 0.179999990E-02	 0.400000000E-02	 0.730679533E-05
   13380	-0.240000043E-02	 0.209999993E-02	 0.399999928E-03	 0.804608658E-02
   13328	-0.210000040E-02	 0.209999993E-02	 0.399999928E-03	 0.466346345E-02
   13382	-0.240000043E-02	 0.209999993E-02	 0.999999225E-04	 0.243817694E-02
   13330	-0.210000040E-02	 0.209999993E-02	 0.999999225E-04	 0.165826452E-02
   13277	-0.180000038E-02	 0.209999993E-02	 0.399999928E-03	 0.324066875E-02
   13279	-0.180000038E-02	 0.209999993E-02	 0.999999225E-04	 0.155952351E-02
   13225	-0.150000036E-02	 0.209999993E-02	 0.399999928E-03	 0.260070959E-02
   13226	-0.150000036E-02	 0.209999993E-02	 0.999999225E-04	 0.156977510E-02
   13168	-0.120000033E-02	 0.209999993E-02	 0.399999928E-03	 0.231594982E-02
   13169	-0.120000033E-02	 0.209999993E-02	 0.999999225E-04	 0.156562113E-02
   13108	-0.900000310E-03	 0.209999993E-02	 0.399999928E-03	 0.231739129E-02
   13109	-0.900000310E-03	 0.209999993E-02	 0.999999225E-04	 0.156229773E-02
   13378	-0.240000043E-02	 0.209999993E-02	 0.699999934E-03	 0.879416385E-02
   13326	-0.210000040E-02	 0.209999993E-02	 0.699999934E-03	 0.620799810E-02
   13275	-0.180000038E-02	 0.209999993E-02	 0.699999934E-03	 0.379717561E-02
   13224	-0.150000036E-02	 0.209999993E-02	 0.699999934E-03	 0.403827931E-02
   13167	-0.120000033E-02	 0.209999993E-02	 0.699999934E-03	 0.404676955E-02
   13107	-0.900000310E-03	 0.209999993E-02	 0.699999934E-03	 0.388868691E-02
     595	-0.240000043E-02	 0.209999993E-02	 0.999999940E-03	 0.102373504E-02
     597	-0.210000040E-02	 0.209999993E-02	 0.999999940E-03	 0.101045479E-02
     804	-0.180000038E-02	 0.209999993E-02	 0.999999940E-03	 0.730080433E-03
    1013	-0.150000036E-02	 0.209999993E-02	 0.999999940E-03	 0.798886892E-03
    1255	-0.120000033E-02	 0.209999993E-02	 0.999999940E-03	 0.807789407E-03
    1497	-0.900000310E-03	 0.209999993E-02	 0.999999940E-03	 0.788782137E-03
     596	-0.240000043E-02	 0.209999993E-02	 0.129999995E-02	 0.323719173E-03
     598	-0.210000040E-02	 0.209999993E-02	 0.129999995E-02	 0.291360350E-03
     805	-0.180000038E-02	 0.209999993E-02	 0.129999995E-02	 0.280093395E-03
    1014	-0.150000036E-02	 0.209999993E-02	 0.129999995E-02	 0.268063520E-03
    1256	-0.120000033E-02	 0.209999993E-02	 0.129999995E-02	 0.264115274E-03
    1498	-0.900000310E-03	 0.209999993E-02	 0.129999995E-02	 0.260398703E-03
     599	-0.240000043E-02	 0.209999993E-02	 0.159999995E-02	 0.265692498E-03
     600	-0.210000040E-02	 0.209999993E-02	 0.159999995E-02	 0.188614956E-03
     806	-0.180000038E-02	 0.209999993E-02	 0.159999995E-02	 0.238349683E-03
    1015	-0.150000036E-02	 0.209999993E-02	 0.159999995E-02	 0.224501150E-03
    1257	-0.120000033E-02	 0.209999993E-02	 0.159999995E-02	 0.221067802E-03
    1499	-0.900000310E-03	 0.209999993E-02	 0.159999995E-02	 0.221446466E-03
     601	-0.240000043E-02	 0.209999993E-02	 0.189999996E-02	 0.112441373E-03
     602	-0.210000040E-02	 0.209999993E-02	 0.189999996E-02	 0.736464505E-04
     807	-0.180000038E-02	 0.209999993E-02	 0.189999996E-02	 0.921744552E-04
    1016	-0.150000036E-02	 0.209999993E-02	 0.189999996E-02	 0.876814493E-04
    1258	-0.120000033E-02	 0.209999993E-02	 0.189999996E-02	 0.867824434E-04
    1500	-0.900000310E-03	 0.209999993E-02	 0.189999996E-02	 0.865462382E-04
     603	-0.240000043E-02	 0.209999993E-02	 0.219999996E-02	 0.627673135E-04
     604	-0.210000040E-02	 0.209999993E-02	 0.219999996E-02	 0.387426070E-04
     808	-0.180000038E-02	 0.209999993E-02	 0.219999996E-02	 0.472982451E-04
    1017	-0.150000036E-02	 0.209999993E-02	 0.219999996E-02	 0.451606484E-04
    1259	-0.120000033E-02	 0.209999993E-02	 0.219999996E-02	 0.448396916E-04
    1501	-0.900000310E-03	 0.209999993E-02	 0.219999996E-02	 0.446916466E-04
     605	-0.240000043E-02	 0.209999993E-02	 0.249999997E-02	 0.400065200E-04
     606	-0.210000040E-02	 0.209999993E-02	 0.249999997E-02	 0.241789140E-04
     809	-0.180000038E-02	 0.209999993E-02	 0.249999997E-02	 0.288325164E-04
    1018	-0.150000036E-02	 0.209999993E-02	 0.249999997E-02	 0.275312850E-04
    1260	-0.120000033E-02	 0.209999993E-02	 0.249999997E-02	 0.273032264E-04
    1502	-0.900000310E-03	 0.209999993E-02	 0.249999997E-02	 0.271018552E-04
     607	-0.240000043E-02	 0.209999993E-02	 0.279999998E-02	 0.279906249E-04
     608	-0.210000040E-02	 0.209999993E-02	 0.279999998E-02	 0.166685376E-04
     810	-0.180000038E-02	 0.209999993E-02	 0.279999998E-02	 0.195202703E-04
    1019	-0.150000036E-02	 0.209999993E-02	 0.279999998E-02	 0.192638647E-04
    1261	-0.120000033E-02	 0.209999993E-02	 0.279999998E-02	 0.191900350E-04
    1503	-0.900000310E-03	 0.209999993E-02	 0.279999998E-02	 0.183663318E-04
     609	-0.240000043E-02	 0.209999993E-02	 0.309999998E-02	 0.207668075E-04
     610	-0.210000040E-02	 0.209999993E-02	 0.309999998E-02	 0.122829420E-04
     811	-0.180000038E-02	 0.209999993E-02	 0.309999998E-02	 0.143949302E-04
    1020	-0.150000036E-02	 0.209999993E-02	 0.309999998E-02	 0.155428056E-04
    1262	-0.120000033E-02	 0.209999993E-02	 0.309999998E-02	 0.156515216E-04
    1504	-0.900000310E-03	 0.209999993E-02	 0.309999998E-02	 0.150722575E-04
     611	-0.240000043E-02	 0.209999993E-02	 0.339999999E-02	 0.160826406E-04
     612	-0.210000040E-02	 0.209999993E-02	 0.339999999E-02	 0.957865363E-05
     812	-0.180000038E-02	 0.209999993E-02	 0.339999999E-02	 0.116726391E-04
    1021	-0.150000036E-02	 0.209999993E-02	 0.339999999E-02	 0.121913106E-04
    1263	-0.120000033E-02	 0.209999993E-02	 0.339999999E-02	 0.116994873E-04
    1505	-0.900000310E-03	 0.209999993E-02	 0.339999999E-02	 0.110156665E-04
     613	-0.240000043E-02	 0.209999993E-02	 0.369999999E-02	 0.128624847E-04
     614	-0.210000040E-02	 0.209999993E-02	 0.369999999E-02	 0.756707384E-05
     813	-0.180000038E-02	 0.209999993E-02	 0.369999999E-02	 0.927753920E-05
    1022	-0.150000036E-02	 0.209999993E-02	 0.369999999E-02	 0.849259746E-05
    1264	-0.120000033E-02	 0.209999993E-02	 0.369999999E-02	 0.824095775E-05
    1506	-0.900000310E-03	 0.209999993E-02	 0.369999999E-02	 0.803861898E-05
     615	-0.240000043E-02	 0.209999993E-02	 0.400000000E-02	 0.105426402E-04
     616	-0.210000040E-02	 0.209999993E-02	 0.400000000E-02	 0.619700908E-05
     814	-0.180000038E-02	 0.209999993E-02	 0.400000000E-02	 0.768293423E-05
    1023	-0.150000036E-02	 0.209999993E-02	 0.400000000E-02	 0.703552592E-05
    1265	-0.120000033E-02	 0.209999993E-02	 0.400000000E-02	 0.673468177E-05
    1507	-0.900000310E-03	 0.209999993E-02	 0.400000000E-02	 0.655948718E-05
   13329	-0.210000040E-02	 0.239999995E-02	 0.399999928E-03	 0.804608658E-02
   13278	-0.180000038E-02	 0.239999995E-02	 0.399999928E-03	 0.641607401E-02
   13331	-0.210000040E-02	 0.239999995E-02	 0.999999225E-04	 0.243817695E-02
   13280	-0.180000038E-02	 0.239999995E-02	 0.999999225E-04	 0.173755112E-02
   13220	-0.150000036E-02	 0.239999995E-02	 0.399999928E-03	 0.404173259E-02
   13222	-0.150000036E-02	 0.239999995E-02	 0.999999225E-04	 0.168751405E-02
   13163	-0.120000033E-02	 0.239999995E-02	 0.399999928E-03	 0.320092739E-02
   13165	-0.120000033E-02	 0.239999995E-02	 0.999999225E-04	 0.156133579E-02
   13105	-0.900000310E-03	 0.239999995E-02	 0.399999928E-03	 0.258148487E-02
   13106	-0.900000310E-03	 0.239999995E-02	 0.999999225E-04	 0.156785206E-02
   13327	-0.210000040E-02	 0.239999995E-02	 0.699999934E-03	 0.879416385E-02
   13276	-0.180000038E-02	 0.239999995E-02	 0.699999934E-03	 0.795519350E-02
   13218	-0.150000036E-02	 0.239999995E-02	 0.699999934E-03	 0.711269026E-02
   13161	-0.120000033E-02	 0.239999995E-02	 0.699999934E-03	 0.396602266E-02
   13104	-0.900000310E-03	 0.239999995E-02	 0.699999934E-03	 0.405474842E-02
     619	-0.210000040E-02	 0.239999995E-02	 0.999999940E-03	 0.102373504E-02
     815	-0.180000038E-02	 0.239999995E-02	 0.999999940E-03	 0.102697323E-02
    1024	-0.150000036E-02	 0.239999995E-02	 0.999999940E-03	 0.121497589E-02
    1266	-0.120000033E-02	 0.239999995E-02	 0.999999940E-03	 0.776005359E-03
    1508	-0.900000310E-03	 0.239999995E-02	 0.999999940E-03	 0.799123926E-03
     618	-0.240000043E-02	 0.239999995E-02	 0.129999995E-02	 0.289985917E-03
     617	-0.240000043E-02	 0.239999995E-02	 0.999999940E-03	 0.578850154E-03
     620	-0.210000040E-02	 0.239999995E-02	 0.129999995E-02	 0.323719173E-03
     816	-0.180000038E-02	 0.239999995E-02	 0.129999995E-02	 0.400946792E-03
    1025	-0.150000036E-02	 0.239999995E-02	 0.129999995E-02	 0.339593375E-03
    1267	-0.120000033E-02	 0.239999995E-02	 0.129999995E-02	 0.270134474E-03
    1509	-0.900000310E-03	 0.239999995E-02	 0.129999995E-02	 0.268542333E-03
     621	-0.240000043E-02	 0.239999995E-02	 0.159999995E-02	 0.302727047E-03
     622	-0.210000040E-02	 0.239999995E-02	 0.159999995E-02	 0.265692498E-03
     817	-0.180000038E-02	 0.239999995E-02	 0.159999995E-02	 0.352903122E-03
    1026	-0.150000036E-02	 0.239999995E-02	 0.159999995E-02	 0.243846236E-03
    1268	-0.120000033E-02	 0.239999995E-02	 0.159999995E-02	 0.224061514E-03
    1510	-0.900000310E-03	 0.239999995E-02	 0.159999995E-02	 0.215493771E-03
     623	-0.240000043E-02	 0.239999995E-02	 0.189999996E-02	 0.144102841E-03
     624	-0.210000040E-02	 0.239999995E-02	 0.189999996E-02	 0.112441373E-03
     818	-0.180000038E-02	 0.239999995E-02	 0.189999996E-02	 0.139567780E-03
    1027	-0.150000036E-02	 0.239999995E-02	 0.189999996E-02	 0.942216850E-04
    1269	-0.120000033E-02	 0.239999995E-02	 0.189999996E-02	 0.882900470E-04
    1511	-0.900000310E-03	 0.239999995E-02	 0.189999996E-02	 0.848240963E-04
     625	-0.240000043E-02	 0.239999995E-02	 0.219999996E-02	 0.842832218E-04
     626	-0.210000040E-02	 0.239999995E-02	 0.219999996E-02	 0.627673136E-04
     819	-0.180000038E-02	 0.239999995E-02	 0.219999996E-02	 0.736336689E-04
    1028	-0.150000036E-02	 0.239999995E-02	 0.219999996E-02	 0.487883723E-04
    1270	-0.120000033E-02	 0.239999995E-02	 0.219999996E-02	 0.457757190E-04
    1512	-0.900000310E-03	 0.239999995E-02	 0.219999996E-02	 0.440262781E-04
     627	-0.240000043E-02	 0.239999995E-02	 0.249999997E-02	 0.547439021E-04
     628	-0.210000040E-02	 0.239999995E-02	 0.249999997E-02	 0.400065200E-04
     820	-0.180000038E-02	 0.239999995E-02	 0.249999997E-02	 0.453154386E-04
    1029	-0.150000036E-02	 0.239999995E-02	 0.249999997E-02	 0.300006469E-04
    1271	-0.120000033E-02	 0.239999995E-02	 0.249999997E-02	 0.281433148E-04
    1513	-0.900000310E-03	 0.239999995E-02	 0.249999997E-02	 0.269851535E-04
     629	-0.240000043E-02	 0.239999995E-02	 0.279999998E-02	 0.391136997E-04
     630	-0.210000040E-02	 0.239999995E-02	 0.279999998E-02	 0.279906249E-04
     821	-0.180000038E-02	 0.239999995E-02	 0.279999998E-02	 0.308012875E-04
    1030	-0.150000036E-02	 0.239999995E-02	 0.279999998E-02	 0.203824047E-04
    1272	-0.120000033E-02	 0.239999995E-02	 0.279999998E-02	 0.197143166E-04
    1514	-0.900000310E-03	 0.239999995E-02	 0.279999998E-02	 0.195159852E-04
     631	-0.240000043E-02	 0.239999995E-02	 0.309999998E-02	 0.293697409E-04
     632	-0.210000040E-02	 0.239999995E-02	 0.309999998E-02	 0.207668075E-04
     822	-0.180000038E-02	 0.239999995E-02	 0.309999998E-02	 0.223723562E-04
    1031	-0.150000036E-02	 0.239999995E-02	 0.309999998E-02	 0.148417830E-04
    1273	-0.120000033E-02	 0.239999995E-02	 0.309999998E-02	 0.158117997E-04
    1515	-0.900000310E-03	 0.239999995E-02	 0.309999998E-02	 0.157664197E-04
     633	-0.240000043E-02	 0.239999995E-02	 0.339999999E-02	 0.229577670E-04
     634	-0.210000040E-02	 0.239999995E-02	 0.339999999E-02	 0.160826406E-04
     823	-0.180000038E-02	 0.239999995E-02	 0.339999999E-02	 0.170590867E-04
    1032	-0.150000036E-02	 0.239999995E-02	 0.339999999E-02	 0.116286719E-04
    1274	-0.120000033E-02	 0.239999995E-02	 0.339999999E-02	 0.127261847E-04
    1516	-0.900000310E-03	 0.239999995E-02	 0.339999999E-02	 0.122655628E-04
     635	-0.240000043E-02	 0.239999995E-02	 0.369999999E-02	 0.184708832E-04
     636	-0.210000040E-02	 0.239999995E-02	 0.369999999E-02	 0.128624848E-04
     824	-0.180000038E-02	 0.239999995E-02	 0.369999999E-02	 0.136283044E-04
    1033	-0.150000036E-02	 0.239999995E-02	 0.369999999E-02	 0.943154542E-05
    1275	-0.120000033E-02	 0.239999995E-02	 0.369999999E-02	 0.856917811E-05
    1517	-0.900000310E-03	 0.239999995E-02	 0.369999999E-02	 0.815933092E-05
     637	-0.240000043E-02	 0.239999995E-02	 0.400000000E-02	 0.152030650E-04
     638	-0.210000040E-02	 0.239999995E-02	 0.400000000E-02	 0.105426402E-04
     825	-0.180000038E-02	 0.239999995E-02	 0.400000000E-02	 0.112590122E-04
    1034	-0.150000036E-02	 0.239999995E-02	 0.400000000E-02	 0.780348853E-05
    1276	-0.120000033E-02	 0.239999995E-02	 0.400000000E-02	 0.700193433E-05
    1518	-0.900000310E-03	 0.239999995E-02	 0.400000000E-02	 0.666246129E-05
   13221	-0.150000036E-02	 0.269999998E-02	 0.399999928E-03	 0.799525346E-02
   13164	-0.120000033E-02	 0.269999998E-02	 0.399999928E-03	 0.649746695E-02
   13223	-0.150000036E-02	 0.269999998E-02	 0.999999225E-04	 0.243817330E-02
   13166	-0.120000033E-02	 0.269999998E-02	 0.999999225E-04	 0.173754788E-02
   13100	-0.900000310E-03	 0.269999998E-02	 0.399999928E-03	 0.395105008E-02
   13102	-0.900000310E-03	 0.269999998E-02	 0.999999225E-04	 0.167303631E-02
   13219	-0.150000036E-02	 0.269999998E-02	 0.699999934E-03	 0.987787787E-02
   13162	-0.120000033E-02	 0.269999998E-02	 0.699999934E-03	 0.809012760E-02
   13098	-0.900000310E-03	 0.269999998E-02	 0.699999934E-03	 0.690530331E-02
    1037	-0.150000036E-02	 0.269999998E-02	 0.999999940E-03	 0.123454983E-02
    1277	-0.120000033E-02	 0.269999998E-02	 0.999999940E-03	 0.106668717E-02
    1519	-0.900000310E-03	 0.269999998E-02	 0.999999940E-03	 0.116992343E-02
    1036	-0.180000038E-02	 0.269999998E-02	 0.129999995E-02	 0.352583942E-03
    1035	-0.180000038E-02	 0.269999998E-02	 0.999999940E-03	 0.565381955E-03
    1038	-0.150000036E-02	 0.269999998E-02	 0.129999995E-02	 0.299267118E-03
    1278	-0.120000033E-02	 0.269999998E-02	 0.129999995E-02	 0.333190855E-03
    1520	-0.900000310E-03	 0.269999998E-02	 0.129999995E-02	 0.288479150E-03
    1039	-0.180000038E-02	 0.269999998E-02	 0.159999995E-02	 0.450801571E-03
    1040	-0.150000036E-02	 0.269999998E-02	 0.159999995E-02	 0.304892899E-03
    1279	-0.120000033E-02	 0.269999998E-02	 0.159999995E-02	 0.201256769E-03
    1521	-0.900000310E-03	 0.269999998E-02	 0.159999995E-02	 0.199924941E-03
    1041	-0.180000038E-02	 0.269999998E-02	 0.189999996E-02	 0.197200908E-03
    1042	-0.150000036E-02	 0.269999998E-02	 0.189999996E-02	 0.126649949E-03
    1280	-0.120000033E-02	 0.269999998E-02	 0.189999996E-02	 0.807213731E-04
    1522	-0.900000310E-03	 0.269999998E-02	 0.189999996E-02	 0.811707762E-04
    1043	-0.180000038E-02	 0.269999998E-02	 0.219999996E-02	 0.110417750E-03
    1044	-0.150000036E-02	 0.269999998E-02	 0.219999996E-02	 0.690982562E-04
    1281	-0.120000033E-02	 0.269999998E-02	 0.219999996E-02	 0.432058812E-04
    1523	-0.900000310E-03	 0.269999998E-02	 0.219999996E-02	 0.429109048E-04
    1045	-0.180000038E-02	 0.269999998E-02	 0.249999997E-02	 0.698471146E-04
    1046	-0.150000036E-02	 0.269999998E-02	 0.249999997E-02	 0.432867743E-04
    1282	-0.120000033E-02	 0.269999998E-02	 0.249999997E-02	 0.270852374E-04
    1524	-0.900000310E-03	 0.269999998E-02	 0.249999997E-02	 0.266592374E-04
    1047	-0.180000038E-02	 0.269999998E-02	 0.279999998E-02	 0.487605512E-04
    1048	-0.150000036E-02	 0.269999998E-02	 0.279999998E-02	 0.298474892E-04
    1283	-0.120000033E-02	 0.269999998E-02	 0.279999998E-02	 0.186320497E-04
    1525	-0.900000310E-03	 0.269999998E-02	 0.279999998E-02	 0.182820212E-04
    1049	-0.180000038E-02	 0.269999998E-02	 0.309999998E-02	 0.360355404E-04
    1050	-0.150000036E-02	 0.269999998E-02	 0.309999998E-02	 0.218900712E-04
    1284	-0.120000033E-02	 0.269999998E-02	 0.309999998E-02	 0.136588489E-04
    1526	-0.900000310E-03	 0.269999998E-02	 0.309999998E-02	 0.133828196E-04
    1051	-0.180000038E-02	 0.269999998E-02	 0.339999999E-02	 0.278425644E-04
    1052	-0.150000036E-02	 0.269999998E-02	 0.339999999E-02	 0.168061870E-04
    1285	-0.120000033E-02	 0.269999998E-02	 0.339999999E-02	 0.104798361E-04
    1527	-0.900000310E-03	 0.269999998E-02	 0.339999999E-02	 0.102633616E-04
    1053	-0.180000038E-02	 0.269999998E-02	 0.369999999E-02	 0.222232520E-04
    1054	-0.150000036E-02	 0.269999998E-02	 0.369999999E-02	 0.133564777E-04
    1286	-0.120000033E-02	 0.269999998E-02	 0.369999999E-02	 0.832608374E-05
    1528	-0.900000310E-03	 0.269999998E-02	 0.369999999E-02	 0.815289693E-05
    1055	-0.180000038E-02	 0.269999998E-02	 0.400000000E-02	 0.181910526E-04
    1056	-0.150000036E-02	 0.269999998E-02	 0.400000000E-02	 0.108989209E-04
    1287	-0.120000033E-02	 0.269999998E-02	 0.400000000E-02	 0.679348262E-05
    1529	-0.900000310E-03	 0.269999998E-02	 0.400000000E-02	 0.665251951E-05
   13101	-0.900000310E-03	 0.300000000E-02	 0.399999928E-03	 0.795286538E-02
   13103	-0.900000310E-03	 0.300000000E-02	 0.999999225E-04	 0.243817457E-02
   13099	-0.900000310E-03	 0.300000000E-02	 0.699999934E-03	 0.101845036E-01
    1530	-0.900000310E-03	 0.300000000E-02	 0.999999940E-03	 0.129200126E-02
    1289	-0.150000036E-02	 0.300000000E-02	 0.129999995E-02	 0.290286649E-03
    1288	-0.150000036E-02	 0.300000000E-02	 0.999999940E-03	 0.205886199E-03
    1291	-0.120000033E-02	 0.300000000E-02	 0.129999995E-02	 0.251011420E-03
    1290	-0.120000033E-02	 0.300000000E-02	 0.999999940E-03	 0.215780663E-03
    1531	-0.900000310E-03	 0.300000000E-02	 0.129999995E-02	 0.303947262E-03
    1292	-0.150000036E-02	 0.300000000E-02	 0.159999995E-02	 0.333724594E-03
    1293	-0.120000033E-02	 0.300000000E-02	 0.159999995E-02	 0.291055866E-03
    1532	-0.900000310E-03	 0.300000000E-02	 0.159999995E-02	 0.257533342E-03
    1294	-0.150000036E-02	 0.300000000E-02	 0.189999996E-02	 0.155261953E-03
    1295	-0.120000033E-02	 0.300000000E-02	 0.189999996E-02	 0.134543937E-03
    1533	-0.900000310E-03	 0.300000000E-02	 0.189999996E-02	 0.108874061E-03
    1296	-0.150000036E-02	 0.300000000E-02	 0.219999996E-02	 0.874168760E-04
    1297	-0.120000033E-02	 0.300000000E-02	 0.219999996E-02	 0.761057534E-04
    1534	-0.900000310E-03	 0.300000000E-02	 0.219999996E-02	 0.598487719E-04
    1298	-0.150000036E-02	 0.300000000E-02	 0.249999997E-02	 0.559181167E-04
    1299	-0.120000033E-02	 0.300000000E-02	 0.249999997E-02	 0.486709964E-04
    1535	-0.900000310E-03	 0.300000000E-02	 0.249999997E-02	 0.381242922E-04
    1300	-0.150000036E-02	 0.300000000E-02	 0.279999998E-02	 0.392448364E-04
    1301	-0.120000033E-02	 0.300000000E-02	 0.279999998E-02	 0.342298550E-04
    1536	-0.900000310E-03	 0.300000000E-02	 0.279999998E-02	 0.281267882E-04
    1302	-0.150000036E-02	 0.300000000E-02	 0.309999998E-02	 0.292213470E-04
    1303	-0.120000033E-02	 0.300000000E-02	 0.309999998E-02	 0.254795052E-04
    1537	-0.900000310E-03	 0.300000000E-02	 0.309999998E-02	 0.213667454E-04
    1304	-0.150000036E-02	 0.300000000E-02	 0.339999999E-02	 0.226810407E-04
    1305	-0.120000033E-02	 0.300000000E-02	 0.339999999E-02	 0.197836852E-04
    1538	-0.900000310E-03	 0.300000000E-02	 0.339999999E-02	 0.164350290E-04
    1306	-0.150000036E-02	 0.300000000E-02	 0.369999999E-02	 0.181724597E-04
    1307	-0.120000033E-02	 0.300000000E-02	 0.369999999E-02	 0.158511348E-04
    1539	-0.900000310E-03	 0.300000000E-02	 0.369999999E-02	 0.124591722E-04
    1308	-0.150000036E-02	 0.300000000E-02	 0.400000000E-02	 0.149137772E-04
    1309	-0.120000033E-02	 0.300000000E-02	 0.400000000E-02	 0.130101845E-04
    1540	-0.900000310E-03	 0.300000000E-02	 0.400000000E-02	 0.997354056E-05
   12979	-0.300000262E-03	 0.239999995E-02	 0.399999928E-03	 0.233571116E-02
   12980	-0.300000262E-03	 0.239999995E-02	 0.999999225E-04	 0.155824176E-02
   12974	-0.300000262E-03	 0.269999998E-02	 0.399999928E-03	 0.303302664E-02
   12976	-0.300000262E-03	 0.269999998E-02	 0.999999225E-04	 0.155731428E-02
   12975	-0.300000262E-03	 0.300000000E-02	 0.399999928E-03	 0.590836094E-02
   12977	-0.300000262E-03	 0.300000000E-02	 0.999999225E-04	 0.173754792E-02
   12925	-0.238418579E-09	 0.149999988E-02	 0.399999928E-03	 0.227240770E-02
   12926	-0.238418579E-09	 0.149999988E-02	 0.999999225E-04	 0.156660441E-02
   12922	-0.238418579E-09	 0.179999990E-02	 0.399999928E-03	 0.227076884E-02
   12923	-0.238418579E-09	 0.179999990E-02	 0.999999225E-04	 0.156604441E-02
   12919	-0.238418579E-09	 0.209999993E-02	 0.399999928E-03	 0.229290856E-02
   12920	-0.238418579E-09	 0.209999993E-02	 0.999999225E-04	 0.156406293E-02
   12916	-0.238418579E-09	 0.239999995E-02	 0.399999928E-03	 0.232068588E-02
   12917	-0.238418579E-09	 0.239999995E-02	 0.999999225E-04	 0.155806726E-02
   12911	-0.238418579E-09	 0.269999998E-02	 0.399999928E-03	 0.298074985E-02
   12913	-0.238418579E-09	 0.269999998E-02	 0.999999225E-04	 0.156105707E-02
   12912	-0.238418579E-09	 0.300000000E-02	 0.399999928E-03	 0.612742608E-02
   12914	-0.238418579E-09	 0.300000000E-02	 0.999999225E-04	 0.173754844E-02
   12880	 0.299999785E-03	-0.300000262E-03	 0.399999928E-03	 0.227227535E-02
   12881	 0.299999785E-03	-0.300000262E-03	 0.999999225E-04	 0.156677864E-02
   12877	 0.299999785E-03	-0.238418579E-09	 0.399999928E-03	 0.227229421E-02
   12878	 0.299999785E-03	-0.238418579E-09	 0.999999225E-04	 0.156678481E-02
   12874	 0.299999785E-03	 0.299999785E-03	 0.399999928E-03	 0.227227535E-02
   12875	 0.299999785E-03	 0.299999785E-03	 0.999999225E-04	 0.156677864E-02
   12871	 0.299999785E-03	 0.599999809E-03	 0.399999928E-03	 0.227233381E-02
   12872	 0.299999785E-03	 0.599999809E-03	 0.999999225E-04	 0.156677110E-02
   12868	 0.299999785E-03	 0.899999833E-03	 0.399999928E-03	 0.227220096E-02
   12869	 0.299999785E-03	 0.899999833E-03	 0.999999225E-04	 0.156675770E-02
   12865	 0.299999785E-03	 0.119999986E-02	 0.399999928E-03	 0.227214870E-02
   12866	 0.299999785E-03	 0.119999986E-02	 0.999999225E-04	 0.156672822E-02
   12862	 0.299999785E-03	 0.149999988E-02	 0.399999928E-03	 0.227224119E-02
   12863	 0.299999785E-03	 0.149999988E-02	 0.999999225E-04	 0.156648450E-02
   12859	 0.299999785E-03	 0.179999990E-02	 0.399999928E-03	 0.227158031E-02
   12860	 0.299999785E-03	 0.179999990E-02	 0.999999225E-04	 0.156595242E-02
   12856	 0.299999785E-03	 0.209999993E-02	 0.399999928E-03	 0.229228383E-02
   12857	 0.299999785E-03	 0.209999993E-02	 0.999999225E-04	 0.156470203E-02
   12853	 0.299999785E-03	 0.239999995E-02	 0.399999928E-03	 0.233571116E-02
   12854	 0.299999785E-03	 0.239999995E-02	 0.999999225E-04	 0.155824176E-02
   12848	 0.299999785E-03	 0.269999998E-02	 0.399999928E-03	 0.303302664E-02
   12850	 0.299999785E-03	 0.269999998E-02	 0.999999225E-04	 0.155731428E-02
   12849	 0.299999785E-03	 0.300000000E-02	 0.399999928E-03	 0.590836094E-02
   12851	 0.299999785E-03	 0.300000000E-02	 0.999999225E-04	 0.173754792E-02
   12814	 0.599999809E-03	-0.300000262E-03	 0.399999928E-03	 0.227233381E-02
   12815	 0.599999809E-03	-0.300000262E-03	 0.999999225E-04	 0.156677110E-02
   12811	 0.599999809E-03	-0.238418579E-09	 0.399999928E-03	 0.227217848E-02
   12812	 0.599999809E-03	-0.238418579E-09	 0.999999225E-04	 0.156679014E-02
   12808	 0.599999809E-03	 0.299999785E-03	 0.399999928E-03	 0.227233381E-02
   12809	 0.599999809E-03	 0.299999785E-03	 0.999999225E-04	 0.156677110E-02
   12805	 0.599999809E-03	 0.599999809E-03	 0.399999928E-03	 0.227248138E-02
   12806	 0.599999809E-03	 0.599999809E-03	 0.999999225E-04	 0.156672369E-02
   12802	 0.599999809E-03	 0.899999833E-03	 0.399999928E-03	 0.227278013E-02
   12803	 0.599999809E-03	 0.899999833E-03	 0.999999225E-04	 0.156664964E-02
   12799	 0.599999809E-03	 0.119999986E-02	 0.399999928E-03	 0.227236366E-02
   12800	 0.599999809E-03	 0.119999986E-02	 0.999999225E-04	 0.156658626E-02
   12796	 0.599999809E-03	 0.149999988E-02	 0.399999928E-03	 0.227469489E-02
   12797	 0.599999809E-03	 0.149999988E-02	 0.999999225E-04	 0.156640381E-02
   12793	 0.599999809E-03	 0.179999990E-02	 0.399999928E-03	 0.226967678E-02
   12794	 0.599999809E-03	 0.179999990E-02	 0.999999225E-04	 0.156548013E-02
   12790	 0.599999809E-03	 0.209999993E-02	 0.399999928E-03	 0.230342939E-02
   12791	 0.599999809E-03	 0.209999993E-02	 0.999999225E-04	 0.156471536E-02
   12787	 0.599999809E-03	 0.239999995E-02	 0.399999928E-03	 0.234311654E-02
   12788	 0.599999809E-03	 0.239999995E-02	 0.999999225E-04	 0.156248475E-02
   12780	 0.599999809E-03	 0.269999998E-02	 0.399999928E-03	 0.323683982E-02
   12783	 0.599999809E-03	 0.269999998E-02	 0.999999225E-04	 0.155611597E-02
   12781	 0.599999809E-03	 0.300000000E-02	 0.399999928E-03	 0.651220205E-02
   12784	 0.599999809E-03	 0.300000000E-02	 0.999999225E-04	 0.173754838E-02
   12751	 0.899999833E-03	-0.300000262E-03	 0.399999928E-03	 0.227220096E-02
   12752	 0.899999833E-03	-0.300000262E-03	 0.999999225E-04	 0.156675770E-02
   12748	 0.899999833E-03	-0.238418579E-09	 0.399999928E-03	 0.227216497E-02
   12749	 0.899999833E-03	-0.238418579E-09	 0.999999225E-04	 0.156678779E-02
   12745	 0.899999833E-03	 0.299999785E-03	 0.399999928E-03	 0.227220096E-02
   12746	 0.899999833E-03	 0.299999785E-03	 0.999999225E-04	 0.156675770E-02
   12742	 0.899999833E-03	 0.599999809E-03	 0.399999928E-03	 0.227278013E-02
   12743	 0.899999833E-03	 0.599999809E-03	 0.999999225E-04	 0.156664964E-02
   12739	 0.899999833E-03	 0.899999833E-03	 0.399999928E-03	 0.227370146E-02
   12740	 0.899999833E-03	 0.899999833E-03	 0.999999225E-04	 0.156650197E-02
   12736	 0.899999833E-03	 0.119999986E-02	 0.399999928E-03	 0.227331023E-02
   12737	 0.899999833E-03	 0.119999986E-02	 0.999999225E-04	 0.156623064E-02
   12733	 0.899999833E-03	 0.149999988E-02	 0.399999928E-03	 0.227391322E-02
   12734	 0.899999833E-03	 0.149999988E-02	 0.999999225E-04	 0.156606356E-02
   12730	 0.899999833E-03	 0.179999990E-02	 0.399999928E-03	 0.228357958E-02
   12731	 0.899999833E-03	 0.179999990E-02	 0.999999225E-04	 0.156547576E-02
   12727	 0.899999833E-03	 0.209999993E-02	 0.399999928E-03	 0.231739129E-02
   12728	 0.899999833E-03	 0.209999993E-02	 0.999999225E-04	 0.156229773E-02
   12722	 0.899999833E-03	 0.239999995E-02	 0.399999928E-03	 0.258148487E-02
   12724	 0.899999833E-03	 0.239999995E-02	 0.999999225E-04	 0.156785206E-02
   12723	 0.899999833E-03	 0.269999998E-02	 0.399999928E-03	 0.395105008E-02
   12725	 0.899999833E-03	 0.269999998E-02	 0.999999225E-04	 0.167303631E-02
   12782	 0.899999833E-03	 0.300000000E-02	 0.399999928E-03	 0.795286538E-02
   12785	 0.899999833E-03	 0.300000000E-02	 0.999999225E-04	 0.243817457E-02
   12691	 0.119999986E-02	-0.300000262E-03	 0.399999928E-03	 0.227214870E-02
   12692	 0.119999986E-02	-0.300000262E-03	 0.999999225E-04	 0.156672822E-02
   12688	 0.119999986E-02	-0.238418579E-09	 0.399999928E-03	 0.227173068E-02
   12689	 0.119999986E-02	-0.238418579E-09	 0.999999225E-04	 0.156674366E-02
   12685	 0.119999986E-02	 0.299999785E-03	 0.399999928E-03	 0.227214870E-02
   12686	 0.119999986E-02	 0.299999785E-03	 0.999999225E-04	 0.156672822E-02
   12682	 0.119999986E-02	 0.599999809E-03	 0.399999928E-03	 0.227236366E-02
   12683	 0.119999986E-02	 0.599999809E-03	 0.999999225E-04	 0.156658626E-02
   12679	 0.119999986E-02	 0.899999833E-03	 0.399999928E-03	 0.227331023E-02
   12680	 0.119999986E-02	 0.899999833E-03	 0.999999225E-04	 0.156623064E-02
   12676	 0.119999986E-02	 0.119999986E-02	 0.399999928E-03	 0.228016397E-02
   12677	 0.119999986E-02	 0.119999986E-02	 0.999999225E-04	 0.156573808E-02
   12673	 0.119999986E-02	 0.149999988E-02	 0.399999928E-03	 0.227245138E-02
   12674	 0.119999986E-02	 0.149999988E-02	 0.999999225E-04	 0.156495147E-02
   12670	 0.119999986E-02	 0.179999990E-02	 0.399999928E-03	 0.230329126E-02
   12671	 0.119999986E-02	 0.179999990E-02	 0.999999225E-04	 0.156477757E-02
   12667	 0.119999986E-02	 0.209999993E-02	 0.399999928E-03	 0.231594982E-02
   12668	 0.119999986E-02	 0.209999993E-02	 0.999999225E-04	 0.156562113E-02
   12660	 0.119999986E-02	 0.239999995E-02	 0.399999928E-03	 0.320092739E-02
   12663	 0.119999986E-02	 0.239999995E-02	 0.999999225E-04	 0.156133579E-02
   12661	 0.119999986E-02	 0.269999998E-02	 0.399999928E-03	 0.649746695E-02
   12664	 0.119999986E-02	 0.269999998E-02	 0.999999225E-04	 0.173754788E-02
   12634	 0.149999988E-02	-0.300000262E-03	 0.399999928E-03	 0.227224119E-02
   12635	 0.149999988E-02	-0.300000262E-03	 0.999999225E-04	 0.156648450E-02
   12631	 0.149999988E-02	-0.238418579E-09	 0.399999928E-03	 0.227240770E-02
   12632	 0.149999988E-02	-0.238418579E-09	 0.999999225E-04	 0.156660441E-02
   12628	 0.149999988E-02	 0.299999785E-03	 0.399999928E-03	 0.227224119E-02
   12629	 0.149999988E-02	 0.299999785E-03	 0.999999225E-04	 0.156648450E-02
   12625	 0.149999988E-02	 0.599999809E-03	 0.399999928E-03	 0.227469489E-02
   12626	 0.149999988E-02	 0.599999809E-03	 0.999999225E-04	 0.156640381E-02
   12622	 0.149999988E-02	 0.899999833E-03	 0.399999928E-03	 0.227391322E-02
   12623	 0.149999988E-02	 0.899999833E-03	 0.999999225E-04	 0.156606356E-02
   12619	 0.149999988E-02	 0.119999986E-02	 0.399999928E-03	 0.227245138E-02
   12620	 0.149999988E-02	 0.119999986E-02	 0.999999225E-04	 0.156495147E-02
   12616	 0.149999988E-02	 0.149999988E-02	 0.399999928E-03	 0.229687016E-02
   12617	 0.149999988E-02	 0.149999988E-02	 0.999999225E-04	 0.156319390E-02
   12613	 0.149999988E-02	 0.179999990E-02	 0.399999928E-03	 0.234448568E-02
   12614	 0.149999988E-02	 0.179999990E-02	 0.999999225E-04	 0.156104619E-02
   12608	 0.149999988E-02	 0.209999993E-02	 0.399999928E-03	 0.260070959E-02
   12610	 0.149999988E-02	 0.209999993E-02	 0.999999225E-04	 0.156977510E-02
   12609	 0.149999988E-02	 0.239999995E-02	 0.399999928E-03	 0.404173259E-02
   12611	 0.149999988E-02	 0.239999995E-02	 0.999999225E-04	 0.168751405E-02
   12662	 0.149999988E-02	 0.269999998E-02	 0.399999928E-03	 0.799525346E-02
   12665	 0.149999988E-02	 0.269999998E-02	 0.999999225E-04	 0.243817330E-02
   12580	 0.179999990E-02	-0.300000262E-03	 0.399999928E-03	 0.227158031E-02
   12581	 0.179999990E-02	-0.300000262E-03	 0.999999225E-04	 0.156595242E-02
   12577	 0.179999990E-02	-0.238418579E-09	 0.399999928E-03	 0.227076884E-02
   12578	 0.179999990E-02	-0.238418579E-09	 0.999999225E-04	 0.156604441E-02
   12574	 0.179999990E-02	 0.299999785E-03	 0.399999928E-03	 0.227158031E-02
   12575	 0.179999990E-02	 0.299999785E-03	 0.999999225E-04	 0.156595242E-02
   12571	 0.179999990E-02	 0.599999809E-03	 0.399999928E-03	 0.226967678E-02
   12572	 0.179999990E-02	 0.599999809E-03	 0.999999225E-04	 0.156548013E-02
   12568	 0.179999990E-02	 0.899999833E-03	 0.399999928E-03	 0.228357958E-02
   12569	 0.179999990E-02	 0.899999833E-03	 0.999999225E-04	 0.156547576E-02
   12565	 0.179999990E-02	 0.119999986E-02	 0.399999928E-03	 0.230329126E-02
   12566	 0.179999990E-02	 0.119999986E-02	 0.999999225E-04	 0.156477757E-02
   12562	 0.179999990E-02	 0.149999988E-02	 0.399999928E-03	 0.234448568E-02
   12563	 0.179999990E-02	 0.149999988E-02	 0.999999225E-04	 0.156104619E-02
   12559	 0.179999990E-02	 0.179999990E-02	 0.399999928E-03	 0.234951176E-02
   12560	 0.179999990E-02	 0.179999990E-02	 0.999999225E-04	 0.155893498E-02
   12552	 0.179999990E-02	 0.209999993E-02	 0.399999928E-03	 0.324066875E-02
   12555	 0.179999990E-02	 0.209999993E-02	 0.999999225E-04	 0.155952351E-02
   12553	 0.179999990E-02	 0.239999995E-02	 0.399999928E-03	 0.641607401E-02
   12556	 0.179999990E-02	 0.239999995E-02	 0.999999225E-04	 0.173755112E-02
   12523	 0.209999993E-02	-0.300000262E-03	 0.399999928E-03	 0.229228383E-02
   12524	 0.209999993E-02	-0.300000262E-03	 0.999999225E-04	 0.156470203E-02
   12520	 0.209999993E-02	-0.238418579E-09	 0.399999928E-03	 0.229290856E-02
   12521	 0.209999993E-02	-0.238418579E-09	 0.999999225E-04	 0.156406293E-02
   12517	 0.209999993E-02	 0.299999785E-03	 0.399999928E-03	 0.229228383E-02
   12518	 0.209999993E-02	 0.299999785E-03	 0.999999225E-04	 0.156470203E-02
   12514	 0.209999993E-02	 0.599999809E-03	 0.399999928E-03	 0.230342939E-02
   12515	 0.209999993E-02	 0.599999809E-03	 0.999999225E-04	 0.156471536E-02
   12511	 0.209999993E-02	 0.899999833E-03	 0.399999928E-03	 0.231739129E-02
   12512	 0.209999993E-02	 0.899999833E-03	 0.999999225E-04	 0.156229773E-02
   12508	 0.209999993E-02	 0.119999986E-02	 0.399999928E-03	 0.231594982E-02
   12509	 0.209999993E-02	 0.119999986E-02	 0.999999225E-04	 0.156562113E-02
   12505	 0.209999993E-02	 0.149999988E-02	 0.399999928E-03	 0.260070959E-02
   12506	 0.209999993E-02	 0.149999988E-02	 0.999999225E-04	 0.156977510E-02
   12496	 0.209999993E-02	 0.179999990E-02	 0.399999928E-03	 0.324066875E-02
   12500	 0.209999993E-02	 0.179999990E-02	 0.999999225E-04	 0.155952351E-02
   12497	 0.209999993E-02	 0.209999993E-02	 0.399999928E-03	 0.466346345E-02
   12501	 0.209999993E-02	 0.209999993E-02	 0.999999225E-04	 0.165826452E-02
   12554	 0.209999993E-02	 0.239999995E-02	 0.399999928E-03	 0.804608658E-02
   12557	 0.209999993E-02	 0.239999995E-02	 0.999999225E-04	 0.243817695E-02
   12472	 0.239999995E-02	-0.300000262E-03	 0.399999928E-03	 0.233571116E-02
   12473	 0.239999995E-02	-0.300000262E-03	 0.999999225E-04	 0.155824176E-02
   12469	 0.239999995E-02	-0.238418579E-09	 0.399999928E-03	 0.232068588E-02
   12470	 0.239999995E-02	-0.238418579E-09	 0.999999225E-04	 0.155806726E-02
   12466	 0.239999995E-02	 0.299999785E-03	 0.399999928E-03	 0.233571116E-02
   12467	 0.239999995E-02	 0.299999785E-03	 0.999999225E-04	 0.155824176E-02
   12463	 0.239999995E-02	 0.599999809E-03	 0.399999928E-03	 0.234311654E-02
   12464	 0.239999995E-02	 0.599999809E-03	 0.999999225E-04	 0.156248475E-02
   12460	 0.239999995E-02	 0.899999833E-03	 0.399999928E-03	 0.258148487E-02
   12461	 0.239999995E-02	 0.899999833E-03	 0.999999225E-04	 0.156785206E-02
   12451	 0.239999995E-02	 0.119999986E-02	 0.399999928E-03	 0.320092739E-02
   12455	 0.239999995E-02	 0.119999986E-02	 0.999999225E-04	 0.156133579E-02
   12452	 0.239999995E-02	 0.149999988E-02	 0.399999928E-03	 0.404173259E-02
   12456	 0.239999995E-02	 0.149999988E-02	 0.999999225E-04	 0.168751405E-02
   12498	 0.239999995E-02	 0.179999990E-02	 0.399999928E-03	 0.641607401E-02
   12502	 0.239999995E-02	 0.179999990E-02	 0.999999225E-04	 0.173755112E-02
   12499	 0.239999995E-02	 0.209999993E-02	 0.399999928E-03	 0.804608658E-02
   12503	 0.239999995E-02	 0.209999993E-02	 0.999999225E-04	 0.243817695E-02
   12431	 0.269999998E-02	-0.300000262E-03	 0.399999928E-03	 0.303302664E-02
   12433	 0.269999998E-02	-0.300000262E-03	 0.999999225E-04	 0.155731428E-02
   12425	 0.269999998E-02	-0.238418579E-09	 0.399999928E-03	 0.298074985E-02
   12427	 0.269999998E-02	-0.238418579E-09	 0.999999225E-04	 0.156105707E-02
   12419	 0.269999998E-02	 0.299999785E-03	 0.399999928E-03	 0.303302664E-02
   12421	 0.269999998E-02	 0.299999785E-03	 0.999999225E-04	 0.155731428E-02
   12409	 0.269999998E-02	 0.599999809E-03	 0.399999928E-03	 0.323683982E-02
   12413	 0.269999998E-02	 0.599999809E-03	 0.999999225E-04	 0.155611597E-02
   12410	 0.269999998E-02	 0.899999833E-03	 0.399999928E-03	 0.395105008E-02
   12414	 0.269999998E-02	 0.899999833E-03	 0.999999225E-04	 0.167303631E-02
   12453	 0.269999998E-02	 0.119999986E-02	 0.399999928E-03	 0.649746695E-02
   12457	 0.269999998E-02	 0.119999986E-02	 0.999999225E-04	 0.173754788E-02
   12454	 0.269999998E-02	 0.149999988E-02	 0.399999928E-03	 0.799525346E-02
   12458	 0.269999998E-02	 0.149999988E-02	 0.999999225E-04	 0.243817330E-02
   12432	 0.300000000E-02	-0.300000262E-03	 0.399999928E-03	 0.590836094E-02
   12434	 0.300000000E-02	-0.300000262E-03	 0.999999225E-04	 0.173754792E-02
   12426	 0.300000000E-02	-0.238418579E-09	 0.399999928E-03	 0.612742608E-02
   12428	 0.300000000E-02	-0.238418579E-09	 0.999999225E-04	 0.173754844E-02
   12420	 0.300000000E-02	 0.299999785E-03	 0.399999928E-03	 0.590836094E-02
   12422	 0.300000000E-02	 0.299999785E-03	 0.999999225E-04	 0.173754792E-02
   12411	 0.300000000E-02	 0.599999809E-03	 0.399999928E-03	 0.651220205E-02
   12415	 0.300000000E-02	 0.599999809E-03	 0.999999225E-04	 0.173754838E-02
   12412	 0.300000000E-02	 0.899999833E-03	 0.399999928E-03	 0.795286538E-02
   12416	 0.300000000E-02	 0.899999833E-03	 0.999999225E-04	 0.243817457E-02
   12978	-0.300000262E-03	 0.239999995E-02	 0.699999934E-03	 0.382937849E-02
   12972	-0.300000262E-03	 0.269999998E-02	 0.699999934E-03	 0.356505649E-02
   12973	-0.300000262E-03	 0.300000000E-02	 0.699999934E-03	 0.657710736E-02
   12927	-0.238418579E-09	 0.119999986E-02	 0.699999934E-03	 0.410848632E-02
   12924	-0.238418579E-09	 0.149999988E-02	 0.699999934E-03	 0.409646885E-02
   12921	-0.238418579E-09	 0.179999990E-02	 0.699999934E-03	 0.405640209E-02
   12918	-0.238418579E-09	 0.209999993E-02	 0.699999934E-03	 0.398660197E-02
   12915	-0.238418579E-09	 0.239999995E-02	 0.699999934E-03	 0.385355433E-02
   12909	-0.238418579E-09	 0.269999998E-02	 0.699999934E-03	 0.366110316E-02
   12910	-0.238418579E-09	 0.300000000E-02	 0.699999934E-03	 0.730840590E-02
   12879	 0.299999785E-03	-0.300000262E-03	 0.699999934E-03	 0.411568803E-02
   12876	 0.299999785E-03	-0.238418579E-09	 0.699999934E-03	 0.411580259E-02
   12873	 0.299999785E-03	 0.299999785E-03	 0.699999934E-03	 0.411568803E-02
   12870	 0.299999785E-03	 0.599999809E-03	 0.699999934E-03	 0.411510422E-02
   12867	 0.299999785E-03	 0.899999833E-03	 0.699999934E-03	 0.411326806E-02
   12864	 0.299999785E-03	 0.119999986E-02	 0.699999934E-03	 0.410758060E-02
   12861	 0.299999785E-03	 0.149999988E-02	 0.699999934E-03	 0.409529125E-02
   12858	 0.299999785E-03	 0.179999990E-02	 0.699999934E-03	 0.405346574E-02
   12855	 0.299999785E-03	 0.209999993E-02	 0.699999934E-03	 0.396832375E-02
   12852	 0.299999785E-03	 0.239999995E-02	 0.699999934E-03	 0.382937849E-02
   12846	 0.299999785E-03	 0.269999998E-02	 0.699999934E-03	 0.356505649E-02
   12847	 0.299999785E-03	 0.300000000E-02	 0.699999934E-03	 0.657710736E-02
   12813	 0.599999809E-03	-0.300000262E-03	 0.699999934E-03	 0.411510422E-02
   12810	 0.599999809E-03	-0.238418579E-09	 0.699999934E-03	 0.411515381E-02
   12807	 0.599999809E-03	 0.299999785E-03	 0.699999934E-03	 0.411510422E-02
   12804	 0.599999809E-03	 0.599999809E-03	 0.699999934E-03	 0.411452399E-02
   12801	 0.599999809E-03	 0.899999833E-03	 0.699999934E-03	 0.411261474E-02
   12798	 0.599999809E-03	 0.119999986E-02	 0.699999934E-03	 0.410556847E-02
   12795	 0.599999809E-03	 0.149999988E-02	 0.699999934E-03	 0.408726385E-02
   12792	 0.599999809E-03	 0.179999990E-02	 0.699999934E-03	 0.404236517E-02
   12789	 0.599999809E-03	 0.209999993E-02	 0.699999934E-03	 0.393447265E-02
   12786	 0.599999809E-03	 0.239999995E-02	 0.699999934E-03	 0.395858128E-02
   12777	 0.599999809E-03	 0.269999998E-02	 0.699999934E-03	 0.375624452E-02
   12778	 0.599999809E-03	 0.300000000E-02	 0.699999934E-03	 0.779901044E-02
   12750	 0.899999833E-03	-0.300000262E-03	 0.699999934E-03	 0.411326806E-02
   12747	 0.899999833E-03	-0.238418579E-09	 0.699999934E-03	 0.411337831E-02
   12744	 0.899999833E-03	 0.299999785E-03	 0.699999934E-03	 0.411326806E-02
   12741	 0.899999833E-03	 0.599999809E-03	 0.699999934E-03	 0.411261474E-02
   12738	 0.899999833E-03	 0.899999833E-03	 0.699999934E-03	 0.410915048E-02
   12735	 0.899999833E-03	 0.119999986E-02	 0.699999934E-03	 0.410052927E-02
   12732	 0.899999833E-03	 0.149999988E-02	 0.699999934E-03	 0.407213124E-02
   12729	 0.899999833E-03	 0.179999990E-02	 0.699999934E-03	 0.400954046E-02
   12726	 0.899999833E-03	 0.209999993E-02	 0.699999934E-03	 0.388868691E-02
   12720	 0.899999833E-03	 0.239999995E-02	 0.699999934E-03	 0.405474843E-02
   12721	 0.899999833E-03	 0.269999998E-02	 0.699999934E-03	 0.690530331E-02
   12779	 0.899999833E-03	 0.300000000E-02	 0.699999934E-03	 0.101845036E-01
   12690	 0.119999986E-02	-0.300000262E-03	 0.699999934E-03	 0.410758060E-02
   12687	 0.119999986E-02	-0.238418579E-09	 0.699999934E-03	 0.410848632E-02
   12684	 0.119999986E-02	 0.299999785E-03	 0.699999934E-03	 0.410758060E-02
   12681	 0.119999986E-02	 0.599999809E-03	 0.699999934E-03	 0.410556847E-02
   12678	 0.119999986E-02	 0.899999833E-03	 0.699999934E-03	 0.410052927E-02
   12675	 0.119999986E-02	 0.119999986E-02	 0.699999934E-03	 0.408517211E-02
   12672	 0.119999986E-02	 0.149999988E-02	 0.699999934E-03	 0.404356269E-02
   12669	 0.119999986E-02	 0.179999990E-02	 0.699999934E-03	 0.395260758E-02
   12666	 0.119999986E-02	 0.209999993E-02	 0.699999934E-03	 0.404676955E-02
   12657	 0.119999986E-02	 0.239999995E-02	 0.699999934E-03	 0.396602266E-02
   12658	 0.119999986E-02	 0.269999998E-02	 0.699999934E-03	 0.809012760E-02
   12633	 0.149999988E-02	-0.300000262E-03	 0.699999934E-03	 0.409529125E-02
   12630	 0.149999988E-02	-0.238418579E-09	 0.699999934E-03	 0.409646885E-02
   12627	 0.149999988E-02	 0.299999785E-03	 0.699999934E-03	 0.409529125E-02
   12624	 0.149999988E-02	 0.599999809E-03	 0.699999934E-03	 0.408726385E-02
   12621	 0.149999988E-02	 0.899999833E-03	 0.699999934E-03	 0.407213124E-02
   12618	 0.149999988E-02	 0.119999986E-02	 0.699999934E-03	 0.404356269E-02
   12615	 0.149999988E-02	 0.149999988E-02	 0.699999934E-03	 0.398841905E-02
   12612	 0.149999988E-02	 0.179999990E-02	 0.699999934E-03	 0.386112761E-02
   12606	 0.149999988E-02	 0.209999993E-02	 0.699999934E-03	 0.403827931E-02
   12607	 0.149999988E-02	 0.239999995E-02	 0.699999934E-03	 0.711269025E-02
   12659	 0.149999988E-02	 0.269999998E-02	 0.699999934E-03	 0.987787787E-02
   12579	 0.179999990E-02	-0.300000262E-03	 0.699999934E-03	 0.405346574E-02
   12576	 0.179999990E-02	-0.238418579E-09	 0.699999934E-03	 0.405640209E-02
   12573	 0.179999990E-02	 0.299999785E-03	 0.699999934E-03	 0.405346574E-02
   12570	 0.179999990E-02	 0.599999809E-03	 0.699999934E-03	 0.404236517E-02
   12567	 0.179999990E-02	 0.899999833E-03	 0.699999934E-03	 0.400954046E-02
   12564	 0.179999990E-02	 0.119999986E-02	 0.699999934E-03	 0.395260758E-02
   12561	 0.179999990E-02	 0.149999988E-02	 0.699999934E-03	 0.386112761E-02
   12558	 0.179999990E-02	 0.179999990E-02	 0.699999934E-03	 0.408136506E-02
   12549	 0.179999990E-02	 0.209999993E-02	 0.699999934E-03	 0.379717562E-02
   12550	 0.179999990E-02	 0.239999995E-02	 0.699999934E-03	 0.795519350E-02
   12522	 0.209999993E-02	-0.300000262E-03	 0.699999934E-03	 0.396832375E-02
   12519	 0.209999993E-02	-0.238418579E-09	 0.699999934E-03	 0.398660197E-02
   12516	 0.209999993E-02	 0.299999785E-03	 0.699999934E-03	 0.396832375E-02
   12513	 0.209999993E-02	 0.599999809E-03	 0.699999934E-03	 0.393447265E-02
   12510	 0.209999993E-02	 0.899999833E-03	 0.699999934E-03	 0.388868691E-02
   12507	 0.209999993E-02	 0.119999986E-02	 0.699999934E-03	 0.404676955E-02
   12504	 0.209999993E-02	 0.149999988E-02	 0.699999934E-03	 0.403827931E-02
   12492	 0.209999993E-02	 0.179999990E-02	 0.699999934E-03	 0.379717562E-02
   12493	 0.209999993E-02	 0.209999993E-02	 0.699999934E-03	 0.620799810E-02
   12551	 0.209999993E-02	 0.239999995E-02	 0.699999934E-03	 0.879416385E-02
   12471	 0.239999995E-02	-0.300000262E-03	 0.699999934E-03	 0.382937849E-02
   12468	 0.239999995E-02	-0.238418579E-09	 0.699999934E-03	 0.385355433E-02
   12465	 0.239999995E-02	 0.299999785E-03	 0.699999934E-03	 0.382937849E-02
   12462	 0.239999995E-02	 0.599999809E-03	 0.699999934E-03	 0.395858128E-02
   12459	 0.239999995E-02	 0.899999833E-03	 0.699999934E-03	 0.405474843E-02
   12447	 0.239999995E-02	 0.119999986E-02	 0.699999934E-03	 0.396602266E-02
   12448	 0.239999995E-02	 0.149999988E-02	 0.699999934E-03	 0.711269025E-02
   12494	 0.239999995E-02	 0.179999990E-02	 0.699999934E-03	 0.795519350E-02
   12495	 0.239999995E-02	 0.209999993E-02	 0.699999934E-03	 0.879416385E-02
   12429	 0.269999998E-02	-0.300000262E-03	 0.699999934E-03	 0.356505649E-02
   12423	 0.269999998E-02	-0.238418579E-09	 0.699999934E-03	 0.366110316E-02
   12417	 0.269999998E-02	 0.299999785E-03	 0.699999934E-03	 0.356505649E-02
   12405	 0.269999998E-02	 0.599999809E-03	 0.699999934E-03	 0.375624452E-02
   12406	 0.269999998E-02	 0.899999833E-03	 0.699999934E-03	 0.690530331E-02
   12449	 0.269999998E-02	 0.119999986E-02	 0.699999934E-03	 0.809012760E-02
   12450	 0.269999998E-02	 0.149999988E-02	 0.699999934E-03	 0.987787787E-02
   12430	 0.300000000E-02	-0.300000262E-03	 0.699999934E-03	 0.657710736E-02
   12424	 0.300000000E-02	-0.238418579E-09	 0.699999934E-03	 0.730840590E-02
   12418	 0.300000000E-02	 0.299999785E-03	 0.699999934E-03	 0.657710736E-02
   12407	 0.300000000E-02	 0.599999809E-03	 0.699999934E-03	 0.779901044E-02
   12408	 0.300000000E-02	 0.899999833E-03	 0.699999934E-03	 0.101845036E-01
    1970	-0.300000262E-03	 0.239999995E-02	 0.999999940E-03	 0.767765161E-03
    1981	-0.300000262E-03	 0.269999998E-02	 0.999999940E-03	 0.692550907E-03
    1992	-0.300000262E-03	 0.300000000E-02	 0.999999940E-03	 0.844200751E-03
    2146	-0.238418579E-09	 0.899999833E-03	 0.999999940E-03	 0.845837892E-03
    2157	-0.238418579E-09	 0.119999986E-02	 0.999999940E-03	 0.844000116E-03
    2168	-0.238418579E-09	 0.149999988E-02	 0.999999940E-03	 0.839769069E-03
    2179	-0.238418579E-09	 0.179999990E-02	 0.999999940E-03	 0.828538679E-03
    2190	-0.238418579E-09	 0.209999993E-02	 0.999999940E-03	 0.807931783E-03
    2201	-0.238418579E-09	 0.239999995E-02	 0.999999940E-03	 0.770765960E-03
    2212	-0.238418579E-09	 0.269999998E-02	 0.999999940E-03	 0.707971672E-03
    2223	-0.238418579E-09	 0.300000000E-02	 0.999999940E-03	 0.961634896E-03
    2333	 0.299999785E-03	-0.300000262E-03	 0.999999940E-03	 0.846808011E-03
    2344	 0.299999785E-03	-0.238418579E-09	 0.999999940E-03	 0.846897450E-03
    2355	 0.299999785E-03	 0.299999785E-03	 0.999999940E-03	 0.846808011E-03
    2366	 0.299999785E-03	 0.599999809E-03	 0.999999940E-03	 0.846473246E-03
    2377	 0.299999785E-03	 0.899999833E-03	 0.999999940E-03	 0.845645304E-03
    2388	 0.299999785E-03	 0.119999986E-02	 0.999999940E-03	 0.843592421E-03
    2399	 0.299999785E-03	 0.149999988E-02	 0.999999940E-03	 0.839178195E-03
    2410	 0.299999785E-03	 0.179999990E-02	 0.999999940E-03	 0.827541299E-03
    2421	 0.299999785E-03	 0.209999993E-02	 0.999999940E-03	 0.804610988E-03
    2432	 0.299999785E-03	 0.239999995E-02	 0.999999940E-03	 0.767765161E-03
    2443	 0.299999785E-03	 0.269999998E-02	 0.999999940E-03	 0.692550907E-03
    2454	 0.299999785E-03	 0.300000000E-02	 0.999999940E-03	 0.844200751E-03
    2564	 0.599999809E-03	-0.300000262E-03	 0.999999940E-03	 0.846473246E-03
    2575	 0.599999809E-03	-0.238418579E-09	 0.999999940E-03	 0.846592886E-03
    2586	 0.599999809E-03	 0.299999785E-03	 0.999999940E-03	 0.846473246E-03
    2597	 0.599999809E-03	 0.599999809E-03	 0.999999940E-03	 0.846013582E-03
    2608	 0.599999809E-03	 0.899999833E-03	 0.999999940E-03	 0.844962012E-03
    2619	 0.599999809E-03	 0.119999986E-02	 0.999999940E-03	 0.842396197E-03
    2630	 0.599999809E-03	 0.149999988E-02	 0.999999940E-03	 0.836595292E-03
    2641	 0.599999809E-03	 0.179999990E-02	 0.999999940E-03	 0.824142672E-03
    2652	 0.599999809E-03	 0.209999993E-02	 0.999999940E-03	 0.797712789E-03
    2663	 0.599999809E-03	 0.239999995E-02	 0.999999940E-03	 0.785450712E-03
    2674	 0.599999809E-03	 0.269999998E-02	 0.999999940E-03	 0.724133764E-03
    2685	 0.599999809E-03	 0.300000000E-02	 0.999999940E-03	 0.981478120E-03
    2795	 0.899999833E-03	-0.300000262E-03	 0.999999940E-03	 0.845645304E-03
    2806	 0.899999833E-03	-0.238418579E-09	 0.999999940E-03	 0.845837892E-03
    2817	 0.899999833E-03	 0.299999785E-03	 0.999999940E-03	 0.845645304E-03
    2828	 0.899999833E-03	 0.599999809E-03	 0.999999940E-03	 0.844962012E-03
    2839	 0.899999833E-03	 0.899999833E-03	 0.999999940E-03	 0.843243827E-03
    2850	 0.899999833E-03	 0.119999986E-02	 0.999999940E-03	 0.839836453E-03
    2861	 0.899999833E-03	 0.149999988E-02	 0.999999940E-03	 0.831669780E-03
    2872	 0.899999833E-03	 0.179999990E-02	 0.999999940E-03	 0.815830644E-03
    2883	 0.899999833E-03	 0.209999993E-02	 0.999999940E-03	 0.788782137E-03
    2894	 0.899999833E-03	 0.239999995E-02	 0.999999940E-03	 0.799123926E-03
    2905	 0.899999833E-03	 0.269999998E-02	 0.999999940E-03	 0.116992343E-02
    2916	 0.899999833E-03	 0.300000000E-02	 0.999999940E-03	 0.129200126E-02
    3026	 0.119999986E-02	-0.300000262E-03	 0.999999940E-03	 0.843592421E-03
    3037	 0.119999986E-02	-0.238418579E-09	 0.999999940E-03	 0.844000116E-03
    3048	 0.119999986E-02	 0.299999785E-03	 0.999999940E-03	 0.843592421E-03
    3059	 0.119999986E-02	 0.599999809E-03	 0.999999940E-03	 0.842396197E-03
    3070	 0.119999986E-02	 0.899999833E-03	 0.999999940E-03	 0.839836453E-03
    3081	 0.119999986E-02	 0.119999986E-02	 0.999999940E-03	 0.834230791E-03
    3092	 0.119999986E-02	 0.149999988E-02	 0.999999940E-03	 0.822797676E-03
    3103	 0.119999986E-02	 0.179999990E-02	 0.999999940E-03	 0.801397273E-03
    3114	 0.119999986E-02	 0.209999993E-02	 0.999999940E-03	 0.807789407E-03
    3125	 0.119999986E-02	 0.239999995E-02	 0.999999940E-03	 0.776005359E-03
    3136	 0.119999986E-02	 0.269999998E-02	 0.999999940E-03	 0.106668717E-02
    3257	 0.149999988E-02	-0.300000262E-03	 0.999999940E-03	 0.839178195E-03
    3268	 0.149999988E-02	-0.238418579E-09	 0.999999940E-03	 0.839769069E-03
    3279	 0.149999988E-02	 0.299999785E-03	 0.999999940E-03	 0.839178195E-03
    3290	 0.149999988E-02	 0.599999809E-03	 0.999999940E-03	 0.836595292E-03
    3301	 0.149999988E-02	 0.899999833E-03	 0.999999940E-03	 0.831669780E-03
    3312	 0.149999988E-02	 0.119999986E-02	 0.999999940E-03	 0.822797676E-03
    3323	 0.149999988E-02	 0.149999988E-02	 0.999999940E-03	 0.807634685E-03
    3334	 0.149999988E-02	 0.179999990E-02	 0.999999940E-03	 0.779748508E-03
    3345	 0.149999988E-02	 0.209999993E-02	 0.999999940E-03	 0.798886892E-03
    3356	 0.149999988E-02	 0.239999995E-02	 0.999999940E-03	 0.121497588E-02
    3367	 0.149999988E-02	 0.269999998E-02	 0.999999940E-03	 0.123454983E-02
    3477	 0.179999990E-02	-0.300000262E-03	 0.999999940E-03	 0.827541299E-03
    3488	 0.179999990E-02	-0.238418579E-09	 0.999999940E-03	 0.828538679E-03
    3499	 0.179999990E-02	 0.299999785E-03	 0.999999940E-03	 0.827541299E-03
    3510	 0.179999990E-02	 0.599999809E-03	 0.999999940E-03	 0.824142672E-03
    3521	 0.179999990E-02	 0.899999833E-03	 0.999999940E-03	 0.815830644E-03
    3532	 0.179999990E-02	 0.119999986E-02	 0.999999940E-03	 0.801397273E-03
    3543	 0.179999990E-02	 0.149999988E-02	 0.999999940E-03	 0.779748508E-03
    3554	 0.179999990E-02	 0.179999990E-02	 0.999999940E-03	 0.801429916E-03
    3565	 0.179999990E-02	 0.209999993E-02	 0.999999940E-03	 0.730080433E-03
    3576	 0.179999990E-02	 0.239999995E-02	 0.999999940E-03	 0.102697322E-02
    3675	 0.209999993E-02	-0.300000262E-03	 0.999999940E-03	 0.804610988E-03
    3686	 0.209999993E-02	-0.238418579E-09	 0.999999940E-03	 0.807931783E-03
    3697	 0.209999993E-02	 0.299999785E-03	 0.999999940E-03	 0.804610988E-03
    3708	 0.209999993E-02	 0.599999809E-03	 0.999999940E-03	 0.797712789E-03
    3719	 0.209999993E-02	 0.899999833E-03	 0.999999940E-03	 0.788782137E-03
    3730	 0.209999993E-02	 0.119999986E-02	 0.999999940E-03	 0.807789407E-03
    3741	 0.209999993E-02	 0.149999988E-02	 0.999999940E-03	 0.798886892E-03
    3752	 0.209999993E-02	 0.179999990E-02	 0.999999940E-03	 0.730080433E-03
    3763	 0.209999993E-02	 0.209999993E-02	 0.999999940E-03	 0.101045479E-02
    3774	 0.209999993E-02	 0.239999995E-02	 0.999999940E-03	 0.102373504E-02
    3862	 0.239999995E-02	-0.300000262E-03	 0.999999940E-03	 0.767765161E-03
    3873	 0.239999995E-02	-0.238418579E-09	 0.999999940E-03	 0.770765960E-03
    3884	 0.239999995E-02	 0.299999785E-03	 0.999999940E-03	 0.767765161E-03
    3895	 0.239999995E-02	 0.599999809E-03	 0.999999940E-03	 0.785450712E-03
    3906	 0.239999995E-02	 0.899999833E-03	 0.999999940E-03	 0.799123926E-03
    3917	 0.239999995E-02	 0.119999986E-02	 0.999999940E-03	 0.776005359E-03
    3928	 0.239999995E-02	 0.149999988E-02	 0.999999940E-03	 0.121497588E-02
    3939	 0.239999995E-02	 0.179999990E-02	 0.999999940E-03	 0.102697322E-02
    3950	 0.239999995E-02	 0.209999993E-02	 0.999999940E-03	 0.102373504E-02
    4027	 0.269999998E-02	-0.300000262E-03	 0.999999940E-03	 0.692550907E-03
    4038	 0.269999998E-02	-0.238418579E-09	 0.999999940E-03	 0.707971672E-03
    4049	 0.269999998E-02	 0.299999785E-03	 0.999999940E-03	 0.692550907E-03
    4060	 0.269999998E-02	 0.599999809E-03	 0.999999940E-03	 0.724133764E-03
    4071	 0.269999998E-02	 0.899999833E-03	 0.999999940E-03	 0.116992343E-02
    4082	 0.269999998E-02	 0.119999986E-02	 0.999999940E-03	 0.106668717E-02
    4093	 0.269999998E-02	 0.149999988E-02	 0.999999940E-03	 0.123454983E-02
    4159	 0.300000000E-02	-0.300000262E-03	 0.999999940E-03	 0.844200751E-03
    4170	 0.300000000E-02	-0.238418579E-09	 0.999999940E-03	 0.961634896E-03
    4181	 0.300000000E-02	 0.299999785E-03	 0.999999940E-03	 0.844200751E-03
    4192	 0.300000000E-02	 0.599999809E-03	 0.999999940E-03	 0.981478120E-03
    4203	 0.300000000E-02	 0.899999833E-03	 0.999999940E-03	 0.129200126E-02
    1971	-0.300000262E-03	 0.239999995E-02	 0.129999995E-02	 0.254655065E-03
    1982	-0.300000262E-03	 0.269999998E-02	 0.129999995E-02	 0.242536292E-03
    1993	-0.300000262E-03	 0.300000000E-02	 0.129999995E-02	 0.320546837E-03
    2147	-0.238418579E-09	 0.899999833E-03	 0.129999995E-02	 0.280556841E-03
    2158	-0.238418579E-09	 0.119999986E-02	 0.129999995E-02	 0.279955695E-03
    2169	-0.238418579E-09	 0.149999988E-02	 0.129999995E-02	 0.278593790E-03
    2180	-0.238418579E-09	 0.179999990E-02	 0.129999995E-02	 0.275111791E-03
    2191	-0.238418579E-09	 0.209999993E-02	 0.129999995E-02	 0.268360596E-03
    2202	-0.238418579E-09	 0.239999995E-02	 0.129999995E-02	 0.256482844E-03
    2213	-0.238418579E-09	 0.269999998E-02	 0.129999995E-02	 0.247372598E-03
    2224	-0.238418579E-09	 0.300000000E-02	 0.129999995E-02	 0.342874568E-03
    2334	 0.299999785E-03	-0.300000262E-03	 0.129999995E-02	 0.280872315E-03
    2345	 0.299999785E-03	-0.238418579E-09	 0.129999995E-02	 0.280902602E-03
    2356	 0.299999785E-03	 0.299999785E-03	 0.129999995E-02	 0.280872315E-03
    2367	 0.299999785E-03	 0.599999809E-03	 0.129999995E-02	 0.280761687E-03
    2378	 0.299999785E-03	 0.899999833E-03	 0.129999995E-02	 0.280490119E-03
    2389	 0.299999785E-03	 0.119999986E-02	 0.129999995E-02	 0.279837024E-03
    2400	 0.299999785E-03	 0.149999988E-02	 0.129999995E-02	 0.278362503E-03
    2411	 0.299999785E-03	 0.179999990E-02	 0.129999995E-02	 0.274673659E-03
    2422	 0.299999785E-03	 0.209999993E-02	 0.129999995E-02	 0.267820772E-03
    2433	 0.299999785E-03	 0.239999995E-02	 0.129999995E-02	 0.254655065E-03
    2444	 0.299999785E-03	 0.269999998E-02	 0.129999995E-02	 0.242536292E-03
    2455	 0.299999785E-03	 0.300000000E-02	 0.129999995E-02	 0.320546837E-03
    2565	 0.599999809E-03	-0.300000262E-03	 0.129999995E-02	 0.280761687E-03
    2576	 0.599999809E-03	-0.238418579E-09	 0.129999995E-02	 0.280802096E-03
    2587	 0.599999809E-03	 0.299999785E-03	 0.129999995E-02	 0.280761687E-03
    2598	 0.599999809E-03	 0.599999809E-03	 0.129999995E-02	 0.280612555E-03
    2609	 0.599999809E-03	 0.899999833E-03	 0.129999995E-02	 0.280261669E-03
    2620	 0.599999809E-03	 0.119999986E-02	 0.129999995E-02	 0.279431810E-03
    2631	 0.599999809E-03	 0.149999988E-02	 0.129999995E-02	 0.277620734E-03
    2642	 0.599999809E-03	 0.179999990E-02	 0.129999995E-02	 0.273257404E-03
    2653	 0.599999809E-03	 0.209999993E-02	 0.129999995E-02	 0.265529025E-03
    2664	 0.599999809E-03	 0.239999995E-02	 0.129999995E-02	 0.259825445E-03
    2675	 0.599999809E-03	 0.269999998E-02	 0.129999995E-02	 0.234901886E-03
    2686	 0.599999809E-03	 0.300000000E-02	 0.129999995E-02	 0.348424957E-03
    2796	 0.899999833E-03	-0.300000262E-03	 0.129999995E-02	 0.280490119E-03
    2807	 0.899999833E-03	-0.238418579E-09	 0.129999995E-02	 0.280556841E-03
    2818	 0.899999833E-03	 0.299999785E-03	 0.129999995E-02	 0.280490119E-03
    2829	 0.899999833E-03	 0.599999809E-03	 0.129999995E-02	 0.280261669E-03
    2840	 0.899999833E-03	 0.899999833E-03	 0.129999995E-02	 0.279733382E-03
    2851	 0.899999833E-03	 0.119999986E-02	 0.129999995E-02	 0.278572013E-03
    2862	 0.899999833E-03	 0.149999988E-02	 0.129999995E-02	 0.276028407E-03
    2873	 0.899999833E-03	 0.179999990E-02	 0.129999995E-02	 0.271201627E-03
    2884	 0.899999833E-03	 0.209999993E-02	 0.129999995E-02	 0.260398703E-03
    2895	 0.899999833E-03	 0.239999995E-02	 0.129999995E-02	 0.268542333E-03
    2906	 0.899999833E-03	 0.269999998E-02	 0.129999995E-02	 0.288479151E-03
    2917	 0.899999833E-03	 0.300000000E-02	 0.129999995E-02	 0.303947262E-03
    3027	 0.119999986E-02	-0.300000262E-03	 0.129999995E-02	 0.279837024E-03
    3038	 0.119999986E-02	-0.238418579E-09	 0.129999995E-02	 0.279955695E-03
    3049	 0.119999986E-02	 0.299999785E-03	 0.129999995E-02	 0.279837024E-03
    3060	 0.119999986E-02	 0.599999809E-03	 0.129999995E-02	 0.279431810E-03
    3071	 0.119999986E-02	 0.899999833E-03	 0.129999995E-02	 0.278572013E-03
    3082	 0.119999986E-02	 0.119999986E-02	 0.129999995E-02	 0.276934805E-03
    3093	 0.119999986E-02	 0.149999988E-02	 0.129999995E-02	 0.273075267E-03
    3104	 0.119999986E-02	 0.179999990E-02	 0.129999995E-02	 0.266543295E-03
    3115	 0.119999986E-02	 0.209999993E-02	 0.129999995E-02	 0.264115274E-03
    3126	 0.119999986E-02	 0.239999995E-02	 0.129999995E-02	 0.270134474E-03
    3137	 0.119999986E-02	 0.269999998E-02	 0.129999995E-02	 0.333190855E-03
    3148	 0.119999986E-02	 0.300000000E-02	 0.129999995E-02	 0.251011420E-03
    3147	 0.119999986E-02	 0.300000000E-02	 0.999999940E-03	 0.215780663E-03
    3258	 0.149999988E-02	-0.300000262E-03	 0.129999995E-02	 0.278362503E-03
    3269	 0.149999988E-02	-0.238418579E-09	 0.129999995E-02	 0.278593790E-03
    3280	 0.149999988E-02	 0.299999785E-03	 0.129999995E-02	 0.278362503E-03
    3291	 0.149999988E-02	 0.599999809E-03	 0.129999995E-02	 0.277620734E-03
    3302	 0.149999988E-02	 0.899999833E-03	 0.129999995E-02	 0.276028407E-03
    3313	 0.149999988E-02	 0.119999986E-02	 0.129999995E-02	 0.273075267E-03
    3324	 0.149999988E-02	 0.149999988E-02	 0.129999995E-02	 0.269167935E-03
    3335	 0.149999988E-02	 0.179999990E-02	 0.129999995E-02	 0.258576794E-03
    3346	 0.149999988E-02	 0.209999993E-02	 0.129999995E-02	 0.268063520E-03
    3357	 0.149999988E-02	 0.239999995E-02	 0.129999995E-02	 0.339593374E-03
    3368	 0.149999988E-02	 0.269999998E-02	 0.129999995E-02	 0.299267118E-03
    3379	 0.149999988E-02	 0.300000000E-02	 0.129999995E-02	 0.290286649E-03
    3378	 0.149999988E-02	 0.300000000E-02	 0.999999940E-03	 0.205886199E-03
    3478	 0.179999990E-02	-0.300000262E-03	 0.129999995E-02	 0.274673659E-03
    3489	 0.179999990E-02	-0.238418579E-09	 0.129999995E-02	 0.275111791E-03
    3500	 0.179999990E-02	 0.299999785E-03	 0.129999995E-02	 0.274673659E-03
    3511	 0.179999990E-02	 0.599999809E-03	 0.129999995E-02	 0.273257404E-03
    3522	 0.179999990E-02	 0.899999833E-03	 0.129999995E-02	 0.271201627E-03
    3533	 0.179999990E-02	 0.119999986E-02	 0.129999995E-02	 0.266543295E-03
    3544	 0.179999990E-02	 0.149999988E-02	 0.129999995E-02	 0.258576794E-03
    3555	 0.179999990E-02	 0.179999990E-02	 0.129999995E-02	 0.263038805E-03
    3566	 0.179999990E-02	 0.209999993E-02	 0.129999995E-02	 0.280093395E-03
    3577	 0.179999990E-02	 0.239999995E-02	 0.129999995E-02	 0.400946792E-03
    3588	 0.179999990E-02	 0.269999998E-02	 0.129999995E-02	 0.352583942E-03
    3587	 0.179999990E-02	 0.269999998E-02	 0.999999940E-03	 0.565381955E-03
    3676	 0.209999993E-02	-0.300000262E-03	 0.129999995E-02	 0.267820772E-03
    3687	 0.209999993E-02	-0.238418579E-09	 0.129999995E-02	 0.268360596E-03
    3698	 0.209999993E-02	 0.299999785E-03	 0.129999995E-02	 0.267820772E-03
    3709	 0.209999993E-02	 0.599999809E-03	 0.129999995E-02	 0.265529025E-03
    3720	 0.209999993E-02	 0.899999833E-03	 0.129999995E-02	 0.260398703E-03
    3731	 0.209999993E-02	 0.119999986E-02	 0.129999995E-02	 0.264115274E-03
    3742	 0.209999993E-02	 0.149999988E-02	 0.129999995E-02	 0.268063520E-03
    3753	 0.209999993E-02	 0.179999990E-02	 0.129999995E-02	 0.280093395E-03
    3764	 0.209999993E-02	 0.209999993E-02	 0.129999995E-02	 0.291360350E-03
    3775	 0.209999993E-02	 0.239999995E-02	 0.129999995E-02	 0.323719173E-03
    3863	 0.239999995E-02	-0.300000262E-03	 0.129999995E-02	 0.254655065E-03
    3874	 0.239999995E-02	-0.238418579E-09	 0.129999995E-02	 0.256482844E-03
    3885	 0.239999995E-02	 0.299999785E-03	 0.129999995E-02	 0.254655065E-03
    3896	 0.239999995E-02	 0.599999809E-03	 0.129999995E-02	 0.259825445E-03
    3907	 0.239999995E-02	 0.899999833E-03	 0.129999995E-02	 0.268542333E-03
    3918	 0.239999995E-02	 0.119999986E-02	 0.129999995E-02	 0.270134474E-03
    3929	 0.239999995E-02	 0.149999988E-02	 0.129999995E-02	 0.339593374E-03
    3940	 0.239999995E-02	 0.179999990E-02	 0.129999995E-02	 0.400946792E-03
    3951	 0.239999995E-02	 0.209999993E-02	 0.129999995E-02	 0.323719173E-03
    3962	 0.239999995E-02	 0.239999995E-02	 0.129999995E-02	 0.289985917E-03
    3961	 0.239999995E-02	 0.239999995E-02	 0.999999940E-03	 0.578850154E-03
    4028	 0.269999998E-02	-0.300000262E-03	 0.129999995E-02	 0.242536292E-03
    4039	 0.269999998E-02	-0.238418579E-09	 0.129999995E-02	 0.247372598E-03
    4050	 0.269999998E-02	 0.299999785E-03	 0.129999995E-02	 0.242536292E-03
    4061	 0.269999998E-02	 0.599999809E-03	 0.129999995E-02	 0.234901886E-03
    4072	 0.269999998E-02	 0.899999833E-03	 0.129999995E-02	 0.288479151E-03
    4083	 0.269999998E-02	 0.119999986E-02	 0.129999995E-02	 0.333190855E-03
    4094	 0.269999998E-02	 0.149999988E-02	 0.129999995E-02	 0.299267118E-03
    4105	 0.269999998E-02	 0.179999990E-02	 0.129999995E-02	 0.352583942E-03
    4104	 0.269999998E-02	 0.179999990E-02	 0.999999940E-03	 0.565381955E-03
    4160	 0.300000000E-02	-0.300000262E-03	 0.129999995E-02	 0.320546837E-03
    4171	 0.300000000E-02	-0.238418579E-09	 0.129999995E-02	 0.342874568E-03
    4182	 0.300000000E-02	 0.299999785E-03	 0.129999995E-02	 0.320546837E-03
    4193	 0.300000000E-02	 0.599999809E-03	 0.129999995E-02	 0.348424957E-03
    4204	 0.300000000E-02	 0.899999833E-03	 0.129999995E-02	 0.303947262E-03
    4215	 0.300000000E-02	 0.119999986E-02	 0.129999995E-02	 0.251011420E-03
    4214	 0.300000000E-02	 0.119999986E-02	 0.999999940E-03	 0.215780663E-03
    4226	 0.300000000E-02	 0.149999988E-02	 0.129999995E-02	 0.290286649E-03
    4225	 0.300000000E-02	 0.149999988E-02	 0.999999940E-03	 0.205886199E-03
    1972	-0.300000262E-03	 0.239999995E-02	 0.159999995E-02	 0.213268167E-03
    1983	-0.300000262E-03	 0.269999998E-02	 0.159999995E-02	 0.210340937E-03
    1994	-0.300000262E-03	 0.300000000E-02	 0.159999995E-02	 0.283631356E-03
    2148	-0.238418579E-09	 0.899999833E-03	 0.159999995E-02	 0.226765158E-03
    2159	-0.238418579E-09	 0.119999986E-02	 0.159999995E-02	 0.226128349E-03
    2170	-0.238418579E-09	 0.149999988E-02	 0.159999995E-02	 0.224962239E-03
    2181	-0.238418579E-09	 0.179999990E-02	 0.159999995E-02	 0.222791280E-03
    2192	-0.238418579E-09	 0.209999993E-02	 0.159999995E-02	 0.219835221E-03
    2203	-0.238418579E-09	 0.239999995E-02	 0.159999995E-02	 0.213301943E-03
    2214	-0.238418579E-09	 0.269999998E-02	 0.159999995E-02	 0.209364014E-03
    2225	-0.238418579E-09	 0.300000000E-02	 0.159999995E-02	 0.290398168E-03
    2335	 0.299999785E-03	-0.300000262E-03	 0.159999995E-02	 0.227130675E-03
    2346	 0.299999785E-03	-0.238418579E-09	 0.159999995E-02	 0.227159343E-03
    2357	 0.299999785E-03	 0.299999785E-03	 0.159999995E-02	 0.227130675E-03
    2368	 0.299999785E-03	 0.599999809E-03	 0.159999995E-02	 0.227017029E-03
    2379	 0.299999785E-03	 0.899999833E-03	 0.159999995E-02	 0.226722870E-03
    2390	 0.299999785E-03	 0.119999986E-02	 0.159999995E-02	 0.226088906E-03
    2401	 0.299999785E-03	 0.149999988E-02	 0.159999995E-02	 0.224956228E-03
    2412	 0.299999785E-03	 0.179999990E-02	 0.159999995E-02	 0.222899198E-03
    2423	 0.299999785E-03	 0.209999993E-02	 0.159999995E-02	 0.220080465E-03
    2434	 0.299999785E-03	 0.239999995E-02	 0.159999995E-02	 0.213268167E-03
    2445	 0.299999785E-03	 0.269999998E-02	 0.159999995E-02	 0.210340937E-03
    2456	 0.299999785E-03	 0.300000000E-02	 0.159999995E-02	 0.283631356E-03
    2566	 0.599999809E-03	-0.300000262E-03	 0.159999995E-02	 0.227017029E-03
    2577	 0.599999809E-03	-0.238418579E-09	 0.159999995E-02	 0.227050305E-03
    2588	 0.599999809E-03	 0.299999785E-03	 0.159999995E-02	 0.227017029E-03
    2599	 0.599999809E-03	 0.599999809E-03	 0.159999995E-02	 0.226882836E-03
    2610	 0.599999809E-03	 0.899999833E-03	 0.159999995E-02	 0.226564360E-03
    2621	 0.599999809E-03	 0.119999986E-02	 0.159999995E-02	 0.225923832E-03
    2632	 0.599999809E-03	 0.149999988E-02	 0.159999995E-02	 0.224917740E-03
    2643	 0.599999809E-03	 0.179999990E-02	 0.159999995E-02	 0.223142288E-03
    2654	 0.599999809E-03	 0.209999993E-02	 0.159999995E-02	 0.220752221E-03
    2665	 0.599999809E-03	 0.239999995E-02	 0.159999995E-02	 0.214762599E-03
    2676	 0.599999809E-03	 0.269999998E-02	 0.159999995E-02	 0.209640204E-03
    2687	 0.599999809E-03	 0.300000000E-02	 0.159999995E-02	 0.295959126E-03
    2797	 0.899999833E-03	-0.300000262E-03	 0.159999995E-02	 0.226722870E-03
    2808	 0.899999833E-03	-0.238418579E-09	 0.159999995E-02	 0.226765158E-03
    2819	 0.899999833E-03	 0.299999785E-03	 0.159999995E-02	 0.226722870E-03
    2830	 0.899999833E-03	 0.599999809E-03	 0.159999995E-02	 0.226564360E-03
    2841	 0.899999833E-03	 0.899999833E-03	 0.159999995E-02	 0.226210076E-03
    2852	 0.899999833E-03	 0.119999986E-02	 0.159999995E-02	 0.225563153E-03
    2863	 0.899999833E-03	 0.149999988E-02	 0.159999995E-02	 0.224691168E-03
    2874	 0.899999833E-03	 0.179999990E-02	 0.159999995E-02	 0.223358315E-03
    2885	 0.899999833E-03	 0.209999993E-02	 0.159999995E-02	 0.221446466E-03
    2896	 0.899999833E-03	 0.239999995E-02	 0.159999995E-02	 0.215493771E-03
    2907	 0.899999833E-03	 0.269999998E-02	 0.159999995E-02	 0.199924941E-03
    2918	 0.899999833E-03	 0.300000000E-02	 0.159999995E-02	 0.257533342E-03
    3028	 0.119999986E-02	-0.300000262E-03	 0.159999995E-02	 0.226088906E-03
    3039	 0.119999986E-02	-0.238418579E-09	 0.159999995E-02	 0.226128349E-03
    3050	 0.119999986E-02	 0.299999785E-03	 0.159999995E-02	 0.226088906E-03
    3061	 0.119999986E-02	 0.599999809E-03	 0.159999995E-02	 0.225923832E-03
    3072	 0.119999986E-02	 0.899999833E-03	 0.159999995E-02	 0.225563153E-03
    3083	 0.119999986E-02	 0.119999986E-02	 0.159999995E-02	 0.224942853E-03
    3094	 0.119999986E-02	 0.149999988E-02	 0.159999995E-02	 0.224279283E-03
    3105	 0.119999986E-02	 0.179999990E-02	 0.159999995E-02	 0.222927926E-03
    3116	 0.119999986E-02	 0.209999993E-02	 0.159999995E-02	 0.221067802E-03
    3127	 0.119999986E-02	 0.239999995E-02	 0.159999995E-02	 0.224061514E-03
    3138	 0.119999986E-02	 0.269999998E-02	 0.159999995E-02	 0.201256769E-03
    3149	 0.119999986E-02	 0.300000000E-02	 0.159999995E-02	 0.291055867E-03
    3259	 0.149999988E-02	-0.300000262E-03	 0.159999995E-02	 0.224956228E-03
    3270	 0.149999988E-02	-0.238418579E-09	 0.159999995E-02	 0.224962239E-03
    3281	 0.149999988E-02	 0.299999785E-03	 0.159999995E-02	 0.224956228E-03
    3292	 0.149999988E-02	 0.599999809E-03	 0.159999995E-02	 0.224917740E-03
    3303	 0.149999988E-02	 0.899999833E-03	 0.159999995E-02	 0.224691168E-03
    3314	 0.149999988E-02	 0.119999986E-02	 0.159999995E-02	 0.224279283E-03
    3325	 0.149999988E-02	 0.149999988E-02	 0.159999995E-02	 0.223428976E-03
    3336	 0.149999988E-02	 0.179999990E-02	 0.159999995E-02	 0.222217231E-03
    3347	 0.149999988E-02	 0.209999993E-02	 0.159999995E-02	 0.224501150E-03
    3358	 0.149999988E-02	 0.239999995E-02	 0.159999995E-02	 0.243846236E-03
    3369	 0.149999988E-02	 0.269999998E-02	 0.159999995E-02	 0.304892899E-03
    3380	 0.149999988E-02	 0.300000000E-02	 0.159999995E-02	 0.333724594E-03
    3479	 0.179999990E-02	-0.300000262E-03	 0.159999995E-02	 0.222899198E-03
    3490	 0.179999990E-02	-0.238418579E-09	 0.159999995E-02	 0.222791280E-03
    3501	 0.179999990E-02	 0.299999785E-03	 0.159999995E-02	 0.222899198E-03
    3512	 0.179999990E-02	 0.599999809E-03	 0.159999995E-02	 0.223142288E-03
    3523	 0.179999990E-02	 0.899999833E-03	 0.159999995E-02	 0.223358315E-03
    3534	 0.179999990E-02	 0.119999986E-02	 0.159999995E-02	 0.222927926E-03
    3545	 0.179999990E-02	 0.149999988E-02	 0.159999995E-02	 0.222217231E-03
    3556	 0.179999990E-02	 0.179999990E-02	 0.159999995E-02	 0.217818242E-03
    3567	 0.179999990E-02	 0.209999993E-02	 0.159999995E-02	 0.238349683E-03
    3578	 0.179999990E-02	 0.239999995E-02	 0.159999995E-02	 0.352903122E-03
    3589	 0.179999990E-02	 0.269999998E-02	 0.159999995E-02	 0.450801571E-03
    3677	 0.209999993E-02	-0.300000262E-03	 0.159999995E-02	 0.220080465E-03
    3688	 0.209999993E-02	-0.238418579E-09	 0.159999995E-02	 0.219835221E-03
    3699	 0.209999993E-02	 0.299999785E-03	 0.159999995E-02	 0.220080465E-03
    3710	 0.209999993E-02	 0.599999809E-03	 0.159999995E-02	 0.220752221E-03
    3721	 0.209999993E-02	 0.899999833E-03	 0.159999995E-02	 0.221446466E-03
    3732	 0.209999993E-02	 0.119999986E-02	 0.159999995E-02	 0.221067802E-03
    3743	 0.209999993E-02	 0.149999988E-02	 0.159999995E-02	 0.224501150E-03
    3754	 0.209999993E-02	 0.179999990E-02	 0.159999995E-02	 0.238349683E-03
    3765	 0.209999993E-02	 0.209999993E-02	 0.159999995E-02	 0.188614956E-03
    3776	 0.209999993E-02	 0.239999995E-02	 0.159999995E-02	 0.265692498E-03
    3864	 0.239999995E-02	-0.300000262E-03	 0.159999995E-02	 0.213268167E-03
    3875	 0.239999995E-02	-0.238418579E-09	 0.159999995E-02	 0.213301943E-03
    3886	 0.239999995E-02	 0.299999785E-03	 0.159999995E-02	 0.213268167E-03
    3897	 0.239999995E-02	 0.599999809E-03	 0.159999995E-02	 0.214762599E-03
    3908	 0.239999995E-02	 0.899999833E-03	 0.159999995E-02	 0.215493771E-03
    3919	 0.239999995E-02	 0.119999986E-02	 0.159999995E-02	 0.224061514E-03
    3930	 0.239999995E-02	 0.149999988E-02	 0.159999995E-02	 0.243846236E-03
    3941	 0.239999995E-02	 0.179999990E-02	 0.159999995E-02	 0.352903122E-03
    3952	 0.239999995E-02	 0.209999993E-02	 0.159999995E-02	 0.265692498E-03
    3963	 0.239999995E-02	 0.239999995E-02	 0.159999995E-02	 0.302727047E-03
    4029	 0.269999998E-02	-0.300000262E-03	 0.159999995E-02	 0.210340937E-03
    4040	 0.269999998E-02	-0.238418579E-09	 0.159999995E-02	 0.209364014E-03
    4051	 0.269999998E-02	 0.299999785E-03	 0.159999995E-02	 0.210340937E-03
    4062	 0.269999998E-02	 0.599999809E-03	 0.159999995E-02	 0.209640204E-03
    4073	 0.269999998E-02	 0.899999833E-03	 0.159999995E-02	 0.199924941E-03
    4084	 0.269999998E-02	 0.119999986E-02	 0.159999995E-02	 0.201256769E-03
    4095	 0.269999998E-02	 0.149999988E-02	 0.159999995E-02	 0.304892899E-03
    4106	 0.269999998E-02	 0.179999990E-02	 0.159999995E-02	 0.450801571E-03
    4161	 0.300000000E-02	-0.300000262E-03	 0.159999995E-02	 0.283631356E-03
    4172	 0.300000000E-02	-0.238418579E-09	 0.159999995E-02	 0.290398168E-03
    4183	 0.300000000E-02	 0.299999785E-03	 0.159999995E-02	 0.283631356E-03
    4194	 0.300000000E-02	 0.599999809E-03	 0.159999995E-02	 0.295959126E-03
    4205	 0.300000000E-02	 0.899999833E-03	 0.159999995E-02	 0.257533342E-03
    4216	 0.300000000E-02	 0.119999986E-02	 0.159999995E-02	 0.291055867E-03
    4227	 0.300000000E-02	 0.149999988E-02	 0.159999995E-02	 0.333724594E-03
    1973	-0.300000262E-03	 0.239999995E-02	 0.189999996E-02	 0.831103989E-04
    1984	-0.300000262E-03	 0.269999998E-02	 0.189999996E-02	 0.832516731E-04
    1995	-0.300000262E-03	 0.300000000E-02	 0.189999996E-02	 0.117681126E-03
    2149	-0.238418579E-09	 0.899999833E-03	 0.189999996E-02	 0.824440468E-04
    2160	-0.238418579E-09	 0.119999986E-02	 0.189999996E-02	 0.825339978E-04
    2171	-0.238418579E-09	 0.149999988E-02	 0.189999996E-02	 0.829150237E-04
    2182	-0.238418579E-09	 0.179999990E-02	 0.189999996E-02	 0.835041422E-04
    2193	-0.238418579E-09	 0.209999993E-02	 0.189999996E-02	 0.844360643E-04
    2204	-0.238418579E-09	 0.239999995E-02	 0.189999996E-02	 0.829183348E-04
    2215	-0.238418579E-09	 0.269999998E-02	 0.189999996E-02	 0.828449944E-04
    2226	-0.238418579E-09	 0.300000000E-02	 0.189999996E-02	 0.120324236E-03
    2336	 0.299999785E-03	-0.300000262E-03	 0.189999996E-02	 0.824774756E-04
    2347	 0.299999785E-03	-0.238418579E-09	 0.189999996E-02	 0.824898851E-04
    2358	 0.299999785E-03	 0.299999785E-03	 0.189999996E-02	 0.824774756E-04
    2369	 0.299999785E-03	 0.599999809E-03	 0.189999996E-02	 0.824503367E-04
    2380	 0.299999785E-03	 0.899999833E-03	 0.189999996E-02	 0.824521226E-04
    2391	 0.299999785E-03	 0.119999986E-02	 0.189999996E-02	 0.825749276E-04
    2402	 0.299999785E-03	 0.149999988E-02	 0.189999996E-02	 0.830121674E-04
    2413	 0.299999785E-03	 0.179999990E-02	 0.189999996E-02	 0.837035429E-04
    2424	 0.299999785E-03	 0.209999993E-02	 0.189999996E-02	 0.847306863E-04
    2435	 0.299999785E-03	 0.239999995E-02	 0.189999996E-02	 0.831103989E-04
    2446	 0.299999785E-03	 0.269999998E-02	 0.189999996E-02	 0.832516731E-04
    2457	 0.299999785E-03	 0.300000000E-02	 0.189999996E-02	 0.117681126E-03
    2567	 0.599999809E-03	-0.300000262E-03	 0.189999996E-02	 0.824503367E-04
    2578	 0.599999809E-03	-0.238418579E-09	 0.189999996E-02	 0.824565720E-04
    2589	 0.599999809E-03	 0.299999785E-03	 0.189999996E-02	 0.824503367E-04
    2600	 0.599999809E-03	 0.599999809E-03	 0.189999996E-02	 0.824451696E-04
    2611	 0.599999809E-03	 0.899999833E-03	 0.189999996E-02	 0.824986722E-04
    2622	 0.599999809E-03	 0.119999986E-02	 0.189999996E-02	 0.827183158E-04
    2633	 0.599999809E-03	 0.149999988E-02	 0.189999996E-02	 0.833349854E-04
    2644	 0.599999809E-03	 0.179999990E-02	 0.189999996E-02	 0.842476920E-04
    2655	 0.599999809E-03	 0.209999993E-02	 0.189999996E-02	 0.855695416E-04
    2666	 0.599999809E-03	 0.239999995E-02	 0.189999996E-02	 0.842783040E-04
    2677	 0.599999809E-03	 0.269999998E-02	 0.189999996E-02	 0.834276424E-04
    2688	 0.599999809E-03	 0.300000000E-02	 0.189999996E-02	 0.122484553E-03
    2798	 0.899999833E-03	-0.300000262E-03	 0.189999996E-02	 0.824521226E-04
    2809	 0.899999833E-03	-0.238418579E-09	 0.189999996E-02	 0.824440468E-04
    2820	 0.899999833E-03	 0.299999785E-03	 0.189999996E-02	 0.824521226E-04
    2831	 0.899999833E-03	 0.599999809E-03	 0.189999996E-02	 0.824986722E-04
    2842	 0.899999833E-03	 0.899999833E-03	 0.189999996E-02	 0.826468191E-04
    2853	 0.899999833E-03	 0.119999986E-02	 0.189999996E-02	 0.830435561E-04
    2864	 0.899999833E-03	 0.149999988E-02	 0.189999996E-02	 0.838912549E-04
    2875	 0.899999833E-03	 0.179999990E-02	 0.189999996E-02	 0.851389597E-04
    2886	 0.899999833E-03	 0.209999993E-02	 0.189999996E-02	 0.865462382E-04
    2897	 0.899999833E-03	 0.239999995E-02	 0.189999996E-02	 0.848240963E-04
    2908	 0.899999833E-03	 0.269999998E-02	 0.189999996E-02	 0.811707762E-04
    2919	 0.899999833E-03	 0.300000000E-02	 0.189999996E-02	 0.108874061E-03
    3029	 0.119999986E-02	-0.300000262E-03	 0.189999996E-02	 0.825749276E-04
    3040	 0.119999986E-02	-0.238418579E-09	 0.189999996E-02	 0.825339978E-04
    3051	 0.119999986E-02	 0.299999785E-03	 0.189999996E-02	 0.825749276E-04
    3062	 0.119999986E-02	 0.599999809E-03	 0.189999996E-02	 0.827183158E-04
    3073	 0.119999986E-02	 0.899999833E-03	 0.189999996E-02	 0.830435561E-04
    3084	 0.119999986E-02	 0.119999986E-02	 0.189999996E-02	 0.836872405E-04
    3095	 0.119999986E-02	 0.149999988E-02	 0.189999996E-02	 0.848074159E-04
    3106	 0.119999986E-02	 0.179999990E-02	 0.189999996E-02	 0.859942371E-04
    3117	 0.119999986E-02	 0.209999993E-02	 0.189999996E-02	 0.867824434E-04
    3128	 0.119999986E-02	 0.239999995E-02	 0.189999996E-02	 0.882900470E-04
    3139	 0.119999986E-02	 0.269999998E-02	 0.189999996E-02	 0.807213731E-04
    3150	 0.119999986E-02	 0.300000000E-02	 0.189999996E-02	 0.134543937E-03
    3260	 0.149999988E-02	-0.300000262E-03	 0.189999996E-02	 0.830121674E-04
    3271	 0.149999988E-02	-0.238418579E-09	 0.189999996E-02	 0.829150237E-04
    3282	 0.149999988E-02	 0.299999785E-03	 0.189999996E-02	 0.830121674E-04
    3293	 0.149999988E-02	 0.599999809E-03	 0.189999996E-02	 0.833349854E-04
    3304	 0.149999988E-02	 0.899999833E-03	 0.189999996E-02	 0.838912549E-04
    3315	 0.149999988E-02	 0.119999986E-02	 0.189999996E-02	 0.848074159E-04
    3326	 0.149999988E-02	 0.149999988E-02	 0.189999996E-02	 0.858482687E-04
    3337	 0.149999988E-02	 0.179999990E-02	 0.189999996E-02	 0.868561689E-04
    3348	 0.149999988E-02	 0.209999993E-02	 0.189999996E-02	 0.876814493E-04
    3359	 0.149999988E-02	 0.239999995E-02	 0.189999996E-02	 0.942216850E-04
    3370	 0.149999988E-02	 0.269999998E-02	 0.189999996E-02	 0.126649949E-03
    3381	 0.149999988E-02	 0.300000000E-02	 0.189999996E-02	 0.155261953E-03
    3480	 0.179999990E-02	-0.300000262E-03	 0.189999996E-02	 0.837035429E-04
    3491	 0.179999990E-02	-0.238418579E-09	 0.189999996E-02	 0.835041422E-04
    3502	 0.179999990E-02	 0.299999785E-03	 0.189999996E-02	 0.837035429E-04
    3513	 0.179999990E-02	 0.599999809E-03	 0.189999996E-02	 0.842476920E-04
    3524	 0.179999990E-02	 0.899999833E-03	 0.189999996E-02	 0.851389597E-04
    3535	 0.179999990E-02	 0.119999986E-02	 0.189999996E-02	 0.859942371E-04
    3546	 0.179999990E-02	 0.149999988E-02	 0.189999996E-02	 0.868561689E-04
    3557	 0.179999990E-02	 0.179999990E-02	 0.189999996E-02	 0.855103081E-04
    3568	 0.179999990E-02	 0.209999993E-02	 0.189999996E-02	 0.921744552E-04
    3579	 0.179999990E-02	 0.239999995E-02	 0.189999996E-02	 0.139567780E-03
    3590	 0.179999990E-02	 0.269999998E-02	 0.189999996E-02	 0.197200908E-03
    3678	 0.209999993E-02	-0.300000262E-03	 0.189999996E-02	 0.847306863E-04
    3689	 0.209999993E-02	-0.238418579E-09	 0.189999996E-02	 0.844360643E-04
    3700	 0.209999993E-02	 0.299999785E-03	 0.189999996E-02	 0.847306863E-04
    3711	 0.209999993E-02	 0.599999809E-03	 0.189999996E-02	 0.855695416E-04
    3722	 0.209999993E-02	 0.899999833E-03	 0.189999996E-02	 0.865462382E-04
    3733	 0.209999993E-02	 0.119999986E-02	 0.189999996E-02	 0.867824434E-04
    3744	 0.209999993E-02	 0.149999988E-02	 0.189999996E-02	 0.876814493E-04
    3755	 0.209999993E-02	 0.179999990E-02	 0.189999996E-02	 0.921744552E-04
    3766	 0.209999993E-02	 0.209999993E-02	 0.189999996E-02	 0.736464506E-04
    3777	 0.209999993E-02	 0.239999995E-02	 0.189999996E-02	 0.112441373E-03
    3865	 0.239999995E-02	-0.300000262E-03	 0.189999996E-02	 0.831103989E-04
    3876	 0.239999995E-02	-0.238418579E-09	 0.189999996E-02	 0.829183348E-04
    3887	 0.239999995E-02	 0.299999785E-03	 0.189999996E-02	 0.831103989E-04
    3898	 0.239999995E-02	 0.599999809E-03	 0.189999996E-02	 0.842783040E-04
    3909	 0.239999995E-02	 0.899999833E-03	 0.189999996E-02	 0.848240963E-04
    3920	 0.239999995E-02	 0.119999986E-02	 0.189999996E-02	 0.882900470E-04
    3931	 0.239999995E-02	 0.149999988E-02	 0.189999996E-02	 0.942216850E-04
    3942	 0.239999995E-02	 0.179999990E-02	 0.189999996E-02	 0.139567780E-03
    3953	 0.239999995E-02	 0.209999993E-02	 0.189999996E-02	 0.112441373E-03
    3964	 0.239999995E-02	 0.239999995E-02	 0.189999996E-02	 0.144102841E-03
    4030	 0.269999998E-02	-0.300000262E-03	 0.189999996E-02	 0.832516731E-04
    4041	 0.269999998E-02	-0.238418579E-09	 0.189999996E-02	 0.828449944E-04
    4052	 0.269999998E-02	 0.299999785E-03	 0.189999996E-02	 0.832516731E-04
    4063	 0.269999998E-02	 0.599999809E-03	 0.189999996E-02	 0.834276424E-04
    4074	 0.269999998E-02	 0.899999833E-03	 0.189999996E-02	 0.811707762E-04
    4085	 0.269999998E-02	 0.119999986E-02	 0.189999996E-02	 0.807213731E-04
    4096	 0.269999998E-02	 0.149999988E-02	 0.189999996E-02	 0.126649949E-03
    4107	 0.269999998E-02	 0.179999990E-02	 0.189999996E-02	 0.197200908E-03
    4162	 0.300000000E-02	-0.300000262E-03	 0.189999996E-02	 0.117681126E-03
    4173	 0.300000000E-02	-0.238418579E-09	 0.189999996E-02	 0.120324236E-03
    4184	 0.300000000E-02	 0.299999785E-03	 0.189999996E-02	 0.117681126E-03
    4195	 0.300000000E-02	 0.599999809E-03	 0.189999996E-02	 0.122484553E-03
    4206	 0.300000000E-02	 0.899999833E-03	 0.189999996E-02	 0.108874061E-03
    4217	 0.300000000E-02	 0.119999986E-02	 0.189999996E-02	 0.134543937E-03
    4228	 0.300000000E-02	 0.149999988E-02	 0.189999996E-02	 0.155261953E-03
    1974	-0.300000262E-03	 0.239999995E-02	 0.219999996E-02	 0.433531951E-04
    1985	-0.300000262E-03	 0.269999998E-02	 0.219999996E-02	 0.437689926E-04
    1996	-0.300000262E-03	 0.300000000E-02	 0.219999996E-02	 0.647941713E-04
    2150	-0.238418579E-09	 0.899999833E-03	 0.219999996E-02	 0.404468979E-04
    2161	-0.238418579E-09	 0.119999986E-02	 0.219999996E-02	 0.408081959E-04
    2172	-0.238418579E-09	 0.149999988E-02	 0.219999996E-02	 0.414781594E-04
    2183	-0.238418579E-09	 0.179999990E-02	 0.219999996E-02	 0.423962703E-04
    2194	-0.238418579E-09	 0.209999993E-02	 0.219999996E-02	 0.436240824E-04
    2205	-0.238418579E-09	 0.239999995E-02	 0.219999996E-02	 0.432654501E-04
    2216	-0.238418579E-09	 0.269999998E-02	 0.219999996E-02	 0.435691926E-04
    2227	-0.238418579E-09	 0.300000000E-02	 0.219999996E-02	 0.662532884E-04
    2337	 0.299999785E-03	-0.300000262E-03	 0.219999996E-02	 0.402161824E-04
    2348	 0.299999785E-03	-0.238418579E-09	 0.219999996E-02	 0.401943063E-04
    2359	 0.299999785E-03	 0.299999785E-03	 0.219999996E-02	 0.402161824E-04
    2370	 0.299999785E-03	 0.599999809E-03	 0.219999996E-02	 0.402984835E-04
    2381	 0.299999785E-03	 0.899999833E-03	 0.219999996E-02	 0.404893493E-04
    2392	 0.299999785E-03	 0.119999986E-02	 0.219999996E-02	 0.408751691E-04
    2403	 0.299999785E-03	 0.149999988E-02	 0.219999996E-02	 0.415692949E-04
    2414	 0.299999785E-03	 0.179999990E-02	 0.219999996E-02	 0.425365398E-04
    2425	 0.299999785E-03	 0.209999993E-02	 0.219999996E-02	 0.437756296E-04
    2436	 0.299999785E-03	 0.239999995E-02	 0.219999996E-02	 0.433531951E-04
    2447	 0.299999785E-03	 0.269999998E-02	 0.219999996E-02	 0.437689926E-04
    2458	 0.299999785E-03	 0.300000000E-02	 0.219999996E-02	 0.647941713E-04
    2568	 0.599999809E-03	-0.300000262E-03	 0.219999996E-02	 0.402984835E-04
    2579	 0.599999809E-03	-0.238418579E-09	 0.219999996E-02	 0.402684848E-04
    2590	 0.599999809E-03	 0.299999785E-03	 0.219999996E-02	 0.402984835E-04
    2601	 0.599999809E-03	 0.599999809E-03	 0.219999996E-02	 0.404023890E-04
    2612	 0.599999809E-03	 0.899999833E-03	 0.219999996E-02	 0.406360889E-04
    2623	 0.599999809E-03	 0.119999986E-02	 0.219999996E-02	 0.410814912E-04
    2634	 0.599999809E-03	 0.149999988E-02	 0.219999996E-02	 0.418736547E-04
    2645	 0.599999809E-03	 0.179999990E-02	 0.219999996E-02	 0.429125557E-04
    2656	 0.599999809E-03	 0.209999993E-02	 0.219999996E-02	 0.442206602E-04
    2667	 0.599999809E-03	 0.239999995E-02	 0.219999996E-02	 0.438729073E-04
    2678	 0.599999809E-03	 0.269999998E-02	 0.219999996E-02	 0.438304069E-04
    2689	 0.599999809E-03	 0.300000000E-02	 0.219999996E-02	 0.676087626E-04
    2799	 0.899999833E-03	-0.300000262E-03	 0.219999996E-02	 0.404893493E-04
    2810	 0.899999833E-03	-0.238418579E-09	 0.219999996E-02	 0.404468979E-04
    2821	 0.899999833E-03	 0.299999785E-03	 0.219999996E-02	 0.404893493E-04
    2832	 0.899999833E-03	 0.599999809E-03	 0.219999996E-02	 0.406360889E-04
    2843	 0.899999833E-03	 0.899999833E-03	 0.219999996E-02	 0.409390353E-04
    2854	 0.899999833E-03	 0.119999986E-02	 0.219999996E-02	 0.414910360E-04
    2865	 0.899999833E-03	 0.149999988E-02	 0.219999996E-02	 0.423804072E-04
    2876	 0.899999833E-03	 0.179999990E-02	 0.219999996E-02	 0.435357034E-04
    2887	 0.899999833E-03	 0.209999993E-02	 0.219999996E-02	 0.446916466E-04
    2898	 0.899999833E-03	 0.239999995E-02	 0.219999996E-02	 0.440262781E-04
    2909	 0.899999833E-03	 0.269999998E-02	 0.219999996E-02	 0.429109048E-04
    2920	 0.899999833E-03	 0.300000000E-02	 0.219999996E-02	 0.598487719E-04
    3030	 0.119999986E-02	-0.300000262E-03	 0.219999996E-02	 0.408751691E-04
    3041	 0.119999986E-02	-0.238418579E-09	 0.219999996E-02	 0.408081959E-04
    3052	 0.119999986E-02	 0.299999785E-03	 0.219999996E-02	 0.408751691E-04
    3063	 0.119999986E-02	 0.599999809E-03	 0.219999996E-02	 0.410814912E-04
    3074	 0.119999986E-02	 0.899999833E-03	 0.219999996E-02	 0.414910360E-04
    3085	 0.119999986E-02	 0.119999986E-02	 0.219999996E-02	 0.421491611E-04
    3096	 0.119999986E-02	 0.149999988E-02	 0.219999996E-02	 0.431664737E-04
    3107	 0.119999986E-02	 0.179999990E-02	 0.219999996E-02	 0.441587462E-04
    3118	 0.119999986E-02	 0.209999993E-02	 0.219999996E-02	 0.448396916E-04
    3129	 0.119999986E-02	 0.239999995E-02	 0.219999996E-02	 0.457757190E-04
    3140	 0.119999986E-02	 0.269999998E-02	 0.219999996E-02	 0.432058812E-04
    3151	 0.119999986E-02	 0.300000000E-02	 0.219999996E-02	 0.761057534E-04
    3261	 0.149999988E-02	-0.300000262E-03	 0.219999996E-02	 0.415692949E-04
    3272	 0.149999988E-02	-0.238418579E-09	 0.219999996E-02	 0.414781594E-04
    3283	 0.149999988E-02	 0.299999785E-03	 0.219999996E-02	 0.415692949E-04
    3294	 0.149999988E-02	 0.599999809E-03	 0.219999996E-02	 0.418736547E-04
    3305	 0.149999988E-02	 0.899999833E-03	 0.219999996E-02	 0.423804072E-04
    3316	 0.149999988E-02	 0.119999986E-02	 0.219999996E-02	 0.431664737E-04
    3327	 0.149999988E-02	 0.149999988E-02	 0.219999996E-02	 0.440193218E-04
    3338	 0.149999988E-02	 0.179999990E-02	 0.219999996E-02	 0.448030554E-04
    3349	 0.149999988E-02	 0.209999993E-02	 0.219999996E-02	 0.451606484E-04
    3360	 0.149999988E-02	 0.239999995E-02	 0.219999996E-02	 0.487883723E-04
    3371	 0.149999988E-02	 0.269999998E-02	 0.219999996E-02	 0.690982562E-04
    3382	 0.149999988E-02	 0.300000000E-02	 0.219999996E-02	 0.874168761E-04
    3481	 0.179999990E-02	-0.300000262E-03	 0.219999996E-02	 0.425365398E-04
    3492	 0.179999990E-02	-0.238418579E-09	 0.219999996E-02	 0.423962703E-04
    3503	 0.179999990E-02	 0.299999785E-03	 0.219999996E-02	 0.425365398E-04
    3514	 0.179999990E-02	 0.599999809E-03	 0.219999996E-02	 0.429125557E-04
    3525	 0.179999990E-02	 0.899999833E-03	 0.219999996E-02	 0.435357034E-04
    3536	 0.179999990E-02	 0.119999986E-02	 0.219999996E-02	 0.441587462E-04
    3547	 0.179999990E-02	 0.149999988E-02	 0.219999996E-02	 0.448030554E-04
    3558	 0.179999990E-02	 0.179999990E-02	 0.219999996E-02	 0.441460685E-04
    3569	 0.179999990E-02	 0.209999993E-02	 0.219999996E-02	 0.472982451E-04
    3580	 0.179999990E-02	 0.239999995E-02	 0.219999996E-02	 0.736336689E-04
    3591	 0.179999990E-02	 0.269999998E-02	 0.219999996E-02	 0.110417750E-03
    3679	 0.209999993E-02	-0.300000262E-03	 0.219999996E-02	 0.437756296E-04
    3690	 0.209999993E-02	-0.238418579E-09	 0.219999996E-02	 0.436240824E-04
    3701	 0.209999993E-02	 0.299999785E-03	 0.219999996E-02	 0.437756296E-04
    3712	 0.209999993E-02	 0.599999809E-03	 0.219999996E-02	 0.442206602E-04
    3723	 0.209999993E-02	 0.899999833E-03	 0.219999996E-02	 0.446916466E-04
    3734	 0.209999993E-02	 0.119999986E-02	 0.219999996E-02	 0.448396916E-04
    3745	 0.209999993E-02	 0.149999988E-02	 0.219999996E-02	 0.451606484E-04
    3756	 0.209999993E-02	 0.179999990E-02	 0.219999996E-02	 0.472982451E-04
    3767	 0.209999993E-02	 0.209999993E-02	 0.219999996E-02	 0.387426070E-04
    3778	 0.209999993E-02	 0.239999995E-02	 0.219999996E-02	 0.627673136E-04
    3866	 0.239999995E-02	-0.300000262E-03	 0.219999996E-02	 0.433531951E-04
    3877	 0.239999995E-02	-0.238418579E-09	 0.219999996E-02	 0.432654501E-04
    3888	 0.239999995E-02	 0.299999785E-03	 0.219999996E-02	 0.433531951E-04
    3899	 0.239999995E-02	 0.599999809E-03	 0.219999996E-02	 0.438729073E-04
    3910	 0.239999995E-02	 0.899999833E-03	 0.219999996E-02	 0.440262781E-04
    3921	 0.239999995E-02	 0.119999986E-02	 0.219999996E-02	 0.457757190E-04
    3932	 0.239999995E-02	 0.149999988E-02	 0.219999996E-02	 0.487883723E-04
    3943	 0.239999995E-02	 0.179999990E-02	 0.219999996E-02	 0.736336689E-04
    3954	 0.239999995E-02	 0.209999993E-02	 0.219999996E-02	 0.627673136E-04
    3965	 0.239999995E-02	 0.239999995E-02	 0.219999996E-02	 0.842832217E-04
    4031	 0.269999998E-02	-0.300000262E-03	 0.219999996E-02	 0.437689926E-04
    4042	 0.269999998E-02	-0.238418579E-09	 0.219999996E-02	 0.435691926E-04
    4053	 0.269999998E-02	 0.299999785E-03	 0.219999996E-02	 0.437689926E-04
    4064	 0.269999998E-02	 0.599999809E-03	 0.219999996E-02	 0.438304069E-04
    4075	 0.269999998E-02	 0.899999833E-03	 0.219999996E-02	 0.429109048E-04
    4086	 0.269999998E-02	 0.119999986E-02	 0.219999996E-02	 0.432058812E-04
    4097	 0.269999998E-02	 0.149999988E-02	 0.219999996E-02	 0.690982562E-04
    4108	 0.269999998E-02	 0.179999990E-02	 0.219999996E-02	 0.110417750E-03
    4163	 0.300000000E-02	-0.300000262E-03	 0.219999996E-02	 0.647941713E-04
    4174	 0.300000000E-02	-0.238418579E-09	 0.219999996E-02	 0.662532884E-04
    4185	 0.300000000E-02	 0.299999785E-03	 0.219999996E-02	 0.647941713E-04
    4196	 0.300000000E-02	 0.599999809E-03	 0.219999996E-02	 0.676087626E-04
    4207	 0.300000000E-02	 0.899999833E-03	 0.219999996E-02	 0.598487719E-04
    4218	 0.300000000E-02	 0.119999986E-02	 0.219999996E-02	 0.761057534E-04
    4229	 0.300000000E-02	 0.149999988E-02	 0.219999996E-02	 0.874168761E-04
    1975	-0.300000262E-03	 0.239999995E-02	 0.249999997E-02	 0.264637274E-04
    1986	-0.300000262E-03	 0.269999998E-02	 0.249999997E-02	 0.267980565E-04
    1997	-0.300000262E-03	 0.300000000E-02	 0.249999997E-02	 0.412928626E-04
    2151	-0.238418579E-09	 0.899999833E-03	 0.249999997E-02	 0.259761041E-04
    2162	-0.238418579E-09	 0.119999986E-02	 0.249999997E-02	 0.256170379E-04
    2173	-0.238418579E-09	 0.149999988E-02	 0.249999997E-02	 0.249794420E-04
    2184	-0.238418579E-09	 0.179999990E-02	 0.249999997E-02	 0.252253269E-04
    2195	-0.238418579E-09	 0.209999993E-02	 0.249999997E-02	 0.264182801E-04
    2206	-0.238418579E-09	 0.239999995E-02	 0.249999997E-02	 0.264211742E-04
    2217	-0.238418579E-09	 0.269999998E-02	 0.249999997E-02	 0.266585912E-04
    2228	-0.238418579E-09	 0.300000000E-02	 0.249999997E-02	 0.422320881E-04
    2338	 0.299999785E-03	-0.300000262E-03	 0.249999997E-02	 0.262404497E-04
    2349	 0.299999785E-03	-0.238418579E-09	 0.249999997E-02	 0.262710974E-04
    2360	 0.299999785E-03	 0.299999785E-03	 0.249999997E-02	 0.262404497E-04
    2371	 0.299999785E-03	 0.599999809E-03	 0.249999997E-02	 0.261397445E-04
    2382	 0.299999785E-03	 0.899999833E-03	 0.249999997E-02	 0.259348042E-04
    2393	 0.299999785E-03	 0.119999986E-02	 0.249999997E-02	 0.255666001E-04
    2404	 0.299999785E-03	 0.149999988E-02	 0.249999997E-02	 0.249147667E-04
    2415	 0.299999785E-03	 0.179999990E-02	 0.249999997E-02	 0.253180142E-04
    2426	 0.299999785E-03	 0.209999993E-02	 0.249999997E-02	 0.265016976E-04
    2437	 0.299999785E-03	 0.239999995E-02	 0.249999997E-02	 0.264637274E-04
    2448	 0.299999785E-03	 0.269999998E-02	 0.249999997E-02	 0.267980565E-04
    2459	 0.299999785E-03	 0.300000000E-02	 0.249999997E-02	 0.412928626E-04
    2569	 0.599999809E-03	-0.300000262E-03	 0.249999997E-02	 0.261397445E-04
    2580	 0.599999809E-03	-0.238418579E-09	 0.249999997E-02	 0.261737495E-04
    2591	 0.599999809E-03	 0.299999785E-03	 0.249999997E-02	 0.261397445E-04
    2602	 0.599999809E-03	 0.599999809E-03	 0.249999997E-02	 0.260266783E-04
    2613	 0.599999809E-03	 0.899999833E-03	 0.249999997E-02	 0.258017499E-04
    2624	 0.599999809E-03	 0.119999986E-02	 0.249999997E-02	 0.254008049E-04
    2635	 0.599999809E-03	 0.149999988E-02	 0.249999997E-02	 0.247139744E-04
    2646	 0.599999809E-03	 0.179999990E-02	 0.249999997E-02	 0.255673210E-04
    2657	 0.599999809E-03	 0.209999993E-02	 0.249999997E-02	 0.267799546E-04
    2668	 0.599999809E-03	 0.239999995E-02	 0.249999997E-02	 0.267935065E-04
    2679	 0.599999809E-03	 0.269999998E-02	 0.249999997E-02	 0.269927285E-04
    2690	 0.599999809E-03	 0.300000000E-02	 0.249999997E-02	 0.431891429E-04
    2800	 0.899999833E-03	-0.300000262E-03	 0.249999997E-02	 0.259348042E-04
    2811	 0.899999833E-03	-0.238418579E-09	 0.249999997E-02	 0.259761041E-04
    2822	 0.899999833E-03	 0.299999785E-03	 0.249999997E-02	 0.259348042E-04
    2833	 0.899999833E-03	 0.599999809E-03	 0.249999997E-02	 0.258017499E-04
    2844	 0.899999833E-03	 0.899999833E-03	 0.249999997E-02	 0.255407637E-04
    2855	 0.899999833E-03	 0.119999986E-02	 0.249999997E-02	 0.250883890E-04
    2866	 0.899999833E-03	 0.149999988E-02	 0.249999997E-02	 0.250580556E-04
    2877	 0.899999833E-03	 0.179999990E-02	 0.249999997E-02	 0.260099613E-04
    2888	 0.899999833E-03	 0.209999993E-02	 0.249999997E-02	 0.271018552E-04
    2899	 0.899999833E-03	 0.239999995E-02	 0.249999997E-02	 0.269851535E-04
    2910	 0.899999833E-03	 0.269999998E-02	 0.249999997E-02	 0.266592374E-04
    2921	 0.899999833E-03	 0.300000000E-02	 0.249999997E-02	 0.381242922E-04
    3031	 0.119999986E-02	-0.300000262E-03	 0.249999997E-02	 0.255666001E-04
    3042	 0.119999986E-02	-0.238418579E-09	 0.249999997E-02	 0.256170379E-04
    3053	 0.119999986E-02	 0.299999785E-03	 0.249999997E-02	 0.255666001E-04
    3064	 0.119999986E-02	 0.599999809E-03	 0.249999997E-02	 0.254008049E-04
    3075	 0.119999986E-02	 0.899999833E-03	 0.249999997E-02	 0.250883890E-04
    3086	 0.119999986E-02	 0.119999986E-02	 0.249999997E-02	 0.248665395E-04
    3097	 0.119999986E-02	 0.149999988E-02	 0.249999997E-02	 0.256720005E-04
    3108	 0.119999986E-02	 0.179999990E-02	 0.249999997E-02	 0.265103053E-04
    3119	 0.119999986E-02	 0.209999993E-02	 0.249999997E-02	 0.273032264E-04
    3130	 0.119999986E-02	 0.239999995E-02	 0.249999997E-02	 0.281433148E-04
    3141	 0.119999986E-02	 0.269999998E-02	 0.249999997E-02	 0.270852374E-04
    3152	 0.119999986E-02	 0.300000000E-02	 0.249999997E-02	 0.486709964E-04
    3262	 0.149999988E-02	-0.300000262E-03	 0.249999997E-02	 0.249147667E-04
    3273	 0.149999988E-02	-0.238418579E-09	 0.249999997E-02	 0.249794420E-04
    3284	 0.149999988E-02	 0.299999785E-03	 0.249999997E-02	 0.249147667E-04
    3295	 0.149999988E-02	 0.599999809E-03	 0.249999997E-02	 0.247139744E-04
    3306	 0.149999988E-02	 0.899999833E-03	 0.249999997E-02	 0.250580556E-04
    3317	 0.149999988E-02	 0.119999986E-02	 0.249999997E-02	 0.256720005E-04
    3328	 0.149999988E-02	 0.149999988E-02	 0.249999997E-02	 0.263779493E-04
    3339	 0.149999988E-02	 0.179999990E-02	 0.249999997E-02	 0.271407151E-04
    3350	 0.149999988E-02	 0.209999993E-02	 0.249999997E-02	 0.275312850E-04
    3361	 0.149999988E-02	 0.239999995E-02	 0.249999997E-02	 0.300006469E-04
    3372	 0.149999988E-02	 0.269999998E-02	 0.249999997E-02	 0.432867743E-04
    3383	 0.149999988E-02	 0.300000000E-02	 0.249999997E-02	 0.559181168E-04
    3482	 0.179999990E-02	-0.300000262E-03	 0.249999997E-02	 0.253180142E-04
    3493	 0.179999990E-02	-0.238418579E-09	 0.249999997E-02	 0.252253269E-04
    3504	 0.179999990E-02	 0.299999785E-03	 0.249999997E-02	 0.253180142E-04
    3515	 0.179999990E-02	 0.599999809E-03	 0.249999997E-02	 0.255673210E-04
    3526	 0.179999990E-02	 0.899999833E-03	 0.249999997E-02	 0.260099613E-04
    3537	 0.179999990E-02	 0.119999986E-02	 0.249999997E-02	 0.265103053E-04
    3548	 0.179999990E-02	 0.149999988E-02	 0.249999997E-02	 0.271407151E-04
    3559	 0.179999990E-02	 0.179999990E-02	 0.249999997E-02	 0.269432827E-04
    3570	 0.179999990E-02	 0.209999993E-02	 0.249999997E-02	 0.288325164E-04
    3581	 0.179999990E-02	 0.239999995E-02	 0.249999997E-02	 0.453154386E-04
    3592	 0.179999990E-02	 0.269999998E-02	 0.249999997E-02	 0.698471145E-04
    3680	 0.209999993E-02	-0.300000262E-03	 0.249999997E-02	 0.265016976E-04
    3691	 0.209999993E-02	-0.238418579E-09	 0.249999997E-02	 0.264182801E-04
    3702	 0.209999993E-02	 0.299999785E-03	 0.249999997E-02	 0.265016976E-04
    3713	 0.209999993E-02	 0.599999809E-03	 0.249999997E-02	 0.267799546E-04
    3724	 0.209999993E-02	 0.899999833E-03	 0.249999997E-02	 0.271018552E-04
    3735	 0.209999993E-02	 0.119999986E-02	 0.249999997E-02	 0.273032264E-04
    3746	 0.209999993E-02	 0.149999988E-02	 0.249999997E-02	 0.275312850E-04
    3757	 0.209999993E-02	 0.179999990E-02	 0.249999997E-02	 0.288325164E-04
    3768	 0.209999993E-02	 0.209999993E-02	 0.249999997E-02	 0.241789140E-04
    3779	 0.209999993E-02	 0.239999995E-02	 0.249999997E-02	 0.400065200E-04
    3867	 0.239999995E-02	-0.300000262E-03	 0.249999997E-02	 0.264637274E-04
    3878	 0.239999995E-02	-0.238418579E-09	 0.249999997E-02	 0.264211742E-04
    3889	 0.239999995E-02	 0.299999785E-03	 0.249999997E-02	 0.264637274E-04
    3900	 0.239999995E-02	 0.599999809E-03	 0.249999997E-02	 0.267935065E-04
    3911	 0.239999995E-02	 0.899999833E-03	 0.249999997E-02	 0.269851535E-04
    3922	 0.239999995E-02	 0.119999986E-02	 0.249999997E-02	 0.281433148E-04
    3933	 0.239999995E-02	 0.149999988E-02	 0.249999997E-02	 0.300006469E-04
    3944	 0.239999995E-02	 0.179999990E-02	 0.249999997E-02	 0.453154386E-04
    3955	 0.239999995E-02	 0.209999993E-02	 0.249999997E-02	 0.400065200E-04
    3966	 0.239999995E-02	 0.239999995E-02	 0.249999997E-02	 0.547439021E-04
    4032	 0.269999998E-02	-0.300000262E-03	 0.249999997E-02	 0.267980565E-04
    4043	 0.269999998E-02	-0.238418579E-09	 0.249999997E-02	 0.266585912E-04
    4054	 0.269999998E-02	 0.299999785E-03	 0.249999997E-02	 0.267980565E-04
    4065	 0.269999998E-02	 0.599999809E-03	 0.249999997E-02	 0.269927285E-04
    4076	 0.269999998E-02	 0.899999833E-03	 0.249999997E-02	 0.266592374E-04
    4087	 0.269999998E-02	 0.119999986E-02	 0.249999997E-02	 0.270852374E-04
    4098	 0.269999998E-02	 0.149999988E-02	 0.249999997E-02	 0.432867743E-04
    4109	 0.269999998E-02	 0.179999990E-02	 0.249999997E-02	 0.698471145E-04
    4164	 0.300000000E-02	-0.300000262E-03	 0.249999997E-02	 0.412928626E-04
    4175	 0.300000000E-02	-0.238418579E-09	 0.249999997E-02	 0.422320881E-04
    4186	 0.300000000E-02	 0.299999785E-03	 0.249999997E-02	 0.412928626E-04
    4197	 0.300000000E-02	 0.599999809E-03	 0.249999997E-02	 0.431891429E-04
    4208	 0.300000000E-02	 0.899999833E-03	 0.249999997E-02	 0.381242922E-04
    4219	 0.300000000E-02	 0.119999986E-02	 0.249999997E-02	 0.486709964E-04
    4230	 0.300000000E-02	 0.149999988E-02	 0.249999997E-02	 0.559181168E-04
    1976	-0.300000262E-03	 0.239999995E-02	 0.279999998E-02	 0.181699238E-04
    1987	-0.300000262E-03	 0.269999998E-02	 0.279999998E-02	 0.181069337E-04
    1998	-0.300000262E-03	 0.300000000E-02	 0.279999998E-02	 0.287417276E-04
    2152	-0.238418579E-09	 0.899999833E-03	 0.279999998E-02	 0.196097196E-04
    2163	-0.238418579E-09	 0.119999986E-02	 0.279999998E-02	 0.192811083E-04
    2174	-0.238418579E-09	 0.149999988E-02	 0.279999998E-02	 0.187214318E-04
    2185	-0.238418579E-09	 0.179999990E-02	 0.279999998E-02	 0.178240790E-04
    2196	-0.238418579E-09	 0.209999993E-02	 0.279999998E-02	 0.176810439E-04
    2207	-0.238418579E-09	 0.239999995E-02	 0.279999998E-02	 0.180297815E-04
    2218	-0.238418579E-09	 0.269999998E-02	 0.279999998E-02	 0.179707540E-04
    2229	-0.238418579E-09	 0.300000000E-02	 0.279999998E-02	 0.293848762E-04
    2339	 0.299999785E-03	-0.300000262E-03	 0.279999998E-02	 0.198586252E-04
    2350	 0.299999785E-03	-0.238418579E-09	 0.279999998E-02	 0.198878807E-04
    2361	 0.299999785E-03	 0.299999785E-03	 0.279999998E-02	 0.198586252E-04
    2372	 0.299999785E-03	 0.599999809E-03	 0.279999998E-02	 0.197627907E-04
    2383	 0.299999785E-03	 0.899999833E-03	 0.279999998E-02	 0.195719977E-04
    2394	 0.299999785E-03	 0.119999986E-02	 0.279999998E-02	 0.192366733E-04
    2405	 0.299999785E-03	 0.149999988E-02	 0.279999998E-02	 0.186674021E-04
    2416	 0.299999785E-03	 0.179999990E-02	 0.279999998E-02	 0.177636986E-04
    2427	 0.299999785E-03	 0.209999993E-02	 0.279999998E-02	 0.177466927E-04
    2438	 0.299999785E-03	 0.239999995E-02	 0.279999998E-02	 0.181699238E-04
    2449	 0.299999785E-03	 0.269999998E-02	 0.279999998E-02	 0.181069337E-04
    2460	 0.299999785E-03	 0.300000000E-02	 0.279999998E-02	 0.287417276E-04
    2570	 0.599999809E-03	-0.300000262E-03	 0.279999998E-02	 0.197627907E-04
    2581	 0.599999809E-03	-0.238418579E-09	 0.279999998E-02	 0.197948051E-04
    2592	 0.599999809E-03	 0.299999785E-03	 0.279999998E-02	 0.197627907E-04
    2603	 0.599999809E-03	 0.599999809E-03	 0.279999998E-02	 0.196576223E-04
    2614	 0.599999809E-03	 0.899999833E-03	 0.279999998E-02	 0.194515111E-04
    2625	 0.599999809E-03	 0.119999986E-02	 0.279999998E-02	 0.190925292E-04
    2636	 0.599999809E-03	 0.149999988E-02	 0.279999998E-02	 0.184994572E-04
    2647	 0.599999809E-03	 0.179999990E-02	 0.279999998E-02	 0.175707013E-04
    2658	 0.599999809E-03	 0.209999993E-02	 0.279999998E-02	 0.179826924E-04
    2669	 0.599999809E-03	 0.239999995E-02	 0.279999998E-02	 0.187275037E-04
    2680	 0.599999809E-03	 0.269999998E-02	 0.279999998E-02	 0.183515538E-04
    2691	 0.599999809E-03	 0.300000000E-02	 0.279999998E-02	 0.301072544E-04
    2801	 0.899999833E-03	-0.300000262E-03	 0.279999998E-02	 0.195719977E-04
    2812	 0.899999833E-03	-0.238418579E-09	 0.279999998E-02	 0.196097196E-04
    2823	 0.899999833E-03	 0.299999785E-03	 0.279999998E-02	 0.195719977E-04
    2834	 0.899999833E-03	 0.599999809E-03	 0.279999998E-02	 0.194515111E-04
    2845	 0.899999833E-03	 0.899999833E-03	 0.279999998E-02	 0.192180237E-04
    2856	 0.899999833E-03	 0.119999986E-02	 0.279999998E-02	 0.188227323E-04
    2867	 0.899999833E-03	 0.149999988E-02	 0.279999998E-02	 0.181846744E-04
    2878	 0.899999833E-03	 0.179999990E-02	 0.279999998E-02	 0.172525149E-04
    2889	 0.899999833E-03	 0.209999993E-02	 0.279999998E-02	 0.183663318E-04
    2900	 0.899999833E-03	 0.239999995E-02	 0.279999998E-02	 0.195159852E-04
    2911	 0.899999833E-03	 0.269999998E-02	 0.279999998E-02	 0.182820212E-04
    2922	 0.899999833E-03	 0.300000000E-02	 0.279999998E-02	 0.281267882E-04
    3032	 0.119999986E-02	-0.300000262E-03	 0.279999998E-02	 0.192366733E-04
    3043	 0.119999986E-02	-0.238418579E-09	 0.279999998E-02	 0.192811083E-04
    3054	 0.119999986E-02	 0.299999785E-03	 0.279999998E-02	 0.192366733E-04
    3065	 0.119999986E-02	 0.599999809E-03	 0.279999998E-02	 0.190925292E-04
    3076	 0.119999986E-02	 0.899999833E-03	 0.279999998E-02	 0.188227323E-04
    3087	 0.119999986E-02	 0.119999986E-02	 0.279999998E-02	 0.183799820E-04
    3098	 0.119999986E-02	 0.149999988E-02	 0.279999998E-02	 0.177008161E-04
    3109	 0.119999986E-02	 0.179999990E-02	 0.279999998E-02	 0.177020685E-04
    3120	 0.119999986E-02	 0.209999993E-02	 0.279999998E-02	 0.191900350E-04
    3131	 0.119999986E-02	 0.239999995E-02	 0.279999998E-02	 0.197143166E-04
    3142	 0.119999986E-02	 0.269999998E-02	 0.279999998E-02	 0.186320497E-04
    3153	 0.119999986E-02	 0.300000000E-02	 0.279999998E-02	 0.342298551E-04
    3263	 0.149999988E-02	-0.300000262E-03	 0.279999998E-02	 0.186674021E-04
    3274	 0.149999988E-02	-0.238418579E-09	 0.279999998E-02	 0.187214318E-04
    3285	 0.149999988E-02	 0.299999785E-03	 0.279999998E-02	 0.186674021E-04
    3296	 0.149999988E-02	 0.599999809E-03	 0.279999998E-02	 0.184994572E-04
    3307	 0.149999988E-02	 0.899999833E-03	 0.279999998E-02	 0.181846744E-04
    3318	 0.149999988E-02	 0.119999986E-02	 0.279999998E-02	 0.177008161E-04
    3329	 0.149999988E-02	 0.149999988E-02	 0.279999998E-02	 0.175632455E-04
    3340	 0.149999988E-02	 0.179999990E-02	 0.279999998E-02	 0.183237748E-04
    3351	 0.149999988E-02	 0.209999993E-02	 0.279999998E-02	 0.192638647E-04
    3362	 0.149999988E-02	 0.239999995E-02	 0.279999998E-02	 0.203824047E-04
    3373	 0.149999988E-02	 0.269999998E-02	 0.279999998E-02	 0.298474892E-04
    3384	 0.149999988E-02	 0.300000000E-02	 0.279999998E-02	 0.392448364E-04
    3483	 0.179999990E-02	-0.300000262E-03	 0.279999998E-02	 0.177636986E-04
    3494	 0.179999990E-02	-0.238418579E-09	 0.279999998E-02	 0.178240790E-04
    3505	 0.179999990E-02	 0.299999785E-03	 0.279999998E-02	 0.177636986E-04
    3516	 0.179999990E-02	 0.599999809E-03	 0.279999998E-02	 0.175707013E-04
    3527	 0.179999990E-02	 0.899999833E-03	 0.279999998E-02	 0.172525149E-04
    3538	 0.179999990E-02	 0.119999986E-02	 0.279999998E-02	 0.177020685E-04
    3549	 0.179999990E-02	 0.149999988E-02	 0.279999998E-02	 0.183237748E-04
    3560	 0.179999990E-02	 0.179999990E-02	 0.279999998E-02	 0.195306665E-04
    3571	 0.179999990E-02	 0.209999993E-02	 0.279999998E-02	 0.195202703E-04
    3582	 0.179999990E-02	 0.239999995E-02	 0.279999998E-02	 0.308012875E-04
    3593	 0.179999990E-02	 0.269999998E-02	 0.279999998E-02	 0.487605511E-04
    3681	 0.209999993E-02	-0.300000262E-03	 0.279999998E-02	 0.177466927E-04
    3692	 0.209999993E-02	-0.238418579E-09	 0.279999998E-02	 0.176810439E-04
    3703	 0.209999993E-02	 0.299999785E-03	 0.279999998E-02	 0.177466927E-04
    3714	 0.209999993E-02	 0.599999809E-03	 0.279999998E-02	 0.179826924E-04
    3725	 0.209999993E-02	 0.899999833E-03	 0.279999998E-02	 0.183663318E-04
    3736	 0.209999993E-02	 0.119999986E-02	 0.279999998E-02	 0.191900350E-04
    3747	 0.209999993E-02	 0.149999988E-02	 0.279999998E-02	 0.192638647E-04
    3758	 0.209999993E-02	 0.179999990E-02	 0.279999998E-02	 0.195202703E-04
    3769	 0.209999993E-02	 0.209999993E-02	 0.279999998E-02	 0.166685376E-04
    3780	 0.209999993E-02	 0.239999995E-02	 0.279999998E-02	 0.279906249E-04
    3868	 0.239999995E-02	-0.300000262E-03	 0.279999998E-02	 0.181699238E-04
    3879	 0.239999995E-02	-0.238418579E-09	 0.279999998E-02	 0.180297815E-04
    3890	 0.239999995E-02	 0.299999785E-03	 0.279999998E-02	 0.181699238E-04
    3901	 0.239999995E-02	 0.599999809E-03	 0.279999998E-02	 0.187275037E-04
    3912	 0.239999995E-02	 0.899999833E-03	 0.279999998E-02	 0.195159852E-04
    3923	 0.239999995E-02	 0.119999986E-02	 0.279999998E-02	 0.197143166E-04
    3934	 0.239999995E-02	 0.149999988E-02	 0.279999998E-02	 0.203824047E-04
    3945	 0.239999995E-02	 0.179999990E-02	 0.279999998E-02	 0.308012875E-04
    3956	 0.239999995E-02	 0.209999993E-02	 0.279999998E-02	 0.279906249E-04
    3967	 0.239999995E-02	 0.239999995E-02	 0.279999998E-02	 0.391136997E-04
    4033	 0.269999998E-02	-0.300000262E-03	 0.279999998E-02	 0.181069337E-04
    4044	 0.269999998E-02	-0.238418579E-09	 0.279999998E-02	 0.179707540E-04
    4055	 0.269999998E-02	 0.299999785E-03	 0.279999998E-02	 0.181069337E-04
    4066	 0.269999998E-02	 0.599999809E-03	 0.279999998E-02	 0.183515538E-04
    4077	 0.269999998E-02	 0.899999833E-03	 0.279999998E-02	 0.182820212E-04
    4088	 0.269999998E-02	 0.119999986E-02	 0.279999998E-02	 0.186320497E-04
    4099	 0.269999998E-02	 0.149999988E-02	 0.279999998E-02	 0.298474892E-04
    4110	 0.269999998E-02	 0.179999990E-02	 0.279999998E-02	 0.487605511E-04
    4165	 0.300000000E-02	-0.300000262E-03	 0.279999998E-02	 0.287417276E-04
    4176	 0.300000000E-02	-0.238418579E-09	 0.279999998E-02	 0.293848762E-04
    4187	 0.300000000E-02	 0.299999785E-03	 0.279999998E-02	 0.287417276E-04
    4198	 0.300000000E-02	 0.599999809E-03	 0.279999998E-02	 0.301072544E-04
    4209	 0.300000000E-02	 0.899999833E-03	 0.279999998E-02	 0.281267882E-04
    4220	 0.300000000E-02	 0.119999986E-02	 0.279999998E-02	 0.342298551E-04
    4231	 0.300000000E-02	 0.149999988E-02	 0.279999998E-02	 0.392448364E-04
    1977	-0.300000262E-03	 0.239999995E-02	 0.309999998E-02	 0.147318980E-04
    1988	-0.300000262E-03	 0.269999998E-02	 0.309999998E-02	 0.130978972E-04
    1999	-0.300000262E-03	 0.300000000E-02	 0.309999998E-02	 0.214630266E-04
    2153	-0.238418579E-09	 0.899999833E-03	 0.309999998E-02	 0.153640546E-04
    2164	-0.238418579E-09	 0.119999986E-02	 0.309999998E-02	 0.150568147E-04
    2175	-0.238418579E-09	 0.149999988E-02	 0.309999998E-02	 0.145597211E-04
    2186	-0.238418579E-09	 0.179999990E-02	 0.309999998E-02	 0.138032585E-04
    2197	-0.238418579E-09	 0.209999993E-02	 0.309999998E-02	 0.138320506E-04
    2208	-0.238418579E-09	 0.239999995E-02	 0.309999998E-02	 0.146181157E-04
    2219	-0.238418579E-09	 0.269999998E-02	 0.309999998E-02	 0.129762109E-04
    2230	-0.238418579E-09	 0.300000000E-02	 0.309999998E-02	 0.217315533E-04
    2340	 0.299999785E-03	-0.300000262E-03	 0.309999998E-02	 0.156091999E-04
    2351	 0.299999785E-03	-0.238418579E-09	 0.309999998E-02	 0.156390377E-04
    2362	 0.299999785E-03	 0.299999785E-03	 0.309999998E-02	 0.156091999E-04
    2373	 0.299999785E-03	 0.599999809E-03	 0.309999998E-02	 0.155131195E-04
    2384	 0.299999785E-03	 0.899999833E-03	 0.309999998E-02	 0.153279187E-04
    2395	 0.299999785E-03	 0.119999986E-02	 0.309999998E-02	 0.150159229E-04
    2406	 0.299999785E-03	 0.149999988E-02	 0.309999998E-02	 0.145122642E-04
    2417	 0.299999785E-03	 0.179999990E-02	 0.309999998E-02	 0.137517823E-04
    2428	 0.299999785E-03	 0.209999993E-02	 0.309999998E-02	 0.139831612E-04
    2439	 0.299999785E-03	 0.239999995E-02	 0.309999998E-02	 0.147318980E-04
    2450	 0.299999785E-03	 0.269999998E-02	 0.309999998E-02	 0.130978972E-04
    2461	 0.299999785E-03	 0.300000000E-02	 0.309999998E-02	 0.214630266E-04
    2571	 0.599999809E-03	-0.300000262E-03	 0.309999998E-02	 0.155131195E-04
    2582	 0.599999809E-03	-0.238418579E-09	 0.309999998E-02	 0.155450493E-04
    2593	 0.599999809E-03	 0.299999785E-03	 0.309999998E-02	 0.155131195E-04
    2604	 0.599999809E-03	 0.599999809E-03	 0.309999998E-02	 0.154098873E-04
    2615	 0.599999809E-03	 0.899999833E-03	 0.309999998E-02	 0.152134487E-04
    2626	 0.599999809E-03	 0.119999986E-02	 0.309999998E-02	 0.148847177E-04
    2637	 0.599999809E-03	 0.149999988E-02	 0.309999998E-02	 0.143658284E-04
    2648	 0.599999809E-03	 0.179999990E-02	 0.309999998E-02	 0.135899429E-04
    2659	 0.599999809E-03	 0.209999993E-02	 0.309999998E-02	 0.144124364E-04
    2670	 0.599999809E-03	 0.239999995E-02	 0.309999998E-02	 0.151723600E-04
    2681	 0.599999809E-03	 0.269999998E-02	 0.309999998E-02	 0.133473029E-04
    2692	 0.599999809E-03	 0.300000000E-02	 0.309999998E-02	 0.222974535E-04
    2802	 0.899999833E-03	-0.300000262E-03	 0.309999998E-02	 0.153279187E-04
    2813	 0.899999833E-03	-0.238418579E-09	 0.309999998E-02	 0.153640546E-04
    2824	 0.899999833E-03	 0.299999785E-03	 0.309999998E-02	 0.153279187E-04
    2835	 0.899999833E-03	 0.599999809E-03	 0.309999998E-02	 0.152134487E-04
    2846	 0.899999833E-03	 0.899999833E-03	 0.309999998E-02	 0.149977298E-04
    2857	 0.899999833E-03	 0.119999986E-02	 0.309999998E-02	 0.146444171E-04
    2868	 0.899999833E-03	 0.149999988E-02	 0.309999998E-02	 0.140972735E-04
    2879	 0.899999833E-03	 0.179999990E-02	 0.309999998E-02	 0.133273535E-04
    2890	 0.899999833E-03	 0.209999993E-02	 0.309999998E-02	 0.150722575E-04
    2901	 0.899999833E-03	 0.239999995E-02	 0.309999998E-02	 0.157664197E-04
    2912	 0.899999833E-03	 0.269999998E-02	 0.309999998E-02	 0.133828196E-04
    2923	 0.899999833E-03	 0.300000000E-02	 0.309999998E-02	 0.213667454E-04
    3033	 0.119999986E-02	-0.300000262E-03	 0.309999998E-02	 0.150159229E-04
    3044	 0.119999986E-02	-0.238418579E-09	 0.309999998E-02	 0.150568147E-04
    3055	 0.119999986E-02	 0.299999785E-03	 0.309999998E-02	 0.150159229E-04
    3066	 0.119999986E-02	 0.599999809E-03	 0.309999998E-02	 0.148847177E-04
    3077	 0.119999986E-02	 0.899999833E-03	 0.309999998E-02	 0.146444171E-04
    3088	 0.119999986E-02	 0.119999986E-02	 0.309999998E-02	 0.142617948E-04
    3099	 0.119999986E-02	 0.149999988E-02	 0.309999998E-02	 0.136953120E-04
    3110	 0.119999986E-02	 0.179999990E-02	 0.309999998E-02	 0.138198976E-04
    3121	 0.119999986E-02	 0.209999993E-02	 0.309999998E-02	 0.156515216E-04
    3132	 0.119999986E-02	 0.239999995E-02	 0.309999998E-02	 0.158117997E-04
    3143	 0.119999986E-02	 0.269999998E-02	 0.309999998E-02	 0.136588489E-04
    3154	 0.119999986E-02	 0.300000000E-02	 0.309999998E-02	 0.254795052E-04
    3264	 0.149999988E-02	-0.300000262E-03	 0.309999998E-02	 0.145122642E-04
    3275	 0.149999988E-02	-0.238418579E-09	 0.309999998E-02	 0.145597211E-04
    3286	 0.149999988E-02	 0.299999785E-03	 0.309999998E-02	 0.145122642E-04
    3297	 0.149999988E-02	 0.599999809E-03	 0.309999998E-02	 0.143658284E-04
    3308	 0.149999988E-02	 0.899999833E-03	 0.309999998E-02	 0.140972735E-04
    3319	 0.149999988E-02	 0.119999986E-02	 0.309999998E-02	 0.136953120E-04
    3330	 0.149999988E-02	 0.149999988E-02	 0.309999998E-02	 0.134270159E-04
    3341	 0.149999988E-02	 0.179999990E-02	 0.309999998E-02	 0.148746180E-04
    3352	 0.149999988E-02	 0.209999993E-02	 0.309999998E-02	 0.155428056E-04
    3363	 0.149999988E-02	 0.239999995E-02	 0.309999998E-02	 0.148417829E-04
    3374	 0.149999988E-02	 0.269999998E-02	 0.309999998E-02	 0.218900712E-04
    3385	 0.149999988E-02	 0.300000000E-02	 0.309999998E-02	 0.292213470E-04
    3484	 0.179999990E-02	-0.300000262E-03	 0.309999998E-02	 0.137517823E-04
    3495	 0.179999990E-02	-0.238418579E-09	 0.309999998E-02	 0.138032585E-04
    3506	 0.179999990E-02	 0.299999785E-03	 0.309999998E-02	 0.137517823E-04
    3517	 0.179999990E-02	 0.599999809E-03	 0.309999998E-02	 0.135899429E-04
    3528	 0.179999990E-02	 0.899999833E-03	 0.309999998E-02	 0.133273535E-04
    3539	 0.179999990E-02	 0.119999986E-02	 0.309999998E-02	 0.138198976E-04
    3550	 0.179999990E-02	 0.149999988E-02	 0.309999998E-02	 0.148746180E-04
    3561	 0.179999990E-02	 0.179999990E-02	 0.309999998E-02	 0.158093287E-04
    3572	 0.179999990E-02	 0.209999993E-02	 0.309999998E-02	 0.143949302E-04
    3583	 0.179999990E-02	 0.239999995E-02	 0.309999998E-02	 0.223723563E-04
    3594	 0.179999990E-02	 0.269999998E-02	 0.309999998E-02	 0.360355404E-04
    3682	 0.209999993E-02	-0.300000262E-03	 0.309999998E-02	 0.139831612E-04
    3693	 0.209999993E-02	-0.238418579E-09	 0.309999998E-02	 0.138320506E-04
    3704	 0.209999993E-02	 0.299999785E-03	 0.309999998E-02	 0.139831612E-04
    3715	 0.209999993E-02	 0.599999809E-03	 0.309999998E-02	 0.144124364E-04
    3726	 0.209999993E-02	 0.899999833E-03	 0.309999998E-02	 0.150722575E-04
    3737	 0.209999993E-02	 0.119999986E-02	 0.309999998E-02	 0.156515216E-04
    3748	 0.209999993E-02	 0.149999988E-02	 0.309999998E-02	 0.155428056E-04
    3759	 0.209999993E-02	 0.179999990E-02	 0.309999998E-02	 0.143949302E-04
    3770	 0.209999993E-02	 0.209999993E-02	 0.309999998E-02	 0.122829420E-04
    3781	 0.209999993E-02	 0.239999995E-02	 0.309999998E-02	 0.207668075E-04
    3869	 0.239999995E-02	-0.300000262E-03	 0.309999998E-02	 0.147318980E-04
    3880	 0.239999995E-02	-0.238418579E-09	 0.309999998E-02	 0.146181157E-04
    3891	 0.239999995E-02	 0.299999785E-03	 0.309999998E-02	 0.147318980E-04
    3902	 0.239999995E-02	 0.599999809E-03	 0.309999998E-02	 0.151723600E-04
    3913	 0.239999995E-02	 0.899999833E-03	 0.309999998E-02	 0.157664197E-04
    3924	 0.239999995E-02	 0.119999986E-02	 0.309999998E-02	 0.158117997E-04
    3935	 0.239999995E-02	 0.149999988E-02	 0.309999998E-02	 0.148417829E-04
    3946	 0.239999995E-02	 0.179999990E-02	 0.309999998E-02	 0.223723563E-04
    3957	 0.239999995E-02	 0.209999993E-02	 0.309999998E-02	 0.207668075E-04
    3968	 0.239999995E-02	 0.239999995E-02	 0.309999998E-02	 0.293697409E-04
    4034	 0.269999998E-02	-0.300000262E-03	 0.309999998E-02	 0.130978972E-04
    4045	 0.269999998E-02	-0.238418579E-09	 0.309999998E-02	 0.129762109E-04
    4056	 0.269999998E-02	 0.299999785E-03	 0.309999998E-02	 0.130978972E-04
    4067	 0.269999998E-02	 0.599999809E-03	 0.309999998E-02	 0.133473029E-04
    4078	 0.269999998E-02	 0.899999833E-03	 0.309999998E-02	 0.133828196E-04
    4089	 0.269999998E-02	 0.119999986E-02	 0.309999998E-02	 0.136588489E-04
    4100	 0.269999998E-02	 0.149999988E-02	 0.309999998E-02	 0.218900712E-04
    4111	 0.269999998E-02	 0.179999990E-02	 0.309999998E-02	 0.360355404E-04
    4166	 0.300000000E-02	-0.300000262E-03	 0.309999998E-02	 0.214630266E-04
    4177	 0.300000000E-02	-0.238418579E-09	 0.309999998E-02	 0.217315533E-04
    4188	 0.300000000E-02	 0.299999785E-03	 0.309999998E-02	 0.214630266E-04
    4199	 0.300000000E-02	 0.599999809E-03	 0.309999998E-02	 0.222974535E-04
    4210	 0.300000000E-02	 0.899999833E-03	 0.309999998E-02	 0.213667454E-04
    4221	 0.300000000E-02	 0.119999986E-02	 0.309999998E-02	 0.254795052E-04
    4232	 0.300000000E-02	 0.149999988E-02	 0.309999998E-02	 0.292213470E-04
    1978	-0.300000262E-03	 0.239999995E-02	 0.339999999E-02	 0.114085213E-04
    1989	-0.300000262E-03	 0.269999998E-02	 0.339999999E-02	 0.995617343E-05
    2000	-0.300000262E-03	 0.300000000E-02	 0.339999999E-02	 0.165184174E-04
    2154	-0.238418579E-09	 0.899999833E-03	 0.339999999E-02	 0.123593536E-04
    2165	-0.238418579E-09	 0.119999986E-02	 0.339999999E-02	 0.120766846E-04
    2176	-0.238418579E-09	 0.149999988E-02	 0.339999999E-02	 0.116390881E-04
    2187	-0.238418579E-09	 0.179999990E-02	 0.339999999E-02	 0.109988060E-04
    2198	-0.238418579E-09	 0.209999993E-02	 0.339999999E-02	 0.101091053E-04
    2209	-0.238418579E-09	 0.239999995E-02	 0.339999999E-02	 0.113453790E-04
    2220	-0.238418579E-09	 0.269999998E-02	 0.339999999E-02	 0.984894755E-05
    2231	-0.238418579E-09	 0.300000000E-02	 0.339999999E-02	 0.167811507E-04
    2341	 0.299999785E-03	-0.300000262E-03	 0.339999999E-02	 0.125957947E-04
    2352	 0.299999785E-03	-0.238418579E-09	 0.339999999E-02	 0.126255918E-04
    2363	 0.299999785E-03	 0.299999785E-03	 0.339999999E-02	 0.125957947E-04
    2374	 0.299999785E-03	 0.599999809E-03	 0.339999999E-02	 0.125013412E-04
    2385	 0.299999785E-03	 0.899999833E-03	 0.339999999E-02	 0.123250550E-04
    2396	 0.299999785E-03	 0.119999986E-02	 0.339999999E-02	 0.120391880E-04
    2407	 0.299999785E-03	 0.149999988E-02	 0.339999999E-02	 0.115972628E-04
    2418	 0.299999785E-03	 0.179999990E-02	 0.339999999E-02	 0.109546528E-04
    2429	 0.299999785E-03	 0.209999993E-02	 0.339999999E-02	 0.101995752E-04
    2440	 0.299999785E-03	 0.239999995E-02	 0.339999999E-02	 0.114085213E-04
    2451	 0.299999785E-03	 0.269999998E-02	 0.339999999E-02	 0.995617343E-05
    2462	 0.299999785E-03	 0.300000000E-02	 0.339999999E-02	 0.165184174E-04
    2572	 0.599999809E-03	-0.300000262E-03	 0.339999999E-02	 0.125013412E-04
    2583	 0.599999809E-03	-0.238418579E-09	 0.339999999E-02	 0.125326382E-04
    2594	 0.599999809E-03	 0.299999785E-03	 0.339999999E-02	 0.125013412E-04
    2605	 0.599999809E-03	 0.599999809E-03	 0.339999999E-02	 0.124018248E-04
    2616	 0.599999809E-03	 0.899999833E-03	 0.339999999E-02	 0.122177575E-04
    2627	 0.599999809E-03	 0.119999986E-02	 0.339999999E-02	 0.119205108E-04
    2638	 0.599999809E-03	 0.149999988E-02	 0.339999999E-02	 0.114691473E-04
    2649	 0.599999809E-03	 0.179999990E-02	 0.339999999E-02	 0.108174695E-04
    2660	 0.599999809E-03	 0.209999993E-02	 0.339999999E-02	 0.104863737E-04
    2671	 0.599999809E-03	 0.239999995E-02	 0.339999999E-02	 0.117108328E-04
    2682	 0.599999809E-03	 0.269999998E-02	 0.339999999E-02	 0.101853578E-04
    2693	 0.599999809E-03	 0.300000000E-02	 0.339999999E-02	 0.172353474E-04
    2803	 0.899999833E-03	-0.300000262E-03	 0.339999999E-02	 0.123250550E-04
    2814	 0.899999833E-03	-0.238418579E-09	 0.339999999E-02	 0.123593536E-04
    2825	 0.899999833E-03	 0.299999785E-03	 0.339999999E-02	 0.123250550E-04
    2836	 0.899999833E-03	 0.599999809E-03	 0.339999999E-02	 0.122177575E-04
    2847	 0.899999833E-03	 0.899999833E-03	 0.339999999E-02	 0.120205278E-04
    2858	 0.899999833E-03	 0.119999986E-02	 0.339999999E-02	 0.117073762E-04
    2869	 0.899999833E-03	 0.149999988E-02	 0.339999999E-02	 0.112386009E-04
    2880	 0.899999833E-03	 0.179999990E-02	 0.339999999E-02	 0.105983563E-04
    2891	 0.899999833E-03	 0.209999993E-02	 0.339999999E-02	 0.110156665E-04
    2902	 0.899999833E-03	 0.239999995E-02	 0.339999999E-02	 0.122655628E-04
    2913	 0.899999833E-03	 0.269999998E-02	 0.339999999E-02	 0.102633616E-04
    2924	 0.899999833E-03	 0.300000000E-02	 0.339999999E-02	 0.164350290E-04
    3034	 0.119999986E-02	-0.300000262E-03	 0.339999999E-02	 0.120391880E-04
    3045	 0.119999986E-02	-0.238418579E-09	 0.339999999E-02	 0.120766846E-04
    3056	 0.119999986E-02	 0.299999785E-03	 0.339999999E-02	 0.120391880E-04
    3067	 0.119999986E-02	 0.599999809E-03	 0.339999999E-02	 0.119205108E-04
    3078	 0.119999986E-02	 0.899999833E-03	 0.339999999E-02	 0.117073762E-04
    3089	 0.119999986E-02	 0.119999986E-02	 0.339999999E-02	 0.113768899E-04
    3100	 0.119999986E-02	 0.149999988E-02	 0.339999999E-02	 0.109008892E-04
    3111	 0.119999986E-02	 0.179999990E-02	 0.339999999E-02	 0.103054139E-04
    3122	 0.119999986E-02	 0.209999993E-02	 0.339999999E-02	 0.116994873E-04
    3133	 0.119999986E-02	 0.239999995E-02	 0.339999999E-02	 0.127261847E-04
    3144	 0.119999986E-02	 0.269999998E-02	 0.339999999E-02	 0.104798361E-04
    3155	 0.119999986E-02	 0.300000000E-02	 0.339999999E-02	 0.197836852E-04
    3265	 0.149999988E-02	-0.300000262E-03	 0.339999999E-02	 0.115972628E-04
    3276	 0.149999988E-02	-0.238418579E-09	 0.339999999E-02	 0.116390881E-04
    3287	 0.149999988E-02	 0.299999785E-03	 0.339999999E-02	 0.115972628E-04
    3298	 0.149999988E-02	 0.599999809E-03	 0.339999999E-02	 0.114691473E-04
    3309	 0.149999988E-02	 0.899999833E-03	 0.339999999E-02	 0.112386009E-04
    3320	 0.149999988E-02	 0.119999986E-02	 0.339999999E-02	 0.109008892E-04
    3331	 0.149999988E-02	 0.149999988E-02	 0.339999999E-02	 0.104568236E-04
    3342	 0.149999988E-02	 0.179999990E-02	 0.339999999E-02	 0.109857862E-04
    3353	 0.149999988E-02	 0.209999993E-02	 0.339999999E-02	 0.121913106E-04
    3364	 0.149999988E-02	 0.239999995E-02	 0.339999999E-02	 0.116286719E-04
    3375	 0.149999988E-02	 0.269999998E-02	 0.339999999E-02	 0.168061870E-04
    3386	 0.149999988E-02	 0.300000000E-02	 0.339999999E-02	 0.226810407E-04
    3485	 0.179999990E-02	-0.300000262E-03	 0.339999999E-02	 0.109546528E-04
    3496	 0.179999990E-02	-0.238418579E-09	 0.339999999E-02	 0.109988060E-04
    3507	 0.179999990E-02	 0.299999785E-03	 0.339999999E-02	 0.109546528E-04
    3518	 0.179999990E-02	 0.599999809E-03	 0.339999999E-02	 0.108174695E-04
    3529	 0.179999990E-02	 0.899999833E-03	 0.339999999E-02	 0.105983563E-04
    3540	 0.179999990E-02	 0.119999986E-02	 0.339999999E-02	 0.103054139E-04
    3551	 0.179999990E-02	 0.149999988E-02	 0.339999999E-02	 0.109857862E-04
    3562	 0.179999990E-02	 0.179999990E-02	 0.339999999E-02	 0.122340712E-04
    3573	 0.179999990E-02	 0.209999993E-02	 0.339999999E-02	 0.116726391E-04
    3584	 0.179999990E-02	 0.239999995E-02	 0.339999999E-02	 0.170590867E-04
    3595	 0.179999990E-02	 0.269999998E-02	 0.339999999E-02	 0.278425644E-04
    3683	 0.209999993E-02	-0.300000262E-03	 0.339999999E-02	 0.101995752E-04
    3694	 0.209999993E-02	-0.238418579E-09	 0.339999999E-02	 0.101091053E-04
    3705	 0.209999993E-02	 0.299999785E-03	 0.339999999E-02	 0.101995752E-04
    3716	 0.209999993E-02	 0.599999809E-03	 0.339999999E-02	 0.104863737E-04
    3727	 0.209999993E-02	 0.899999833E-03	 0.339999999E-02	 0.110156665E-04
    3738	 0.209999993E-02	 0.119999986E-02	 0.339999999E-02	 0.116994873E-04
    3749	 0.209999993E-02	 0.149999988E-02	 0.339999999E-02	 0.121913106E-04
    3760	 0.209999993E-02	 0.179999990E-02	 0.339999999E-02	 0.116726391E-04
    3771	 0.209999993E-02	 0.209999993E-02	 0.339999999E-02	 0.957865363E-05
    3782	 0.209999993E-02	 0.239999995E-02	 0.339999999E-02	 0.160826406E-04
    3870	 0.239999995E-02	-0.300000262E-03	 0.339999999E-02	 0.114085213E-04
    3881	 0.239999995E-02	-0.238418579E-09	 0.339999999E-02	 0.113453790E-04
    3892	 0.239999995E-02	 0.299999785E-03	 0.339999999E-02	 0.114085213E-04
    3903	 0.239999995E-02	 0.599999809E-03	 0.339999999E-02	 0.117108328E-04
    3914	 0.239999995E-02	 0.899999833E-03	 0.339999999E-02	 0.122655628E-04
    3925	 0.239999995E-02	 0.119999986E-02	 0.339999999E-02	 0.127261847E-04
    3936	 0.239999995E-02	 0.149999988E-02	 0.339999999E-02	 0.116286719E-04
    3947	 0.239999995E-02	 0.179999990E-02	 0.339999999E-02	 0.170590867E-04
    3958	 0.239999995E-02	 0.209999993E-02	 0.339999999E-02	 0.160826406E-04
    3969	 0.239999995E-02	 0.239999995E-02	 0.339999999E-02	 0.229577670E-04
    4035	 0.269999998E-02	-0.300000262E-03	 0.339999999E-02	 0.995617343E-05
    4046	 0.269999998E-02	-0.238418579E-09	 0.339999999E-02	 0.984894755E-05
    4057	 0.269999998E-02	 0.299999785E-03	 0.339999999E-02	 0.995617343E-05
    4068	 0.269999998E-02	 0.599999809E-03	 0.339999999E-02	 0.101853578E-04
    4079	 0.269999998E-02	 0.899999833E-03	 0.339999999E-02	 0.102633616E-04
    4090	 0.269999998E-02	 0.119999986E-02	 0.339999999E-02	 0.104798361E-04
    4101	 0.269999998E-02	 0.149999988E-02	 0.339999999E-02	 0.168061870E-04
    4112	 0.269999998E-02	 0.179999990E-02	 0.339999999E-02	 0.278425644E-04
    4167	 0.300000000E-02	-0.300000262E-03	 0.339999999E-02	 0.165184174E-04
    4178	 0.300000000E-02	-0.238418579E-09	 0.339999999E-02	 0.167811507E-04
    4189	 0.300000000E-02	 0.299999785E-03	 0.339999999E-02	 0.165184174E-04
    4200	 0.300000000E-02	 0.599999809E-03	 0.339999999E-02	 0.172353474E-04
    4211	 0.300000000E-02	 0.899999833E-03	 0.339999999E-02	 0.164350290E-04
    4222	 0.300000000E-02	 0.119999986E-02	 0.339999999E-02	 0.197836852E-04
    4233	 0.300000000E-02	 0.149999988E-02	 0.339999999E-02	 0.226810407E-04
    1979	-0.300000262E-03	 0.239999995E-02	 0.369999999E-02	 0.777908691E-05
    1990	-0.300000262E-03	 0.269999998E-02	 0.369999999E-02	 0.785801420E-05
    2001	-0.300000262E-03	 0.300000000E-02	 0.369999999E-02	 0.131028273E-04
    2155	-0.238418579E-09	 0.899999833E-03	 0.369999999E-02	 0.101437642E-04
    2166	-0.238418579E-09	 0.119999986E-02	 0.369999999E-02	 0.988926841E-05
    2177	-0.238418579E-09	 0.149999988E-02	 0.369999999E-02	 0.950720686E-05
    2188	-0.238418579E-09	 0.179999990E-02	 0.369999999E-02	 0.896341726E-05
    2199	-0.238418579E-09	 0.209999993E-02	 0.369999999E-02	 0.822528210E-05
    2210	-0.238418579E-09	 0.239999995E-02	 0.369999999E-02	 0.773720158E-05
    2221	-0.238418579E-09	 0.269999998E-02	 0.369999999E-02	 0.776533955E-05
    2232	-0.238418579E-09	 0.300000000E-02	 0.369999999E-02	 0.133947334E-04
    2342	 0.299999785E-03	-0.300000262E-03	 0.369999999E-02	 0.103640462E-04
    2353	 0.299999785E-03	-0.238418579E-09	 0.369999999E-02	 0.103925245E-04
    2364	 0.299999785E-03	 0.299999785E-03	 0.369999999E-02	 0.103640462E-04
    2375	 0.299999785E-03	 0.599999809E-03	 0.369999999E-02	 0.102748672E-04
    2386	 0.299999785E-03	 0.899999833E-03	 0.369999999E-02	 0.101121629E-04
    2397	 0.299999785E-03	 0.119999986E-02	 0.369999999E-02	 0.985555712E-05
    2408	 0.299999785E-03	 0.149999988E-02	 0.369999999E-02	 0.947061476E-05
    2419	 0.299999785E-03	 0.179999990E-02	 0.369999999E-02	 0.892558953E-05
    2430	 0.299999785E-03	 0.209999993E-02	 0.369999999E-02	 0.818102535E-05
    2441	 0.299999785E-03	 0.239999995E-02	 0.369999999E-02	 0.777908691E-05
    2452	 0.299999785E-03	 0.269999998E-02	 0.369999999E-02	 0.785801420E-05
    2463	 0.299999785E-03	 0.300000000E-02	 0.369999999E-02	 0.131028273E-04
    2573	 0.599999809E-03	-0.300000262E-03	 0.369999999E-02	 0.102748672E-04
    2584	 0.599999809E-03	-0.238418579E-09	 0.369999999E-02	 0.103043721E-04
    2595	 0.599999809E-03	 0.299999785E-03	 0.369999999E-02	 0.102748672E-04
    2606	 0.599999809E-03	 0.599999809E-03	 0.369999999E-02	 0.101821571E-04
    2617	 0.599999809E-03	 0.899999833E-03	 0.369999999E-02	 0.100141558E-04
    2628	 0.599999809E-03	 0.119999986E-02	 0.369999999E-02	 0.974980955E-05
    2639	 0.599999809E-03	 0.149999988E-02	 0.369999999E-02	 0.935920349E-05
    2650	 0.599999809E-03	 0.179999990E-02	 0.369999999E-02	 0.880908544E-05
    2661	 0.599999809E-03	 0.209999993E-02	 0.369999999E-02	 0.805980484E-05
    2672	 0.599999809E-03	 0.239999995E-02	 0.369999999E-02	 0.796385437E-05
    2683	 0.599999809E-03	 0.269999998E-02	 0.369999999E-02	 0.806189769E-05
    2694	 0.599999809E-03	 0.300000000E-02	 0.369999999E-02	 0.137669329E-04
    2804	 0.899999833E-03	-0.300000262E-03	 0.369999999E-02	 0.101121629E-04
    2815	 0.899999833E-03	-0.238418579E-09	 0.369999999E-02	 0.101437642E-04
    2826	 0.899999833E-03	 0.299999785E-03	 0.369999999E-02	 0.101121629E-04
    2837	 0.899999833E-03	 0.599999809E-03	 0.369999999E-02	 0.100141558E-04
    2848	 0.899999833E-03	 0.899999833E-03	 0.369999999E-02	 0.983729716E-05
    2859	 0.899999833E-03	 0.119999986E-02	 0.369999999E-02	 0.956265227E-05
    2870	 0.899999833E-03	 0.149999988E-02	 0.369999999E-02	 0.916135002E-05
    2881	 0.899999833E-03	 0.179999990E-02	 0.369999999E-02	 0.862478471E-05
    2892	 0.899999833E-03	 0.209999993E-02	 0.369999999E-02	 0.803861898E-05
    2903	 0.899999833E-03	 0.239999995E-02	 0.369999999E-02	 0.815933092E-05
    2914	 0.899999833E-03	 0.269999998E-02	 0.369999999E-02	 0.815289693E-05
    2925	 0.899999833E-03	 0.300000000E-02	 0.369999999E-02	 0.124591722E-04
    3035	 0.119999986E-02	-0.300000262E-03	 0.369999999E-02	 0.985555712E-05
    3046	 0.119999986E-02	-0.238418579E-09	 0.369999999E-02	 0.988926841E-05
    3057	 0.119999986E-02	 0.299999785E-03	 0.369999999E-02	 0.985555712E-05
    3068	 0.119999986E-02	 0.599999809E-03	 0.369999999E-02	 0.974980955E-05
    3079	 0.119999986E-02	 0.899999833E-03	 0.369999999E-02	 0.956265227E-05
    3090	 0.119999986E-02	 0.119999986E-02	 0.369999999E-02	 0.927789256E-05
    3101	 0.119999986E-02	 0.149999988E-02	 0.369999999E-02	 0.887600156E-05
    3112	 0.119999986E-02	 0.179999990E-02	 0.369999999E-02	 0.838177232E-05
    3123	 0.119999986E-02	 0.209999993E-02	 0.369999999E-02	 0.824095775E-05
    3134	 0.119999986E-02	 0.239999995E-02	 0.369999999E-02	 0.856917811E-05
    3145	 0.119999986E-02	 0.269999998E-02	 0.369999999E-02	 0.832608374E-05
    3156	 0.119999986E-02	 0.300000000E-02	 0.369999999E-02	 0.158511348E-04
    3266	 0.149999988E-02	-0.300000262E-03	 0.369999999E-02	 0.947061476E-05
    3277	 0.149999988E-02	-0.238418579E-09	 0.369999999E-02	 0.950720686E-05
    3288	 0.149999988E-02	 0.299999785E-03	 0.369999999E-02	 0.947061476E-05
    3299	 0.149999988E-02	 0.599999809E-03	 0.369999999E-02	 0.935920349E-05
    3310	 0.149999988E-02	 0.899999833E-03	 0.369999999E-02	 0.916135002E-05
    3321	 0.149999988E-02	 0.119999986E-02	 0.369999999E-02	 0.887600156E-05
    3332	 0.149999988E-02	 0.149999988E-02	 0.369999999E-02	 0.850729573E-05
    3343	 0.149999988E-02	 0.179999990E-02	 0.369999999E-02	 0.815813929E-05
    3354	 0.149999988E-02	 0.209999993E-02	 0.369999999E-02	 0.849259745E-05
    3365	 0.149999988E-02	 0.239999995E-02	 0.369999999E-02	 0.943154541E-05
    3376	 0.149999988E-02	 0.269999998E-02	 0.369999999E-02	 0.133564777E-04
    3387	 0.149999988E-02	 0.300000000E-02	 0.369999999E-02	 0.181724597E-04
    3486	 0.179999990E-02	-0.300000262E-03	 0.369999999E-02	 0.892558953E-05
    3497	 0.179999990E-02	-0.238418579E-09	 0.369999999E-02	 0.896341726E-05
    3508	 0.179999990E-02	 0.299999785E-03	 0.369999999E-02	 0.892558953E-05
    3519	 0.179999990E-02	 0.599999809E-03	 0.369999999E-02	 0.880908544E-05
    3530	 0.179999990E-02	 0.899999833E-03	 0.369999999E-02	 0.862478471E-05
    3541	 0.179999990E-02	 0.119999986E-02	 0.369999999E-02	 0.838177232E-05
    3552	 0.179999990E-02	 0.149999988E-02	 0.369999999E-02	 0.815813929E-05
    3563	 0.179999990E-02	 0.179999990E-02	 0.369999999E-02	 0.826492171E-05
    3574	 0.179999990E-02	 0.209999993E-02	 0.369999999E-02	 0.927753921E-05
    3585	 0.179999990E-02	 0.239999995E-02	 0.369999999E-02	 0.136283044E-04
    3596	 0.179999990E-02	 0.269999998E-02	 0.369999999E-02	 0.222232520E-04
    3684	 0.209999993E-02	-0.300000262E-03	 0.369999999E-02	 0.818102535E-05
    3695	 0.209999993E-02	-0.238418579E-09	 0.369999999E-02	 0.822528210E-05
    3706	 0.209999993E-02	 0.299999785E-03	 0.369999999E-02	 0.818102535E-05
    3717	 0.209999993E-02	 0.599999809E-03	 0.369999999E-02	 0.805980484E-05
    3728	 0.209999993E-02	 0.899999833E-03	 0.369999999E-02	 0.803861898E-05
    3739	 0.209999993E-02	 0.119999986E-02	 0.369999999E-02	 0.824095775E-05
    3750	 0.209999993E-02	 0.149999988E-02	 0.369999999E-02	 0.849259745E-05
    3761	 0.209999993E-02	 0.179999990E-02	 0.369999999E-02	 0.927753921E-05
    3772	 0.209999993E-02	 0.209999993E-02	 0.369999999E-02	 0.756707384E-05
    3783	 0.209999993E-02	 0.239999995E-02	 0.369999999E-02	 0.128624847E-04
    3871	 0.239999995E-02	-0.300000262E-03	 0.369999999E-02	 0.777908691E-05
    3882	 0.239999995E-02	-0.238418579E-09	 0.369999999E-02	 0.773720158E-05
    3893	 0.239999995E-02	 0.299999785E-03	 0.369999999E-02	 0.777908691E-05
    3904	 0.239999995E-02	 0.599999809E-03	 0.369999999E-02	 0.796385437E-05
    3915	 0.239999995E-02	 0.899999833E-03	 0.369999999E-02	 0.815933092E-05
    3926	 0.239999995E-02	 0.119999986E-02	 0.369999999E-02	 0.856917811E-05
    3937	 0.239999995E-02	 0.149999988E-02	 0.369999999E-02	 0.943154541E-05
    3948	 0.239999995E-02	 0.179999990E-02	 0.369999999E-02	 0.136283044E-04
    3959	 0.239999995E-02	 0.209999993E-02	 0.369999999E-02	 0.128624847E-04
    3970	 0.239999995E-02	 0.239999995E-02	 0.369999999E-02	 0.184708832E-04
    4036	 0.269999998E-02	-0.300000262E-03	 0.369999999E-02	 0.785801420E-05
    4047	 0.269999998E-02	-0.238418579E-09	 0.369999999E-02	 0.776533955E-05
    4058	 0.269999998E-02	 0.299999785E-03	 0.369999999E-02	 0.785801420E-05
    4069	 0.269999998E-02	 0.599999809E-03	 0.369999999E-02	 0.806189769E-05
    4080	 0.269999998E-02	 0.899999833E-03	 0.369999999E-02	 0.815289693E-05
    4091	 0.269999998E-02	 0.119999986E-02	 0.369999999E-02	 0.832608374E-05
    4102	 0.269999998E-02	 0.149999988E-02	 0.369999999E-02	 0.133564777E-04
    4113	 0.269999998E-02	 0.179999990E-02	 0.369999999E-02	 0.222232520E-04
    4168	 0.300000000E-02	-0.300000262E-03	 0.369999999E-02	 0.131028273E-04
    4179	 0.300000000E-02	-0.238418579E-09	 0.369999999E-02	 0.133947334E-04
    4190	 0.300000000E-02	 0.299999785E-03	 0.369999999E-02	 0.131028273E-04
    4201	 0.300000000E-02	 0.599999809E-03	 0.369999999E-02	 0.137669329E-04
    4212	 0.300000000E-02	 0.899999833E-03	 0.369999999E-02	 0.124591722E-04
    4223	 0.300000000E-02	 0.119999986E-02	 0.369999999E-02	 0.158511348E-04
    4234	 0.300000000E-02	 0.149999988E-02	 0.369999999E-02	 0.181724597E-04
    1980	-0.300000262E-03	 0.239999995E-02	 0.400000000E-02	 0.632849334E-05
    1991	-0.300000262E-03	 0.269999998E-02	 0.400000000E-02	 0.638243004E-05
    2002	-0.300000262E-03	 0.300000000E-02	 0.400000000E-02	 0.107265715E-04
    2156	-0.238418579E-09	 0.899999833E-03	 0.400000000E-02	 0.845946553E-05
    2167	-0.238418579E-09	 0.119999986E-02	 0.400000000E-02	 0.823394382E-05
    2178	-0.238418579E-09	 0.149999988E-02	 0.400000000E-02	 0.790217633E-05
    2189	-0.238418579E-09	 0.179999990E-02	 0.400000000E-02	 0.743847758E-05
    2200	-0.238418579E-09	 0.209999993E-02	 0.400000000E-02	 0.681909886E-05
    2211	-0.238418579E-09	 0.239999995E-02	 0.400000000E-02	 0.629076584E-05
    2222	-0.238418579E-09	 0.269999998E-02	 0.400000000E-02	 0.630235792E-05
    2233	-0.238418579E-09	 0.300000000E-02	 0.400000000E-02	 0.109651682E-04
    2343	 0.299999785E-03	-0.300000262E-03	 0.400000000E-02	 0.865905769E-05
    2354	 0.299999785E-03	-0.238418579E-09	 0.400000000E-02	 0.868528745E-05
    2365	 0.299999785E-03	 0.299999785E-03	 0.400000000E-02	 0.865905769E-05
    2376	 0.299999785E-03	 0.599999809E-03	 0.400000000E-02	 0.857754704E-05
    2387	 0.299999785E-03	 0.899999833E-03	 0.400000000E-02	 0.843102983E-05
    2398	 0.299999785E-03	 0.119999986E-02	 0.400000000E-02	 0.820409549E-05
    2409	 0.299999785E-03	 0.149999988E-02	 0.400000000E-02	 0.787037376E-05
    2420	 0.299999785E-03	 0.179999990E-02	 0.400000000E-02	 0.740608419E-05
    2431	 0.299999785E-03	 0.209999993E-02	 0.400000000E-02	 0.678165854E-05
    2442	 0.299999785E-03	 0.239999995E-02	 0.400000000E-02	 0.632849334E-05
    2453	 0.299999785E-03	 0.269999998E-02	 0.400000000E-02	 0.638243004E-05
    2464	 0.299999785E-03	 0.300000000E-02	 0.400000000E-02	 0.107265715E-04
    2574	 0.599999809E-03	-0.300000262E-03	 0.400000000E-02	 0.857754704E-05
    2585	 0.599999809E-03	-0.238418579E-09	 0.400000000E-02	 0.860448573E-05
    2596	 0.599999809E-03	 0.299999785E-03	 0.400000000E-02	 0.857754704E-05
    2607	 0.599999809E-03	 0.599999809E-03	 0.400000000E-02	 0.849354895E-05
    2618	 0.599999809E-03	 0.899999833E-03	 0.400000000E-02	 0.834336870E-05
    2629	 0.599999809E-03	 0.119999986E-02	 0.400000000E-02	 0.811103726E-05
    2640	 0.599999809E-03	 0.149999988E-02	 0.400000000E-02	 0.777389431E-05
    2651	 0.599999809E-03	 0.179999990E-02	 0.400000000E-02	 0.730679533E-05
    2662	 0.599999809E-03	 0.209999993E-02	 0.400000000E-02	 0.667958414E-05
    2673	 0.599999809E-03	 0.239999995E-02	 0.400000000E-02	 0.648945706E-05
    2684	 0.599999809E-03	 0.269999998E-02	 0.400000000E-02	 0.656116396E-05
    2695	 0.599999809E-03	 0.300000000E-02	 0.400000000E-02	 0.112753409E-04
    2805	 0.899999833E-03	-0.300000262E-03	 0.400000000E-02	 0.843102983E-05
    2816	 0.899999833E-03	-0.238418579E-09	 0.400000000E-02	 0.845946553E-05
    2827	 0.899999833E-03	 0.299999785E-03	 0.400000000E-02	 0.843102983E-05
    2838	 0.899999833E-03	 0.599999809E-03	 0.400000000E-02	 0.834336870E-05
    2849	 0.899999833E-03	 0.899999833E-03	 0.400000000E-02	 0.818706344E-05
    2860	 0.899999833E-03	 0.119999986E-02	 0.400000000E-02	 0.794790686E-05
    2871	 0.899999833E-03	 0.149999988E-02	 0.400000000E-02	 0.760402655E-05
    2882	 0.899999833E-03	 0.179999990E-02	 0.400000000E-02	 0.715069265E-05
    2893	 0.899999833E-03	 0.209999993E-02	 0.400000000E-02	 0.655948718E-05
    2904	 0.899999833E-03	 0.239999995E-02	 0.400000000E-02	 0.666246129E-05
    2915	 0.899999833E-03	 0.269999998E-02	 0.400000000E-02	 0.665251951E-05
    2926	 0.899999833E-03	 0.300000000E-02	 0.400000000E-02	 0.997354056E-05
    3036	 0.119999986E-02	-0.300000262E-03	 0.400000000E-02	 0.820409549E-05
    3047	 0.119999986E-02	-0.238418579E-09	 0.400000000E-02	 0.823394382E-05
    3058	 0.119999986E-02	 0.299999785E-03	 0.400000000E-02	 0.820409549E-05
    3069	 0.119999986E-02	 0.599999809E-03	 0.400000000E-02	 0.811103726E-05
    3080	 0.119999986E-02	 0.899999833E-03	 0.400000000E-02	 0.794790686E-05
    3091	 0.119999986E-02	 0.119999986E-02	 0.400000000E-02	 0.770282203E-05
    3102	 0.119999986E-02	 0.149999988E-02	 0.400000000E-02	 0.736148336E-05
    3113	 0.119999986E-02	 0.179999990E-02	 0.400000000E-02	 0.694650903E-05
    3124	 0.119999986E-02	 0.209999993E-02	 0.400000000E-02	 0.673468177E-05
    3135	 0.119999986E-02	 0.239999995E-02	 0.400000000E-02	 0.700193433E-05
    3146	 0.119999986E-02	 0.269999998E-02	 0.400000000E-02	 0.679348262E-05
    3157	 0.119999986E-02	 0.300000000E-02	 0.400000000E-02	 0.130101845E-04
    3267	 0.149999988E-02	-0.300000262E-03	 0.400000000E-02	 0.787037376E-05
    3278	 0.149999988E-02	-0.238418579E-09	 0.400000000E-02	 0.790217633E-05
    3289	 0.149999988E-02	 0.299999785E-03	 0.400000000E-02	 0.787037376E-05
    3300	 0.149999988E-02	 0.599999809E-03	 0.400000000E-02	 0.777389431E-05
    3311	 0.149999988E-02	 0.899999833E-03	 0.400000000E-02	 0.760402655E-05
    3322	 0.149999988E-02	 0.119999986E-02	 0.400000000E-02	 0.736148336E-05
    3333	 0.149999988E-02	 0.149999988E-02	 0.400000000E-02	 0.705163992E-05
    3344	 0.149999988E-02	 0.179999990E-02	 0.400000000E-02	 0.676069906E-05
    3355	 0.149999988E-02	 0.209999993E-02	 0.400000000E-02	 0.703552592E-05
    3366	 0.149999988E-02	 0.239999995E-02	 0.400000000E-02	 0.780348852E-05
    3377	 0.149999988E-02	 0.269999998E-02	 0.400000000E-02	 0.108989209E-04
    3388	 0.149999988E-02	 0.300000000E-02	 0.400000000E-02	 0.149137772E-04
    3487	 0.179999990E-02	-0.300000262E-03	 0.400000000E-02	 0.740608419E-05
    3498	 0.179999990E-02	-0.238418579E-09	 0.400000000E-02	 0.743847758E-05
    3509	 0.179999990E-02	 0.299999785E-03	 0.400000000E-02	 0.740608419E-05
    3520	 0.179999990E-02	 0.599999809E-03	 0.400000000E-02	 0.730679533E-05
    3531	 0.179999990E-02	 0.899999833E-03	 0.400000000E-02	 0.715069265E-05
    3542	 0.179999990E-02	 0.119999986E-02	 0.400000000E-02	 0.694650903E-05
    3553	 0.179999990E-02	 0.149999988E-02	 0.400000000E-02	 0.676069906E-05
    3564	 0.179999990E-02	 0.179999990E-02	 0.400000000E-02	 0.676963954E-05
    3575	 0.179999990E-02	 0.209999993E-02	 0.400000000E-02	 0.768293423E-05
    3586	 0.179999990E-02	 0.239999995E-02	 0.400000000E-02	 0.112590122E-04
    3597	 0.179999990E-02	 0.269999998E-02	 0.400000000E-02	 0.181910526E-04
    3685	 0.209999993E-02	-0.300000262E-03	 0.400000000E-02	 0.678165854E-05
    3696	 0.209999993E-02	-0.238418579E-09	 0.400000000E-02	 0.681909886E-05
    3707	 0.209999993E-02	 0.299999785E-03	 0.400000000E-02	 0.678165854E-05
    3718	 0.209999993E-02	 0.599999809E-03	 0.400000000E-02	 0.667958414E-05
    3729	 0.209999993E-02	 0.899999833E-03	 0.400000000E-02	 0.655948718E-05
    3740	 0.209999993E-02	 0.119999986E-02	 0.400000000E-02	 0.673468177E-05
    3751	 0.209999993E-02	 0.149999988E-02	 0.400000000E-02	 0.703552592E-05
    3762	 0.209999993E-02	 0.179999990E-02	 0.400000000E-02	 0.768293423E-05
    3773	 0.209999993E-02	 0.209999993E-02	 0.400000000E-02	 0.619700909E-05
    3784	 0.209999993E-02	 0.239999995E-02	 0.400000000E-02	 0.105426402E-04
    3872	 0.239999995E-02	-0.300000262E-03	 0.400000000E-02	 0.632849334E-05
    3883	 0.239999995E-02	-0.238418579E-09	 0.400000000E-02	 0.629076584E-05
    3894	 0.239999995E-02	 0.299999785E-03	 0.400000000E-02	 0.632849334E-05
    3905	 0.239999995E-02	 0.599999809E-03	 0.400000000E-02	 0.648945706E-05
    3916	 0.239999995E-02	 0.899999833E-03	 0.400000000E-02	 0.666246129E-05
    3927	 0.239999995E-02	 0.119999986E-02	 0.400000000E-02	 0.700193433E-05
    3938	 0.239999995E-02	 0.149999988E-02	 0.400000000E-02	 0.780348852E-05
    3949	 0.239999995E-02	 0.179999990E-02	 0.400000000E-02	 0.112590122E-04
    3960	 0.239999995E-02	 0.209999993E-02	 0.400000000E-02	 0.105426402E-04
    3971	 0.239999995E-02	 0.239999995E-02	 0.400000000E-02	 0.152030650E-04
    4037	 0.269999998E-02	-0.300000262E-03	 0.400000000E-02	 0.638243004E-05
    4048	 0.269999998E-02	-0.238418579E-09	 0.400000000E-02	 0.630235792E-05
    4059	 0.269999998E-02	 0.299999785E-03	 0.400000000E-02	 0.638243004E-05
    4070	 0.269999998E-02	 0.599999809E-03	 0.400000000E-02	 0.656116396E-05
    4081	 0.269999998E-02	 0.899999833E-03	 0.400000000E-02	 0.665251951E-05
    4092	 0.269999998E-02	 0.119999986E-02	 0.400000000E-02	 0.679348262E-05
    4103	 0.269999998E-02	 0.149999988E-02	 0.400000000E-02	 0.108989209E-04
    4114	 0.269999998E-02	 0.179999990E-02	 0.400000000E-02	 0.181910526E-04
    4169	 0.300000000E-02	-0.300000262E-03	 0.400000000E-02	 0.107265715E-04
    4180	 0.300000000E-02	-0.238418579E-09	 0.400000000E-02	 0.109651682E-04
    4191	 0.300000000E-02	 0.299999785E-03	 0.400000000E-02	 0.107265715E-04
    4202	 0.300000000E-02	 0.599999809E-03	 0.400000000E-02	 0.112753409E-04
    4213	 0.300000000E-02	 0.899999833E-03	 0.400000000E-02	 0.997354056E-05
    4224	 0.300000000E-02	 0.119999986E-02	 0.400000000E-02	 0.130101845E-04
    4235	 0.300000000E-02	 0.149999988E-02	 0.400000000E-02	 0.149137772E-04
       5	-0.270000045E-02	-0.150000036E-02	 0.999999940E-03	 0.123454983E-02
       6	-0.270000045E-02	-0.150000036E-02	 0.129999995E-02	 0.299267118E-03
      11	-0.270000045E-02	-0.150000036E-02	 0.159999995E-02	 0.304892899E-03
      15	-0.270000045E-02	-0.150000036E-02	 0.189999996E-02	 0.126649949E-03
      19	-0.270000045E-02	-0.150000036E-02	 0.219999996E-02	 0.690982562E-04
      23	-0.270000045E-02	-0.150000036E-02	 0.249999997E-02	 0.432867743E-04
      27	-0.270000045E-02	-0.150000036E-02	 0.279999998E-02	 0.298474892E-04
      31	-0.270000045E-02	-0.150000036E-02	 0.309999998E-02	 0.218900712E-04
      35	-0.270000045E-02	-0.150000036E-02	 0.339999999E-02	 0.168061870E-04
      39	-0.270000045E-02	-0.150000036E-02	 0.369999999E-02	 0.133564777E-04
      43	-0.270000045E-02	-0.150000036E-02	 0.400000000E-02	 0.108989209E-04
     247	-0.240000043E-02	-0.150000036E-02	 0.999999940E-03	 0.121497589E-02
     248	-0.240000043E-02	-0.150000036E-02	 0.129999995E-02	 0.339593375E-03
     251	-0.240000043E-02	-0.150000036E-02	 0.159999995E-02	 0.243846236E-03
     254	-0.240000043E-02	-0.150000036E-02	 0.189999996E-02	 0.942216850E-04
     257	-0.240000043E-02	-0.150000036E-02	 0.219999996E-02	 0.487883723E-04
     260	-0.240000043E-02	-0.150000036E-02	 0.249999997E-02	 0.300006469E-04
     263	-0.240000043E-02	-0.150000036E-02	 0.279999998E-02	 0.203824047E-04
     266	-0.240000043E-02	-0.150000036E-02	 0.309999998E-02	 0.148417830E-04
     269	-0.240000043E-02	-0.150000036E-02	 0.339999999E-02	 0.116286719E-04
     272	-0.240000043E-02	-0.150000036E-02	 0.369999999E-02	 0.943154542E-05
     275	-0.240000043E-02	-0.150000036E-02	 0.400000000E-02	 0.780348853E-05
     463	-0.210000040E-02	-0.150000036E-02	 0.999999940E-03	 0.798886892E-03
     464	-0.210000040E-02	-0.150000036E-02	 0.129999995E-02	 0.268063520E-03
     465	-0.210000040E-02	-0.150000036E-02	 0.159999995E-02	 0.224501150E-03
     466	-0.210000040E-02	-0.150000036E-02	 0.189999996E-02	 0.876814493E-04
     467	-0.210000040E-02	-0.150000036E-02	 0.219999996E-02	 0.451606484E-04
     468	-0.210000040E-02	-0.150000036E-02	 0.249999997E-02	 0.275312850E-04
     469	-0.210000040E-02	-0.150000036E-02	 0.279999998E-02	 0.192638647E-04
     470	-0.210000040E-02	-0.150000036E-02	 0.309999998E-02	 0.155428056E-04
     471	-0.210000040E-02	-0.150000036E-02	 0.339999999E-02	 0.121913106E-04
     472	-0.210000040E-02	-0.150000036E-02	 0.369999999E-02	 0.849259746E-05
     473	-0.210000040E-02	-0.150000036E-02	 0.400000000E-02	 0.703552592E-05
     672	-0.180000038E-02	-0.150000036E-02	 0.999999940E-03	 0.779748508E-03
     673	-0.180000038E-02	-0.150000036E-02	 0.129999995E-02	 0.258576794E-03
     674	-0.180000038E-02	-0.150000036E-02	 0.159999995E-02	 0.222217231E-03
     675	-0.180000038E-02	-0.150000036E-02	 0.189999996E-02	 0.868561689E-04
     676	-0.180000038E-02	-0.150000036E-02	 0.219999996E-02	 0.448030554E-04
     677	-0.180000038E-02	-0.150000036E-02	 0.249999997E-02	 0.271407151E-04
     678	-0.180000038E-02	-0.150000036E-02	 0.279999998E-02	 0.183237748E-04
     679	-0.180000038E-02	-0.150000036E-02	 0.309999998E-02	 0.148746180E-04
     680	-0.180000038E-02	-0.150000036E-02	 0.339999999E-02	 0.109857862E-04
     681	-0.180000038E-02	-0.150000036E-02	 0.369999999E-02	 0.815813929E-05
     682	-0.180000038E-02	-0.150000036E-02	 0.400000000E-02	 0.676069906E-05
     881	-0.150000036E-02	-0.150000036E-02	 0.999999940E-03	 0.807634685E-03
     882	-0.150000036E-02	-0.150000036E-02	 0.129999995E-02	 0.269167935E-03
     883	-0.150000036E-02	-0.150000036E-02	 0.159999995E-02	 0.223428976E-03
     884	-0.150000036E-02	-0.150000036E-02	 0.189999996E-02	 0.858482687E-04
     885	-0.150000036E-02	-0.150000036E-02	 0.219999996E-02	 0.440193218E-04
     886	-0.150000036E-02	-0.150000036E-02	 0.249999997E-02	 0.263779493E-04
     887	-0.150000036E-02	-0.150000036E-02	 0.279999998E-02	 0.175632455E-04
     888	-0.150000036E-02	-0.150000036E-02	 0.309999998E-02	 0.134270159E-04
     889	-0.150000036E-02	-0.150000036E-02	 0.339999999E-02	 0.104568236E-04
     890	-0.150000036E-02	-0.150000036E-02	 0.369999999E-02	 0.850729573E-05
     891	-0.150000036E-02	-0.150000036E-02	 0.400000000E-02	 0.705163993E-05
    1123	-0.120000033E-02	-0.150000036E-02	 0.999999940E-03	 0.822797676E-03
    1124	-0.120000033E-02	-0.150000036E-02	 0.129999995E-02	 0.273075267E-03
    1125	-0.120000033E-02	-0.150000036E-02	 0.159999995E-02	 0.224279283E-03
    1126	-0.120000033E-02	-0.150000036E-02	 0.189999996E-02	 0.848074159E-04
    1127	-0.120000033E-02	-0.150000036E-02	 0.219999996E-02	 0.431664737E-04
    1128	-0.120000033E-02	-0.150000036E-02	 0.249999997E-02	 0.256720005E-04
    1129	-0.120000033E-02	-0.150000036E-02	 0.279999998E-02	 0.177008161E-04
    1130	-0.120000033E-02	-0.150000036E-02	 0.309999998E-02	 0.136953120E-04
    1131	-0.120000033E-02	-0.150000036E-02	 0.339999999E-02	 0.109008892E-04
    1132	-0.120000033E-02	-0.150000036E-02	 0.369999999E-02	 0.887600156E-05
    1133	-0.120000033E-02	-0.150000036E-02	 0.400000000E-02	 0.736148336E-05
    1134	-0.120000033E-02	-0.120000033E-02	 0.999999940E-03	 0.834230791E-03
    1135	-0.120000033E-02	-0.120000033E-02	 0.129999995E-02	 0.276934805E-03
    1136	-0.120000033E-02	-0.120000033E-02	 0.159999995E-02	 0.224942853E-03
    1137	-0.120000033E-02	-0.120000033E-02	 0.189999996E-02	 0.836872405E-04
    1138	-0.120000033E-02	-0.120000033E-02	 0.219999996E-02	 0.421491611E-04
    1139	-0.120000033E-02	-0.120000033E-02	 0.249999997E-02	 0.248665395E-04
    1140	-0.120000033E-02	-0.120000033E-02	 0.279999998E-02	 0.183799820E-04
    1141	-0.120000033E-02	-0.120000033E-02	 0.309999998E-02	 0.142617948E-04
    1142	-0.120000033E-02	-0.120000033E-02	 0.339999999E-02	 0.113768899E-04
    1143	-0.120000033E-02	-0.120000033E-02	 0.369999999E-02	 0.927789256E-05
    1144	-0.120000033E-02	-0.120000033E-02	 0.400000000E-02	 0.770282203E-05
    1376	-0.900000310E-03	-0.120000033E-02	 0.999999940E-03	 0.839836453E-03
    1377	-0.900000310E-03	-0.120000033E-02	 0.129999995E-02	 0.278572013E-03
    1378	-0.900000310E-03	-0.120000033E-02	 0.159999995E-02	 0.225563153E-03
    1379	-0.900000310E-03	-0.120000033E-02	 0.189999996E-02	 0.830435561E-04
    1380	-0.900000310E-03	-0.120000033E-02	 0.219999996E-02	 0.414910360E-04
    1381	-0.900000310E-03	-0.120000033E-02	 0.249999997E-02	 0.250883890E-04
    1382	-0.900000310E-03	-0.120000033E-02	 0.279999998E-02	 0.188227323E-04
    1383	-0.900000310E-03	-0.120000033E-02	 0.309999998E-02	 0.146444171E-04
    1384	-0.900000310E-03	-0.120000033E-02	 0.339999999E-02	 0.117073762E-04
    1385	-0.900000310E-03	-0.120000033E-02	 0.369999999E-02	 0.956265227E-05
    1386	-0.900000310E-03	-0.120000033E-02	 0.400000000E-02	 0.794790686E-05
    1387	-0.900000310E-03	-0.900000310E-03	 0.999999940E-03	 0.843243827E-03
    1388	-0.900000310E-03	-0.900000310E-03	 0.129999995E-02	 0.279733382E-03
    1389	-0.900000310E-03	-0.900000310E-03	 0.159999995E-02	 0.226210076E-03
    1390	-0.900000310E-03	-0.900000310E-03	 0.189999996E-02	 0.826468191E-04
    1391	-0.900000310E-03	-0.900000310E-03	 0.219999996E-02	 0.409390353E-04
    1392	-0.900000310E-03	-0.900000310E-03	 0.249999997E-02	 0.255407637E-04
    1393	-0.900000310E-03	-0.900000310E-03	 0.279999998E-02	 0.192180237E-04
    1394	-0.900000310E-03	-0.900000310E-03	 0.309999998E-02	 0.149977298E-04
    1395	-0.900000310E-03	-0.900000310E-03	 0.339999999E-02	 0.120205278E-04
    1396	-0.900000310E-03	-0.900000310E-03	 0.369999999E-02	 0.983729716E-05
    1397	-0.900000310E-03	-0.900000310E-03	 0.400000000E-02	 0.818706344E-05
    1618	-0.600000286E-03	-0.900000310E-03	 0.999999940E-03	 0.844962012E-03
    1619	-0.600000286E-03	-0.900000310E-03	 0.129999995E-02	 0.280261669E-03
    1620	-0.600000286E-03	-0.900000310E-03	 0.159999995E-02	 0.226564360E-03
    1621	-0.600000286E-03	-0.900000310E-03	 0.189999996E-02	 0.824986722E-04
    1622	-0.600000286E-03	-0.900000310E-03	 0.219999996E-02	 0.406360889E-04
    1623	-0.600000286E-03	-0.900000310E-03	 0.249999997E-02	 0.258017499E-04
    1624	-0.600000286E-03	-0.900000310E-03	 0.279999998E-02	 0.194515111E-04
    1625	-0.600000286E-03	-0.900000310E-03	 0.309999998E-02	 0.152134487E-04
    1626	-0.600000286E-03	-0.900000310E-03	 0.339999999E-02	 0.122177575E-04
    1627	-0.600000286E-03	-0.900000310E-03	 0.369999999E-02	 0.100141558E-04
    1628	-0.600000286E-03	-0.900000310E-03	 0.400000000E-02	 0.834336870E-05
    1728	-0.600000286E-03	 0.209999993E-02	 0.999999940E-03	 0.797712789E-03
    1729	-0.600000286E-03	 0.209999993E-02	 0.129999995E-02	 0.265529025E-03
    1730	-0.600000286E-03	 0.209999993E-02	 0.159999995E-02	 0.220752221E-03
    1731	-0.600000286E-03	 0.209999993E-02	 0.189999996E-02	 0.855695416E-04
    1732	-0.600000286E-03	 0.209999993E-02	 0.219999996E-02	 0.442206602E-04
    1733	-0.600000286E-03	 0.209999993E-02	 0.249999997E-02	 0.267799546E-04
    1734	-0.600000286E-03	 0.209999993E-02	 0.279999998E-02	 0.179826924E-04
    1735	-0.600000286E-03	 0.209999993E-02	 0.309999998E-02	 0.144124364E-04
    1736	-0.600000286E-03	 0.209999993E-02	 0.339999999E-02	 0.104863737E-04
    1737	-0.600000286E-03	 0.209999993E-02	 0.369999999E-02	 0.805980484E-05
    1738	-0.600000286E-03	 0.209999993E-02	 0.400000000E-02	 0.667958414E-05
    1739	-0.600000286E-03	 0.239999995E-02	 0.999999940E-03	 0.785450712E-03
    1740	-0.600000286E-03	 0.239999995E-02	 0.129999995E-02	 0.259825445E-03
    1741	-0.600000286E-03	 0.239999995E-02	 0.159999995E-02	 0.214762599E-03
    1742	-0.600000286E-03	 0.239999995E-02	 0.189999996E-02	 0.842783040E-04
    1743	-0.600000286E-03	 0.239999995E-02	 0.219999996E-02	 0.438729073E-04
    1744	-0.600000286E-03	 0.239999995E-02	 0.249999997E-02	 0.267935065E-04
    1745	-0.600000286E-03	 0.239999995E-02	 0.279999998E-02	 0.187275037E-04
    1746	-0.600000286E-03	 0.239999995E-02	 0.309999998E-02	 0.151723600E-04
    1747	-0.600000286E-03	 0.239999995E-02	 0.339999999E-02	 0.117108328E-04
    1748	-0.600000286E-03	 0.239999995E-02	 0.369999999E-02	 0.796385437E-05
    1749	-0.600000286E-03	 0.239999995E-02	 0.400000000E-02	 0.648945706E-05
    1750	-0.600000286E-03	 0.269999998E-02	 0.999999940E-03	 0.724133764E-03
    1751	-0.600000286E-03	 0.269999998E-02	 0.129999995E-02	 0.234901886E-03
    1752	-0.600000286E-03	 0.269999998E-02	 0.159999995E-02	 0.209640204E-03
    1753	-0.600000286E-03	 0.269999998E-02	 0.189999996E-02	 0.834276424E-04
    1754	-0.600000286E-03	 0.269999998E-02	 0.219999996E-02	 0.438304069E-04
    1755	-0.600000286E-03	 0.269999998E-02	 0.249999997E-02	 0.269927285E-04
    1756	-0.600000286E-03	 0.269999998E-02	 0.279999998E-02	 0.183515538E-04
    1757	-0.600000286E-03	 0.269999998E-02	 0.309999998E-02	 0.133473029E-04
    1758	-0.600000286E-03	 0.269999998E-02	 0.339999999E-02	 0.101853578E-04
    1759	-0.600000286E-03	 0.269999998E-02	 0.369999999E-02	 0.806189769E-05
    1760	-0.600000286E-03	 0.269999998E-02	 0.400000000E-02	 0.656116397E-05
    1761	-0.600000286E-03	 0.300000000E-02	 0.999999940E-03	 0.981478120E-03
    1762	-0.600000286E-03	 0.300000000E-02	 0.129999995E-02	 0.348424957E-03
    1763	-0.600000286E-03	 0.300000000E-02	 0.159999995E-02	 0.295959126E-03
    1764	-0.600000286E-03	 0.300000000E-02	 0.189999996E-02	 0.122484553E-03
    1765	-0.600000286E-03	 0.300000000E-02	 0.219999996E-02	 0.676087626E-04
    1766	-0.600000286E-03	 0.300000000E-02	 0.249999997E-02	 0.431891429E-04
    1767	-0.600000286E-03	 0.300000000E-02	 0.279999998E-02	 0.301072544E-04
    1768	-0.600000286E-03	 0.300000000E-02	 0.309999998E-02	 0.222974535E-04
    1769	-0.600000286E-03	 0.300000000E-02	 0.339999999E-02	 0.172353474E-04
    1770	-0.600000286E-03	 0.300000000E-02	 0.369999999E-02	 0.137669329E-04
    1771	-0.600000286E-03	 0.300000000E-02	 0.400000000E-02	 0.112753409E-04
    1849	-0.300000262E-03	-0.900000310E-03	 0.999999940E-03	 0.845645304E-03
    1850	-0.300000262E-03	-0.900000310E-03	 0.129999995E-02	 0.280490119E-03
    1851	-0.300000262E-03	-0.900000310E-03	 0.159999995E-02	 0.226722870E-03
    1852	-0.300000262E-03	-0.900000310E-03	 0.189999996E-02	 0.824521226E-04
    1853	-0.300000262E-03	-0.900000310E-03	 0.219999996E-02	 0.404893493E-04
    1854	-0.300000262E-03	-0.900000310E-03	 0.249999997E-02	 0.259348042E-04
    1855	-0.300000262E-03	-0.900000310E-03	 0.279999998E-02	 0.195719977E-04
    1856	-0.300000262E-03	-0.900000310E-03	 0.309999998E-02	 0.153279187E-04
    1857	-0.300000262E-03	-0.900000310E-03	 0.339999999E-02	 0.123250550E-04
    1858	-0.300000262E-03	-0.900000310E-03	 0.369999999E-02	 0.101121629E-04
    1859	-0.300000262E-03	-0.900000310E-03	 0.400000000E-02	 0.843102983E-05
    1860	-0.300000262E-03	-0.600000286E-03	 0.999999940E-03	 0.846473246E-03
    1861	-0.300000262E-03	-0.600000286E-03	 0.129999995E-02	 0.280761687E-03
    1862	-0.300000262E-03	-0.600000286E-03	 0.159999995E-02	 0.227017029E-03
    1863	-0.300000262E-03	-0.600000286E-03	 0.189999996E-02	 0.824503367E-04
    1864	-0.300000262E-03	-0.600000286E-03	 0.219999996E-02	 0.402984835E-04
    1865	-0.300000262E-03	-0.600000286E-03	 0.249999997E-02	 0.261397445E-04
    1866	-0.300000262E-03	-0.600000286E-03	 0.279999998E-02	 0.197627907E-04
    1867	-0.300000262E-03	-0.600000286E-03	 0.309999998E-02	 0.155131195E-04
    1868	-0.300000262E-03	-0.600000286E-03	 0.339999999E-02	 0.125013412E-04
    1869	-0.300000262E-03	-0.600000286E-03	 0.369999999E-02	 0.102748672E-04
    1870	-0.300000262E-03	-0.600000286E-03	 0.400000000E-02	 0.857754704E-05
    1904	-0.300000262E-03	 0.599999809E-03	 0.999999940E-03	 0.846473246E-03
    1905	-0.300000262E-03	 0.599999809E-03	 0.129999995E-02	 0.280761687E-03
    1906	-0.300000262E-03	 0.599999809E-03	 0.159999995E-02	 0.227017029E-03
    1907	-0.300000262E-03	 0.599999809E-03	 0.189999996E-02	 0.824503367E-04
    1908	-0.300000262E-03	 0.599999809E-03	 0.219999996E-02	 0.402984835E-04
    1909	-0.300000262E-03	 0.599999809E-03	 0.249999997E-02	 0.261397445E-04
    1910	-0.300000262E-03	 0.599999809E-03	 0.279999998E-02	 0.197627907E-04
    1911	-0.300000262E-03	 0.599999809E-03	 0.309999998E-02	 0.155131195E-04
    1912	-0.300000262E-03	 0.599999809E-03	 0.339999999E-02	 0.125013412E-04
    1913	-0.300000262E-03	 0.599999809E-03	 0.369999999E-02	 0.102748672E-04
    1914	-0.300000262E-03	 0.599999809E-03	 0.400000000E-02	 0.857754704E-05
    1915	-0.300000262E-03	 0.899999833E-03	 0.999999940E-03	 0.845645304E-03
    1916	-0.300000262E-03	 0.899999833E-03	 0.129999995E-02	 0.280490119E-03
    1917	-0.300000262E-03	 0.899999833E-03	 0.159999995E-02	 0.226722870E-03
    1918	-0.300000262E-03	 0.899999833E-03	 0.189999996E-02	 0.824521226E-04
    1919	-0.300000262E-03	 0.899999833E-03	 0.219999996E-02	 0.404893493E-04
    1920	-0.300000262E-03	 0.899999833E-03	 0.249999997E-02	 0.259348042E-04
    1921	-0.300000262E-03	 0.899999833E-03	 0.279999998E-02	 0.195719977E-04
    1922	-0.300000262E-03	 0.899999833E-03	 0.309999998E-02	 0.153279187E-04
    1923	-0.300000262E-03	 0.899999833E-03	 0.339999999E-02	 0.123250550E-04
    1924	-0.300000262E-03	 0.899999833E-03	 0.369999999E-02	 0.101121629E-04
    1925	-0.300000262E-03	 0.899999833E-03	 0.400000000E-02	 0.843102983E-05
    1926	-0.300000262E-03	 0.119999986E-02	 0.999999940E-03	 0.843592421E-03
    1927	-0.300000262E-03	 0.119999986E-02	 0.129999995E-02	 0.279837024E-03
    1928	-0.300000262E-03	 0.119999986E-02	 0.159999995E-02	 0.226088906E-03
    1929	-0.300000262E-03	 0.119999986E-02	 0.189999996E-02	 0.825749276E-04
    1930	-0.300000262E-03	 0.119999986E-02	 0.219999996E-02	 0.408751691E-04
    1931	-0.300000262E-03	 0.119999986E-02	 0.249999997E-02	 0.255666001E-04
    1932	-0.300000262E-03	 0.119999986E-02	 0.279999998E-02	 0.192366733E-04
    1933	-0.300000262E-03	 0.119999986E-02	 0.309999998E-02	 0.150159229E-04
    1934	-0.300000262E-03	 0.119999986E-02	 0.339999999E-02	 0.120391880E-04
    1935	-0.300000262E-03	 0.119999986E-02	 0.369999999E-02	 0.985555712E-05
    1936	-0.300000262E-03	 0.119999986E-02	 0.400000000E-02	 0.820409549E-05
    1937	-0.300000262E-03	 0.149999988E-02	 0.999999940E-03	 0.839178195E-03
    1938	-0.300000262E-03	 0.149999988E-02	 0.129999995E-02	 0.278362503E-03
    1939	-0.300000262E-03	 0.149999988E-02	 0.159999995E-02	 0.224956228E-03
    1940	-0.300000262E-03	 0.149999988E-02	 0.189999996E-02	 0.830121674E-04
    1941	-0.300000262E-03	 0.149999988E-02	 0.219999996E-02	 0.415692949E-04
    1942	-0.300000262E-03	 0.149999988E-02	 0.249999997E-02	 0.249147667E-04
    1943	-0.300000262E-03	 0.149999988E-02	 0.279999998E-02	 0.186674021E-04
    1944	-0.300000262E-03	 0.149999988E-02	 0.309999998E-02	 0.145122642E-04
    1945	-0.300000262E-03	 0.149999988E-02	 0.339999999E-02	 0.115972628E-04
    1946	-0.300000262E-03	 0.149999988E-02	 0.369999999E-02	 0.947061476E-05
    1947	-0.300000262E-03	 0.149999988E-02	 0.400000000E-02	 0.787037376E-05
    1948	-0.300000262E-03	 0.179999990E-02	 0.999999940E-03	 0.827541299E-03
    1949	-0.300000262E-03	 0.179999990E-02	 0.129999995E-02	 0.274673659E-03
    1950	-0.300000262E-03	 0.179999990E-02	 0.159999995E-02	 0.222899198E-03
    1951	-0.300000262E-03	 0.179999990E-02	 0.189999996E-02	 0.837035429E-04
    1952	-0.300000262E-03	 0.179999990E-02	 0.219999996E-02	 0.425365398E-04
    1953	-0.300000262E-03	 0.179999990E-02	 0.249999997E-02	 0.253180142E-04
    1954	-0.300000262E-03	 0.179999990E-02	 0.279999998E-02	 0.177636986E-04
    1955	-0.300000262E-03	 0.179999990E-02	 0.309999998E-02	 0.137517823E-04
    1956	-0.300000262E-03	 0.179999990E-02	 0.339999999E-02	 0.109546528E-04
    1957	-0.300000262E-03	 0.179999990E-02	 0.369999999E-02	 0.892558953E-05
    1958	-0.300000262E-03	 0.179999990E-02	 0.400000000E-02	 0.740608419E-05
    1959	-0.300000262E-03	 0.209999993E-02	 0.999999940E-03	 0.804610988E-03
    1960	-0.300000262E-03	 0.209999993E-02	 0.129999995E-02	 0.267820772E-03
    1961	-0.300000262E-03	 0.209999993E-02	 0.159999995E-02	 0.220080465E-03
    1962	-0.300000262E-03	 0.209999993E-02	 0.189999996E-02	 0.847306863E-04
    1963	-0.300000262E-03	 0.209999993E-02	 0.219999996E-02	 0.437756296E-04
    1964	-0.300000262E-03	 0.209999993E-02	 0.249999997E-02	 0.265016976E-04
    1965	-0.300000262E-03	 0.209999993E-02	 0.279999998E-02	 0.177466927E-04
    1966	-0.300000262E-03	 0.209999993E-02	 0.309999998E-02	 0.139831612E-04
    1967	-0.300000262E-03	 0.209999993E-02	 0.339999999E-02	 0.101995752E-04
    1968	-0.300000262E-03	 0.209999993E-02	 0.369999999E-02	 0.818102535E-05
    1969	-0.300000262E-03	 0.209999993E-02	 0.400000000E-02	 0.678165854E-05
    2091	-0.238418579E-09	-0.600000286E-03	 0.999999940E-03	 0.846592886E-03
    2092	-0.238418579E-09	-0.600000286E-03	 0.129999995E-02	 0.280802096E-03
    2093	-0.238418579E-09	-0.600000286E-03	 0.159999995E-02	 0.227050305E-03
    2094	-0.238418579E-09	-0.600000286E-03	 0.189999996E-02	 0.824565720E-04
    2095	-0.238418579E-09	-0.600000286E-03	 0.219999996E-02	 0.402684848E-04
    2096	-0.238418579E-09	-0.600000286E-03	 0.249999997E-02	 0.261737495E-04
    2097	-0.238418579E-09	-0.600000286E-03	 0.279999998E-02	 0.197948051E-04
    2098	-0.238418579E-09	-0.600000286E-03	 0.309999998E-02	 0.155450493E-04
    2099	-0.238418579E-09	-0.600000286E-03	 0.339999999E-02	 0.125326382E-04
    2100	-0.238418579E-09	-0.600000286E-03	 0.369999999E-02	 0.103043721E-04
    2101	-0.238418579E-09	-0.600000286E-03	 0.400000000E-02	 0.860448573E-05
    2102	-0.238418579E-09	-0.300000262E-03	 0.999999940E-03	 0.846897450E-03
    2103	-0.238418579E-09	-0.300000262E-03	 0.129999995E-02	 0.280902602E-03
    2104	-0.238418579E-09	-0.300000262E-03	 0.159999995E-02	 0.227159343E-03
    2105	-0.238418579E-09	-0.300000262E-03	 0.189999996E-02	 0.824898851E-04
    2106	-0.238418579E-09	-0.300000262E-03	 0.219999996E-02	 0.401943063E-04
    2107	-0.238418579E-09	-0.300000262E-03	 0.249999997E-02	 0.262710974E-04
    2108	-0.238418579E-09	-0.300000262E-03	 0.279999998E-02	 0.198878807E-04
    2109	-0.238418579E-09	-0.300000262E-03	 0.309999998E-02	 0.156390377E-04
    2110	-0.238418579E-09	-0.300000262E-03	 0.339999999E-02	 0.126255918E-04
    2111	-0.238418579E-09	-0.300000262E-03	 0.369999999E-02	 0.103925245E-04
    2112	-0.238418579E-09	-0.300000262E-03	 0.400000000E-02	 0.868528745E-05
    2113	-0.238418579E-09	-0.238418579E-09	 0.999999940E-03	 0.846976341E-03
    2114	-0.238418579E-09	-0.238418579E-09	 0.129999995E-02	 0.280929100E-03
    2115	-0.238418579E-09	-0.238418579E-09	 0.159999995E-02	 0.227185509E-03
    2116	-0.238418579E-09	-0.238418579E-09	 0.189999996E-02	 0.825036195E-04
    2117	-0.238418579E-09	-0.238418579E-09	 0.219999996E-02	 0.401741112E-04
    2118	-0.238418579E-09	-0.238418579E-09	 0.249999997E-02	 0.263003580E-04
    2119	-0.238418579E-09	-0.238418579E-09	 0.279999998E-02	 0.199159763E-04
    2120	-0.238418579E-09	-0.238418579E-09	 0.309999998E-02	 0.156680019E-04
    2121	-0.238418579E-09	-0.238418579E-09	 0.339999999E-02	 0.126547414E-04
    2122	-0.238418579E-09	-0.238418579E-09	 0.369999999E-02	 0.104205413E-04
    2123	-0.238418579E-09	-0.238418579E-09	 0.400000000E-02	 0.871118252E-05
    2124	-0.238418579E-09	 0.299999785E-03	 0.999999940E-03	 0.846897450E-03
    2125	-0.238418579E-09	 0.299999785E-03	 0.129999995E-02	 0.280902602E-03
    2126	-0.238418579E-09	 0.299999785E-03	 0.159999995E-02	 0.227159343E-03
    2127	-0.238418579E-09	 0.299999785E-03	 0.189999996E-02	 0.824898851E-04
    2128	-0.238418579E-09	 0.299999785E-03	 0.219999996E-02	 0.401943063E-04
    2129	-0.238418579E-09	 0.299999785E-03	 0.249999997E-02	 0.262710974E-04
    2130	-0.238418579E-09	 0.299999785E-03	 0.279999998E-02	 0.198878807E-04
    2131	-0.238418579E-09	 0.299999785E-03	 0.309999998E-02	 0.156390377E-04
    2132	-0.238418579E-09	 0.299999785E-03	 0.339999999E-02	 0.126255918E-04
    2133	-0.238418579E-09	 0.299999785E-03	 0.369999999E-02	 0.103925245E-04
    2134	-0.238418579E-09	 0.299999785E-03	 0.400000000E-02	 0.868528745E-05
    2135	-0.238418579E-09	 0.599999809E-03	 0.999999940E-03	 0.846592886E-03
    2136	-0.238418579E-09	 0.599999809E-03	 0.129999995E-02	 0.280802096E-03
    2137	-0.238418579E-09	 0.599999809E-03	 0.159999995E-02	 0.227050305E-03
    2138	-0.238418579E-09	 0.599999809E-03	 0.189999996E-02	 0.824565720E-04
    2139	-0.238418579E-09	 0.599999809E-03	 0.219999996E-02	 0.402684848E-04
    2140	-0.238418579E-09	 0.599999809E-03	 0.249999997E-02	 0.261737495E-04
    2141	-0.238418579E-09	 0.599999809E-03	 0.279999998E-02	 0.197948051E-04
    2142	-0.238418579E-09	 0.599999809E-03	 0.309999998E-02	 0.155450493E-04
    2143	-0.238418579E-09	 0.599999809E-03	 0.339999999E-02	 0.125326382E-04
    2144	-0.238418579E-09	 0.599999809E-03	 0.369999999E-02	 0.103043721E-04
    2145	-0.238418579E-09	 0.599999809E-03	 0.400000000E-02	 0.860448573E-05
    2322	 0.299999785E-03	-0.600000286E-03	 0.999999940E-03	 0.846473246E-03
    2323	 0.299999785E-03	-0.600000286E-03	 0.129999995E-02	 0.280761687E-03
    2324	 0.299999785E-03	-0.600000286E-03	 0.159999995E-02	 0.227017029E-03
    2325	 0.299999785E-03	-0.600000286E-03	 0.189999996E-02	 0.824503367E-04
    2326	 0.299999785E-03	-0.600000286E-03	 0.219999996E-02	 0.402984835E-04
    2327	 0.299999785E-03	-0.600000286E-03	 0.249999997E-02	 0.261397445E-04
    2328	 0.299999785E-03	-0.600000286E-03	 0.279999998E-02	 0.197627907E-04
    2329	 0.299999785E-03	-0.600000286E-03	 0.309999998E-02	 0.155131195E-04
    2330	 0.299999785E-03	-0.600000286E-03	 0.339999999E-02	 0.125013412E-04
    2331	 0.299999785E-03	-0.600000286E-03	 0.369999999E-02	 0.102748672E-04
    2332	 0.299999785E-03	-0.600000286E-03	 0.400000000E-02	 0.857754704E-05
    2553	 0.599999809E-03	-0.600000286E-03	 0.999999940E-03	 0.846013582E-03
    2554	 0.599999809E-03	-0.600000286E-03	 0.129999995E-02	 0.280612555E-03
    2555	 0.599999809E-03	-0.600000286E-03	 0.159999995E-02	 0.226882836E-03
    2556	 0.599999809E-03	-0.600000286E-03	 0.189999996E-02	 0.824451696E-04
    2557	 0.599999809E-03	-0.600000286E-03	 0.219999996E-02	 0.404023890E-04
    2558	 0.599999809E-03	-0.600000286E-03	 0.249999997E-02	 0.260266783E-04
    2559	 0.599999809E-03	-0.600000286E-03	 0.279999998E-02	 0.196576223E-04
    2560	 0.599999809E-03	-0.600000286E-03	 0.309999998E-02	 0.154098873E-04
    2561	 0.599999809E-03	-0.600000286E-03	 0.339999999E-02	 0.124018248E-04
    2562	 0.599999809E-03	-0.600000286E-03	 0.369999999E-02	 0.101821571E-04
    2563	 0.599999809E-03	-0.600000286E-03	 0.400000000E-02	 0.849354895E-05
    2784	 0.899999833E-03	-0.600000286E-03	 0.999999940E-03	 0.844962012E-03
    2785	 0.899999833E-03	-0.600000286E-03	 0.129999995E-02	 0.280261669E-03
    2786	 0.899999833E-03	-0.600000286E-03	 0.159999995E-02	 0.226564360E-03
    2787	 0.899999833E-03	-0.600000286E-03	 0.189999996E-02	 0.824986722E-04
    2788	 0.899999833E-03	-0.600000286E-03	 0.219999996E-02	 0.406360889E-04
    2789	 0.899999833E-03	-0.600000286E-03	 0.249999997E-02	 0.258017499E-04
    2790	 0.899999833E-03	-0.600000286E-03	 0.279999998E-02	 0.194515111E-04
    2791	 0.899999833E-03	-0.600000286E-03	 0.309999998E-02	 0.152134487E-04
    2792	 0.899999833E-03	-0.600000286E-03	 0.339999999E-02	 0.122177575E-04
    2793	 0.899999833E-03	-0.600000286E-03	 0.369999999E-02	 0.100141558E-04
    2794	 0.899999833E-03	-0.600000286E-03	 0.400000000E-02	 0.834336870E-05
    3015	 0.119999986E-02	-0.600000286E-03	 0.999999940E-03	 0.842396197E-03
    3016	 0.119999986E-02	-0.600000286E-03	 0.129999995E-02	 0.279431810E-03
    3017	 0.119999986E-02	-0.600000286E-03	 0.159999995E-02	 0.225923832E-03
    3018	 0.119999986E-02	-0.600000286E-03	 0.189999996E-02	 0.827183158E-04
    3019	 0.119999986E-02	-0.600000286E-03	 0.219999996E-02	 0.410814912E-04
    3020	 0.119999986E-02	-0.600000286E-03	 0.249999997E-02	 0.254008049E-04
    3021	 0.119999986E-02	-0.600000286E-03	 0.279999998E-02	 0.190925292E-04
    3022	 0.119999986E-02	-0.600000286E-03	 0.309999998E-02	 0.148847177E-04
    3023	 0.119999986E-02	-0.600000286E-03	 0.339999999E-02	 0.119205108E-04
    3024	 0.119999986E-02	-0.600000286E-03	 0.369999999E-02	 0.974980955E-05
    3025	 0.119999986E-02	-0.600000286E-03	 0.400000000E-02	 0.811103726E-05
    3246	 0.149999988E-02	-0.600000286E-03	 0.999999940E-03	 0.836595292E-03
    3247	 0.149999988E-02	-0.600000286E-03	 0.129999995E-02	 0.277620734E-03
    3248	 0.149999988E-02	-0.600000286E-03	 0.159999995E-02	 0.224917740E-03
    3249	 0.149999988E-02	-0.600000286E-03	 0.189999996E-02	 0.833349854E-04
    3250	 0.149999988E-02	-0.600000286E-03	 0.219999996E-02	 0.418736547E-04
    3251	 0.149999988E-02	-0.600000286E-03	 0.249999997E-02	 0.247139744E-04
    3252	 0.149999988E-02	-0.600000286E-03	 0.279999998E-02	 0.184994572E-04
    3253	 0.149999988E-02	-0.600000286E-03	 0.309999998E-02	 0.143658284E-04
    3254	 0.149999988E-02	-0.600000286E-03	 0.339999999E-02	 0.114691473E-04
    3255	 0.149999988E-02	-0.600000286E-03	 0.369999999E-02	 0.935920349E-05
    3256	 0.149999988E-02	-0.600000286E-03	 0.400000000E-02	 0.777389431E-05
    3466	 0.179999990E-02	-0.600000286E-03	 0.999999940E-03	 0.824142672E-03
    3467	 0.179999990E-02	-0.600000286E-03	 0.129999995E-02	 0.273257404E-03
    3468	 0.179999990E-02	-0.600000286E-03	 0.159999995E-02	 0.223142288E-03
    3469	 0.179999990E-02	-0.600000286E-03	 0.189999996E-02	 0.842476919E-04
    3470	 0.179999990E-02	-0.600000286E-03	 0.219999996E-02	 0.429125557E-04
    3471	 0.179999990E-02	-0.600000286E-03	 0.249999997E-02	 0.255673210E-04
    3472	 0.179999990E-02	-0.600000286E-03	 0.279999998E-02	 0.175707013E-04
    3473	 0.179999990E-02	-0.600000286E-03	 0.309999998E-02	 0.135899429E-04
    3474	 0.179999990E-02	-0.600000286E-03	 0.339999999E-02	 0.108174695E-04
    3475	 0.179999990E-02	-0.600000286E-03	 0.369999999E-02	 0.880908544E-05
    3476	 0.179999990E-02	-0.600000286E-03	 0.400000000E-02	 0.730679533E-05
    3664	 0.209999993E-02	-0.600000286E-03	 0.999999940E-03	 0.797712789E-03
    3665	 0.209999993E-02	-0.600000286E-03	 0.129999995E-02	 0.265529025E-03
    3666	 0.209999993E-02	-0.600000286E-03	 0.159999995E-02	 0.220752221E-03
    3667	 0.209999993E-02	-0.600000286E-03	 0.189999996E-02	 0.855695416E-04
    3668	 0.209999993E-02	-0.600000286E-03	 0.219999996E-02	 0.442206602E-04
    3669	 0.209999993E-02	-0.600000286E-03	 0.249999997E-02	 0.267799546E-04
    3670	 0.209999993E-02	-0.600000286E-03	 0.279999998E-02	 0.179826924E-04
    3671	 0.209999993E-02	-0.600000286E-03	 0.309999998E-02	 0.144124364E-04
    3672	 0.209999993E-02	-0.600000286E-03	 0.339999999E-02	 0.104863737E-04
    3673	 0.209999993E-02	-0.600000286E-03	 0.369999999E-02	 0.805980484E-05
    3674	 0.209999993E-02	-0.600000286E-03	 0.400000000E-02	 0.667958414E-05
    3851	 0.239999995E-02	-0.600000286E-03	 0.999999940E-03	 0.785450712E-03
    3852	 0.239999995E-02	-0.600000286E-03	 0.129999995E-02	 0.259825445E-03
    3853	 0.239999995E-02	-0.600000286E-03	 0.159999995E-02	 0.214762599E-03
    3854	 0.239999995E-02	-0.600000286E-03	 0.189999996E-02	 0.842783040E-04
    3855	 0.239999995E-02	-0.600000286E-03	 0.219999996E-02	 0.438729073E-04
    3856	 0.239999995E-02	-0.600000286E-03	 0.249999997E-02	 0.267935065E-04
    3857	 0.239999995E-02	-0.600000286E-03	 0.279999998E-02	 0.187275037E-04
    3858	 0.239999995E-02	-0.600000286E-03	 0.309999998E-02	 0.151723600E-04
    3859	 0.239999995E-02	-0.600000286E-03	 0.339999999E-02	 0.117108328E-04
    3860	 0.239999995E-02	-0.600000286E-03	 0.369999999E-02	 0.796385437E-05
    3861	 0.239999995E-02	-0.600000286E-03	 0.400000000E-02	 0.648945706E-05
    4016	 0.269999998E-02	-0.600000286E-03	 0.999999940E-03	 0.724133764E-03
    4017	 0.269999998E-02	-0.600000286E-03	 0.129999995E-02	 0.234901886E-03
    4018	 0.269999998E-02	-0.600000286E-03	 0.159999995E-02	 0.209640204E-03
    4019	 0.269999998E-02	-0.600000286E-03	 0.189999996E-02	 0.834276424E-04
    4020	 0.269999998E-02	-0.600000286E-03	 0.219999996E-02	 0.438304069E-04
    4021	 0.269999998E-02	-0.600000286E-03	 0.249999997E-02	 0.269927285E-04
    4022	 0.269999998E-02	-0.600000286E-03	 0.279999998E-02	 0.183515538E-04
    4023	 0.269999998E-02	-0.600000286E-03	 0.309999998E-02	 0.133473029E-04
    4024	 0.269999998E-02	-0.600000286E-03	 0.339999999E-02	 0.101853578E-04
    4025	 0.269999998E-02	-0.600000286E-03	 0.369999999E-02	 0.806189769E-05
    4026	 0.269999998E-02	-0.600000286E-03	 0.400000000E-02	 0.656116397E-05
    4148	 0.300000000E-02	-0.600000286E-03	 0.999999940E-03	 0.981478120E-03
    4149	 0.300000000E-02	-0.600000286E-03	 0.129999995E-02	 0.348424957E-03
    4150	 0.300000000E-02	-0.600000286E-03	 0.159999995E-02	 0.295959126E-03
    4151	 0.300000000E-02	-0.600000286E-03	 0.189999996E-02	 0.122484553E-03
    4152	 0.300000000E-02	-0.600000286E-03	 0.219999996E-02	 0.676087626E-04
    4153	 0.300000000E-02	-0.600000286E-03	 0.249999997E-02	 0.431891429E-04
    4154	 0.300000000E-02	-0.600000286E-03	 0.279999998E-02	 0.301072544E-04
    4155	 0.300000000E-02	-0.600000286E-03	 0.309999998E-02	 0.222974535E-04
    4156	 0.300000000E-02	-0.600000286E-03	 0.339999999E-02	 0.172353474E-04
    4157	 0.300000000E-02	-0.600000286E-03	 0.369999999E-02	 0.137669329E-04
    4158	 0.300000000E-02	-0.600000286E-03	 0.400000000E-02	 0.112753409E-04
   12435	 0.269999998E-02	-0.600000286E-03	 0.699999934E-03	 0.375624452E-02
   12436	 0.300000000E-02	-0.600000286E-03	 0.699999934E-03	 0.779901044E-02
   12437	 0.269999998E-02	-0.600000286E-03	 0.399999928E-03	 0.323683982E-02
   12438	 0.300000000E-02	-0.600000286E-03	 0.399999928E-03	 0.651220205E-02
   12439	 0.269999998E-02	-0.600000286E-03	 0.999999225E-04	 0.155611597E-02
   12440	 0.300000000E-02	-0.600000286E-03	 0.999999225E-04	 0.173754838E-02
   12474	 0.239999995E-02	-0.600000286E-03	 0.699999934E-03	 0.395858128E-02
   12475	 0.239999995E-02	-0.600000286E-03	 0.399999928E-03	 0.234311654E-02
   12476	 0.239999995E-02	-0.600000286E-03	 0.999999225E-04	 0.156248475E-02
   12525	 0.209999993E-02	-0.600000286E-03	 0.699999934E-03	 0.393447265E-02
   12526	 0.209999993E-02	-0.600000286E-03	 0.399999928E-03	 0.230342939E-02
   12527	 0.209999993E-02	-0.600000286E-03	 0.999999225E-04	 0.156471536E-02
   12582	 0.179999990E-02	-0.600000286E-03	 0.699999934E-03	 0.404236517E-02
   12583	 0.179999990E-02	-0.600000286E-03	 0.399999928E-03	 0.226967678E-02
   12584	 0.179999990E-02	-0.600000286E-03	 0.999999225E-04	 0.156548013E-02
   12636	 0.149999988E-02	-0.600000286E-03	 0.699999934E-03	 0.408726385E-02
   12637	 0.149999988E-02	-0.600000286E-03	 0.399999928E-03	 0.227469489E-02
   12638	 0.149999988E-02	-0.600000286E-03	 0.999999225E-04	 0.156640381E-02
   12693	 0.119999986E-02	-0.600000286E-03	 0.699999934E-03	 0.410556847E-02
   12694	 0.119999986E-02	-0.600000286E-03	 0.399999928E-03	 0.227236366E-02
   12695	 0.119999986E-02	-0.600000286E-03	 0.999999225E-04	 0.156658626E-02
   12753	 0.899999833E-03	-0.600000286E-03	 0.699999934E-03	 0.411261474E-02
   12754	 0.899999833E-03	-0.600000286E-03	 0.399999928E-03	 0.227278013E-02
   12755	 0.899999833E-03	-0.600000286E-03	 0.999999225E-04	 0.156664964E-02
   12816	 0.599999809E-03	-0.600000286E-03	 0.699999934E-03	 0.411452399E-02
   12817	 0.599999809E-03	-0.600000286E-03	 0.399999928E-03	 0.227248138E-02
   12818	 0.599999809E-03	-0.600000286E-03	 0.999999225E-04	 0.156672369E-02
   12882	 0.299999785E-03	-0.600000286E-03	 0.699999934E-03	 0.411510422E-02
   12883	 0.299999785E-03	-0.600000286E-03	 0.399999928E-03	 0.227233381E-02
   12884	 0.299999785E-03	-0.600000286E-03	 0.999999225E-04	 0.156677110E-02
   12928	-0.238418579E-09	 0.119999986E-02	 0.399999928E-03	 0.227173068E-02
   12929	-0.238418579E-09	 0.119999986E-02	 0.999999225E-04	 0.156674366E-02
   12930	-0.238418579E-09	 0.899999833E-03	 0.699999934E-03	 0.411337831E-02
   12931	-0.238418579E-09	 0.899999833E-03	 0.399999928E-03	 0.227216497E-02
   12932	-0.238418579E-09	 0.899999833E-03	 0.999999225E-04	 0.156678779E-02
   12933	-0.238418579E-09	 0.599999809E-03	 0.699999934E-03	 0.411515381E-02
   12934	-0.238418579E-09	 0.599999809E-03	 0.399999928E-03	 0.227217848E-02
   12935	-0.238418579E-09	 0.599999809E-03	 0.999999225E-04	 0.156679014E-02
   12936	-0.238418579E-09	 0.299999785E-03	 0.699999934E-03	 0.411580259E-02
   12937	-0.238418579E-09	 0.299999785E-03	 0.399999928E-03	 0.227229421E-02
   12938	-0.238418579E-09	 0.299999785E-03	 0.999999225E-04	 0.156678481E-02
   12939	-0.238418579E-09	-0.238418579E-09	 0.699999934E-03	 0.411593993E-02
   12940	-0.238418579E-09	-0.238418579E-09	 0.399999928E-03	 0.227227204E-02
   12941	-0.238418579E-09	-0.238418579E-09	 0.999999225E-04	 0.156678336E-02
   12942	-0.238418579E-09	-0.300000262E-03	 0.699999934E-03	 0.411580259E-02
   12943	-0.238418579E-09	-0.300000262E-03	 0.399999928E-03	 0.227229421E-02
   12944	-0.238418579E-09	-0.300000262E-03	 0.999999225E-04	 0.156678481E-02
   12945	-0.238418579E-09	-0.600000286E-03	 0.699999934E-03	 0.411515381E-02
   12946	-0.238418579E-09	-0.600000286E-03	 0.399999928E-03	 0.227217848E-02
   12947	-0.238418579E-09	-0.600000286E-03	 0.999999225E-04	 0.156679014E-02
   12981	-0.300000262E-03	 0.209999993E-02	 0.699999934E-03	 0.396832375E-02
   12982	-0.300000262E-03	 0.209999993E-02	 0.399999928E-03	 0.229228383E-02
   12983	-0.300000262E-03	 0.209999993E-02	 0.999999225E-04	 0.156470203E-02
   12984	-0.300000262E-03	 0.179999990E-02	 0.699999934E-03	 0.405346574E-02
   12985	-0.300000262E-03	 0.179999990E-02	 0.399999928E-03	 0.227158031E-02
   12986	-0.300000262E-03	 0.179999990E-02	 0.999999225E-04	 0.156595242E-02
   12987	-0.300000262E-03	 0.149999988E-02	 0.699999934E-03	 0.409529125E-02
   12988	-0.300000262E-03	 0.149999988E-02	 0.399999928E-03	 0.227224119E-02
   12989	-0.300000262E-03	 0.149999988E-02	 0.999999225E-04	 0.156648450E-02
   12990	-0.300000262E-03	 0.119999986E-02	 0.699999934E-03	 0.410758060E-02
   12991	-0.300000262E-03	 0.119999986E-02	 0.399999928E-03	 0.227214870E-02
   12992	-0.300000262E-03	 0.119999986E-02	 0.999999225E-04	 0.156672822E-02
   12993	-0.300000262E-03	 0.899999833E-03	 0.699999934E-03	 0.411326806E-02
   12994	-0.300000262E-03	 0.899999833E-03	 0.399999928E-03	 0.227220096E-02
   12996	-0.300000262E-03	 0.599999809E-03	 0.699999934E-03	 0.411510422E-02
   13008	-0.300000262E-03	-0.600000286E-03	 0.699999934E-03	 0.411510422E-02
   13009	-0.300000262E-03	-0.600000286E-03	 0.399999928E-03	 0.227233381E-02
   13010	-0.300000262E-03	-0.600000286E-03	 0.999999225E-04	 0.156677110E-02
   13011	-0.300000262E-03	-0.900000310E-03	 0.699999934E-03	 0.411326806E-02
   13012	-0.300000262E-03	-0.900000310E-03	 0.399999928E-03	 0.227220096E-02
   13013	-0.300000262E-03	-0.900000310E-03	 0.999999225E-04	 0.156675770E-02
   13035	-0.600000286E-03	 0.269999998E-02	 0.699999934E-03	 0.375624452E-02
   13036	-0.600000286E-03	 0.300000000E-02	 0.699999934E-03	 0.779901044E-02
   13037	-0.600000286E-03	 0.269999998E-02	 0.399999928E-03	 0.323683982E-02
   13038	-0.600000286E-03	 0.300000000E-02	 0.399999928E-03	 0.651220205E-02
   13039	-0.600000286E-03	 0.269999998E-02	 0.999999225E-04	 0.155611597E-02
   13040	-0.600000286E-03	 0.300000000E-02	 0.999999225E-04	 0.173754838E-02
   13041	-0.600000286E-03	 0.239999995E-02	 0.699999934E-03	 0.395858128E-02
   13042	-0.600000286E-03	 0.239999995E-02	 0.399999928E-03	 0.234311654E-02
   13043	-0.600000286E-03	 0.239999995E-02	 0.999999225E-04	 0.156248475E-02
   13044	-0.600000286E-03	 0.209999993E-02	 0.699999934E-03	 0.393447265E-02
   13045	-0.600000286E-03	 0.209999993E-02	 0.399999928E-03	 0.230342939E-02
   13046	-0.600000286E-03	 0.209999993E-02	 0.999999225E-04	 0.156471536E-02
   13074	-0.600000286E-03	-0.900000310E-03	 0.699999934E-03	 0.411261474E-02
   13075	-0.600000286E-03	-0.900000310E-03	 0.399999928E-03	 0.227278013E-02
   13076	-0.600000286E-03	-0.900000310E-03	 0.999999225E-04	 0.156664964E-02
   13137	-0.900000310E-03	-0.900000310E-03	 0.699999934E-03	 0.410915048E-02
   13138	-0.900000310E-03	-0.900000310E-03	 0.399999928E-03	 0.227370146E-02
   13139	-0.900000310E-03	-0.900000310E-03	 0.999999225E-04	 0.156650197E-02
   13140	-0.900000310E-03	-0.120000033E-02	 0.699999934E-03	 0.410052927E-02
   13141	-0.900000310E-03	-0.120000033E-02	 0.399999928E-03	 0.227331023E-02
   13142	-0.900000310E-03	-0.120000033E-02	 0.999999225E-04	 0.156623064E-02
   13200	-0.120000033E-02	-0.120000033E-02	 0.699999934E-03	 0.408517211E-02
   13201	-0.120000033E-02	-0.120000033E-02	 0.399999928E-03	 0.228016397E-02
   13202	-0.120000033E-02	-0.120000033E-02	 0.999999225E-04	 0.156573808E-02
   13203	-0.120000033E-02	-0.150000036E-02	 0.699999934E-03	 0.404356269E-02
   13204	-0.120000033E-02	-0.150000036E-02	 0.399999928E-03	 0.227245138E-02
   13205	-0.120000033E-02	-0.150000036E-02	 0.999999225E-04	 0.156495147E-02
   13260	-0.150000036E-02	-0.150000036E-02	 0.699999934E-03	 0.398841905E-02
   13261	-0.150000036E-02	-0.150000036E-02	 0.399999928E-03	 0.229687016E-02
   13262	-0.150000036E-02	-0.150000036E-02	 0.999999225E-04	 0.156319390E-02
   13314	-0.180000038E-02	-0.150000036E-02	 0.699999934E-03	 0.386112761E-02
   13315	-0.180000038E-02	-0.150000036E-02	 0.399999928E-03	 0.234448568E-02
   13316	-0.180000038E-02	-0.150000036E-02	 0.999999225E-04	 0.156104619E-02
   13365	-0.210000040E-02	-0.150000036E-02	 0.699999934E-03	 0.403827931E-02
   13366	-0.210000040E-02	-0.150000036E-02	 0.399999928E-03	 0.260070959E-02
   13367	-0.210000040E-02	-0.150000036E-02	 0.999999225E-04	 0.156977510E-02
   13413	-0.240000043E-02	-0.150000036E-02	 0.699999934E-03	 0.711269026E-02
   13414	-0.240000043E-02	-0.150000036E-02	 0.399999928E-03	 0.404173259E-02
   13415	-0.240000043E-02	-0.150000036E-02	 0.999999225E-04	 0.168751405E-02
