AM Result File
MAPDL 2025 R1          BUILD 25.1        UP20250123    WINDOWS x64 
04/04/2026      11:16:36
Title: --Static Structural
Node Number	X Coordinate	Y Coordinate	Z Coordinate	Recoater-Interference
   13372	-0.210000040E-02	-0.210000040E-02	 0.399999928E-03	-0.730685992E-06
   13420	-0.240000043E-02	-0.210000040E-02	 0.399999928E-03	-0.730686000E-06
   13417	-0.240000043E-02	-0.180000038E-02	 0.399999928E-03	-0.730685996E-06
   13369	-0.210000040E-02	-0.180000038E-02	 0.399999928E-03	-0.730685988E-06
   13373	-0.210000040E-02	-0.210000040E-02	 0.999999225E-04	 0.103745224E-05
   13421	-0.240000043E-02	-0.210000040E-02	 0.999999225E-04	 0.103745224E-05
   13418	-0.240000043E-02	-0.180000038E-02	 0.999999225E-04	 0.103745224E-05
   13370	-0.210000040E-02	-0.180000038E-02	 0.999999225E-04	 0.103745225E-05
   13414	-0.240000043E-02	-0.150000036E-02	 0.399999928E-03	-0.730685991E-06
   13366	-0.210000040E-02	-0.150000036E-02	 0.399999928E-03	-0.730685984E-06
   13415	-0.240000043E-02	-0.150000036E-02	 0.999999225E-04	 0.103745224E-05
   13367	-0.210000040E-02	-0.150000036E-02	 0.999999225E-04	 0.103745225E-05
   13324	-0.180000038E-02	-0.240000043E-02	 0.399999928E-03	-0.730685988E-06
   13375	-0.210000040E-02	-0.240000043E-02	 0.399999928E-03	-0.730685996E-06
   13321	-0.180000038E-02	-0.210000040E-02	 0.399999928E-03	-0.730685984E-06
   13325	-0.180000038E-02	-0.240000043E-02	 0.999999225E-04	 0.103745225E-05
   13376	-0.210000040E-02	-0.240000043E-02	 0.999999225E-04	 0.103745224E-05
   13322	-0.180000038E-02	-0.210000040E-02	 0.999999225E-04	 0.103745225E-05
   13318	-0.180000038E-02	-0.180000038E-02	 0.399999928E-03	-0.730685980E-06
   13319	-0.180000038E-02	-0.180000038E-02	 0.999999225E-04	 0.103745226E-05
   13315	-0.180000038E-02	-0.150000036E-02	 0.399999928E-03	-0.730685976E-06
   13316	-0.180000038E-02	-0.150000036E-02	 0.999999225E-04	 0.103745226E-05
   13270	-0.150000036E-02	-0.240000043E-02	 0.399999928E-03	-0.730685979E-06
   13267	-0.150000036E-02	-0.210000040E-02	 0.399999928E-03	-0.730685976E-06
   13271	-0.150000036E-02	-0.240000043E-02	 0.999999225E-04	 0.103745226E-05
   13268	-0.150000036E-02	-0.210000040E-02	 0.999999225E-04	 0.103745226E-05
   13264	-0.150000036E-02	-0.180000038E-02	 0.399999928E-03	-0.730685972E-06
   13265	-0.150000036E-02	-0.180000038E-02	 0.999999225E-04	 0.103745226E-05
   13261	-0.150000036E-02	-0.150000036E-02	 0.399999928E-03	-0.730685968E-06
   13262	-0.150000036E-02	-0.150000036E-02	 0.999999225E-04	 0.103745227E-05
   13216	-0.120000033E-02	-0.270000045E-02	 0.399999928E-03	-0.730685973E-06
   13273	-0.150000036E-02	-0.270000045E-02	 0.399999928E-03	-0.730685982E-06
   13213	-0.120000033E-02	-0.240000043E-02	 0.399999928E-03	-0.730685970E-06
   13217	-0.120000033E-02	-0.270000045E-02	 0.999999225E-04	 0.103745226E-05
   13274	-0.150000036E-02	-0.270000045E-02	 0.999999225E-04	 0.103745225E-05
   13214	-0.120000033E-02	-0.240000043E-02	 0.999999225E-04	 0.103745227E-05
   13210	-0.120000033E-02	-0.210000040E-02	 0.399999928E-03	-0.730685967E-06
   13211	-0.120000033E-02	-0.210000040E-02	 0.999999225E-04	 0.103745227E-05
   13207	-0.120000033E-02	-0.180000038E-02	 0.399999928E-03	-0.730685963E-06
   13208	-0.120000033E-02	-0.180000038E-02	 0.999999225E-04	 0.103745227E-05
   13204	-0.120000033E-02	-0.150000036E-02	 0.399999928E-03	-0.730685959E-06
   13205	-0.120000033E-02	-0.150000036E-02	 0.999999225E-04	 0.103745228E-05
   13156	-0.900000310E-03	-0.270000045E-02	 0.399999928E-03	-0.730685964E-06
   13153	-0.900000310E-03	-0.240000043E-02	 0.399999928E-03	-0.730685961E-06
   13157	-0.900000310E-03	-0.270000045E-02	 0.999999225E-04	 0.103745227E-05
   13154	-0.900000310E-03	-0.240000043E-02	 0.999999225E-04	 0.103745227E-05
   13150	-0.900000310E-03	-0.210000040E-02	 0.399999928E-03	-0.730685958E-06
   13151	-0.900000310E-03	-0.210000040E-02	 0.999999225E-04	 0.103745228E-05
   13147	-0.900000310E-03	-0.180000038E-02	 0.399999928E-03	-0.730685954E-06
   13148	-0.900000310E-03	-0.180000038E-02	 0.999999225E-04	 0.103745228E-05
   13144	-0.900000310E-03	-0.150000036E-02	 0.399999928E-03	-0.730685950E-06
   13145	-0.900000310E-03	-0.150000036E-02	 0.999999225E-04	 0.103745229E-05
   13201	-0.120000033E-02	-0.120000033E-02	 0.399999928E-03	-0.730685955E-06
   13141	-0.900000310E-03	-0.120000033E-02	 0.399999928E-03	-0.730685946E-06
   13202	-0.120000033E-02	-0.120000033E-02	 0.999999225E-04	 0.103745228E-05
   13142	-0.900000310E-03	-0.120000033E-02	 0.999999225E-04	 0.103745229E-05
   13096	-0.600000286E-03	-0.300000048E-02	 0.399999928E-03	-0.730685957E-06
   13159	-0.900000310E-03	-0.300000048E-02	 0.399999928E-03	-0.730685967E-06
   13093	-0.600000286E-03	-0.270000045E-02	 0.399999928E-03	-0.730685954E-06
   13097	-0.600000286E-03	-0.300000048E-02	 0.999999225E-04	 0.103745228E-05
   13160	-0.900000310E-03	-0.300000048E-02	 0.999999225E-04	 0.103745227E-05
   13094	-0.600000286E-03	-0.270000045E-02	 0.999999225E-04	 0.103745228E-05
   13090	-0.600000286E-03	-0.240000043E-02	 0.399999928E-03	-0.730685951E-06
   13091	-0.600000286E-03	-0.240000043E-02	 0.999999225E-04	 0.103745228E-05
   13087	-0.600000286E-03	-0.210000040E-02	 0.399999928E-03	-0.730685948E-06
   13088	-0.600000286E-03	-0.210000040E-02	 0.999999225E-04	 0.103745229E-05
   13084	-0.600000286E-03	-0.180000038E-02	 0.399999928E-03	-0.730685945E-06
   13085	-0.600000286E-03	-0.180000038E-02	 0.999999225E-04	 0.103745229E-05
   13081	-0.600000286E-03	-0.150000036E-02	 0.399999928E-03	-0.730685941E-06
   13082	-0.600000286E-03	-0.150000036E-02	 0.999999225E-04	 0.103745229E-05
   13078	-0.600000286E-03	-0.120000033E-02	 0.399999928E-03	-0.730685937E-06
   13079	-0.600000286E-03	-0.120000033E-02	 0.999999225E-04	 0.103745230E-05
   13138	-0.900000310E-03	-0.900000310E-03	 0.399999928E-03	-0.730685941E-06
   13075	-0.600000286E-03	-0.900000310E-03	 0.399999928E-03	-0.730685932E-06
   13139	-0.900000310E-03	-0.900000310E-03	 0.999999225E-04	 0.103745229E-05
   13076	-0.600000286E-03	-0.900000310E-03	 0.999999225E-04	 0.103745230E-05
   13033	-0.300000262E-03	-0.300000048E-02	 0.399999928E-03	-0.730685946E-06
   13030	-0.300000262E-03	-0.270000045E-02	 0.399999928E-03	-0.730685944E-06
   13034	-0.300000262E-03	-0.300000048E-02	 0.999999225E-04	 0.103745229E-05
   13031	-0.300000262E-03	-0.270000045E-02	 0.999999225E-04	 0.103745229E-05
   13027	-0.300000262E-03	-0.240000043E-02	 0.399999928E-03	-0.730685941E-06
   13028	-0.300000262E-03	-0.240000043E-02	 0.999999225E-04	 0.103745229E-05
   13024	-0.300000262E-03	-0.210000040E-02	 0.399999928E-03	-0.730685938E-06
   13025	-0.300000262E-03	-0.210000040E-02	 0.999999225E-04	 0.103745230E-05
   13021	-0.300000262E-03	-0.180000038E-02	 0.399999928E-03	-0.730685935E-06
   13022	-0.300000262E-03	-0.180000038E-02	 0.999999225E-04	 0.103745230E-05
   13018	-0.300000262E-03	-0.150000036E-02	 0.399999928E-03	-0.730685931E-06
   13019	-0.300000262E-03	-0.150000036E-02	 0.999999225E-04	 0.103745230E-05
   13015	-0.300000262E-03	-0.120000033E-02	 0.399999928E-03	-0.730685927E-06
   13016	-0.300000262E-03	-0.120000033E-02	 0.999999225E-04	 0.103745231E-05
   13012	-0.300000262E-03	-0.900000310E-03	 0.399999928E-03	-0.730685922E-06
   13013	-0.300000262E-03	-0.900000310E-03	 0.999999225E-04	 0.103745231E-05
   12970	-0.238418579E-09	-0.300000048E-02	 0.399999928E-03	-0.730685936E-06
   12967	-0.238418579E-09	-0.270000045E-02	 0.399999928E-03	-0.730685933E-06
   12971	-0.238418579E-09	-0.300000048E-02	 0.999999225E-04	 0.103745230E-05
   12968	-0.238418579E-09	-0.270000045E-02	 0.999999225E-04	 0.103745230E-05
   12964	-0.238418579E-09	-0.240000043E-02	 0.399999928E-03	-0.730685931E-06
   12965	-0.238418579E-09	-0.240000043E-02	 0.999999225E-04	 0.103745231E-05
   12961	-0.238418579E-09	-0.210000040E-02	 0.399999928E-03	-0.730685928E-06
   12962	-0.238418579E-09	-0.210000040E-02	 0.999999225E-04	 0.103745231E-05
   12958	-0.238418579E-09	-0.180000038E-02	 0.399999928E-03	-0.730685924E-06
   12959	-0.238418579E-09	-0.180000038E-02	 0.999999225E-04	 0.103745231E-05
   12955	-0.238418579E-09	-0.150000036E-02	 0.399999928E-03	-0.730685920E-06
   12956	-0.238418579E-09	-0.150000036E-02	 0.999999225E-04	 0.103745232E-05
   12952	-0.238418579E-09	-0.120000033E-02	 0.399999928E-03	-0.730685916E-06
   12953	-0.238418579E-09	-0.120000033E-02	 0.999999225E-04	 0.103745232E-05
   12949	-0.238418579E-09	-0.900000310E-03	 0.399999928E-03	-0.730685911E-06
   12950	-0.238418579E-09	-0.900000310E-03	 0.999999225E-04	 0.103745232E-05
   13009	-0.300000262E-03	-0.600000286E-03	 0.399999928E-03	-0.730685916E-06
   12946	-0.238418579E-09	-0.600000286E-03	 0.399999928E-03	-0.730685906E-06
   13010	-0.300000262E-03	-0.600000286E-03	 0.999999225E-04	 0.103745232E-05
   12947	-0.238418579E-09	-0.600000286E-03	 0.999999225E-04	 0.103745233E-05
   12907	 0.299999785E-03	-0.300000048E-02	 0.399999928E-03	-0.730685925E-06
   12904	 0.299999785E-03	-0.270000045E-02	 0.399999928E-03	-0.730685922E-06
   12908	 0.299999785E-03	-0.300000048E-02	 0.999999225E-04	 0.103745231E-05
   12905	 0.299999785E-03	-0.270000045E-02	 0.999999225E-04	 0.103745231E-05
   12901	 0.299999785E-03	-0.240000043E-02	 0.399999928E-03	-0.730685919E-06
   12902	 0.299999785E-03	-0.240000043E-02	 0.999999225E-04	 0.103745232E-05
   12898	 0.299999785E-03	-0.210000040E-02	 0.399999928E-03	-0.730685916E-06
   12899	 0.299999785E-03	-0.210000040E-02	 0.999999225E-04	 0.103745232E-05
   12895	 0.299999785E-03	-0.180000038E-02	 0.399999928E-03	-0.730685913E-06
   12896	 0.299999785E-03	-0.180000038E-02	 0.999999225E-04	 0.103745232E-05
   12892	 0.299999785E-03	-0.150000036E-02	 0.399999928E-03	-0.730685909E-06
   12893	 0.299999785E-03	-0.150000036E-02	 0.999999225E-04	 0.103745233E-05
   12889	 0.299999785E-03	-0.120000033E-02	 0.399999928E-03	-0.730685905E-06
   12890	 0.299999785E-03	-0.120000033E-02	 0.999999225E-04	 0.103745233E-05
   12886	 0.299999785E-03	-0.900000310E-03	 0.399999928E-03	-0.730685900E-06
   12887	 0.299999785E-03	-0.900000310E-03	 0.999999225E-04	 0.103745234E-05
   12883	 0.299999785E-03	-0.600000286E-03	 0.399999928E-03	-0.730685895E-06
   12884	 0.299999785E-03	-0.600000286E-03	 0.999999225E-04	 0.103745234E-05
   12842	 0.599999809E-03	-0.300000048E-02	 0.399999928E-03	-0.730685913E-06
   12838	 0.599999809E-03	-0.270000045E-02	 0.399999928E-03	-0.730685911E-06
   12844	 0.599999809E-03	-0.300000048E-02	 0.999999225E-04	 0.103745232E-05
   12839	 0.599999809E-03	-0.270000045E-02	 0.999999225E-04	 0.103745233E-05
   12835	 0.599999809E-03	-0.240000043E-02	 0.399999928E-03	-0.730685908E-06
   12836	 0.599999809E-03	-0.240000043E-02	 0.999999225E-04	 0.103745233E-05
   12832	 0.599999809E-03	-0.210000040E-02	 0.399999928E-03	-0.730685905E-06
   12833	 0.599999809E-03	-0.210000040E-02	 0.999999225E-04	 0.103745233E-05
   12829	 0.599999809E-03	-0.180000038E-02	 0.399999928E-03	-0.730685901E-06
   12830	 0.599999809E-03	-0.180000038E-02	 0.999999225E-04	 0.103745233E-05
   12826	 0.599999809E-03	-0.150000036E-02	 0.399999928E-03	-0.730685897E-06
   12827	 0.599999809E-03	-0.150000036E-02	 0.999999225E-04	 0.103745234E-05
   12823	 0.599999809E-03	-0.120000033E-02	 0.399999928E-03	-0.730685893E-06
   12824	 0.599999809E-03	-0.120000033E-02	 0.999999225E-04	 0.103745234E-05
   12820	 0.599999809E-03	-0.900000310E-03	 0.399999928E-03	-0.730685888E-06
   12821	 0.599999809E-03	-0.900000310E-03	 0.999999225E-04	 0.103745235E-05
   12817	 0.599999809E-03	-0.600000286E-03	 0.399999928E-03	-0.730685883E-06
   12818	 0.599999809E-03	-0.600000286E-03	 0.999999225E-04	 0.103745235E-05
   12843	 0.899999833E-03	-0.300000048E-02	 0.399999928E-03	-0.730685901E-06
   12775	 0.899999833E-03	-0.270000045E-02	 0.399999928E-03	-0.730685899E-06
   12845	 0.899999833E-03	-0.300000048E-02	 0.999999225E-04	 0.103745233E-05
   12776	 0.899999833E-03	-0.270000045E-02	 0.999999225E-04	 0.103745234E-05
   12772	 0.899999833E-03	-0.240000043E-02	 0.399999928E-03	-0.730685896E-06
   12773	 0.899999833E-03	-0.240000043E-02	 0.999999225E-04	 0.103745234E-05
   12769	 0.899999833E-03	-0.210000040E-02	 0.399999928E-03	-0.730685893E-06
   12770	 0.899999833E-03	-0.210000040E-02	 0.999999225E-04	 0.103745234E-05
   12766	 0.899999833E-03	-0.180000038E-02	 0.399999928E-03	-0.730685889E-06
   12767	 0.899999833E-03	-0.180000038E-02	 0.999999225E-04	 0.103745235E-05
   12763	 0.899999833E-03	-0.150000036E-02	 0.399999928E-03	-0.730685885E-06
   12764	 0.899999833E-03	-0.150000036E-02	 0.999999225E-04	 0.103745235E-05
   12760	 0.899999833E-03	-0.120000033E-02	 0.399999928E-03	-0.730685881E-06
   12761	 0.899999833E-03	-0.120000033E-02	 0.999999225E-04	 0.103745235E-05
   12757	 0.899999833E-03	-0.900000310E-03	 0.399999928E-03	-0.730685876E-06
   12758	 0.899999833E-03	-0.900000310E-03	 0.999999225E-04	 0.103745236E-05
   12754	 0.899999833E-03	-0.600000286E-03	 0.399999928E-03	-0.730685870E-06
   12755	 0.899999833E-03	-0.600000286E-03	 0.999999225E-04	 0.103745237E-05
   12716	 0.119999986E-02	-0.270000045E-02	 0.399999928E-03	-0.730685886E-06
   12712	 0.119999986E-02	-0.240000043E-02	 0.399999928E-03	-0.730685883E-06
   12718	 0.119999986E-02	-0.270000045E-02	 0.999999225E-04	 0.103745235E-05
   12713	 0.119999986E-02	-0.240000043E-02	 0.999999225E-04	 0.103745235E-05
   12709	 0.119999986E-02	-0.210000040E-02	 0.399999928E-03	-0.730685880E-06
   12710	 0.119999986E-02	-0.210000040E-02	 0.999999225E-04	 0.103745236E-05
   12706	 0.119999986E-02	-0.180000038E-02	 0.399999928E-03	-0.730685877E-06
   12707	 0.119999986E-02	-0.180000038E-02	 0.999999225E-04	 0.103745236E-05
   12703	 0.119999986E-02	-0.150000036E-02	 0.399999928E-03	-0.730685873E-06
   12704	 0.119999986E-02	-0.150000036E-02	 0.999999225E-04	 0.103745236E-05
   12700	 0.119999986E-02	-0.120000033E-02	 0.399999928E-03	-0.730685868E-06
   12701	 0.119999986E-02	-0.120000033E-02	 0.999999225E-04	 0.103745237E-05
   12697	 0.119999986E-02	-0.900000310E-03	 0.399999928E-03	-0.730685863E-06
   12698	 0.119999986E-02	-0.900000310E-03	 0.999999225E-04	 0.103745237E-05
   12694	 0.119999986E-02	-0.600000286E-03	 0.399999928E-03	-0.730685858E-06
   12695	 0.119999986E-02	-0.600000286E-03	 0.999999225E-04	 0.103745238E-05
   12717	 0.149999988E-02	-0.270000045E-02	 0.399999928E-03	-0.730685874E-06
   12655	 0.149999988E-02	-0.240000043E-02	 0.399999928E-03	-0.730685871E-06
   12719	 0.149999988E-02	-0.270000045E-02	 0.999999225E-04	 0.103745236E-05
   12656	 0.149999988E-02	-0.240000043E-02	 0.999999225E-04	 0.103745237E-05
   12652	 0.149999988E-02	-0.210000040E-02	 0.399999928E-03	-0.730685867E-06
   12653	 0.149999988E-02	-0.210000040E-02	 0.999999225E-04	 0.103745237E-05
   12649	 0.149999988E-02	-0.180000038E-02	 0.399999928E-03	-0.730685863E-06
   12650	 0.149999988E-02	-0.180000038E-02	 0.999999225E-04	 0.103745237E-05
   12646	 0.149999988E-02	-0.150000036E-02	 0.399999928E-03	-0.730685859E-06
   12647	 0.149999988E-02	-0.150000036E-02	 0.999999225E-04	 0.103745238E-05
   12643	 0.149999988E-02	-0.120000033E-02	 0.399999928E-03	-0.730685855E-06
   12644	 0.149999988E-02	-0.120000033E-02	 0.999999225E-04	 0.103745238E-05
   12640	 0.149999988E-02	-0.900000310E-03	 0.399999928E-03	-0.730685850E-06
   12641	 0.149999988E-02	-0.900000310E-03	 0.999999225E-04	 0.103745239E-05
   12637	 0.149999988E-02	-0.600000286E-03	 0.399999928E-03	-0.730685844E-06
   12638	 0.149999988E-02	-0.600000286E-03	 0.999999225E-04	 0.103745239E-05
   12602	 0.179999990E-02	-0.240000043E-02	 0.399999928E-03	-0.730685857E-06
   12598	 0.179999990E-02	-0.210000040E-02	 0.399999928E-03	-0.730685854E-06
   12604	 0.179999990E-02	-0.240000043E-02	 0.999999225E-04	 0.103745238E-05
   12599	 0.179999990E-02	-0.210000040E-02	 0.999999225E-04	 0.103745238E-05
   12595	 0.179999990E-02	-0.180000038E-02	 0.399999928E-03	-0.730685850E-06
   12596	 0.179999990E-02	-0.180000038E-02	 0.999999225E-04	 0.103745239E-05
   12592	 0.179999990E-02	-0.150000036E-02	 0.399999928E-03	-0.730685846E-06
   12593	 0.179999990E-02	-0.150000036E-02	 0.999999225E-04	 0.103745239E-05
   12589	 0.179999990E-02	-0.120000033E-02	 0.399999928E-03	-0.730685841E-06
   12590	 0.179999990E-02	-0.120000033E-02	 0.999999225E-04	 0.103745239E-05
   12586	 0.179999990E-02	-0.900000310E-03	 0.399999928E-03	-0.730685836E-06
   12587	 0.179999990E-02	-0.900000310E-03	 0.999999225E-04	 0.103745240E-05
   12583	 0.179999990E-02	-0.600000286E-03	 0.399999928E-03	-0.730685830E-06
   12584	 0.179999990E-02	-0.600000286E-03	 0.999999225E-04	 0.103745241E-05
   12603	 0.209999993E-02	-0.240000043E-02	 0.399999928E-03	-0.730685844E-06
   12545	 0.209999993E-02	-0.210000040E-02	 0.399999928E-03	-0.730685840E-06
   12605	 0.209999993E-02	-0.240000043E-02	 0.999999225E-04	 0.103745239E-05
   12547	 0.209999993E-02	-0.210000040E-02	 0.999999225E-04	 0.103745240E-05
   12539	 0.209999993E-02	-0.180000038E-02	 0.399999928E-03	-0.730685836E-06
   12541	 0.209999993E-02	-0.180000038E-02	 0.999999225E-04	 0.103745240E-05
   12535	 0.209999993E-02	-0.150000036E-02	 0.399999928E-03	-0.730685832E-06
   12536	 0.209999993E-02	-0.150000036E-02	 0.999999225E-04	 0.103745240E-05
   12532	 0.209999993E-02	-0.120000033E-02	 0.399999928E-03	-0.730685827E-06
   12533	 0.209999993E-02	-0.120000033E-02	 0.999999225E-04	 0.103745241E-05
   12529	 0.209999993E-02	-0.900000310E-03	 0.399999928E-03	-0.730685822E-06
   12530	 0.209999993E-02	-0.900000310E-03	 0.999999225E-04	 0.103745241E-05
   12526	 0.209999993E-02	-0.600000286E-03	 0.399999928E-03	-0.730685816E-06
   12527	 0.209999993E-02	-0.600000286E-03	 0.999999225E-04	 0.103745242E-05
   12546	 0.239999995E-02	-0.210000040E-02	 0.399999928E-03	-0.730685826E-06
   12540	 0.239999995E-02	-0.180000038E-02	 0.399999928E-03	-0.730685822E-06
   12548	 0.239999995E-02	-0.210000040E-02	 0.999999225E-04	 0.103745241E-05
   12542	 0.239999995E-02	-0.180000038E-02	 0.999999225E-04	 0.103745241E-05
   12488	 0.239999995E-02	-0.150000036E-02	 0.399999928E-03	-0.730685817E-06
   12490	 0.239999995E-02	-0.150000036E-02	 0.999999225E-04	 0.103745242E-05
   12482	 0.239999995E-02	-0.120000033E-02	 0.399999928E-03	-0.730685812E-06
   12484	 0.239999995E-02	-0.120000033E-02	 0.999999225E-04	 0.103745242E-05
   12478	 0.239999995E-02	-0.900000310E-03	 0.399999928E-03	-0.730685807E-06
   12479	 0.239999995E-02	-0.900000310E-03	 0.999999225E-04	 0.103745243E-05
   12475	 0.239999995E-02	-0.600000286E-03	 0.399999928E-03	-0.730685801E-06
   12476	 0.239999995E-02	-0.600000286E-03	 0.999999225E-04	 0.103745243E-05
   12489	 0.269999998E-02	-0.150000036E-02	 0.399999928E-03	-0.730685803E-06
   12483	 0.269999998E-02	-0.120000033E-02	 0.399999928E-03	-0.730685798E-06
   12491	 0.269999998E-02	-0.150000036E-02	 0.999999225E-04	 0.103745243E-05
   12485	 0.269999998E-02	-0.120000033E-02	 0.999999225E-04	 0.103745244E-05
   12443	 0.269999998E-02	-0.900000310E-03	 0.399999928E-03	-0.730685792E-06
   12445	 0.269999998E-02	-0.900000310E-03	 0.999999225E-04	 0.103745244E-05
   12437	 0.269999998E-02	-0.600000286E-03	 0.399999928E-03	-0.730685786E-06
   12439	 0.269999998E-02	-0.600000286E-03	 0.999999225E-04	 0.103745245E-05
   12444	 0.300000000E-02	-0.900000310E-03	 0.399999928E-03	-0.730685777E-06
   12438	 0.300000000E-02	-0.600000286E-03	 0.399999928E-03	-0.730685771E-06
   12446	 0.300000000E-02	-0.900000310E-03	 0.999999225E-04	 0.103745246E-05
   12440	 0.300000000E-02	-0.600000286E-03	 0.999999225E-04	 0.103745246E-05
   13453	-0.270000045E-02	-0.150000036E-02	 0.399999928E-03	-0.730685998E-06
   13450	-0.270000045E-02	-0.120000033E-02	 0.399999928E-03	-0.730685993E-06
   13411	-0.240000043E-02	-0.120000033E-02	 0.399999928E-03	-0.730685986E-06
   13454	-0.270000045E-02	-0.150000036E-02	 0.999999225E-04	 0.103745224E-05
   13451	-0.270000045E-02	-0.120000033E-02	 0.999999225E-04	 0.103745224E-05
   13412	-0.240000043E-02	-0.120000033E-02	 0.999999225E-04	 0.103745225E-05
   13363	-0.210000040E-02	-0.120000033E-02	 0.399999928E-03	-0.730685979E-06
   13364	-0.210000040E-02	-0.120000033E-02	 0.999999225E-04	 0.103745226E-05
   13312	-0.180000038E-02	-0.120000033E-02	 0.399999928E-03	-0.730685971E-06
   13313	-0.180000038E-02	-0.120000033E-02	 0.999999225E-04	 0.103745226E-05
   13258	-0.150000036E-02	-0.120000033E-02	 0.399999928E-03	-0.730685963E-06
   13259	-0.150000036E-02	-0.120000033E-02	 0.999999225E-04	 0.103745227E-05
   13447	-0.270000045E-02	-0.900000310E-03	 0.399999928E-03	-0.730685988E-06
   13408	-0.240000043E-02	-0.900000310E-03	 0.399999928E-03	-0.730685981E-06
   13448	-0.270000045E-02	-0.900000310E-03	 0.999999225E-04	 0.103745225E-05
   13409	-0.240000043E-02	-0.900000310E-03	 0.999999225E-04	 0.103745226E-05
   13360	-0.210000040E-02	-0.900000310E-03	 0.399999928E-03	-0.730685974E-06
   13361	-0.210000040E-02	-0.900000310E-03	 0.999999225E-04	 0.103745226E-05
   13309	-0.180000038E-02	-0.900000310E-03	 0.399999928E-03	-0.730685966E-06
   13310	-0.180000038E-02	-0.900000310E-03	 0.999999225E-04	 0.103745227E-05
   13255	-0.150000036E-02	-0.900000310E-03	 0.399999928E-03	-0.730685958E-06
   13256	-0.150000036E-02	-0.900000310E-03	 0.999999225E-04	 0.103745228E-05
   13198	-0.120000033E-02	-0.900000310E-03	 0.399999928E-03	-0.730685950E-06
   13199	-0.120000033E-02	-0.900000310E-03	 0.999999225E-04	 0.103745229E-05
   13474	-0.300000048E-02	-0.900000310E-03	 0.399999928E-03	-0.730685994E-06
   13471	-0.300000048E-02	-0.600000286E-03	 0.399999928E-03	-0.730685988E-06
   13444	-0.270000045E-02	-0.600000286E-03	 0.399999928E-03	-0.730685982E-06
   13475	-0.300000048E-02	-0.900000310E-03	 0.999999225E-04	 0.103745224E-05
   13472	-0.300000048E-02	-0.600000286E-03	 0.999999225E-04	 0.103745225E-05
   13445	-0.270000045E-02	-0.600000286E-03	 0.999999225E-04	 0.103745225E-05
   13405	-0.240000043E-02	-0.600000286E-03	 0.399999928E-03	-0.730685975E-06
   13406	-0.240000043E-02	-0.600000286E-03	 0.999999225E-04	 0.103745226E-05
   13357	-0.210000040E-02	-0.600000286E-03	 0.399999928E-03	-0.730685968E-06
   13358	-0.210000040E-02	-0.600000286E-03	 0.999999225E-04	 0.103745227E-05
   13306	-0.180000038E-02	-0.600000286E-03	 0.399999928E-03	-0.730685961E-06
   13307	-0.180000038E-02	-0.600000286E-03	 0.999999225E-04	 0.103745228E-05
   13252	-0.150000036E-02	-0.600000286E-03	 0.399999928E-03	-0.730685953E-06
   13253	-0.150000036E-02	-0.600000286E-03	 0.999999225E-04	 0.103745228E-05
   13195	-0.120000033E-02	-0.600000286E-03	 0.399999928E-03	-0.730685944E-06
   13196	-0.120000033E-02	-0.600000286E-03	 0.999999225E-04	 0.103745229E-05
   13135	-0.900000310E-03	-0.600000286E-03	 0.399999928E-03	-0.730685936E-06
   13136	-0.900000310E-03	-0.600000286E-03	 0.999999225E-04	 0.103745230E-05
   13072	-0.600000286E-03	-0.600000286E-03	 0.399999928E-03	-0.730685926E-06
   13073	-0.600000286E-03	-0.600000286E-03	 0.999999225E-04	 0.103745231E-05
   13468	-0.300000048E-02	-0.300000262E-03	 0.399999928E-03	-0.730685982E-06
   13441	-0.270000045E-02	-0.300000262E-03	 0.399999928E-03	-0.730685975E-06
   13469	-0.300000048E-02	-0.300000262E-03	 0.999999225E-04	 0.103745225E-05
   13442	-0.270000045E-02	-0.300000262E-03	 0.999999225E-04	 0.103745226E-05
   13402	-0.240000043E-02	-0.300000262E-03	 0.399999928E-03	-0.730685969E-06
   13403	-0.240000043E-02	-0.300000262E-03	 0.999999225E-04	 0.103745227E-05
   13354	-0.210000040E-02	-0.300000262E-03	 0.399999928E-03	-0.730685962E-06
   13355	-0.210000040E-02	-0.300000262E-03	 0.999999225E-04	 0.103745227E-05
   13303	-0.180000038E-02	-0.300000262E-03	 0.399999928E-03	-0.730685954E-06
   13304	-0.180000038E-02	-0.300000262E-03	 0.999999225E-04	 0.103745228E-05
   13249	-0.150000036E-02	-0.300000262E-03	 0.399999928E-03	-0.730685947E-06
   13250	-0.150000036E-02	-0.300000262E-03	 0.999999225E-04	 0.103745229E-05
   13192	-0.120000033E-02	-0.300000262E-03	 0.399999928E-03	-0.730685938E-06
   13193	-0.120000033E-02	-0.300000262E-03	 0.999999225E-04	 0.103745230E-05
   13132	-0.900000310E-03	-0.300000262E-03	 0.399999928E-03	-0.730685930E-06
   13133	-0.900000310E-03	-0.300000262E-03	 0.999999225E-04	 0.103745231E-05
   13069	-0.600000286E-03	-0.300000262E-03	 0.399999928E-03	-0.730685920E-06
   13070	-0.600000286E-03	-0.300000262E-03	 0.999999225E-04	 0.103745232E-05
   13006	-0.300000262E-03	-0.300000262E-03	 0.399999928E-03	-0.730685910E-06
   13007	-0.300000262E-03	-0.300000262E-03	 0.999999225E-04	 0.103745233E-05
   12943	-0.238418579E-09	-0.300000262E-03	 0.399999928E-03	-0.730685900E-06
   12944	-0.238418579E-09	-0.300000262E-03	 0.999999225E-04	 0.103745234E-05
   13465	-0.300000048E-02	-0.238418579E-09	 0.399999928E-03	-0.730685975E-06
   13438	-0.270000045E-02	-0.238418579E-09	 0.399999928E-03	-0.730685969E-06
   13466	-0.300000048E-02	-0.238418579E-09	 0.999999225E-04	 0.103745226E-05
   13439	-0.270000045E-02	-0.238418579E-09	 0.999999225E-04	 0.103745227E-05
   13399	-0.240000043E-02	-0.238418579E-09	 0.399999928E-03	-0.730685962E-06
   13400	-0.240000043E-02	-0.238418579E-09	 0.999999225E-04	 0.103745227E-05
   13351	-0.210000040E-02	-0.238418579E-09	 0.399999928E-03	-0.730685955E-06
   13352	-0.210000040E-02	-0.238418579E-09	 0.999999225E-04	 0.103745228E-05
   13300	-0.180000038E-02	-0.238418579E-09	 0.399999928E-03	-0.730685948E-06
   13301	-0.180000038E-02	-0.238418579E-09	 0.999999225E-04	 0.103745229E-05
   13246	-0.150000036E-02	-0.238418579E-09	 0.399999928E-03	-0.730685940E-06
   13247	-0.150000036E-02	-0.238418579E-09	 0.999999225E-04	 0.103745230E-05
   13189	-0.120000033E-02	-0.238418579E-09	 0.399999928E-03	-0.730685932E-06
   13190	-0.120000033E-02	-0.238418579E-09	 0.999999225E-04	 0.103745230E-05
   13129	-0.900000310E-03	-0.238418579E-09	 0.399999928E-03	-0.730685923E-06
   13130	-0.900000310E-03	-0.238418579E-09	 0.999999225E-04	 0.103745231E-05
   13066	-0.600000286E-03	-0.238418579E-09	 0.399999928E-03	-0.730685914E-06
   13067	-0.600000286E-03	-0.238418579E-09	 0.999999225E-04	 0.103745232E-05
   13003	-0.300000262E-03	-0.238418579E-09	 0.399999928E-03	-0.730685904E-06
   13004	-0.300000262E-03	-0.238418579E-09	 0.999999225E-04	 0.103745233E-05
   12940	-0.238418579E-09	-0.238418579E-09	 0.399999928E-03	-0.730685893E-06
   12941	-0.238418579E-09	-0.238418579E-09	 0.999999225E-04	 0.103745234E-05
   13462	-0.300000048E-02	 0.299999785E-03	 0.399999928E-03	-0.730685968E-06
   13435	-0.270000045E-02	 0.299999785E-03	 0.399999928E-03	-0.730685962E-06
   13463	-0.300000048E-02	 0.299999785E-03	 0.999999225E-04	 0.103745227E-05
   13436	-0.270000045E-02	 0.299999785E-03	 0.999999225E-04	 0.103745227E-05
   13396	-0.240000043E-02	 0.299999785E-03	 0.399999928E-03	-0.730685955E-06
   13397	-0.240000043E-02	 0.299999785E-03	 0.999999225E-04	 0.103745228E-05
   13348	-0.210000040E-02	 0.299999785E-03	 0.399999928E-03	-0.730685948E-06
   13349	-0.210000040E-02	 0.299999785E-03	 0.999999225E-04	 0.103745229E-05
   13297	-0.180000038E-02	 0.299999785E-03	 0.399999928E-03	-0.730685941E-06
   13298	-0.180000038E-02	 0.299999785E-03	 0.999999225E-04	 0.103745230E-05
   13243	-0.150000036E-02	 0.299999785E-03	 0.399999928E-03	-0.730685933E-06
   13244	-0.150000036E-02	 0.299999785E-03	 0.999999225E-04	 0.103745230E-05
   13186	-0.120000033E-02	 0.299999785E-03	 0.399999928E-03	-0.730685925E-06
   13187	-0.120000033E-02	 0.299999785E-03	 0.999999225E-04	 0.103745231E-05
   13126	-0.900000310E-03	 0.299999785E-03	 0.399999928E-03	-0.730685916E-06
   13127	-0.900000310E-03	 0.299999785E-03	 0.999999225E-04	 0.103745232E-05
   13063	-0.600000286E-03	 0.299999785E-03	 0.399999928E-03	-0.730685906E-06
   13064	-0.600000286E-03	 0.299999785E-03	 0.999999225E-04	 0.103745233E-05
   13000	-0.300000262E-03	 0.299999785E-03	 0.399999928E-03	-0.730685896E-06
   13001	-0.300000262E-03	 0.299999785E-03	 0.999999225E-04	 0.103745234E-05
   12937	-0.238418579E-09	 0.299999785E-03	 0.399999928E-03	-0.730685886E-06
   12938	-0.238418579E-09	 0.299999785E-03	 0.999999225E-04	 0.103745235E-05
   13457	-0.300000048E-02	 0.599999809E-03	 0.399999928E-03	-0.730685961E-06
   13432	-0.270000045E-02	 0.599999809E-03	 0.399999928E-03	-0.730685954E-06
   13459	-0.300000048E-02	 0.599999809E-03	 0.999999225E-04	 0.103745228E-05
   13433	-0.270000045E-02	 0.599999809E-03	 0.999999225E-04	 0.103745228E-05
   13393	-0.240000043E-02	 0.599999809E-03	 0.399999928E-03	-0.730685947E-06
   13394	-0.240000043E-02	 0.599999809E-03	 0.999999225E-04	 0.103745229E-05
   13345	-0.210000040E-02	 0.599999809E-03	 0.399999928E-03	-0.730685940E-06
   13346	-0.210000040E-02	 0.599999809E-03	 0.999999225E-04	 0.103745230E-05
   13294	-0.180000038E-02	 0.599999809E-03	 0.399999928E-03	-0.730685933E-06
   13295	-0.180000038E-02	 0.599999809E-03	 0.999999225E-04	 0.103745230E-05
   13240	-0.150000036E-02	 0.599999809E-03	 0.399999928E-03	-0.730685925E-06
   13241	-0.150000036E-02	 0.599999809E-03	 0.999999225E-04	 0.103745231E-05
   13183	-0.120000033E-02	 0.599999809E-03	 0.399999928E-03	-0.730685917E-06
   13184	-0.120000033E-02	 0.599999809E-03	 0.999999225E-04	 0.103745232E-05
   13123	-0.900000310E-03	 0.599999809E-03	 0.399999928E-03	-0.730685908E-06
   13124	-0.900000310E-03	 0.599999809E-03	 0.999999225E-04	 0.103745233E-05
   13060	-0.600000286E-03	 0.599999809E-03	 0.399999928E-03	-0.730685899E-06
   13061	-0.600000286E-03	 0.599999809E-03	 0.999999225E-04	 0.103745234E-05
   12997	-0.300000262E-03	 0.599999809E-03	 0.399999928E-03	-0.730685889E-06
   12998	-0.300000262E-03	 0.599999809E-03	 0.999999225E-04	 0.103745235E-05
   12934	-0.238418579E-09	 0.599999809E-03	 0.399999928E-03	-0.730685878E-06
   12935	-0.238418579E-09	 0.599999809E-03	 0.999999225E-04	 0.103745236E-05
   13458	-0.300000048E-02	 0.899999833E-03	 0.399999928E-03	-0.730685953E-06
   13429	-0.270000045E-02	 0.899999833E-03	 0.399999928E-03	-0.730685946E-06
   13460	-0.300000048E-02	 0.899999833E-03	 0.999999225E-04	 0.103745228E-05
   13430	-0.270000045E-02	 0.899999833E-03	 0.999999225E-04	 0.103745229E-05
   13390	-0.240000043E-02	 0.899999833E-03	 0.399999928E-03	-0.730685939E-06
   13391	-0.240000043E-02	 0.899999833E-03	 0.999999225E-04	 0.103745230E-05
   13342	-0.210000040E-02	 0.899999833E-03	 0.399999928E-03	-0.730685932E-06
   13343	-0.210000040E-02	 0.899999833E-03	 0.999999225E-04	 0.103745230E-05
   13291	-0.180000038E-02	 0.899999833E-03	 0.399999928E-03	-0.730685925E-06
   13292	-0.180000038E-02	 0.899999833E-03	 0.999999225E-04	 0.103745231E-05
   13237	-0.150000036E-02	 0.899999833E-03	 0.399999928E-03	-0.730685917E-06
   13238	-0.150000036E-02	 0.899999833E-03	 0.999999225E-04	 0.103745232E-05
   13180	-0.120000033E-02	 0.899999833E-03	 0.399999928E-03	-0.730685908E-06
   13181	-0.120000033E-02	 0.899999833E-03	 0.999999225E-04	 0.103745233E-05
   13120	-0.900000310E-03	 0.899999833E-03	 0.399999928E-03	-0.730685900E-06
   13121	-0.900000310E-03	 0.899999833E-03	 0.999999225E-04	 0.103745234E-05
   13057	-0.600000286E-03	 0.899999833E-03	 0.399999928E-03	-0.730685890E-06
   13058	-0.600000286E-03	 0.899999833E-03	 0.999999225E-04	 0.103745235E-05
   12994	-0.300000262E-03	 0.899999833E-03	 0.399999928E-03	-0.730685880E-06
   12995	-0.300000262E-03	 0.899999833E-03	 0.999999225E-04	 0.103745236E-05
   12931	-0.238418579E-09	 0.899999833E-03	 0.399999928E-03	-0.730685870E-06
   12932	-0.238418579E-09	 0.899999833E-03	 0.999999225E-04	 0.103745237E-05
   13424	-0.270000045E-02	 0.119999986E-02	 0.399999928E-03	-0.730685938E-06
   13387	-0.240000043E-02	 0.119999986E-02	 0.399999928E-03	-0.730685931E-06
   13426	-0.270000045E-02	 0.119999986E-02	 0.999999225E-04	 0.103745230E-05
   13388	-0.240000043E-02	 0.119999986E-02	 0.999999225E-04	 0.103745231E-05
   13339	-0.210000040E-02	 0.119999986E-02	 0.399999928E-03	-0.730685924E-06
   13340	-0.210000040E-02	 0.119999986E-02	 0.999999225E-04	 0.103745231E-05
   13288	-0.180000038E-02	 0.119999986E-02	 0.399999928E-03	-0.730685916E-06
   13289	-0.180000038E-02	 0.119999986E-02	 0.999999225E-04	 0.103745232E-05
   13234	-0.150000036E-02	 0.119999986E-02	 0.399999928E-03	-0.730685908E-06
   13235	-0.150000036E-02	 0.119999986E-02	 0.999999225E-04	 0.103745233E-05
   13177	-0.120000033E-02	 0.119999986E-02	 0.399999928E-03	-0.730685900E-06
   13178	-0.120000033E-02	 0.119999986E-02	 0.999999225E-04	 0.103745234E-05
   13117	-0.900000310E-03	 0.119999986E-02	 0.399999928E-03	-0.730685891E-06
   13118	-0.900000310E-03	 0.119999986E-02	 0.999999225E-04	 0.103745235E-05
   13054	-0.600000286E-03	 0.119999986E-02	 0.399999928E-03	-0.730685881E-06
   13055	-0.600000286E-03	 0.119999986E-02	 0.999999225E-04	 0.103745235E-05
   12991	-0.300000262E-03	 0.119999986E-02	 0.399999928E-03	-0.730685871E-06
   12992	-0.300000262E-03	 0.119999986E-02	 0.999999225E-04	 0.103745236E-05
   12928	-0.238418579E-09	 0.119999986E-02	 0.399999928E-03	-0.730685861E-06
   12929	-0.238418579E-09	 0.119999986E-02	 0.999999225E-04	 0.103745238E-05
   13425	-0.270000045E-02	 0.149999988E-02	 0.399999928E-03	-0.730685929E-06
   13384	-0.240000043E-02	 0.149999988E-02	 0.399999928E-03	-0.730685922E-06
   13427	-0.270000045E-02	 0.149999988E-02	 0.999999225E-04	 0.103745231E-05
   13385	-0.240000043E-02	 0.149999988E-02	 0.999999225E-04	 0.103745231E-05
   13336	-0.210000040E-02	 0.149999988E-02	 0.399999928E-03	-0.730685914E-06
   13337	-0.210000040E-02	 0.149999988E-02	 0.999999225E-04	 0.103745232E-05
   13285	-0.180000038E-02	 0.149999988E-02	 0.399999928E-03	-0.730685907E-06
   13286	-0.180000038E-02	 0.149999988E-02	 0.999999225E-04	 0.103745233E-05
   13231	-0.150000036E-02	 0.149999988E-02	 0.399999928E-03	-0.730685899E-06
   13232	-0.150000036E-02	 0.149999988E-02	 0.999999225E-04	 0.103745234E-05
   13174	-0.120000033E-02	 0.149999988E-02	 0.399999928E-03	-0.730685890E-06
   13175	-0.120000033E-02	 0.149999988E-02	 0.999999225E-04	 0.103745235E-05
   13114	-0.900000310E-03	 0.149999988E-02	 0.399999928E-03	-0.730685881E-06
   13115	-0.900000310E-03	 0.149999988E-02	 0.999999225E-04	 0.103745235E-05
   13051	-0.600000286E-03	 0.149999988E-02	 0.399999928E-03	-0.730685872E-06
   13052	-0.600000286E-03	 0.149999988E-02	 0.999999225E-04	 0.103745236E-05
   12988	-0.300000262E-03	 0.149999988E-02	 0.399999928E-03	-0.730685862E-06
   12989	-0.300000262E-03	 0.149999988E-02	 0.999999225E-04	 0.103745237E-05
   13379	-0.240000043E-02	 0.179999990E-02	 0.399999928E-03	-0.730685913E-06
   13333	-0.210000040E-02	 0.179999990E-02	 0.399999928E-03	-0.730685905E-06
   13381	-0.240000043E-02	 0.179999990E-02	 0.999999225E-04	 0.103745232E-05
   13334	-0.210000040E-02	 0.179999990E-02	 0.999999225E-04	 0.103745233E-05
   13282	-0.180000038E-02	 0.179999990E-02	 0.399999928E-03	-0.730685897E-06
   13283	-0.180000038E-02	 0.179999990E-02	 0.999999225E-04	 0.103745234E-05
   13228	-0.150000036E-02	 0.179999990E-02	 0.399999928E-03	-0.730685889E-06
   13229	-0.150000036E-02	 0.179999990E-02	 0.999999225E-04	 0.103745235E-05
   13171	-0.120000033E-02	 0.179999990E-02	 0.399999928E-03	-0.730685880E-06
   13172	-0.120000033E-02	 0.179999990E-02	 0.999999225E-04	 0.103745236E-05
   13111	-0.900000310E-03	 0.179999990E-02	 0.399999928E-03	-0.730685871E-06
   13112	-0.900000310E-03	 0.179999990E-02	 0.999999225E-04	 0.103745236E-05
   13048	-0.600000286E-03	 0.179999990E-02	 0.399999928E-03	-0.730685862E-06
   13049	-0.600000286E-03	 0.179999990E-02	 0.999999225E-04	 0.103745237E-05
   12985	-0.300000262E-03	 0.179999990E-02	 0.399999928E-03	-0.730685852E-06
   12986	-0.300000262E-03	 0.179999990E-02	 0.999999225E-04	 0.103745238E-05
   13380	-0.240000043E-02	 0.209999993E-02	 0.399999928E-03	-0.730685903E-06
   13328	-0.210000040E-02	 0.209999993E-02	 0.399999928E-03	-0.730685895E-06
   13382	-0.240000043E-02	 0.209999993E-02	 0.999999225E-04	 0.103745233E-05
   13330	-0.210000040E-02	 0.209999993E-02	 0.999999225E-04	 0.103745234E-05
   13277	-0.180000038E-02	 0.209999993E-02	 0.399999928E-03	-0.730685887E-06
   13279	-0.180000038E-02	 0.209999993E-02	 0.999999225E-04	 0.103745235E-05
   13225	-0.150000036E-02	 0.209999993E-02	 0.399999928E-03	-0.730685879E-06
   13226	-0.150000036E-02	 0.209999993E-02	 0.999999225E-04	 0.103745236E-05
   13168	-0.120000033E-02	 0.209999993E-02	 0.399999928E-03	-0.730685870E-06
   13169	-0.120000033E-02	 0.209999993E-02	 0.999999225E-04	 0.103745237E-05
   13108	-0.900000310E-03	 0.209999993E-02	 0.399999928E-03	-0.730685861E-06
   13109	-0.900000310E-03	 0.209999993E-02	 0.999999225E-04	 0.103745237E-05
   13045	-0.600000286E-03	 0.209999993E-02	 0.399999928E-03	-0.730685851E-06
   13046	-0.600000286E-03	 0.209999993E-02	 0.999999225E-04	 0.103745238E-05
   12982	-0.300000262E-03	 0.209999993E-02	 0.399999928E-03	-0.730685841E-06
   12983	-0.300000262E-03	 0.209999993E-02	 0.999999225E-04	 0.103745239E-05
   13329	-0.210000040E-02	 0.239999995E-02	 0.399999928E-03	-0.730685885E-06
   13278	-0.180000038E-02	 0.239999995E-02	 0.399999928E-03	-0.730685877E-06
   13331	-0.210000040E-02	 0.239999995E-02	 0.999999225E-04	 0.103745235E-05
   13280	-0.180000038E-02	 0.239999995E-02	 0.999999225E-04	 0.103745236E-05
   13220	-0.150000036E-02	 0.239999995E-02	 0.399999928E-03	-0.730685869E-06
   13222	-0.150000036E-02	 0.239999995E-02	 0.999999225E-04	 0.103745237E-05
   13163	-0.120000033E-02	 0.239999995E-02	 0.399999928E-03	-0.730685860E-06
   13165	-0.120000033E-02	 0.239999995E-02	 0.999999225E-04	 0.103745238E-05
   13105	-0.900000310E-03	 0.239999995E-02	 0.399999928E-03	-0.730685850E-06
   13106	-0.900000310E-03	 0.239999995E-02	 0.999999225E-04	 0.103745239E-05
   13042	-0.600000286E-03	 0.239999995E-02	 0.399999928E-03	-0.730685841E-06
   13043	-0.600000286E-03	 0.239999995E-02	 0.999999225E-04	 0.103745240E-05
   13221	-0.150000036E-02	 0.269999998E-02	 0.399999928E-03	-0.730685858E-06
   13164	-0.120000033E-02	 0.269999998E-02	 0.399999928E-03	-0.730685849E-06
   13223	-0.150000036E-02	 0.269999998E-02	 0.999999225E-04	 0.103745238E-05
   13166	-0.120000033E-02	 0.269999998E-02	 0.999999225E-04	 0.103745239E-05
   13100	-0.900000310E-03	 0.269999998E-02	 0.399999928E-03	-0.730685839E-06
   13102	-0.900000310E-03	 0.269999998E-02	 0.999999225E-04	 0.103745240E-05
   13037	-0.600000286E-03	 0.269999998E-02	 0.399999928E-03	-0.730685830E-06
   13039	-0.600000286E-03	 0.269999998E-02	 0.999999225E-04	 0.103745241E-05
   13101	-0.900000310E-03	 0.300000000E-02	 0.399999928E-03	-0.730685828E-06
   13038	-0.600000286E-03	 0.300000000E-02	 0.399999928E-03	-0.730685818E-06
   13103	-0.900000310E-03	 0.300000000E-02	 0.999999225E-04	 0.103745241E-05
   13040	-0.600000286E-03	 0.300000000E-02	 0.999999225E-04	 0.103745242E-05
   12979	-0.300000262E-03	 0.239999995E-02	 0.399999928E-03	-0.730685831E-06
   12980	-0.300000262E-03	 0.239999995E-02	 0.999999225E-04	 0.103745241E-05
   12974	-0.300000262E-03	 0.269999998E-02	 0.399999928E-03	-0.730685819E-06
   12976	-0.300000262E-03	 0.269999998E-02	 0.999999225E-04	 0.103745242E-05
   12975	-0.300000262E-03	 0.300000000E-02	 0.399999928E-03	-0.730685808E-06
   12977	-0.300000262E-03	 0.300000000E-02	 0.999999225E-04	 0.103745243E-05
   12925	-0.238418579E-09	 0.149999988E-02	 0.399999928E-03	-0.730685851E-06
   12926	-0.238418579E-09	 0.149999988E-02	 0.999999225E-04	 0.103745238E-05
   12922	-0.238418579E-09	 0.179999990E-02	 0.399999928E-03	-0.730685841E-06
   12923	-0.238418579E-09	 0.179999990E-02	 0.999999225E-04	 0.103745239E-05
   12919	-0.238418579E-09	 0.209999993E-02	 0.399999928E-03	-0.730685831E-06
   12920	-0.238418579E-09	 0.209999993E-02	 0.999999225E-04	 0.103745241E-05
   12916	-0.238418579E-09	 0.239999995E-02	 0.399999928E-03	-0.730685820E-06
   12917	-0.238418579E-09	 0.239999995E-02	 0.999999225E-04	 0.103745242E-05
   12911	-0.238418579E-09	 0.269999998E-02	 0.399999928E-03	-0.730685809E-06
   12913	-0.238418579E-09	 0.269999998E-02	 0.999999225E-04	 0.103745243E-05
   12912	-0.238418579E-09	 0.300000000E-02	 0.399999928E-03	-0.730685797E-06
   12914	-0.238418579E-09	 0.300000000E-02	 0.999999225E-04	 0.103745244E-05
   12880	 0.299999785E-03	-0.300000262E-03	 0.399999928E-03	-0.730685889E-06
   12881	 0.299999785E-03	-0.300000262E-03	 0.999999225E-04	 0.103745235E-05
   12877	 0.299999785E-03	-0.238418579E-09	 0.399999928E-03	-0.730685882E-06
   12878	 0.299999785E-03	-0.238418579E-09	 0.999999225E-04	 0.103745235E-05
   12874	 0.299999785E-03	 0.299999785E-03	 0.399999928E-03	-0.730685875E-06
   12875	 0.299999785E-03	 0.299999785E-03	 0.999999225E-04	 0.103745236E-05
   12871	 0.299999785E-03	 0.599999809E-03	 0.399999928E-03	-0.730685867E-06
   12872	 0.299999785E-03	 0.599999809E-03	 0.999999225E-04	 0.103745237E-05
   12868	 0.299999785E-03	 0.899999833E-03	 0.399999928E-03	-0.730685858E-06
   12869	 0.299999785E-03	 0.899999833E-03	 0.999999225E-04	 0.103745238E-05
   12865	 0.299999785E-03	 0.119999986E-02	 0.399999928E-03	-0.730685850E-06
   12866	 0.299999785E-03	 0.119999986E-02	 0.999999225E-04	 0.103745239E-05
   12862	 0.299999785E-03	 0.149999988E-02	 0.399999928E-03	-0.730685840E-06
   12863	 0.299999785E-03	 0.149999988E-02	 0.999999225E-04	 0.103745240E-05
   12859	 0.299999785E-03	 0.179999990E-02	 0.399999928E-03	-0.730685830E-06
   12860	 0.299999785E-03	 0.179999990E-02	 0.999999225E-04	 0.103745241E-05
   12856	 0.299999785E-03	 0.209999993E-02	 0.399999928E-03	-0.730685820E-06
   12857	 0.299999785E-03	 0.209999993E-02	 0.999999225E-04	 0.103745242E-05
   12853	 0.299999785E-03	 0.239999995E-02	 0.399999928E-03	-0.730685809E-06
   12854	 0.299999785E-03	 0.239999995E-02	 0.999999225E-04	 0.103745243E-05
   12848	 0.299999785E-03	 0.269999998E-02	 0.399999928E-03	-0.730685798E-06
   12850	 0.299999785E-03	 0.269999998E-02	 0.999999225E-04	 0.103745244E-05
   12849	 0.299999785E-03	 0.300000000E-02	 0.399999928E-03	-0.730685786E-06
   12851	 0.299999785E-03	 0.300000000E-02	 0.999999225E-04	 0.103745245E-05
   12814	 0.599999809E-03	-0.300000262E-03	 0.399999928E-03	-0.730685877E-06
   12815	 0.599999809E-03	-0.300000262E-03	 0.999999225E-04	 0.103745236E-05
   12811	 0.599999809E-03	-0.238418579E-09	 0.399999928E-03	-0.730685870E-06
   12812	 0.599999809E-03	-0.238418579E-09	 0.999999225E-04	 0.103745237E-05
   12808	 0.599999809E-03	 0.299999785E-03	 0.399999928E-03	-0.730685863E-06
   12809	 0.599999809E-03	 0.299999785E-03	 0.999999225E-04	 0.103745237E-05
   12805	 0.599999809E-03	 0.599999809E-03	 0.399999928E-03	-0.730685855E-06
   12806	 0.599999809E-03	 0.599999809E-03	 0.999999225E-04	 0.103745238E-05
   12802	 0.599999809E-03	 0.899999833E-03	 0.399999928E-03	-0.730685847E-06
   12803	 0.599999809E-03	 0.899999833E-03	 0.999999225E-04	 0.103745239E-05
   12799	 0.599999809E-03	 0.119999986E-02	 0.399999928E-03	-0.730685838E-06
   12800	 0.599999809E-03	 0.119999986E-02	 0.999999225E-04	 0.103745240E-05
   12796	 0.599999809E-03	 0.149999988E-02	 0.399999928E-03	-0.730685828E-06
   12797	 0.599999809E-03	 0.149999988E-02	 0.999999225E-04	 0.103745241E-05
   12793	 0.599999809E-03	 0.179999990E-02	 0.399999928E-03	-0.730685818E-06
   12794	 0.599999809E-03	 0.179999990E-02	 0.999999225E-04	 0.103745242E-05
   12790	 0.599999809E-03	 0.209999993E-02	 0.399999928E-03	-0.730685808E-06
   12791	 0.599999809E-03	 0.209999993E-02	 0.999999225E-04	 0.103745243E-05
   12787	 0.599999809E-03	 0.239999995E-02	 0.399999928E-03	-0.730685797E-06
   12788	 0.599999809E-03	 0.239999995E-02	 0.999999225E-04	 0.103745244E-05
   12780	 0.599999809E-03	 0.269999998E-02	 0.399999928E-03	-0.730685786E-06
   12783	 0.599999809E-03	 0.269999998E-02	 0.999999225E-04	 0.103745245E-05
   12781	 0.599999809E-03	 0.300000000E-02	 0.399999928E-03	-0.730685775E-06
   12784	 0.599999809E-03	 0.300000000E-02	 0.999999225E-04	 0.103745246E-05
   12751	 0.899999833E-03	-0.300000262E-03	 0.399999928E-03	-0.730685864E-06
   12752	 0.899999833E-03	-0.300000262E-03	 0.999999225E-04	 0.103745237E-05
   12748	 0.899999833E-03	-0.238418579E-09	 0.399999928E-03	-0.730685858E-06
   12749	 0.899999833E-03	-0.238418579E-09	 0.999999225E-04	 0.103745238E-05
   12745	 0.899999833E-03	 0.299999785E-03	 0.399999928E-03	-0.730685851E-06
   12746	 0.899999833E-03	 0.299999785E-03	 0.999999225E-04	 0.103745239E-05
   12742	 0.899999833E-03	 0.599999809E-03	 0.399999928E-03	-0.730685843E-06
   12743	 0.899999833E-03	 0.599999809E-03	 0.999999225E-04	 0.103745239E-05
   12739	 0.899999833E-03	 0.899999833E-03	 0.399999928E-03	-0.730685834E-06
   12740	 0.899999833E-03	 0.899999833E-03	 0.999999225E-04	 0.103745240E-05
   12736	 0.899999833E-03	 0.119999986E-02	 0.399999928E-03	-0.730685826E-06
   12737	 0.899999833E-03	 0.119999986E-02	 0.999999225E-04	 0.103745241E-05
   12733	 0.899999833E-03	 0.149999988E-02	 0.399999928E-03	-0.730685816E-06
   12734	 0.899999833E-03	 0.149999988E-02	 0.999999225E-04	 0.103745242E-05
   12730	 0.899999833E-03	 0.179999990E-02	 0.399999928E-03	-0.730685806E-06
   12731	 0.899999833E-03	 0.179999990E-02	 0.999999225E-04	 0.103745243E-05
   12727	 0.899999833E-03	 0.209999993E-02	 0.399999928E-03	-0.730685796E-06
   12728	 0.899999833E-03	 0.209999993E-02	 0.999999225E-04	 0.103745244E-05
   12722	 0.899999833E-03	 0.239999995E-02	 0.399999928E-03	-0.730685785E-06
   12724	 0.899999833E-03	 0.239999995E-02	 0.999999225E-04	 0.103745245E-05
   12723	 0.899999833E-03	 0.269999998E-02	 0.399999928E-03	-0.730685774E-06
   12725	 0.899999833E-03	 0.269999998E-02	 0.999999225E-04	 0.103745246E-05
   12782	 0.899999833E-03	 0.300000000E-02	 0.399999928E-03	-0.730685763E-06
   12785	 0.899999833E-03	 0.300000000E-02	 0.999999225E-04	 0.103745247E-05
   12691	 0.119999986E-02	-0.300000262E-03	 0.399999928E-03	-0.730685852E-06
   12692	 0.119999986E-02	-0.300000262E-03	 0.999999225E-04	 0.103745238E-05
   12688	 0.119999986E-02	-0.238418579E-09	 0.399999928E-03	-0.730685845E-06
   12689	 0.119999986E-02	-0.238418579E-09	 0.999999225E-04	 0.103745239E-05
   12685	 0.119999986E-02	 0.299999785E-03	 0.399999928E-03	-0.730685838E-06
   12686	 0.119999986E-02	 0.299999785E-03	 0.999999225E-04	 0.103745240E-05
   12682	 0.119999986E-02	 0.599999809E-03	 0.399999928E-03	-0.730685830E-06
   12683	 0.119999986E-02	 0.599999809E-03	 0.999999225E-04	 0.103745241E-05
   12679	 0.119999986E-02	 0.899999833E-03	 0.399999928E-03	-0.730685822E-06
   12680	 0.119999986E-02	 0.899999833E-03	 0.999999225E-04	 0.103745241E-05
   12676	 0.119999986E-02	 0.119999986E-02	 0.399999928E-03	-0.730685813E-06
   12677	 0.119999986E-02	 0.119999986E-02	 0.999999225E-04	 0.103745242E-05
   12673	 0.119999986E-02	 0.149999988E-02	 0.399999928E-03	-0.730685803E-06
   12674	 0.119999986E-02	 0.149999988E-02	 0.999999225E-04	 0.103745243E-05
   12670	 0.119999986E-02	 0.179999990E-02	 0.399999928E-03	-0.730685794E-06
   12671	 0.119999986E-02	 0.179999990E-02	 0.999999225E-04	 0.103745244E-05
   12667	 0.119999986E-02	 0.209999993E-02	 0.399999928E-03	-0.730685783E-06
   12668	 0.119999986E-02	 0.209999993E-02	 0.999999225E-04	 0.103745245E-05
   12660	 0.119999986E-02	 0.239999995E-02	 0.399999928E-03	-0.730685773E-06
   12663	 0.119999986E-02	 0.239999995E-02	 0.999999225E-04	 0.103745246E-05
   12661	 0.119999986E-02	 0.269999998E-02	 0.399999928E-03	-0.730685762E-06
   12664	 0.119999986E-02	 0.269999998E-02	 0.999999225E-04	 0.103745247E-05
   12634	 0.149999988E-02	-0.300000262E-03	 0.399999928E-03	-0.730685838E-06
   12635	 0.149999988E-02	-0.300000262E-03	 0.999999225E-04	 0.103745240E-05
   12631	 0.149999988E-02	-0.238418579E-09	 0.399999928E-03	-0.730685831E-06
   12632	 0.149999988E-02	-0.238418579E-09	 0.999999225E-04	 0.103745240E-05
   12628	 0.149999988E-02	 0.299999785E-03	 0.399999928E-03	-0.730685824E-06
   12629	 0.149999988E-02	 0.299999785E-03	 0.999999225E-04	 0.103745241E-05
   12625	 0.149999988E-02	 0.599999809E-03	 0.399999928E-03	-0.730685817E-06
   12626	 0.149999988E-02	 0.599999809E-03	 0.999999225E-04	 0.103745242E-05
   12622	 0.149999988E-02	 0.899999833E-03	 0.399999928E-03	-0.730685808E-06
   12623	 0.149999988E-02	 0.899999833E-03	 0.999999225E-04	 0.103745243E-05
   12619	 0.149999988E-02	 0.119999986E-02	 0.399999928E-03	-0.730685799E-06
   12620	 0.149999988E-02	 0.119999986E-02	 0.999999225E-04	 0.103745244E-05
   12616	 0.149999988E-02	 0.149999988E-02	 0.399999928E-03	-0.730685790E-06
   12617	 0.149999988E-02	 0.149999988E-02	 0.999999225E-04	 0.103745245E-05
   12613	 0.149999988E-02	 0.179999990E-02	 0.399999928E-03	-0.730685780E-06
   12614	 0.149999988E-02	 0.179999990E-02	 0.999999225E-04	 0.103745246E-05
   12608	 0.149999988E-02	 0.209999993E-02	 0.399999928E-03	-0.730685770E-06
   12610	 0.149999988E-02	 0.209999993E-02	 0.999999225E-04	 0.103745247E-05
   12609	 0.149999988E-02	 0.239999995E-02	 0.399999928E-03	-0.730685760E-06
   12611	 0.149999988E-02	 0.239999995E-02	 0.999999225E-04	 0.103745248E-05
   12662	 0.149999988E-02	 0.269999998E-02	 0.399999928E-03	-0.730685749E-06
   12665	 0.149999988E-02	 0.269999998E-02	 0.999999225E-04	 0.103745249E-05
   12580	 0.179999990E-02	-0.300000262E-03	 0.399999928E-03	-0.730685824E-06
   12581	 0.179999990E-02	-0.300000262E-03	 0.999999225E-04	 0.103745241E-05
   12577	 0.179999990E-02	-0.238418579E-09	 0.399999928E-03	-0.730685817E-06
   12578	 0.179999990E-02	-0.238418579E-09	 0.999999225E-04	 0.103745242E-05
   12574	 0.179999990E-02	 0.299999785E-03	 0.399999928E-03	-0.730685810E-06
   12575	 0.179999990E-02	 0.299999785E-03	 0.999999225E-04	 0.103745243E-05
   12571	 0.179999990E-02	 0.599999809E-03	 0.399999928E-03	-0.730685803E-06
   12572	 0.179999990E-02	 0.599999809E-03	 0.999999225E-04	 0.103745243E-05
   12568	 0.179999990E-02	 0.899999833E-03	 0.399999928E-03	-0.730685794E-06
   12569	 0.179999990E-02	 0.899999833E-03	 0.999999225E-04	 0.103745244E-05
   12565	 0.179999990E-02	 0.119999986E-02	 0.399999928E-03	-0.730685786E-06
   12566	 0.179999990E-02	 0.119999986E-02	 0.999999225E-04	 0.103745245E-05
   12562	 0.179999990E-02	 0.149999988E-02	 0.399999928E-03	-0.730685776E-06
   12563	 0.179999990E-02	 0.149999988E-02	 0.999999225E-04	 0.103745246E-05
   12559	 0.179999990E-02	 0.179999990E-02	 0.399999928E-03	-0.730685767E-06
   12560	 0.179999990E-02	 0.179999990E-02	 0.999999225E-04	 0.103745247E-05
   12552	 0.179999990E-02	 0.209999993E-02	 0.399999928E-03	-0.730685757E-06
   12555	 0.179999990E-02	 0.209999993E-02	 0.999999225E-04	 0.103745248E-05
   12553	 0.179999990E-02	 0.239999995E-02	 0.399999928E-03	-0.730685747E-06
   12556	 0.179999990E-02	 0.239999995E-02	 0.999999225E-04	 0.103745249E-05
   12523	 0.209999993E-02	-0.300000262E-03	 0.399999928E-03	-0.730685810E-06
   12524	 0.209999993E-02	-0.300000262E-03	 0.999999225E-04	 0.103745243E-05
   12520	 0.209999993E-02	-0.238418579E-09	 0.399999928E-03	-0.730685803E-06
   12521	 0.209999993E-02	-0.238418579E-09	 0.999999225E-04	 0.103745243E-05
   12517	 0.209999993E-02	 0.299999785E-03	 0.399999928E-03	-0.730685796E-06
   12518	 0.209999993E-02	 0.299999785E-03	 0.999999225E-04	 0.103745244E-05
   12514	 0.209999993E-02	 0.599999809E-03	 0.399999928E-03	-0.730685788E-06
   12515	 0.209999993E-02	 0.599999809E-03	 0.999999225E-04	 0.103745245E-05
   12511	 0.209999993E-02	 0.899999833E-03	 0.399999928E-03	-0.730685780E-06
   12512	 0.209999993E-02	 0.899999833E-03	 0.999999225E-04	 0.103745246E-05
   12508	 0.209999993E-02	 0.119999986E-02	 0.399999928E-03	-0.730685772E-06
   12509	 0.209999993E-02	 0.119999986E-02	 0.999999225E-04	 0.103745246E-05
   12505	 0.209999993E-02	 0.149999988E-02	 0.399999928E-03	-0.730685762E-06
   12506	 0.209999993E-02	 0.149999988E-02	 0.999999225E-04	 0.103745247E-05
   12496	 0.209999993E-02	 0.179999990E-02	 0.399999928E-03	-0.730685753E-06
   12500	 0.209999993E-02	 0.179999990E-02	 0.999999225E-04	 0.103745248E-05
   12497	 0.209999993E-02	 0.209999993E-02	 0.399999928E-03	-0.730685743E-06
   12501	 0.209999993E-02	 0.209999993E-02	 0.999999225E-04	 0.103745249E-05
   12554	 0.209999993E-02	 0.239999995E-02	 0.399999928E-03	-0.730685733E-06
   12557	 0.209999993E-02	 0.239999995E-02	 0.999999225E-04	 0.103745250E-05
   12472	 0.239999995E-02	-0.300000262E-03	 0.399999928E-03	-0.730685795E-06
   12473	 0.239999995E-02	-0.300000262E-03	 0.999999225E-04	 0.103745244E-05
   12469	 0.239999995E-02	-0.238418579E-09	 0.399999928E-03	-0.730685788E-06
   12470	 0.239999995E-02	-0.238418579E-09	 0.999999225E-04	 0.103745245E-05
   12466	 0.239999995E-02	 0.299999785E-03	 0.399999928E-03	-0.730685781E-06
   12467	 0.239999995E-02	 0.299999785E-03	 0.999999225E-04	 0.103745245E-05
   12463	 0.239999995E-02	 0.599999809E-03	 0.399999928E-03	-0.730685774E-06
   12464	 0.239999995E-02	 0.599999809E-03	 0.999999225E-04	 0.103745246E-05
   12460	 0.239999995E-02	 0.899999833E-03	 0.399999928E-03	-0.730685766E-06
   12461	 0.239999995E-02	 0.899999833E-03	 0.999999225E-04	 0.103745247E-05
   12451	 0.239999995E-02	 0.119999986E-02	 0.399999928E-03	-0.730685757E-06
   12455	 0.239999995E-02	 0.119999986E-02	 0.999999225E-04	 0.103745248E-05
   12452	 0.239999995E-02	 0.149999988E-02	 0.399999928E-03	-0.730685748E-06
   12456	 0.239999995E-02	 0.149999988E-02	 0.999999225E-04	 0.103745249E-05
   12498	 0.239999995E-02	 0.179999990E-02	 0.399999928E-03	-0.730685739E-06
   12502	 0.239999995E-02	 0.179999990E-02	 0.999999225E-04	 0.103745250E-05
   12499	 0.239999995E-02	 0.209999993E-02	 0.399999928E-03	-0.730685729E-06
   12503	 0.239999995E-02	 0.209999993E-02	 0.999999225E-04	 0.103745251E-05
   12431	 0.269999998E-02	-0.300000262E-03	 0.399999928E-03	-0.730685780E-06
   12433	 0.269999998E-02	-0.300000262E-03	 0.999999225E-04	 0.103745246E-05
   12425	 0.269999998E-02	-0.238418579E-09	 0.399999928E-03	-0.730685773E-06
   12427	 0.269999998E-02	-0.238418579E-09	 0.999999225E-04	 0.103745246E-05
   12419	 0.269999998E-02	 0.299999785E-03	 0.399999928E-03	-0.730685766E-06
   12421	 0.269999998E-02	 0.299999785E-03	 0.999999225E-04	 0.103745247E-05
   12409	 0.269999998E-02	 0.599999809E-03	 0.399999928E-03	-0.730685759E-06
   12413	 0.269999998E-02	 0.599999809E-03	 0.999999225E-04	 0.103745248E-05
   12410	 0.269999998E-02	 0.899999833E-03	 0.399999928E-03	-0.730685751E-06
   12414	 0.269999998E-02	 0.899999833E-03	 0.999999225E-04	 0.103745249E-05
   12453	 0.269999998E-02	 0.119999986E-02	 0.399999928E-03	-0.730685742E-06
   12457	 0.269999998E-02	 0.119999986E-02	 0.999999225E-04	 0.103745249E-05
   12454	 0.269999998E-02	 0.149999988E-02	 0.399999928E-03	-0.730685734E-06
   12458	 0.269999998E-02	 0.149999988E-02	 0.999999225E-04	 0.103745250E-05
   12432	 0.300000000E-02	-0.300000262E-03	 0.399999928E-03	-0.730685765E-06
   12434	 0.300000000E-02	-0.300000262E-03	 0.999999225E-04	 0.103745247E-05
   12426	 0.300000000E-02	-0.238418579E-09	 0.399999928E-03	-0.730685758E-06
   12428	 0.300000000E-02	-0.238418579E-09	 0.999999225E-04	 0.103745248E-05
   12420	 0.300000000E-02	 0.299999785E-03	 0.399999928E-03	-0.730685751E-06
   12422	 0.300000000E-02	 0.299999785E-03	 0.999999225E-04	 0.103745248E-05
   12411	 0.300000000E-02	 0.599999809E-03	 0.399999928E-03	-0.730685743E-06
   12415	 0.300000000E-02	 0.599999809E-03	 0.999999225E-04	 0.103745249E-05
   12412	 0.300000000E-02	 0.899999833E-03	 0.399999928E-03	-0.730685736E-06
   12416	 0.300000000E-02	 0.899999833E-03	 0.999999225E-04	 0.103745250E-05
   13371	-0.210000040E-02	-0.210000040E-02	 0.699999934E-03	 0.359394838E-04
   13419	-0.240000043E-02	-0.210000040E-02	 0.699999934E-03	 0.474849656E-04
   13416	-0.240000043E-02	-0.180000038E-02	 0.699999934E-03	 0.374788813E-04
   13368	-0.210000040E-02	-0.180000038E-02	 0.699999934E-03	 0.259333986E-04
   13413	-0.240000043E-02	-0.150000036E-02	 0.699999934E-03	 0.290121938E-04
   13365	-0.210000040E-02	-0.150000036E-02	 0.699999934E-03	 0.174667115E-04
   13323	-0.180000038E-02	-0.240000043E-02	 0.699999934E-03	 0.374788813E-04
   13374	-0.210000040E-02	-0.240000043E-02	 0.699999934E-03	 0.474849656E-04
   13320	-0.180000038E-02	-0.210000040E-02	 0.699999934E-03	 0.259333986E-04
   13317	-0.180000038E-02	-0.180000038E-02	 0.699999934E-03	 0.159273138E-04
   13314	-0.180000038E-02	-0.150000036E-02	 0.699999934E-03	 0.746062679E-05
   13269	-0.150000036E-02	-0.240000043E-02	 0.699999934E-03	 0.290121938E-04
   13266	-0.150000036E-02	-0.210000040E-02	 0.699999934E-03	 0.174667115E-04
   13263	-0.150000036E-02	-0.180000038E-02	 0.699999934E-03	 0.746062679E-05
   13260	-0.150000036E-02	-0.150000036E-02	 0.699999934E-03	-0.100606017E-05
   13215	-0.120000033E-02	-0.270000045E-02	 0.699999934E-03	 0.351697844E-04
   13272	-0.150000036E-02	-0.270000045E-02	 0.699999934E-03	 0.420970739E-04
   13212	-0.120000033E-02	-0.240000043E-02	 0.699999934E-03	 0.220849045E-04
   13209	-0.120000033E-02	-0.210000040E-02	 0.699999934E-03	 0.105394221E-04
   13206	-0.120000033E-02	-0.180000038E-02	 0.699999934E-03	 0.533337454E-06
   13203	-0.120000033E-02	-0.150000036E-02	 0.699999934E-03	-0.793334957E-05
   13155	-0.900000310E-03	-0.270000045E-02	 0.699999934E-03	 0.297818928E-04
   13152	-0.900000310E-03	-0.240000043E-02	 0.699999934E-03	 0.166970126E-04
   13149	-0.900000310E-03	-0.210000040E-02	 0.699999934E-03	 0.515153037E-05
   13146	-0.900000310E-03	-0.180000038E-02	 0.699999934E-03	-0.485455432E-05
   13143	-0.900000310E-03	-0.150000036E-02	 0.699999934E-03	-0.133212413E-04
   13200	-0.120000033E-02	-0.120000033E-02	 0.699999934E-03	-0.148606389E-04
   13140	-0.900000310E-03	-0.120000033E-02	 0.699999934E-03	-0.202485307E-04
   13095	-0.600000286E-03	-0.300000048E-02	 0.699999934E-03	 0.405576760E-04
   13158	-0.900000310E-03	-0.300000048E-02	 0.699999934E-03	 0.444061697E-04
   13092	-0.600000286E-03	-0.270000045E-02	 0.699999934E-03	 0.259333985E-04
   13089	-0.600000286E-03	-0.240000043E-02	 0.699999934E-03	 0.128485185E-04
   13086	-0.600000286E-03	-0.210000040E-02	 0.699999934E-03	 0.130303620E-05
   13083	-0.600000286E-03	-0.180000038E-02	 0.699999934E-03	-0.870304842E-05
   13080	-0.600000286E-03	-0.150000036E-02	 0.699999934E-03	-0.171697354E-04
   13077	-0.600000286E-03	-0.120000033E-02	 0.699999934E-03	-0.240970248E-04
   13137	-0.900000310E-03	-0.900000310E-03	 0.699999934E-03	-0.256364224E-04
   13074	-0.600000286E-03	-0.900000310E-03	 0.699999934E-03	-0.294849165E-04
   13032	-0.300000262E-03	-0.300000048E-02	 0.699999934E-03	 0.382485795E-04
   13029	-0.300000262E-03	-0.270000045E-02	 0.699999934E-03	 0.236243019E-04
   13026	-0.300000262E-03	-0.240000043E-02	 0.699999934E-03	 0.105394220E-04
   13023	-0.300000262E-03	-0.210000040E-02	 0.699999934E-03	-0.100606026E-05
   13020	-0.300000262E-03	-0.180000038E-02	 0.699999934E-03	-0.110121449E-04
   13017	-0.300000262E-03	-0.150000036E-02	 0.699999934E-03	-0.194788319E-04
   13014	-0.300000262E-03	-0.120000033E-02	 0.699999934E-03	-0.264061213E-04
   13011	-0.300000262E-03	-0.900000310E-03	 0.699999934E-03	-0.317940130E-04
   12969	-0.238418579E-09	-0.300000048E-02	 0.699999934E-03	 0.374788808E-04
   12966	-0.238418579E-09	-0.270000045E-02	 0.699999934E-03	 0.228546031E-04
   12963	-0.238418579E-09	-0.240000043E-02	 0.699999934E-03	 0.976972315E-05
   12960	-0.238418579E-09	-0.210000040E-02	 0.699999934E-03	-0.177575910E-05
   12957	-0.238418579E-09	-0.180000038E-02	 0.699999934E-03	-0.117818437E-04
   12954	-0.238418579E-09	-0.150000036E-02	 0.699999934E-03	-0.202485307E-04
   12951	-0.238418579E-09	-0.120000033E-02	 0.699999934E-03	-0.271758201E-04
   12948	-0.238418579E-09	-0.900000310E-03	 0.699999934E-03	-0.325637118E-04
   13008	-0.300000262E-03	-0.600000286E-03	 0.699999934E-03	-0.356425071E-04
   12945	-0.238418579E-09	-0.600000286E-03	 0.699999934E-03	-0.364122059E-04
   12906	 0.299999785E-03	-0.300000048E-02	 0.699999934E-03	 0.382485795E-04
   12903	 0.299999785E-03	-0.270000045E-02	 0.699999934E-03	 0.236243019E-04
   12900	 0.299999785E-03	-0.240000043E-02	 0.699999934E-03	 0.105394220E-04
   12897	 0.299999785E-03	-0.210000040E-02	 0.699999934E-03	-0.100606028E-05
   12894	 0.299999785E-03	-0.180000038E-02	 0.699999934E-03	-0.110121449E-04
   12891	 0.299999785E-03	-0.150000036E-02	 0.699999934E-03	-0.194788319E-04
   12888	 0.299999785E-03	-0.120000033E-02	 0.699999934E-03	-0.264061213E-04
   12885	 0.299999785E-03	-0.900000310E-03	 0.699999934E-03	-0.317940130E-04
   12882	 0.299999785E-03	-0.600000286E-03	 0.699999934E-03	-0.356425071E-04
   12840	 0.599999809E-03	-0.300000048E-02	 0.699999934E-03	 0.405576759E-04
   12837	 0.599999809E-03	-0.270000045E-02	 0.699999934E-03	 0.259333985E-04
   12834	 0.599999809E-03	-0.240000043E-02	 0.699999934E-03	 0.128485185E-04
   12831	 0.599999809E-03	-0.210000040E-02	 0.699999934E-03	 0.130303617E-05
   12828	 0.599999809E-03	-0.180000038E-02	 0.699999934E-03	-0.870304845E-05
   12825	 0.599999809E-03	-0.150000036E-02	 0.699999934E-03	-0.171697355E-04
   12822	 0.599999809E-03	-0.120000033E-02	 0.699999934E-03	-0.240970248E-04
   12819	 0.599999809E-03	-0.900000310E-03	 0.699999934E-03	-0.294849166E-04
   12816	 0.599999809E-03	-0.600000286E-03	 0.699999934E-03	-0.333334107E-04
   12841	 0.899999833E-03	-0.300000048E-02	 0.699999934E-03	 0.444061697E-04
   12774	 0.899999833E-03	-0.270000045E-02	 0.699999934E-03	 0.297818927E-04
   12771	 0.899999833E-03	-0.240000043E-02	 0.699999934E-03	 0.166970125E-04
   12768	 0.899999833E-03	-0.210000040E-02	 0.699999934E-03	 0.515153033E-05
   12765	 0.899999833E-03	-0.180000038E-02	 0.699999934E-03	-0.485455437E-05
   12762	 0.899999833E-03	-0.150000036E-02	 0.699999934E-03	-0.133212414E-04
   12759	 0.899999833E-03	-0.120000033E-02	 0.699999934E-03	-0.202485307E-04
   12756	 0.899999833E-03	-0.900000310E-03	 0.699999934E-03	-0.256364225E-04
   12753	 0.899999833E-03	-0.600000286E-03	 0.699999934E-03	-0.294849166E-04
   12714	 0.119999986E-02	-0.270000045E-02	 0.699999934E-03	 0.351697843E-04
   12711	 0.119999986E-02	-0.240000043E-02	 0.699999934E-03	 0.220849045E-04
   12708	 0.119999986E-02	-0.210000040E-02	 0.699999934E-03	 0.105394220E-04
   12705	 0.119999986E-02	-0.180000038E-02	 0.699999934E-03	 0.533337389E-06
   12702	 0.119999986E-02	-0.150000036E-02	 0.699999934E-03	-0.793334964E-05
   12699	 0.119999986E-02	-0.120000033E-02	 0.699999934E-03	-0.148606390E-04
   12696	 0.119999986E-02	-0.900000310E-03	 0.699999934E-03	-0.202485308E-04
   12693	 0.119999986E-02	-0.600000286E-03	 0.699999934E-03	-0.240970249E-04
   12715	 0.149999988E-02	-0.270000045E-02	 0.699999934E-03	 0.420970738E-04
   12654	 0.149999988E-02	-0.240000043E-02	 0.699999934E-03	 0.290121937E-04
   12651	 0.149999988E-02	-0.210000040E-02	 0.699999934E-03	 0.174667115E-04
   12648	 0.149999988E-02	-0.180000038E-02	 0.699999934E-03	 0.746062671E-05
   12645	 0.149999988E-02	-0.150000036E-02	 0.699999934E-03	-0.100606025E-05
   12642	 0.149999988E-02	-0.120000033E-02	 0.699999934E-03	-0.793334965E-05
   12639	 0.149999988E-02	-0.900000310E-03	 0.699999934E-03	-0.133212414E-04
   12636	 0.149999988E-02	-0.600000286E-03	 0.699999934E-03	-0.171697355E-04
   12600	 0.179999990E-02	-0.240000043E-02	 0.699999934E-03	 0.374788812E-04
   12597	 0.179999990E-02	-0.210000040E-02	 0.699999934E-03	 0.259333986E-04
   12594	 0.179999990E-02	-0.180000038E-02	 0.699999934E-03	 0.159273138E-04
   12591	 0.179999990E-02	-0.150000036E-02	 0.699999934E-03	 0.746062672E-05
   12588	 0.179999990E-02	-0.120000033E-02	 0.699999934E-03	 0.533337392E-06
   12585	 0.179999990E-02	-0.900000310E-03	 0.699999934E-03	-0.485455438E-05
   12582	 0.179999990E-02	-0.600000286E-03	 0.699999934E-03	-0.870304848E-05
   12601	 0.209999993E-02	-0.240000043E-02	 0.699999934E-03	 0.474849655E-04
   12543	 0.209999993E-02	-0.210000040E-02	 0.699999934E-03	 0.359394837E-04
   12537	 0.209999993E-02	-0.180000038E-02	 0.699999934E-03	 0.259333985E-04
   12534	 0.209999993E-02	-0.150000036E-02	 0.699999934E-03	 0.174667114E-04
   12531	 0.209999993E-02	-0.120000033E-02	 0.699999934E-03	 0.105394220E-04
   12528	 0.209999993E-02	-0.900000310E-03	 0.699999934E-03	 0.515153027E-05
   12525	 0.209999993E-02	-0.600000286E-03	 0.699999934E-03	 0.130303610E-05
   12544	 0.239999995E-02	-0.210000040E-02	 0.699999934E-03	 0.474849654E-04
   12538	 0.239999995E-02	-0.180000038E-02	 0.699999934E-03	 0.374788812E-04
   12486	 0.239999995E-02	-0.150000036E-02	 0.699999934E-03	 0.290121937E-04
   12480	 0.239999995E-02	-0.120000033E-02	 0.699999934E-03	 0.220849044E-04
   12477	 0.239999995E-02	-0.900000310E-03	 0.699999934E-03	 0.166970125E-04
   12474	 0.239999995E-02	-0.600000286E-03	 0.699999934E-03	 0.128485184E-04
   12487	 0.269999998E-02	-0.150000036E-02	 0.699999934E-03	 0.420970738E-04
   12481	 0.269999998E-02	-0.120000033E-02	 0.699999934E-03	 0.351697842E-04
   12441	 0.269999998E-02	-0.900000310E-03	 0.699999934E-03	 0.297818927E-04
   12435	 0.269999998E-02	-0.600000286E-03	 0.699999934E-03	 0.259333984E-04
   12442	 0.300000000E-02	-0.900000310E-03	 0.699999934E-03	 0.444061696E-04
   12436	 0.300000000E-02	-0.600000286E-03	 0.699999934E-03	 0.405576758E-04
   13452	-0.270000045E-02	-0.150000036E-02	 0.699999934E-03	 0.420970739E-04
   13449	-0.270000045E-02	-0.120000033E-02	 0.699999934E-03	 0.351697844E-04
   13410	-0.240000043E-02	-0.120000033E-02	 0.699999934E-03	 0.220849045E-04
   13362	-0.210000040E-02	-0.120000033E-02	 0.699999934E-03	 0.105394221E-04
   13311	-0.180000038E-02	-0.120000033E-02	 0.699999934E-03	 0.533337459E-06
   13257	-0.150000036E-02	-0.120000033E-02	 0.699999934E-03	-0.793334957E-05
   13446	-0.270000045E-02	-0.900000310E-03	 0.699999934E-03	 0.297818928E-04
   13407	-0.240000043E-02	-0.900000310E-03	 0.699999934E-03	 0.166970126E-04
   13359	-0.210000040E-02	-0.900000310E-03	 0.699999934E-03	 0.515153038E-05
   13308	-0.180000038E-02	-0.900000310E-03	 0.699999934E-03	-0.485455431E-05
   13254	-0.150000036E-02	-0.900000310E-03	 0.699999934E-03	-0.133212413E-04
   13197	-0.120000033E-02	-0.900000310E-03	 0.699999934E-03	-0.202485307E-04
   13473	-0.300000048E-02	-0.900000310E-03	 0.699999934E-03	 0.444061698E-04
   13470	-0.300000048E-02	-0.600000286E-03	 0.699999934E-03	 0.405576760E-04
   13443	-0.270000045E-02	-0.600000286E-03	 0.699999934E-03	 0.259333986E-04
   13404	-0.240000043E-02	-0.600000286E-03	 0.699999934E-03	 0.128485185E-04
   13356	-0.210000040E-02	-0.600000286E-03	 0.699999934E-03	 0.130303622E-05
   13305	-0.180000038E-02	-0.600000286E-03	 0.699999934E-03	-0.870304841E-05
   13251	-0.150000036E-02	-0.600000286E-03	 0.699999934E-03	-0.171697354E-04
   13194	-0.120000033E-02	-0.600000286E-03	 0.699999934E-03	-0.240970248E-04
   13134	-0.900000310E-03	-0.600000286E-03	 0.699999934E-03	-0.294849165E-04
   13071	-0.600000286E-03	-0.600000286E-03	 0.699999934E-03	-0.333334106E-04
   13467	-0.300000048E-02	-0.300000262E-03	 0.699999934E-03	 0.382485795E-04
   13440	-0.270000045E-02	-0.300000262E-03	 0.699999934E-03	 0.236243019E-04
   13401	-0.240000043E-02	-0.300000262E-03	 0.699999934E-03	 0.105394220E-04
   13353	-0.210000040E-02	-0.300000262E-03	 0.699999934E-03	-0.100606025E-05
   13302	-0.180000038E-02	-0.300000262E-03	 0.699999934E-03	-0.110121449E-04
   13248	-0.150000036E-02	-0.300000262E-03	 0.699999934E-03	-0.194788319E-04
   13191	-0.120000033E-02	-0.300000262E-03	 0.699999934E-03	-0.264061213E-04
   13131	-0.900000310E-03	-0.300000262E-03	 0.699999934E-03	-0.317940130E-04
   13068	-0.600000286E-03	-0.300000262E-03	 0.699999934E-03	-0.356425071E-04
   13005	-0.300000262E-03	-0.300000262E-03	 0.699999934E-03	-0.379516036E-04
   12942	-0.238418579E-09	-0.300000262E-03	 0.699999934E-03	-0.387213024E-04
   13464	-0.300000048E-02	-0.238418579E-09	 0.699999934E-03	 0.374788808E-04
   13437	-0.270000045E-02	-0.238418579E-09	 0.699999934E-03	 0.228546031E-04
   13398	-0.240000043E-02	-0.238418579E-09	 0.699999934E-03	 0.976972317E-05
   13350	-0.210000040E-02	-0.238418579E-09	 0.699999934E-03	-0.177575909E-05
   13299	-0.180000038E-02	-0.238418579E-09	 0.699999934E-03	-0.117818437E-04
   13245	-0.150000036E-02	-0.238418579E-09	 0.699999934E-03	-0.202485307E-04
   13188	-0.120000033E-02	-0.238418579E-09	 0.699999934E-03	-0.271758201E-04
   13128	-0.900000310E-03	-0.238418579E-09	 0.699999934E-03	-0.325637118E-04
   13065	-0.600000286E-03	-0.238418579E-09	 0.699999934E-03	-0.364122059E-04
   13002	-0.300000262E-03	-0.238418579E-09	 0.699999934E-03	-0.387213024E-04
   12939	-0.238418579E-09	-0.238418579E-09	 0.699999934E-03	-0.394910012E-04
   13461	-0.300000048E-02	 0.299999785E-03	 0.699999934E-03	 0.382485795E-04
   13434	-0.270000045E-02	 0.299999785E-03	 0.699999934E-03	 0.236243019E-04
   13395	-0.240000043E-02	 0.299999785E-03	 0.699999934E-03	 0.105394220E-04
   13347	-0.210000040E-02	 0.299999785E-03	 0.699999934E-03	-0.100606026E-05
   13296	-0.180000038E-02	 0.299999785E-03	 0.699999934E-03	-0.110121449E-04
   13242	-0.150000036E-02	 0.299999785E-03	 0.699999934E-03	-0.194788319E-04
   13185	-0.120000033E-02	 0.299999785E-03	 0.699999934E-03	-0.264061213E-04
   13125	-0.900000310E-03	 0.299999785E-03	 0.699999934E-03	-0.317940130E-04
   13062	-0.600000286E-03	 0.299999785E-03	 0.699999934E-03	-0.356425071E-04
   12999	-0.300000262E-03	 0.299999785E-03	 0.699999934E-03	-0.379516036E-04
   12936	-0.238418579E-09	 0.299999785E-03	 0.699999934E-03	-0.387213024E-04
   13455	-0.300000048E-02	 0.599999809E-03	 0.699999934E-03	 0.405576760E-04
   13431	-0.270000045E-02	 0.599999809E-03	 0.699999934E-03	 0.259333985E-04
   13392	-0.240000043E-02	 0.599999809E-03	 0.699999934E-03	 0.128485185E-04
   13344	-0.210000040E-02	 0.599999809E-03	 0.699999934E-03	 0.130303620E-05
   13293	-0.180000038E-02	 0.599999809E-03	 0.699999934E-03	-0.870304843E-05
   13239	-0.150000036E-02	 0.599999809E-03	 0.699999934E-03	-0.171697354E-04
   13182	-0.120000033E-02	 0.599999809E-03	 0.699999934E-03	-0.240970248E-04
   13122	-0.900000310E-03	 0.599999809E-03	 0.699999934E-03	-0.294849166E-04
   13059	-0.600000286E-03	 0.599999809E-03	 0.699999934E-03	-0.333334107E-04
   12996	-0.300000262E-03	 0.599999809E-03	 0.699999934E-03	-0.356425071E-04
   12933	-0.238418579E-09	 0.599999809E-03	 0.699999934E-03	-0.364122059E-04
   13456	-0.300000048E-02	 0.899999833E-03	 0.699999934E-03	 0.444061697E-04
   13428	-0.270000045E-02	 0.899999833E-03	 0.699999934E-03	 0.297818928E-04
   13389	-0.240000043E-02	 0.899999833E-03	 0.699999934E-03	 0.166970126E-04
   13341	-0.210000040E-02	 0.899999833E-03	 0.699999934E-03	 0.515153035E-05
   13290	-0.180000038E-02	 0.899999833E-03	 0.699999934E-03	-0.485455434E-05
   13236	-0.150000036E-02	 0.899999833E-03	 0.699999934E-03	-0.133212413E-04
   13179	-0.120000033E-02	 0.899999833E-03	 0.699999934E-03	-0.202485307E-04
   13119	-0.900000310E-03	 0.899999833E-03	 0.699999934E-03	-0.256364225E-04
   13056	-0.600000286E-03	 0.899999833E-03	 0.699999934E-03	-0.294849166E-04
   12993	-0.300000262E-03	 0.899999833E-03	 0.699999934E-03	-0.317940130E-04
   12930	-0.238418579E-09	 0.899999833E-03	 0.699999934E-03	-0.325637119E-04
   13422	-0.270000045E-02	 0.119999986E-02	 0.699999934E-03	 0.351697843E-04
   13386	-0.240000043E-02	 0.119999986E-02	 0.699999934E-03	 0.220849045E-04
   13338	-0.210000040E-02	 0.119999986E-02	 0.699999934E-03	 0.105394221E-04
   13287	-0.180000038E-02	 0.119999986E-02	 0.699999934E-03	 0.533337415E-06
   13233	-0.150000036E-02	 0.119999986E-02	 0.699999934E-03	-0.793334961E-05
   13176	-0.120000033E-02	 0.119999986E-02	 0.699999934E-03	-0.148606390E-04
   13116	-0.900000310E-03	 0.119999986E-02	 0.699999934E-03	-0.202485307E-04
   13053	-0.600000286E-03	 0.119999986E-02	 0.699999934E-03	-0.240970248E-04
   12990	-0.300000262E-03	 0.119999986E-02	 0.699999934E-03	-0.264061213E-04
   13423	-0.270000045E-02	 0.149999988E-02	 0.699999934E-03	 0.420970739E-04
   13383	-0.240000043E-02	 0.149999988E-02	 0.699999934E-03	 0.290121938E-04
   13335	-0.210000040E-02	 0.149999988E-02	 0.699999934E-03	 0.174667115E-04
   13284	-0.180000038E-02	 0.149999988E-02	 0.699999934E-03	 0.746062673E-05
   13230	-0.150000036E-02	 0.149999988E-02	 0.699999934E-03	-0.100606023E-05
   13173	-0.120000033E-02	 0.149999988E-02	 0.699999934E-03	-0.793334963E-05
   13113	-0.900000310E-03	 0.149999988E-02	 0.699999934E-03	-0.133212414E-04
   13050	-0.600000286E-03	 0.149999988E-02	 0.699999934E-03	-0.171697355E-04
   12987	-0.300000262E-03	 0.149999988E-02	 0.699999934E-03	-0.194788319E-04
   13377	-0.240000043E-02	 0.179999990E-02	 0.699999934E-03	 0.374788813E-04
   13332	-0.210000040E-02	 0.179999990E-02	 0.699999934E-03	 0.259333986E-04
   13281	-0.180000038E-02	 0.179999990E-02	 0.699999934E-03	 0.159273138E-04
   13227	-0.150000036E-02	 0.179999990E-02	 0.699999934E-03	 0.746062675E-05
   13170	-0.120000033E-02	 0.179999990E-02	 0.699999934E-03	 0.533337418E-06
   13110	-0.900000310E-03	 0.179999990E-02	 0.699999934E-03	-0.485455436E-05
   13047	-0.600000286E-03	 0.179999990E-02	 0.699999934E-03	-0.870304846E-05
   12984	-0.300000262E-03	 0.179999990E-02	 0.699999934E-03	-0.110121449E-04
   13378	-0.240000043E-02	 0.209999993E-02	 0.699999934E-03	 0.474849655E-04
   13326	-0.210000040E-02	 0.209999993E-02	 0.699999934E-03	 0.359394837E-04
   13275	-0.180000038E-02	 0.209999993E-02	 0.699999934E-03	 0.259333986E-04
   13224	-0.150000036E-02	 0.209999993E-02	 0.699999934E-03	 0.174667115E-04
   13167	-0.120000033E-02	 0.209999993E-02	 0.699999934E-03	 0.105394220E-04
   13107	-0.900000310E-03	 0.209999993E-02	 0.699999934E-03	 0.515153029E-05
   13044	-0.600000286E-03	 0.209999993E-02	 0.699999934E-03	 0.130303613E-05
   12981	-0.300000262E-03	 0.209999993E-02	 0.699999934E-03	-0.100606034E-05
   13327	-0.210000040E-02	 0.239999995E-02	 0.699999934E-03	 0.474849655E-04
   13276	-0.180000038E-02	 0.239999995E-02	 0.699999934E-03	 0.374788812E-04
   13218	-0.150000036E-02	 0.239999995E-02	 0.699999934E-03	 0.290121937E-04
   13161	-0.120000033E-02	 0.239999995E-02	 0.699999934E-03	 0.220849044E-04
   13104	-0.900000310E-03	 0.239999995E-02	 0.699999934E-03	 0.166970125E-04
   13041	-0.600000286E-03	 0.239999995E-02	 0.699999934E-03	 0.128485184E-04
   13219	-0.150000036E-02	 0.269999998E-02	 0.699999934E-03	 0.420970738E-04
   13162	-0.120000033E-02	 0.269999998E-02	 0.699999934E-03	 0.351697843E-04
   13098	-0.900000310E-03	 0.269999998E-02	 0.699999934E-03	 0.297818927E-04
   13035	-0.600000286E-03	 0.269999998E-02	 0.699999934E-03	 0.259333984E-04
   13099	-0.900000310E-03	 0.300000000E-02	 0.699999934E-03	 0.444061696E-04
   13036	-0.600000286E-03	 0.300000000E-02	 0.699999934E-03	 0.405576759E-04
   12978	-0.300000262E-03	 0.239999995E-02	 0.699999934E-03	 0.105394219E-04
   12972	-0.300000262E-03	 0.269999998E-02	 0.699999934E-03	 0.236243018E-04
   12973	-0.300000262E-03	 0.300000000E-02	 0.699999934E-03	 0.382485794E-04
   12927	-0.238418579E-09	 0.119999986E-02	 0.699999934E-03	-0.271758201E-04
   12924	-0.238418579E-09	 0.149999988E-02	 0.699999934E-03	-0.202485308E-04
   12921	-0.238418579E-09	 0.179999990E-02	 0.699999934E-03	-0.117818438E-04
   12918	-0.238418579E-09	 0.209999993E-02	 0.699999934E-03	-0.177575918E-05
   12915	-0.238418579E-09	 0.239999995E-02	 0.699999934E-03	 0.976972306E-05
   12909	-0.238418579E-09	 0.269999998E-02	 0.699999934E-03	 0.228546030E-04
   12910	-0.238418579E-09	 0.300000000E-02	 0.699999934E-03	 0.374788806E-04
   12879	 0.299999785E-03	-0.300000262E-03	 0.699999934E-03	-0.379516036E-04
   12876	 0.299999785E-03	-0.238418579E-09	 0.699999934E-03	-0.387213024E-04
   12873	 0.299999785E-03	 0.299999785E-03	 0.699999934E-03	-0.379516036E-04
   12870	 0.299999785E-03	 0.599999809E-03	 0.699999934E-03	-0.356425071E-04
   12867	 0.299999785E-03	 0.899999833E-03	 0.699999934E-03	-0.317940131E-04
   12864	 0.299999785E-03	 0.119999986E-02	 0.699999934E-03	-0.264061213E-04
   12861	 0.299999785E-03	 0.149999988E-02	 0.699999934E-03	-0.194788320E-04
   12858	 0.299999785E-03	 0.179999990E-02	 0.699999934E-03	-0.110121450E-04
   12855	 0.299999785E-03	 0.209999993E-02	 0.699999934E-03	-0.100606036E-05
   12852	 0.299999785E-03	 0.239999995E-02	 0.699999934E-03	 0.105394219E-04
   12846	 0.299999785E-03	 0.269999998E-02	 0.699999934E-03	 0.236243018E-04
   12847	 0.299999785E-03	 0.300000000E-02	 0.699999934E-03	 0.382485794E-04
   12813	 0.599999809E-03	-0.300000262E-03	 0.699999934E-03	-0.356425071E-04
   12810	 0.599999809E-03	-0.238418579E-09	 0.699999934E-03	-0.364122060E-04
   12807	 0.599999809E-03	 0.299999785E-03	 0.699999934E-03	-0.356425071E-04
   12804	 0.599999809E-03	 0.599999809E-03	 0.699999934E-03	-0.333334107E-04
   12801	 0.599999809E-03	 0.899999833E-03	 0.699999934E-03	-0.294849166E-04
   12798	 0.599999809E-03	 0.119999986E-02	 0.699999934E-03	-0.240970249E-04
   12795	 0.599999809E-03	 0.149999988E-02	 0.699999934E-03	-0.171697355E-04
   12792	 0.599999809E-03	 0.179999990E-02	 0.699999934E-03	-0.870304849E-05
   12789	 0.599999809E-03	 0.209999993E-02	 0.699999934E-03	 0.130303609E-05
   12786	 0.599999809E-03	 0.239999995E-02	 0.699999934E-03	 0.128485184E-04
   12777	 0.599999809E-03	 0.269999998E-02	 0.699999934E-03	 0.259333984E-04
   12778	 0.599999809E-03	 0.300000000E-02	 0.699999934E-03	 0.405576758E-04
   12750	 0.899999833E-03	-0.300000262E-03	 0.699999934E-03	-0.317940130E-04
   12747	 0.899999833E-03	-0.238418579E-09	 0.699999934E-03	-0.325637119E-04
   12744	 0.899999833E-03	 0.299999785E-03	 0.699999934E-03	-0.317940131E-04
   12741	 0.899999833E-03	 0.599999809E-03	 0.699999934E-03	-0.294849166E-04
   12738	 0.899999833E-03	 0.899999833E-03	 0.699999934E-03	-0.256364225E-04
   12735	 0.899999833E-03	 0.119999986E-02	 0.699999934E-03	-0.202485308E-04
   12732	 0.899999833E-03	 0.149999988E-02	 0.699999934E-03	-0.133212414E-04
   12729	 0.899999833E-03	 0.179999990E-02	 0.699999934E-03	-0.485455440E-05
   12726	 0.899999833E-03	 0.209999993E-02	 0.699999934E-03	 0.515153025E-05
   12720	 0.899999833E-03	 0.239999995E-02	 0.699999934E-03	 0.166970124E-04
   12721	 0.899999833E-03	 0.269999998E-02	 0.699999934E-03	 0.297818926E-04
   12779	 0.899999833E-03	 0.300000000E-02	 0.699999934E-03	 0.444061696E-04
   12690	 0.119999986E-02	-0.300000262E-03	 0.699999934E-03	-0.264061213E-04
   12687	 0.119999986E-02	-0.238418579E-09	 0.699999934E-03	-0.271758201E-04
   12684	 0.119999986E-02	 0.299999785E-03	 0.699999934E-03	-0.264061213E-04
   12681	 0.119999986E-02	 0.599999809E-03	 0.699999934E-03	-0.240970249E-04
   12678	 0.119999986E-02	 0.899999833E-03	 0.699999934E-03	-0.202485308E-04
   12675	 0.119999986E-02	 0.119999986E-02	 0.699999934E-03	-0.148606391E-04
   12672	 0.119999986E-02	 0.149999988E-02	 0.699999934E-03	-0.793334969E-05
   12669	 0.119999986E-02	 0.179999990E-02	 0.699999934E-03	 0.533337353E-06
   12666	 0.119999986E-02	 0.209999993E-02	 0.699999934E-03	 0.105394220E-04
   12657	 0.119999986E-02	 0.239999995E-02	 0.699999934E-03	 0.220849044E-04
   12658	 0.119999986E-02	 0.269999998E-02	 0.699999934E-03	 0.351697842E-04
   12633	 0.149999988E-02	-0.300000262E-03	 0.699999934E-03	-0.194788320E-04
   12630	 0.149999988E-02	-0.238418579E-09	 0.699999934E-03	-0.202485308E-04
   12627	 0.149999988E-02	 0.299999785E-03	 0.699999934E-03	-0.194788320E-04
   12624	 0.149999988E-02	 0.599999809E-03	 0.699999934E-03	-0.171697355E-04
   12621	 0.149999988E-02	 0.899999833E-03	 0.699999934E-03	-0.133212414E-04
   12618	 0.149999988E-02	 0.119999986E-02	 0.699999934E-03	-0.793334970E-05
   12615	 0.149999988E-02	 0.149999988E-02	 0.699999934E-03	-0.100606031E-05
   12612	 0.149999988E-02	 0.179999990E-02	 0.699999934E-03	 0.746062667E-05
   12606	 0.149999988E-02	 0.209999993E-02	 0.699999934E-03	 0.174667114E-04
   12607	 0.149999988E-02	 0.239999995E-02	 0.699999934E-03	 0.290121937E-04
   12659	 0.149999988E-02	 0.269999998E-02	 0.699999934E-03	 0.420970737E-04
   12579	 0.179999990E-02	-0.300000262E-03	 0.699999934E-03	-0.110121450E-04
   12576	 0.179999990E-02	-0.238418579E-09	 0.699999934E-03	-0.117818438E-04
   12573	 0.179999990E-02	 0.299999785E-03	 0.699999934E-03	-0.110121450E-04
   12570	 0.179999990E-02	 0.599999809E-03	 0.699999934E-03	-0.870304850E-05
   12567	 0.179999990E-02	 0.899999833E-03	 0.699999934E-03	-0.485455441E-05
   12564	 0.179999990E-02	 0.119999986E-02	 0.699999934E-03	 0.533337347E-06
   12561	 0.179999990E-02	 0.149999988E-02	 0.699999934E-03	 0.746062667E-05
   12558	 0.179999990E-02	 0.179999990E-02	 0.699999934E-03	 0.159273137E-04
   12549	 0.179999990E-02	 0.209999993E-02	 0.699999934E-03	 0.259333985E-04
   12550	 0.179999990E-02	 0.239999995E-02	 0.699999934E-03	 0.374788811E-04
   12522	 0.209999993E-02	-0.300000262E-03	 0.699999934E-03	-0.100606036E-05
   12519	 0.209999993E-02	-0.238418579E-09	 0.699999934E-03	-0.177575920E-05
   12516	 0.209999993E-02	 0.299999785E-03	 0.699999934E-03	-0.100606037E-05
   12513	 0.209999993E-02	 0.599999809E-03	 0.699999934E-03	 0.130303608E-05
   12510	 0.209999993E-02	 0.899999833E-03	 0.699999934E-03	 0.515153024E-05
   12507	 0.209999993E-02	 0.119999986E-02	 0.699999934E-03	 0.105394220E-04
   12504	 0.209999993E-02	 0.149999988E-02	 0.699999934E-03	 0.174667114E-04
   12492	 0.209999993E-02	 0.179999990E-02	 0.699999934E-03	 0.259333985E-04
   12493	 0.209999993E-02	 0.209999993E-02	 0.699999934E-03	 0.359394836E-04
   12551	 0.209999993E-02	 0.239999995E-02	 0.699999934E-03	 0.474849654E-04
   12471	 0.239999995E-02	-0.300000262E-03	 0.699999934E-03	 0.105394219E-04
   12468	 0.239999995E-02	-0.238418579E-09	 0.699999934E-03	 0.976972304E-05
   12465	 0.239999995E-02	 0.299999785E-03	 0.699999934E-03	 0.105394219E-04
   12462	 0.239999995E-02	 0.599999809E-03	 0.699999934E-03	 0.128485184E-04
   12459	 0.239999995E-02	 0.899999833E-03	 0.699999934E-03	 0.166970124E-04
   12447	 0.239999995E-02	 0.119999986E-02	 0.699999934E-03	 0.220849044E-04
   12448	 0.239999995E-02	 0.149999988E-02	 0.699999934E-03	 0.290121937E-04
   12494	 0.239999995E-02	 0.179999990E-02	 0.699999934E-03	 0.374788811E-04
   12495	 0.239999995E-02	 0.209999993E-02	 0.699999934E-03	 0.474849654E-04
   12429	 0.269999998E-02	-0.300000262E-03	 0.699999934E-03	 0.236243018E-04
   12423	 0.269999998E-02	-0.238418579E-09	 0.699999934E-03	 0.228546030E-04
   12417	 0.269999998E-02	 0.299999785E-03	 0.699999934E-03	 0.236243018E-04
   12405	 0.269999998E-02	 0.599999809E-03	 0.699999934E-03	 0.259333984E-04
   12406	 0.269999998E-02	 0.899999833E-03	 0.699999934E-03	 0.297818926E-04
   12449	 0.269999998E-02	 0.119999986E-02	 0.699999934E-03	 0.351697842E-04
   12450	 0.269999998E-02	 0.149999988E-02	 0.699999934E-03	 0.420970737E-04
   12430	 0.300000000E-02	-0.300000262E-03	 0.699999934E-03	 0.382485794E-04
   12424	 0.300000000E-02	-0.238418579E-09	 0.699999934E-03	 0.374788806E-04
   12418	 0.300000000E-02	 0.299999785E-03	 0.699999934E-03	 0.382485794E-04
   12407	 0.300000000E-02	 0.599999809E-03	 0.699999934E-03	 0.405576758E-04
   12408	 0.300000000E-02	 0.899999833E-03	 0.699999934E-03	 0.444061696E-04
     245	-0.240000043E-02	-0.180000038E-02	 0.999999940E-03	 0.191215293E-05
     247	-0.240000043E-02	-0.150000036E-02	 0.999999940E-03	 0.144975079E-05
     410	-0.240000043E-02	-0.210000040E-02	 0.999999940E-03	 0.247445828E-05
     412	-0.210000040E-02	-0.240000043E-02	 0.999999940E-03	 0.247445828E-05
     414	-0.210000040E-02	-0.210000040E-02	 0.999999940E-03	 0.181007725E-05
     452	-0.210000040E-02	-0.180000038E-02	 0.999999940E-03	 0.126349970E-05
     463	-0.210000040E-02	-0.150000036E-02	 0.999999940E-03	 0.827209984E-06
     639	-0.180000038E-02	-0.240000043E-02	 0.999999940E-03	 0.191215293E-05
     641	-0.180000038E-02	-0.210000040E-02	 0.999999940E-03	 0.126349970E-05
     661	-0.180000038E-02	-0.180000038E-02	 0.999999940E-03	 0.747644505E-06
     672	-0.180000038E-02	-0.150000036E-02	 0.999999940E-03	 0.313150458E-06
     828	-0.150000036E-02	-0.270000045E-02	 0.999999940E-03	 0.219110953E-05
     830	-0.150000036E-02	-0.240000043E-02	 0.999999940E-03	 0.144975079E-05
     859	-0.150000036E-02	-0.210000040E-02	 0.999999940E-03	 0.827209984E-06
     870	-0.150000036E-02	-0.180000038E-02	 0.999999940E-03	 0.313150458E-06
     881	-0.150000036E-02	-0.150000036E-02	 0.999999940E-03	-0.127299402E-06
    1061	-0.120000033E-02	-0.270000045E-02	 0.999999940E-03	 0.179168596E-05
    1090	-0.120000033E-02	-0.240000043E-02	 0.999999940E-03	 0.106640334E-05
    1101	-0.120000033E-02	-0.210000040E-02	 0.999999940E-03	 0.470241284E-06
    1112	-0.120000033E-02	-0.180000038E-02	 0.999999940E-03	-0.472446762E-07
    1123	-0.120000033E-02	-0.150000036E-02	 0.999999940E-03	-0.489343773E-06
    1310	-0.900000310E-03	-0.300000048E-02	 0.999999940E-03	 0.230838753E-05
    1312	-0.900000310E-03	-0.270000045E-02	 0.999999940E-03	 0.148849558E-05
    1332	-0.900000310E-03	-0.240000043E-02	 0.999999940E-03	 0.786630371E-06
    1343	-0.900000310E-03	-0.210000040E-02	 0.999999940E-03	 0.191793551E-06
    1354	-0.900000310E-03	-0.180000038E-02	 0.999999940E-03	-0.328611196E-06
    1365	-0.900000310E-03	-0.150000036E-02	 0.999999940E-03	-0.771480324E-06
    1134	-0.120000033E-02	-0.120000033E-02	 0.999999940E-03	-0.852009204E-06
    1376	-0.900000310E-03	-0.120000033E-02	 0.999999940E-03	-0.113419662E-05
    1541	-0.600000286E-03	-0.300000048E-02	 0.999999940E-03	 0.207522664E-05
    1543	-0.600000286E-03	-0.270000045E-02	 0.999999940E-03	 0.126641770E-05
    1563	-0.600000286E-03	-0.240000043E-02	 0.999999940E-03	 0.589285341E-06
    1574	-0.600000286E-03	-0.210000040E-02	 0.999999940E-03	-0.712214515E-08
    1585	-0.600000286E-03	-0.180000038E-02	 0.999999940E-03	-0.529793121E-06
    1596	-0.600000286E-03	-0.150000036E-02	 0.999999940E-03	-0.972936260E-06
    1607	-0.600000286E-03	-0.120000033E-02	 0.999999940E-03	-0.133562425E-05
    1387	-0.900000310E-03	-0.900000310E-03	 0.999999940E-03	-0.141616155E-05
    1618	-0.600000286E-03	-0.900000310E-03	 0.999999940E-03	-0.161756501E-05
    1772	-0.300000262E-03	-0.300000048E-02	 0.999999940E-03	 0.195921003E-05
    1774	-0.300000262E-03	-0.270000045E-02	 0.999999940E-03	 0.114656193E-05
    1794	-0.300000262E-03	-0.240000043E-02	 0.999999940E-03	 0.469603868E-06
    1805	-0.300000262E-03	-0.210000040E-02	 0.999999940E-03	-0.126973420E-06
    1816	-0.300000262E-03	-0.180000038E-02	 0.999999940E-03	-0.650458654E-06
    1827	-0.300000262E-03	-0.150000036E-02	 0.999999940E-03	-0.109382341E-05
    1838	-0.300000262E-03	-0.120000033E-02	 0.999999940E-03	-0.145645790E-05
    1849	-0.300000262E-03	-0.900000310E-03	 0.999999940E-03	-0.173838313E-05
    2003	-0.238418579E-09	-0.300000048E-02	 0.999999940E-03	 0.192152535E-05
    2005	-0.238418579E-09	-0.270000045E-02	 0.999999940E-03	 0.110886998E-05
    2025	-0.238418579E-09	-0.240000043E-02	 0.999999940E-03	 0.430007024E-06
    2036	-0.238418579E-09	-0.210000040E-02	 0.999999940E-03	-0.167115224E-06
    2047	-0.238418579E-09	-0.180000038E-02	 0.999999940E-03	-0.690685026E-06
    2058	-0.238418579E-09	-0.150000036E-02	 0.999999940E-03	-0.113410811E-05
    2069	-0.238418579E-09	-0.120000033E-02	 0.999999940E-03	-0.149673232E-05
    2080	-0.238418579E-09	-0.900000310E-03	 0.999999940E-03	-0.177865884E-05
    1860	-0.300000262E-03	-0.600000286E-03	 0.999999940E-03	-0.193975938E-05
    2091	-0.238418579E-09	-0.600000286E-03	 0.999999940E-03	-0.198003423E-05
    2234	 0.299999785E-03	-0.300000048E-02	 0.999999940E-03	 0.195921003E-05
    2236	 0.299999785E-03	-0.270000045E-02	 0.999999940E-03	 0.114656193E-05
    2256	 0.299999785E-03	-0.240000043E-02	 0.999999940E-03	 0.469603868E-06
    2267	 0.299999785E-03	-0.210000040E-02	 0.999999940E-03	-0.126973420E-06
    2278	 0.299999785E-03	-0.180000038E-02	 0.999999940E-03	-0.650458654E-06
    2289	 0.299999785E-03	-0.150000036E-02	 0.999999940E-03	-0.109382342E-05
    2300	 0.299999785E-03	-0.120000033E-02	 0.999999940E-03	-0.145645790E-05
    2311	 0.299999785E-03	-0.900000310E-03	 0.999999940E-03	-0.173838313E-05
    2322	 0.299999785E-03	-0.600000286E-03	 0.999999940E-03	-0.193975938E-05
    2465	 0.599999809E-03	-0.300000048E-02	 0.999999940E-03	 0.207522664E-05
    2467	 0.599999809E-03	-0.270000045E-02	 0.999999940E-03	 0.126641769E-05
    2487	 0.599999809E-03	-0.240000043E-02	 0.999999940E-03	 0.589285341E-06
    2498	 0.599999809E-03	-0.210000040E-02	 0.999999940E-03	-0.712214548E-08
    2509	 0.599999809E-03	-0.180000038E-02	 0.999999940E-03	-0.529793122E-06
    2520	 0.599999809E-03	-0.150000036E-02	 0.999999940E-03	-0.972936260E-06
    2531	 0.599999809E-03	-0.120000033E-02	 0.999999940E-03	-0.133562425E-05
    2542	 0.599999809E-03	-0.900000310E-03	 0.999999940E-03	-0.161756501E-05
    2553	 0.599999809E-03	-0.600000286E-03	 0.999999940E-03	-0.181893464E-05
    2696	 0.899999833E-03	-0.300000048E-02	 0.999999940E-03	 0.230838753E-05
    2698	 0.899999833E-03	-0.270000045E-02	 0.999999940E-03	 0.148849558E-05
    2718	 0.899999833E-03	-0.240000043E-02	 0.999999940E-03	 0.786630371E-06
    2729	 0.899999833E-03	-0.210000040E-02	 0.999999940E-03	 0.191793551E-06
    2740	 0.899999833E-03	-0.180000038E-02	 0.999999940E-03	-0.328611197E-06
    2751	 0.899999833E-03	-0.150000036E-02	 0.999999940E-03	-0.771480324E-06
    2762	 0.899999833E-03	-0.120000033E-02	 0.999999940E-03	-0.113419662E-05
    2773	 0.899999833E-03	-0.900000310E-03	 0.999999940E-03	-0.141616155E-05
    2784	 0.899999833E-03	-0.600000286E-03	 0.999999940E-03	-0.161756502E-05
    2929	 0.119999986E-02	-0.270000045E-02	 0.999999940E-03	 0.179168596E-05
    2949	 0.119999986E-02	-0.240000043E-02	 0.999999940E-03	 0.106640334E-05
    2960	 0.119999986E-02	-0.210000040E-02	 0.999999940E-03	 0.470241283E-06
    2971	 0.119999986E-02	-0.180000038E-02	 0.999999940E-03	-0.472446771E-07
    2982	 0.119999986E-02	-0.150000036E-02	 0.999999940E-03	-0.489343773E-06
    2993	 0.119999986E-02	-0.120000033E-02	 0.999999940E-03	-0.852009205E-06
    3004	 0.119999986E-02	-0.900000310E-03	 0.999999940E-03	-0.113419662E-05
    3015	 0.119999986E-02	-0.600000286E-03	 0.999999940E-03	-0.133562425E-05
    3160	 0.149999988E-02	-0.270000045E-02	 0.999999940E-03	 0.219110953E-05
    3180	 0.149999988E-02	-0.240000043E-02	 0.999999940E-03	 0.144975079E-05
    3191	 0.149999988E-02	-0.210000040E-02	 0.999999940E-03	 0.827209983E-06
    3202	 0.149999988E-02	-0.180000038E-02	 0.999999940E-03	 0.313150457E-06
    3213	 0.149999988E-02	-0.150000036E-02	 0.999999940E-03	-0.127299403E-06
    3224	 0.149999988E-02	-0.120000033E-02	 0.999999940E-03	-0.489343774E-06
    3235	 0.149999988E-02	-0.900000310E-03	 0.999999940E-03	-0.771480325E-06
    3246	 0.149999988E-02	-0.600000286E-03	 0.999999940E-03	-0.972936261E-06
    3391	 0.179999990E-02	-0.240000043E-02	 0.999999940E-03	 0.191215293E-05
    3411	 0.179999990E-02	-0.210000040E-02	 0.999999940E-03	 0.126349970E-05
    3422	 0.179999990E-02	-0.180000038E-02	 0.999999940E-03	 0.747644506E-06
    3433	 0.179999990E-02	-0.150000036E-02	 0.999999940E-03	 0.313150458E-06
    3444	 0.179999990E-02	-0.120000033E-02	 0.999999940E-03	-0.472446759E-07
    3455	 0.179999990E-02	-0.900000310E-03	 0.999999940E-03	-0.328611196E-06
    3466	 0.179999990E-02	-0.600000286E-03	 0.999999940E-03	-0.529793121E-06
    3598	 0.209999993E-02	-0.240000043E-02	 0.999999940E-03	 0.247445828E-05
    3600	 0.209999993E-02	-0.210000040E-02	 0.999999940E-03	 0.181007725E-05
    3620	 0.209999993E-02	-0.180000038E-02	 0.999999940E-03	 0.126349970E-05
    3631	 0.209999993E-02	-0.150000036E-02	 0.999999940E-03	 0.827209982E-06
    3642	 0.209999993E-02	-0.120000033E-02	 0.999999940E-03	 0.470241282E-06
    3653	 0.209999993E-02	-0.900000310E-03	 0.999999940E-03	 0.191793550E-06
    3664	 0.209999993E-02	-0.600000286E-03	 0.999999940E-03	-0.712214662E-08
    3787	 0.239999995E-02	-0.210000040E-02	 0.999999940E-03	 0.247445828E-05
    3807	 0.239999995E-02	-0.180000038E-02	 0.999999940E-03	 0.191215293E-05
    3818	 0.239999995E-02	-0.150000036E-02	 0.999999940E-03	 0.144975079E-05
    3829	 0.239999995E-02	-0.120000033E-02	 0.999999940E-03	 0.106640334E-05
    3840	 0.239999995E-02	-0.900000310E-03	 0.999999940E-03	 0.786630369E-06
    3851	 0.239999995E-02	-0.600000286E-03	 0.999999940E-03	 0.589285340E-06
    3974	 0.269999998E-02	-0.150000036E-02	 0.999999940E-03	 0.219110952E-05
    3994	 0.269999998E-02	-0.120000033E-02	 0.999999940E-03	 0.179168596E-05
    4005	 0.269999998E-02	-0.900000310E-03	 0.999999940E-03	 0.148849557E-05
    4016	 0.269999998E-02	-0.600000286E-03	 0.999999940E-03	 0.126641769E-05
    4137	 0.300000000E-02	-0.900000310E-03	 0.999999940E-03	 0.230838752E-05
    4148	 0.300000000E-02	-0.600000286E-03	 0.999999940E-03	 0.207522664E-05
       5	-0.270000045E-02	-0.150000036E-02	 0.999999940E-03	 0.219110953E-05
       7	-0.270000045E-02	-0.120000033E-02	 0.999999940E-03	 0.179168596E-05
     276	-0.240000043E-02	-0.120000033E-02	 0.999999940E-03	 0.106640334E-05
     474	-0.210000040E-02	-0.120000033E-02	 0.999999940E-03	 0.470241284E-06
     683	-0.180000038E-02	-0.120000033E-02	 0.999999940E-03	-0.472446761E-07
     892	-0.150000036E-02	-0.120000033E-02	 0.999999940E-03	-0.489343773E-06
      47	-0.270000045E-02	-0.900000310E-03	 0.999999940E-03	 0.148849558E-05
     287	-0.240000043E-02	-0.900000310E-03	 0.999999940E-03	 0.786630371E-06
     485	-0.210000040E-02	-0.900000310E-03	 0.999999940E-03	 0.191793551E-06
     694	-0.180000038E-02	-0.900000310E-03	 0.999999940E-03	-0.328611196E-06
     903	-0.150000036E-02	-0.900000310E-03	 0.999999940E-03	-0.771480323E-06
    1145	-0.120000033E-02	-0.900000310E-03	 0.999999940E-03	-0.113419662E-05
      45	-0.300000048E-02	-0.900000310E-03	 0.999999940E-03	 0.230838753E-05
      67	-0.300000048E-02	-0.600000286E-03	 0.999999940E-03	 0.207522664E-05
      69	-0.270000045E-02	-0.600000286E-03	 0.999999940E-03	 0.126641770E-05
     298	-0.240000043E-02	-0.600000286E-03	 0.999999940E-03	 0.589285341E-06
     496	-0.210000040E-02	-0.600000286E-03	 0.999999940E-03	-0.712214507E-08
     705	-0.180000038E-02	-0.600000286E-03	 0.999999940E-03	-0.529793121E-06
     914	-0.150000036E-02	-0.600000286E-03	 0.999999940E-03	-0.972936260E-06
    1156	-0.120000033E-02	-0.600000286E-03	 0.999999940E-03	-0.133562425E-05
    1398	-0.900000310E-03	-0.600000286E-03	 0.999999940E-03	-0.161756501E-05
    1629	-0.600000286E-03	-0.600000286E-03	 0.999999940E-03	-0.181893464E-05
      89	-0.300000048E-02	-0.300000262E-03	 0.999999940E-03	 0.195921003E-05
      91	-0.270000045E-02	-0.300000262E-03	 0.999999940E-03	 0.114656193E-05
     309	-0.240000043E-02	-0.300000262E-03	 0.999999940E-03	 0.469603868E-06
     507	-0.210000040E-02	-0.300000262E-03	 0.999999940E-03	-0.126973420E-06
     716	-0.180000038E-02	-0.300000262E-03	 0.999999940E-03	-0.650458654E-06
     925	-0.150000036E-02	-0.300000262E-03	 0.999999940E-03	-0.109382341E-05
    1167	-0.120000033E-02	-0.300000262E-03	 0.999999940E-03	-0.145645790E-05
    1409	-0.900000310E-03	-0.300000262E-03	 0.999999940E-03	-0.173838313E-05
    1640	-0.600000286E-03	-0.300000262E-03	 0.999999940E-03	-0.193975938E-05
    1871	-0.300000262E-03	-0.300000262E-03	 0.999999940E-03	-0.206058453E-05
    2102	-0.238418579E-09	-0.300000262E-03	 0.999999940E-03	-0.210086136E-05
     111	-0.300000048E-02	-0.238418579E-09	 0.999999940E-03	 0.192152535E-05
     113	-0.270000045E-02	-0.238418579E-09	 0.999999940E-03	 0.110886998E-05
     320	-0.240000043E-02	-0.238418579E-09	 0.999999940E-03	 0.430007024E-06
     518	-0.210000040E-02	-0.238418579E-09	 0.999999940E-03	-0.167115224E-06
     727	-0.180000038E-02	-0.238418579E-09	 0.999999940E-03	-0.690685025E-06
     936	-0.150000036E-02	-0.238418579E-09	 0.999999940E-03	-0.113410811E-05
    1178	-0.120000033E-02	-0.238418579E-09	 0.999999940E-03	-0.149673232E-05
    1420	-0.900000310E-03	-0.238418579E-09	 0.999999940E-03	-0.177865884E-05
    1651	-0.600000286E-03	-0.238418579E-09	 0.999999940E-03	-0.198003423E-05
    1882	-0.300000262E-03	-0.238418579E-09	 0.999999940E-03	-0.210086136E-05
    2113	-0.238418579E-09	-0.238418579E-09	 0.999999940E-03	-0.214113837E-05
     133	-0.300000048E-02	 0.299999785E-03	 0.999999940E-03	 0.195921003E-05
     135	-0.270000045E-02	 0.299999785E-03	 0.999999940E-03	 0.114656193E-05
     331	-0.240000043E-02	 0.299999785E-03	 0.999999940E-03	 0.469603868E-06
     529	-0.210000040E-02	 0.299999785E-03	 0.999999940E-03	-0.126973420E-06
     738	-0.180000038E-02	 0.299999785E-03	 0.999999940E-03	-0.650458654E-06
     947	-0.150000036E-02	 0.299999785E-03	 0.999999940E-03	-0.109382342E-05
    1189	-0.120000033E-02	 0.299999785E-03	 0.999999940E-03	-0.145645790E-05
    1431	-0.900000310E-03	 0.299999785E-03	 0.999999940E-03	-0.173838313E-05
    1662	-0.600000286E-03	 0.299999785E-03	 0.999999940E-03	-0.193975938E-05
    1893	-0.300000262E-03	 0.299999785E-03	 0.999999940E-03	-0.206058453E-05
    2124	-0.238418579E-09	 0.299999785E-03	 0.999999940E-03	-0.210086136E-05
     155	-0.300000048E-02	 0.599999809E-03	 0.999999940E-03	 0.207522664E-05
     157	-0.270000045E-02	 0.599999809E-03	 0.999999940E-03	 0.126641770E-05
     342	-0.240000043E-02	 0.599999809E-03	 0.999999940E-03	 0.589285341E-06
     540	-0.210000040E-02	 0.599999809E-03	 0.999999940E-03	-0.712214534E-08
     749	-0.180000038E-02	 0.599999809E-03	 0.999999940E-03	-0.529793121E-06
     958	-0.150000036E-02	 0.599999809E-03	 0.999999940E-03	-0.972936260E-06
    1200	-0.120000033E-02	 0.599999809E-03	 0.999999940E-03	-0.133562425E-05
    1442	-0.900000310E-03	 0.599999809E-03	 0.999999940E-03	-0.161756501E-05
    1673	-0.600000286E-03	 0.599999809E-03	 0.999999940E-03	-0.181893464E-05
    1904	-0.300000262E-03	 0.599999809E-03	 0.999999940E-03	-0.193975938E-05
    2135	-0.238418579E-09	 0.599999809E-03	 0.999999940E-03	-0.198003423E-05
     177	-0.300000048E-02	 0.899999833E-03	 0.999999940E-03	 0.230838753E-05
     179	-0.270000045E-02	 0.899999833E-03	 0.999999940E-03	 0.148849558E-05
     353	-0.240000043E-02	 0.899999833E-03	 0.999999940E-03	 0.786630371E-06
     551	-0.210000040E-02	 0.899999833E-03	 0.999999940E-03	 0.191793551E-06
     760	-0.180000038E-02	 0.899999833E-03	 0.999999940E-03	-0.328611197E-06
     969	-0.150000036E-02	 0.899999833E-03	 0.999999940E-03	-0.771480324E-06
    1211	-0.120000033E-02	 0.899999833E-03	 0.999999940E-03	-0.113419662E-05
    1453	-0.900000310E-03	 0.899999833E-03	 0.999999940E-03	-0.141616155E-05
    1684	-0.600000286E-03	 0.899999833E-03	 0.999999940E-03	-0.161756501E-05
    1915	-0.300000262E-03	 0.899999833E-03	 0.999999940E-03	-0.173838313E-05
     201	-0.270000045E-02	 0.119999986E-02	 0.999999940E-03	 0.179168596E-05
     364	-0.240000043E-02	 0.119999986E-02	 0.999999940E-03	 0.106640334E-05
     562	-0.210000040E-02	 0.119999986E-02	 0.999999940E-03	 0.470241283E-06
     771	-0.180000038E-02	 0.119999986E-02	 0.999999940E-03	-0.472446769E-07
     980	-0.150000036E-02	 0.119999986E-02	 0.999999940E-03	-0.489343773E-06
    1222	-0.120000033E-02	 0.119999986E-02	 0.999999940E-03	-0.852009205E-06
    1464	-0.900000310E-03	 0.119999986E-02	 0.999999940E-03	-0.113419662E-05
    1695	-0.600000286E-03	 0.119999986E-02	 0.999999940E-03	-0.133562425E-05
    1926	-0.300000262E-03	 0.119999986E-02	 0.999999940E-03	-0.145645790E-05
     223	-0.270000045E-02	 0.149999988E-02	 0.999999940E-03	 0.219110953E-05
     375	-0.240000043E-02	 0.149999988E-02	 0.999999940E-03	 0.144975079E-05
     573	-0.210000040E-02	 0.149999988E-02	 0.999999940E-03	 0.827209983E-06
     782	-0.180000038E-02	 0.149999988E-02	 0.999999940E-03	 0.313150457E-06
     991	-0.150000036E-02	 0.149999988E-02	 0.999999940E-03	-0.127299403E-06
    1233	-0.120000033E-02	 0.149999988E-02	 0.999999940E-03	-0.489343774E-06
    1475	-0.900000310E-03	 0.149999988E-02	 0.999999940E-03	-0.771480324E-06
    1706	-0.600000286E-03	 0.149999988E-02	 0.999999940E-03	-0.972936261E-06
    1937	-0.300000262E-03	 0.149999988E-02	 0.999999940E-03	-0.109382342E-05
     388	-0.240000043E-02	 0.179999990E-02	 0.999999940E-03	 0.191215293E-05
     584	-0.210000040E-02	 0.179999990E-02	 0.999999940E-03	 0.126349970E-05
     793	-0.180000038E-02	 0.179999990E-02	 0.999999940E-03	 0.747644506E-06
    1002	-0.150000036E-02	 0.179999990E-02	 0.999999940E-03	 0.313150458E-06
    1244	-0.120000033E-02	 0.179999990E-02	 0.999999940E-03	-0.472446757E-07
    1486	-0.900000310E-03	 0.179999990E-02	 0.999999940E-03	-0.328611196E-06
    1717	-0.600000286E-03	 0.179999990E-02	 0.999999940E-03	-0.529793121E-06
    1948	-0.300000262E-03	 0.179999990E-02	 0.999999940E-03	-0.650458654E-06
     595	-0.240000043E-02	 0.209999993E-02	 0.999999940E-03	 0.247445828E-05
     597	-0.210000040E-02	 0.209999993E-02	 0.999999940E-03	 0.181007725E-05
     804	-0.180000038E-02	 0.209999993E-02	 0.999999940E-03	 0.126349970E-05
    1013	-0.150000036E-02	 0.209999993E-02	 0.999999940E-03	 0.827209983E-06
    1255	-0.120000033E-02	 0.209999993E-02	 0.999999940E-03	 0.470241282E-06
    1497	-0.900000310E-03	 0.209999993E-02	 0.999999940E-03	 0.191793550E-06
    1728	-0.600000286E-03	 0.209999993E-02	 0.999999940E-03	-0.712214648E-08
    1959	-0.300000262E-03	 0.209999993E-02	 0.999999940E-03	-0.126973421E-06
     619	-0.210000040E-02	 0.239999995E-02	 0.999999940E-03	 0.247445828E-05
     815	-0.180000038E-02	 0.239999995E-02	 0.999999940E-03	 0.191215293E-05
    1024	-0.150000036E-02	 0.239999995E-02	 0.999999940E-03	 0.144975079E-05
    1266	-0.120000033E-02	 0.239999995E-02	 0.999999940E-03	 0.106640334E-05
    1508	-0.900000310E-03	 0.239999995E-02	 0.999999940E-03	 0.786630370E-06
    1739	-0.600000286E-03	 0.239999995E-02	 0.999999940E-03	 0.589285340E-06
    1037	-0.150000036E-02	 0.269999998E-02	 0.999999940E-03	 0.219110952E-05
    1277	-0.120000033E-02	 0.269999998E-02	 0.999999940E-03	 0.179168596E-05
    1519	-0.900000310E-03	 0.269999998E-02	 0.999999940E-03	 0.148849557E-05
    1750	-0.600000286E-03	 0.269999998E-02	 0.999999940E-03	 0.126641769E-05
    1530	-0.900000310E-03	 0.300000000E-02	 0.999999940E-03	 0.230838752E-05
    1761	-0.600000286E-03	 0.300000000E-02	 0.999999940E-03	 0.207522664E-05
    1970	-0.300000262E-03	 0.239999995E-02	 0.999999940E-03	 0.469603867E-06
    1981	-0.300000262E-03	 0.269999998E-02	 0.999999940E-03	 0.114656193E-05
    1992	-0.300000262E-03	 0.300000000E-02	 0.999999940E-03	 0.195921002E-05
    2146	-0.238418579E-09	 0.899999833E-03	 0.999999940E-03	-0.177865884E-05
    2157	-0.238418579E-09	 0.119999986E-02	 0.999999940E-03	-0.149673232E-05
    2168	-0.238418579E-09	 0.149999988E-02	 0.999999940E-03	-0.113410811E-05
    2179	-0.238418579E-09	 0.179999990E-02	 0.999999940E-03	-0.690685025E-06
    2190	-0.238418579E-09	 0.209999993E-02	 0.999999940E-03	-0.167115226E-06
    2201	-0.238418579E-09	 0.239999995E-02	 0.999999940E-03	 0.430007023E-06
    2212	-0.238418579E-09	 0.269999998E-02	 0.999999940E-03	 0.110886998E-05
    2223	-0.238418579E-09	 0.300000000E-02	 0.999999940E-03	 0.192152535E-05
    2333	 0.299999785E-03	-0.300000262E-03	 0.999999940E-03	-0.206058453E-05
    2344	 0.299999785E-03	-0.238418579E-09	 0.999999940E-03	-0.210086136E-05
    2355	 0.299999785E-03	 0.299999785E-03	 0.999999940E-03	-0.206058453E-05
    2366	 0.299999785E-03	 0.599999809E-03	 0.999999940E-03	-0.193975938E-05
    2377	 0.299999785E-03	 0.899999833E-03	 0.999999940E-03	-0.173838313E-05
    2388	 0.299999785E-03	 0.119999986E-02	 0.999999940E-03	-0.145645790E-05
    2399	 0.299999785E-03	 0.149999988E-02	 0.999999940E-03	-0.109382342E-05
    2410	 0.299999785E-03	 0.179999990E-02	 0.999999940E-03	-0.650458654E-06
    2421	 0.299999785E-03	 0.209999993E-02	 0.999999940E-03	-0.126973421E-06
    2432	 0.299999785E-03	 0.239999995E-02	 0.999999940E-03	 0.469603866E-06
    2443	 0.299999785E-03	 0.269999998E-02	 0.999999940E-03	 0.114656193E-05
    2454	 0.299999785E-03	 0.300000000E-02	 0.999999940E-03	 0.195921002E-05
    2564	 0.599999809E-03	-0.300000262E-03	 0.999999940E-03	-0.193975938E-05
    2575	 0.599999809E-03	-0.238418579E-09	 0.999999940E-03	-0.198003423E-05
    2586	 0.599999809E-03	 0.299999785E-03	 0.999999940E-03	-0.193975938E-05
    2597	 0.599999809E-03	 0.599999809E-03	 0.999999940E-03	-0.181893464E-05
    2608	 0.599999809E-03	 0.899999833E-03	 0.999999940E-03	-0.161756502E-05
    2619	 0.599999809E-03	 0.119999986E-02	 0.999999940E-03	-0.133562425E-05
    2630	 0.599999809E-03	 0.149999988E-02	 0.999999940E-03	-0.972936261E-06
    2641	 0.599999809E-03	 0.179999990E-02	 0.999999940E-03	-0.529793121E-06
    2652	 0.599999809E-03	 0.209999993E-02	 0.999999940E-03	-0.712214681E-08
    2663	 0.599999809E-03	 0.239999995E-02	 0.999999940E-03	 0.589285339E-06
    2674	 0.599999809E-03	 0.269999998E-02	 0.999999940E-03	 0.126641769E-05
    2685	 0.599999809E-03	 0.300000000E-02	 0.999999940E-03	 0.207522664E-05
    2795	 0.899999833E-03	-0.300000262E-03	 0.999999940E-03	-0.173838313E-05
    2806	 0.899999833E-03	-0.238418579E-09	 0.999999940E-03	-0.177865884E-05
    2817	 0.899999833E-03	 0.299999785E-03	 0.999999940E-03	-0.173838313E-05
    2828	 0.899999833E-03	 0.599999809E-03	 0.999999940E-03	-0.161756502E-05
    2839	 0.899999833E-03	 0.899999833E-03	 0.999999940E-03	-0.141616155E-05
    2850	 0.899999833E-03	 0.119999986E-02	 0.999999940E-03	-0.113419662E-05
    2861	 0.899999833E-03	 0.149999988E-02	 0.999999940E-03	-0.771480325E-06
    2872	 0.899999833E-03	 0.179999990E-02	 0.999999940E-03	-0.328611196E-06
    2883	 0.899999833E-03	 0.209999993E-02	 0.999999940E-03	 0.191793549E-06
    2894	 0.899999833E-03	 0.239999995E-02	 0.999999940E-03	 0.786630369E-06
    2905	 0.899999833E-03	 0.269999998E-02	 0.999999940E-03	 0.148849557E-05
    2916	 0.899999833E-03	 0.300000000E-02	 0.999999940E-03	 0.230838752E-05
    3026	 0.119999986E-02	-0.300000262E-03	 0.999999940E-03	-0.145645790E-05
    3037	 0.119999986E-02	-0.238418579E-09	 0.999999940E-03	-0.149673232E-05
    3048	 0.119999986E-02	 0.299999785E-03	 0.999999940E-03	-0.145645790E-05
    3059	 0.119999986E-02	 0.599999809E-03	 0.999999940E-03	-0.133562425E-05
    3070	 0.119999986E-02	 0.899999833E-03	 0.999999940E-03	-0.113419662E-05
    3081	 0.119999986E-02	 0.119999986E-02	 0.999999940E-03	-0.852009206E-06
    3092	 0.119999986E-02	 0.149999988E-02	 0.999999940E-03	-0.489343774E-06
    3103	 0.119999986E-02	 0.179999990E-02	 0.999999940E-03	-0.472446766E-07
    3114	 0.119999986E-02	 0.209999993E-02	 0.999999940E-03	 0.470241281E-06
    3125	 0.119999986E-02	 0.239999995E-02	 0.999999940E-03	 0.106640334E-05
    3136	 0.119999986E-02	 0.269999998E-02	 0.999999940E-03	 0.179168596E-05
    3257	 0.149999988E-02	-0.300000262E-03	 0.999999940E-03	-0.109382342E-05
    3268	 0.149999988E-02	-0.238418579E-09	 0.999999940E-03	-0.113410811E-05
    3279	 0.149999988E-02	 0.299999785E-03	 0.999999940E-03	-0.109382342E-05
    3290	 0.149999988E-02	 0.599999809E-03	 0.999999940E-03	-0.972936261E-06
    3301	 0.149999988E-02	 0.899999833E-03	 0.999999940E-03	-0.771480325E-06
    3312	 0.149999988E-02	 0.119999986E-02	 0.999999940E-03	-0.489343774E-06
    3323	 0.149999988E-02	 0.149999988E-02	 0.999999940E-03	-0.127299404E-06
    3334	 0.149999988E-02	 0.179999990E-02	 0.999999940E-03	 0.313150457E-06
    3345	 0.149999988E-02	 0.209999993E-02	 0.999999940E-03	 0.827209982E-06
    3356	 0.149999988E-02	 0.239999995E-02	 0.999999940E-03	 0.144975079E-05
    3367	 0.149999988E-02	 0.269999998E-02	 0.999999940E-03	 0.219110952E-05
    3477	 0.179999990E-02	-0.300000262E-03	 0.999999940E-03	-0.650458654E-06
    3488	 0.179999990E-02	-0.238418579E-09	 0.999999940E-03	-0.690685025E-06
    3499	 0.179999990E-02	 0.299999785E-03	 0.999999940E-03	-0.650458654E-06
    3510	 0.179999990E-02	 0.599999809E-03	 0.999999940E-03	-0.529793121E-06
    3521	 0.179999990E-02	 0.899999833E-03	 0.999999940E-03	-0.328611196E-06
    3532	 0.179999990E-02	 0.119999986E-02	 0.999999940E-03	-0.472446766E-07
    3543	 0.179999990E-02	 0.149999988E-02	 0.999999940E-03	 0.313150457E-06
    3554	 0.179999990E-02	 0.179999990E-02	 0.999999940E-03	 0.747644506E-06
    3565	 0.179999990E-02	 0.209999993E-02	 0.999999940E-03	 0.126349970E-05
    3576	 0.179999990E-02	 0.239999995E-02	 0.999999940E-03	 0.191215293E-05
    3675	 0.209999993E-02	-0.300000262E-03	 0.999999940E-03	-0.126973421E-06
    3686	 0.209999993E-02	-0.238418579E-09	 0.999999940E-03	-0.167115226E-06
    3697	 0.209999993E-02	 0.299999785E-03	 0.999999940E-03	-0.126973421E-06
    3708	 0.209999993E-02	 0.599999809E-03	 0.999999940E-03	-0.712214689E-08
    3719	 0.209999993E-02	 0.899999833E-03	 0.999999940E-03	 0.191793549E-06
    3730	 0.209999993E-02	 0.119999986E-02	 0.999999940E-03	 0.470241281E-06
    3741	 0.209999993E-02	 0.149999988E-02	 0.999999940E-03	 0.827209981E-06
    3752	 0.209999993E-02	 0.179999990E-02	 0.999999940E-03	 0.126349970E-05
    3763	 0.209999993E-02	 0.209999993E-02	 0.999999940E-03	 0.181007725E-05
    3774	 0.209999993E-02	 0.239999995E-02	 0.999999940E-03	 0.247445828E-05
    3862	 0.239999995E-02	-0.300000262E-03	 0.999999940E-03	 0.469603867E-06
    3873	 0.239999995E-02	-0.238418579E-09	 0.999999940E-03	 0.430007023E-06
    3884	 0.239999995E-02	 0.299999785E-03	 0.999999940E-03	 0.469603866E-06
    3895	 0.239999995E-02	 0.599999809E-03	 0.999999940E-03	 0.589285339E-06
    3906	 0.239999995E-02	 0.899999833E-03	 0.999999940E-03	 0.786630369E-06
    3917	 0.239999995E-02	 0.119999986E-02	 0.999999940E-03	 0.106640334E-05
    3928	 0.239999995E-02	 0.149999988E-02	 0.999999940E-03	 0.144975079E-05
    3939	 0.239999995E-02	 0.179999990E-02	 0.999999940E-03	 0.191215293E-05
    3950	 0.239999995E-02	 0.209999993E-02	 0.999999940E-03	 0.247445828E-05
    4027	 0.269999998E-02	-0.300000262E-03	 0.999999940E-03	 0.114656193E-05
    4038	 0.269999998E-02	-0.238418579E-09	 0.999999940E-03	 0.110886998E-05
    4049	 0.269999998E-02	 0.299999785E-03	 0.999999940E-03	 0.114656193E-05
    4060	 0.269999998E-02	 0.599999809E-03	 0.999999940E-03	 0.126641769E-05
    4071	 0.269999998E-02	 0.899999833E-03	 0.999999940E-03	 0.148849557E-05
    4082	 0.269999998E-02	 0.119999986E-02	 0.999999940E-03	 0.179168596E-05
    4093	 0.269999998E-02	 0.149999988E-02	 0.999999940E-03	 0.219110952E-05
    4159	 0.300000000E-02	-0.300000262E-03	 0.999999940E-03	 0.195921002E-05
    4170	 0.300000000E-02	-0.238418579E-09	 0.999999940E-03	 0.192152535E-05
    4181	 0.300000000E-02	 0.299999785E-03	 0.999999940E-03	 0.195921002E-05
    4192	 0.300000000E-02	 0.599999809E-03	 0.999999940E-03	 0.207522664E-05
    4203	 0.300000000E-02	 0.899999833E-03	 0.999999940E-03	 0.230838752E-05
       6	-0.270000045E-02	-0.150000036E-02	 0.129999995E-02	 0.803551452E-06
     244	-0.270000045E-02	-0.180000038E-02	 0.129999995E-02	 0.990836434E-06
     243	-0.270000045E-02	-0.180000038E-02	 0.999999940E-03	-0.130056560E-05
     248	-0.240000043E-02	-0.150000036E-02	 0.129999995E-02	 0.494222232E-06
     246	-0.240000043E-02	-0.180000038E-02	 0.129999995E-02	 0.681412750E-06
     411	-0.240000043E-02	-0.210000040E-02	 0.129999995E-02	 0.910233944E-06
     409	-0.240000043E-02	-0.240000043E-02	 0.129999995E-02	 0.118130959E-05
     408	-0.240000043E-02	-0.240000043E-02	 0.999999940E-03	-0.157116057E-05
     415	-0.210000040E-02	-0.210000040E-02	 0.129999995E-02	 0.635232902E-06
     413	-0.210000040E-02	-0.240000043E-02	 0.129999995E-02	 0.910233945E-06
     453	-0.210000040E-02	-0.180000038E-02	 0.129999995E-02	 0.412081638E-06
     464	-0.210000040E-02	-0.150000036E-02	 0.129999995E-02	 0.241874718E-06
     642	-0.180000038E-02	-0.210000040E-02	 0.129999995E-02	 0.412081639E-06
     640	-0.180000038E-02	-0.240000043E-02	 0.129999995E-02	 0.681412751E-06
     662	-0.180000038E-02	-0.180000038E-02	 0.129999995E-02	 0.209319207E-06
     673	-0.180000038E-02	-0.150000036E-02	 0.129999995E-02	 0.441772559E-07
     827	-0.180000038E-02	-0.270000045E-02	 0.129999995E-02	 0.990836436E-06
     826	-0.180000038E-02	-0.270000045E-02	 0.999999940E-03	-0.130056560E-05
     831	-0.150000036E-02	-0.240000043E-02	 0.129999995E-02	 0.494222234E-06
     829	-0.150000036E-02	-0.270000045E-02	 0.129999995E-02	 0.803551456E-06
     860	-0.150000036E-02	-0.210000040E-02	 0.129999995E-02	 0.241874720E-06
     871	-0.150000036E-02	-0.180000038E-02	 0.129999995E-02	 0.441772567E-07
     882	-0.150000036E-02	-0.150000036E-02	 0.129999995E-02	-0.120228358E-06
    1058	-0.150000036E-02	-0.300000048E-02	 0.129999995E-02	 0.113856396E-05
    1057	-0.150000036E-02	-0.300000048E-02	 0.999999940E-03	 0.520448732E-06
    1062	-0.120000033E-02	-0.270000045E-02	 0.129999995E-02	 0.642119623E-06
    1060	-0.120000033E-02	-0.300000048E-02	 0.129999995E-02	 0.984979037E-06
    1059	-0.120000033E-02	-0.300000048E-02	 0.999999940E-03	-0.778609085E-06
    1091	-0.120000033E-02	-0.240000043E-02	 0.129999995E-02	 0.340290558E-06
    1102	-0.120000033E-02	-0.210000040E-02	 0.129999995E-02	 0.105609906E-06
    1113	-0.120000033E-02	-0.180000038E-02	 0.129999995E-02	-0.901401699E-07
    1124	-0.120000033E-02	-0.150000036E-02	 0.129999995E-02	-0.255747572E-06
    1313	-0.900000310E-03	-0.270000045E-02	 0.129999995E-02	 0.510343901E-06
    1311	-0.900000310E-03	-0.300000048E-02	 0.129999995E-02	 0.847327592E-06
    1333	-0.900000310E-03	-0.240000043E-02	 0.129999995E-02	 0.228615291E-06
    1344	-0.900000310E-03	-0.210000040E-02	 0.129999995E-02	-0.715527394E-10
    1355	-0.900000310E-03	-0.180000038E-02	 0.129999995E-02	-0.195249172E-06
    1366	-0.900000310E-03	-0.150000036E-02	 0.129999995E-02	-0.361711561E-06
    1135	-0.120000033E-02	-0.120000033E-02	 0.129999995E-02	-0.392095200E-06
    1377	-0.900000310E-03	-0.120000033E-02	 0.129999995E-02	-0.498897917E-06
    1544	-0.600000286E-03	-0.270000045E-02	 0.129999995E-02	 0.415854060E-06
    1542	-0.600000286E-03	-0.300000048E-02	 0.129999995E-02	 0.748456618E-06
    1564	-0.600000286E-03	-0.240000043E-02	 0.129999995E-02	 0.150744124E-06
    1575	-0.600000286E-03	-0.210000040E-02	 0.129999995E-02	-0.747937099E-07
    1586	-0.600000286E-03	-0.180000038E-02	 0.129999995E-02	-0.270723324E-06
    1597	-0.600000286E-03	-0.150000036E-02	 0.129999995E-02	-0.437734263E-06
    1608	-0.600000286E-03	-0.120000033E-02	 0.129999995E-02	-0.575385705E-06
    1388	-0.900000310E-03	-0.900000310E-03	 0.129999995E-02	-0.606068726E-06
    1619	-0.600000286E-03	-0.900000310E-03	 0.129999995E-02	-0.682750776E-06
    1775	-0.300000262E-03	-0.270000045E-02	 0.129999995E-02	 0.368002496E-06
    1773	-0.300000262E-03	-0.300000048E-02	 0.129999995E-02	 0.700507306E-06
    1795	-0.300000262E-03	-0.240000043E-02	 0.129999995E-02	 0.104047268E-06
    1806	-0.300000262E-03	-0.210000040E-02	 0.129999995E-02	-0.119856589E-06
    1817	-0.300000262E-03	-0.180000038E-02	 0.129999995E-02	-0.316001725E-06
    1828	-0.300000262E-03	-0.150000036E-02	 0.129999995E-02	-0.483449987E-06
    1839	-0.300000262E-03	-0.120000033E-02	 0.129999995E-02	-0.621324442E-06
    1850	-0.300000262E-03	-0.900000310E-03	 0.129999995E-02	-0.728773995E-06
    2006	-0.238418579E-09	-0.270000045E-02	 0.129999995E-02	 0.353632822E-06
    2004	-0.238418579E-09	-0.300000048E-02	 0.129999995E-02	 0.686212706E-06
    2026	-0.238418579E-09	-0.240000043E-02	 0.129999995E-02	 0.889656307E-07
    2037	-0.238418579E-09	-0.210000040E-02	 0.129999995E-02	-0.134992280E-06
    2048	-0.238418579E-09	-0.180000038E-02	 0.129999995E-02	-0.331114039E-06
    2059	-0.238418579E-09	-0.150000036E-02	 0.129999995E-02	-0.498692447E-06
    2070	-0.238418579E-09	-0.120000033E-02	 0.129999995E-02	-0.636641274E-06
    2081	-0.238418579E-09	-0.900000310E-03	 0.129999995E-02	-0.744113745E-06
    1861	-0.300000262E-03	-0.600000286E-03	 0.129999995E-02	-0.805544623E-06
    2092	-0.238418579E-09	-0.600000286E-03	 0.129999995E-02	-0.820889408E-06
    2237	 0.299999785E-03	-0.270000045E-02	 0.129999995E-02	 0.368002498E-06
    2235	 0.299999785E-03	-0.300000048E-02	 0.129999995E-02	 0.700507307E-06
    2257	 0.299999785E-03	-0.240000043E-02	 0.129999995E-02	 0.104047269E-06
    2268	 0.299999785E-03	-0.210000040E-02	 0.129999995E-02	-0.119856588E-06
    2279	 0.299999785E-03	-0.180000038E-02	 0.129999995E-02	-0.316001723E-06
    2290	 0.299999785E-03	-0.150000036E-02	 0.129999995E-02	-0.483449986E-06
    2301	 0.299999785E-03	-0.120000033E-02	 0.129999995E-02	-0.621324441E-06
    2312	 0.299999785E-03	-0.900000310E-03	 0.129999995E-02	-0.728773994E-06
    2323	 0.299999785E-03	-0.600000286E-03	 0.129999995E-02	-0.805544622E-06
    2468	 0.599999809E-03	-0.270000045E-02	 0.129999995E-02	 0.415854063E-06
    2466	 0.599999809E-03	-0.300000048E-02	 0.129999995E-02	 0.748456621E-06
    2488	 0.599999809E-03	-0.240000043E-02	 0.129999995E-02	 0.150744126E-06
    2499	 0.599999809E-03	-0.210000040E-02	 0.129999995E-02	-0.747937074E-07
    2510	 0.599999809E-03	-0.180000038E-02	 0.129999995E-02	-0.270723321E-06
    2521	 0.599999809E-03	-0.150000036E-02	 0.129999995E-02	-0.437734260E-06
    2532	 0.599999809E-03	-0.120000033E-02	 0.129999995E-02	-0.575385702E-06
    2543	 0.599999809E-03	-0.900000310E-03	 0.129999995E-02	-0.682750774E-06
    2554	 0.599999809E-03	-0.600000286E-03	 0.129999995E-02	-0.759500226E-06
    2699	 0.899999833E-03	-0.270000045E-02	 0.129999995E-02	 0.510343904E-06
    2697	 0.899999833E-03	-0.300000048E-02	 0.129999995E-02	 0.847327596E-06
    2719	 0.899999833E-03	-0.240000043E-02	 0.129999995E-02	 0.228615294E-06
    2730	 0.899999833E-03	-0.210000040E-02	 0.129999995E-02	-0.715490243E-10
    2741	 0.899999833E-03	-0.180000038E-02	 0.129999995E-02	-0.195249168E-06
    2752	 0.899999833E-03	-0.150000036E-02	 0.129999995E-02	-0.361711558E-06
    2763	 0.899999833E-03	-0.120000033E-02	 0.129999995E-02	-0.498897913E-06
    2774	 0.899999833E-03	-0.900000310E-03	 0.129999995E-02	-0.606068722E-06
    2785	 0.899999833E-03	-0.600000286E-03	 0.129999995E-02	-0.682750773E-06
    2930	 0.119999986E-02	-0.270000045E-02	 0.129999995E-02	 0.642119628E-06
    2928	 0.119999986E-02	-0.300000048E-02	 0.129999995E-02	 0.984979042E-06
    2927	 0.119999986E-02	-0.300000048E-02	 0.999999940E-03	-0.778609078E-06
    2950	 0.119999986E-02	-0.240000043E-02	 0.129999995E-02	 0.340290563E-06
    2961	 0.119999986E-02	-0.210000040E-02	 0.129999995E-02	 0.105609911E-06
    2972	 0.119999986E-02	-0.180000038E-02	 0.129999995E-02	-0.901401650E-07
    2983	 0.119999986E-02	-0.150000036E-02	 0.129999995E-02	-0.255747567E-06
    2994	 0.119999986E-02	-0.120000033E-02	 0.129999995E-02	-0.392095195E-06
    3005	 0.119999986E-02	-0.900000310E-03	 0.129999995E-02	-0.498897913E-06
    3016	 0.119999986E-02	-0.600000286E-03	 0.129999995E-02	-0.575385701E-06
    3161	 0.149999988E-02	-0.270000045E-02	 0.129999995E-02	 0.803551462E-06
    3159	 0.149999988E-02	-0.300000048E-02	 0.129999995E-02	 0.113856396E-05
    3158	 0.149999988E-02	-0.300000048E-02	 0.999999940E-03	 0.520448734E-06
    3181	 0.149999988E-02	-0.240000043E-02	 0.129999995E-02	 0.494222240E-06
    3192	 0.149999988E-02	-0.210000040E-02	 0.129999995E-02	 0.241874726E-06
    3203	 0.149999988E-02	-0.180000038E-02	 0.129999995E-02	 0.441772628E-07
    3214	 0.149999988E-02	-0.150000036E-02	 0.129999995E-02	-0.120228352E-06
    3225	 0.149999988E-02	-0.120000033E-02	 0.129999995E-02	-0.255747567E-06
    3236	 0.149999988E-02	-0.900000310E-03	 0.129999995E-02	-0.361711557E-06
    3247	 0.149999988E-02	-0.600000286E-03	 0.129999995E-02	-0.437734259E-06
    3392	 0.179999990E-02	-0.240000043E-02	 0.129999995E-02	 0.681412759E-06
    3390	 0.179999990E-02	-0.270000045E-02	 0.129999995E-02	 0.990836444E-06
    3389	 0.179999990E-02	-0.270000045E-02	 0.999999940E-03	-0.130056560E-05
    3412	 0.179999990E-02	-0.210000040E-02	 0.129999995E-02	 0.412081647E-06
    3423	 0.179999990E-02	-0.180000038E-02	 0.129999995E-02	 0.209319215E-06
    3434	 0.179999990E-02	-0.150000036E-02	 0.129999995E-02	 0.441772638E-07
    3445	 0.179999990E-02	-0.120000033E-02	 0.129999995E-02	-0.901401635E-07
    3456	 0.179999990E-02	-0.900000310E-03	 0.129999995E-02	-0.195249166E-06
    3467	 0.179999990E-02	-0.600000286E-03	 0.129999995E-02	-0.270723319E-06
    3601	 0.209999993E-02	-0.210000040E-02	 0.129999995E-02	 0.635232911E-06
    3599	 0.209999993E-02	-0.240000043E-02	 0.129999995E-02	 0.910233953E-06
    3621	 0.209999993E-02	-0.180000038E-02	 0.129999995E-02	 0.412081647E-06
    3632	 0.209999993E-02	-0.150000036E-02	 0.129999995E-02	 0.241874727E-06
    3643	 0.209999993E-02	-0.120000033E-02	 0.129999995E-02	 0.105609912E-06
    3654	 0.209999993E-02	-0.900000310E-03	 0.129999995E-02	-0.715473864E-10
    3665	 0.209999993E-02	-0.600000286E-03	 0.129999995E-02	-0.747937053E-07
    3788	 0.239999995E-02	-0.210000040E-02	 0.129999995E-02	 0.910233954E-06
    3786	 0.239999995E-02	-0.240000043E-02	 0.129999995E-02	 0.118130960E-05
    3785	 0.239999995E-02	-0.240000043E-02	 0.999999940E-03	-0.157116056E-05
    3808	 0.239999995E-02	-0.180000038E-02	 0.129999995E-02	 0.681412759E-06
    3819	 0.239999995E-02	-0.150000036E-02	 0.129999995E-02	 0.494222241E-06
    3830	 0.239999995E-02	-0.120000033E-02	 0.129999995E-02	 0.340290565E-06
    3841	 0.239999995E-02	-0.900000310E-03	 0.129999995E-02	 0.228615296E-06
    3852	 0.239999995E-02	-0.600000286E-03	 0.129999995E-02	 0.150744129E-06
    3975	 0.269999998E-02	-0.150000036E-02	 0.129999995E-02	 0.803551463E-06
    3973	 0.269999998E-02	-0.180000038E-02	 0.129999995E-02	 0.990836445E-06
    3972	 0.269999998E-02	-0.180000038E-02	 0.999999940E-03	-0.130056559E-05
    3995	 0.269999998E-02	-0.120000033E-02	 0.129999995E-02	 0.642119630E-06
    4006	 0.269999998E-02	-0.900000310E-03	 0.129999995E-02	 0.510343907E-06
    4017	 0.269999998E-02	-0.600000286E-03	 0.129999995E-02	 0.415854066E-06
    4118	 0.300000000E-02	-0.120000033E-02	 0.129999995E-02	 0.984979044E-06
    4116	 0.300000000E-02	-0.150000036E-02	 0.129999995E-02	 0.113856396E-05
    4115	 0.300000000E-02	-0.150000036E-02	 0.999999940E-03	 0.520448739E-06
    4117	 0.300000000E-02	-0.120000033E-02	 0.999999940E-03	-0.778609077E-06
    4138	 0.300000000E-02	-0.900000310E-03	 0.129999995E-02	 0.847327599E-06
    4149	 0.300000000E-02	-0.600000286E-03	 0.129999995E-02	 0.748456624E-06
       4	-0.300000048E-02	-0.120000033E-02	 0.129999995E-02	 0.984979032E-06
       2	-0.300000048E-02	-0.150000036E-02	 0.129999995E-02	 0.113856395E-05
       1	-0.300000048E-02	-0.150000036E-02	 0.999999940E-03	 0.520448728E-06
       3	-0.300000048E-02	-0.120000033E-02	 0.999999940E-03	-0.778609090E-06
       8	-0.270000045E-02	-0.120000033E-02	 0.129999995E-02	 0.642119619E-06
     277	-0.240000043E-02	-0.120000033E-02	 0.129999995E-02	 0.340290555E-06
     475	-0.210000040E-02	-0.120000033E-02	 0.129999995E-02	 0.105609904E-06
     684	-0.180000038E-02	-0.120000033E-02	 0.129999995E-02	-0.901401714E-07
     893	-0.150000036E-02	-0.120000033E-02	 0.129999995E-02	-0.255747573E-06
      46	-0.300000048E-02	-0.900000310E-03	 0.129999995E-02	 0.847327587E-06
      48	-0.270000045E-02	-0.900000310E-03	 0.129999995E-02	 0.510343896E-06
     288	-0.240000043E-02	-0.900000310E-03	 0.129999995E-02	 0.228615287E-06
     486	-0.210000040E-02	-0.900000310E-03	 0.129999995E-02	-0.715559120E-10
     695	-0.180000038E-02	-0.900000310E-03	 0.129999995E-02	-0.195249174E-06
     904	-0.150000036E-02	-0.900000310E-03	 0.129999995E-02	-0.361711563E-06
    1146	-0.120000033E-02	-0.900000310E-03	 0.129999995E-02	-0.498897918E-06
      68	-0.300000048E-02	-0.600000286E-03	 0.129999995E-02	 0.748456612E-06
      70	-0.270000045E-02	-0.600000286E-03	 0.129999995E-02	 0.415854055E-06
     299	-0.240000043E-02	-0.600000286E-03	 0.129999995E-02	 0.150744119E-06
     497	-0.210000040E-02	-0.600000286E-03	 0.129999995E-02	-0.747937138E-07
     706	-0.180000038E-02	-0.600000286E-03	 0.129999995E-02	-0.270723327E-06
     915	-0.150000036E-02	-0.600000286E-03	 0.129999995E-02	-0.437734265E-06
    1157	-0.120000033E-02	-0.600000286E-03	 0.129999995E-02	-0.575385706E-06
    1399	-0.900000310E-03	-0.600000286E-03	 0.129999995E-02	-0.682750777E-06
    1630	-0.600000286E-03	-0.600000286E-03	 0.129999995E-02	-0.759500229E-06
      90	-0.300000048E-02	-0.300000262E-03	 0.129999995E-02	 0.700507299E-06
      92	-0.270000045E-02	-0.300000262E-03	 0.129999995E-02	 0.368002490E-06
     310	-0.240000043E-02	-0.300000262E-03	 0.129999995E-02	 0.104047262E-06
     508	-0.210000040E-02	-0.300000262E-03	 0.129999995E-02	-0.119856594E-06
     717	-0.180000038E-02	-0.300000262E-03	 0.129999995E-02	-0.316001728E-06
     926	-0.150000036E-02	-0.300000262E-03	 0.129999995E-02	-0.483449990E-06
    1168	-0.120000033E-02	-0.300000262E-03	 0.129999995E-02	-0.621324444E-06
    1410	-0.900000310E-03	-0.300000262E-03	 0.129999995E-02	-0.728773997E-06
    1641	-0.600000286E-03	-0.300000262E-03	 0.129999995E-02	-0.805544624E-06
    1872	-0.300000262E-03	-0.300000262E-03	 0.129999995E-02	-0.851589832E-06
    2103	-0.238418579E-09	-0.300000262E-03	 0.129999995E-02	-0.866935053E-06
     112	-0.300000048E-02	-0.238418579E-09	 0.129999995E-02	 0.686212698E-06
     114	-0.270000045E-02	-0.238418579E-09	 0.129999995E-02	 0.353632815E-06
     321	-0.240000043E-02	-0.238418579E-09	 0.129999995E-02	 0.889656244E-07
     519	-0.210000040E-02	-0.238418579E-09	 0.129999995E-02	-0.134992286E-06
     728	-0.180000038E-02	-0.238418579E-09	 0.129999995E-02	-0.331114044E-06
     937	-0.150000036E-02	-0.238418579E-09	 0.129999995E-02	-0.498692451E-06
    1179	-0.120000033E-02	-0.238418579E-09	 0.129999995E-02	-0.636641278E-06
    1421	-0.900000310E-03	-0.238418579E-09	 0.129999995E-02	-0.744113747E-06
    1652	-0.600000286E-03	-0.238418579E-09	 0.129999995E-02	-0.820889409E-06
    1883	-0.300000262E-03	-0.238418579E-09	 0.129999995E-02	-0.866935054E-06
    2114	-0.238418579E-09	-0.238418579E-09	 0.129999995E-02	-0.882279482E-06
     134	-0.300000048E-02	 0.299999785E-03	 0.129999995E-02	 0.700507299E-06
     136	-0.270000045E-02	 0.299999785E-03	 0.129999995E-02	 0.368002490E-06
     332	-0.240000043E-02	 0.299999785E-03	 0.129999995E-02	 0.104047262E-06
     530	-0.210000040E-02	 0.299999785E-03	 0.129999995E-02	-0.119856594E-06
     739	-0.180000038E-02	 0.299999785E-03	 0.129999995E-02	-0.316001729E-06
     948	-0.150000036E-02	 0.299999785E-03	 0.129999995E-02	-0.483449991E-06
    1190	-0.120000033E-02	 0.299999785E-03	 0.129999995E-02	-0.621324445E-06
    1432	-0.900000310E-03	 0.299999785E-03	 0.129999995E-02	-0.728773997E-06
    1663	-0.600000286E-03	 0.299999785E-03	 0.129999995E-02	-0.805544625E-06
    1894	-0.300000262E-03	 0.299999785E-03	 0.129999995E-02	-0.851589832E-06
    2125	-0.238418579E-09	 0.299999785E-03	 0.129999995E-02	-0.866935053E-06
     156	-0.300000048E-02	 0.599999809E-03	 0.129999995E-02	 0.748456611E-06
     158	-0.270000045E-02	 0.599999809E-03	 0.129999995E-02	 0.415854054E-06
     343	-0.240000043E-02	 0.599999809E-03	 0.129999995E-02	 0.150744118E-06
     541	-0.210000040E-02	 0.599999809E-03	 0.129999995E-02	-0.747937145E-07
     750	-0.180000038E-02	 0.599999809E-03	 0.129999995E-02	-0.270723328E-06
     959	-0.150000036E-02	 0.599999809E-03	 0.129999995E-02	-0.437734266E-06
    1201	-0.120000033E-02	 0.599999809E-03	 0.129999995E-02	-0.575385707E-06
    1443	-0.900000310E-03	 0.599999809E-03	 0.129999995E-02	-0.682750778E-06
    1674	-0.600000286E-03	 0.599999809E-03	 0.129999995E-02	-0.759500230E-06
    1905	-0.300000262E-03	 0.599999809E-03	 0.129999995E-02	-0.805544624E-06
    2136	-0.238418579E-09	 0.599999809E-03	 0.129999995E-02	-0.820889409E-06
     178	-0.300000048E-02	 0.899999833E-03	 0.129999995E-02	 0.847327585E-06
     180	-0.270000045E-02	 0.899999833E-03	 0.129999995E-02	 0.510343895E-06
     354	-0.240000043E-02	 0.899999833E-03	 0.129999995E-02	 0.228615286E-06
     552	-0.210000040E-02	 0.899999833E-03	 0.129999995E-02	-0.715569559E-10
     761	-0.180000038E-02	 0.899999833E-03	 0.129999995E-02	-0.195249175E-06
     970	-0.150000036E-02	 0.899999833E-03	 0.129999995E-02	-0.361711564E-06
    1212	-0.120000033E-02	 0.899999833E-03	 0.129999995E-02	-0.498897919E-06
    1454	-0.900000310E-03	 0.899999833E-03	 0.129999995E-02	-0.606068727E-06
    1685	-0.600000286E-03	 0.899999833E-03	 0.129999995E-02	-0.682750777E-06
    1916	-0.300000262E-03	 0.899999833E-03	 0.129999995E-02	-0.728773996E-06
     200	-0.300000048E-02	 0.119999986E-02	 0.129999995E-02	 0.984979030E-06
     199	-0.300000048E-02	 0.119999986E-02	 0.999999940E-03	-0.778609089E-06
     202	-0.270000045E-02	 0.119999986E-02	 0.129999995E-02	 0.642119618E-06
     365	-0.240000043E-02	 0.119999986E-02	 0.129999995E-02	 0.340290554E-06
     563	-0.210000040E-02	 0.119999986E-02	 0.129999995E-02	 0.105609902E-06
     772	-0.180000038E-02	 0.119999986E-02	 0.129999995E-02	-0.901401729E-07
     981	-0.150000036E-02	 0.119999986E-02	 0.129999995E-02	-0.255747574E-06
    1223	-0.120000033E-02	 0.119999986E-02	 0.129999995E-02	-0.392095201E-06
    1465	-0.900000310E-03	 0.119999986E-02	 0.129999995E-02	-0.498897918E-06
    1696	-0.600000286E-03	 0.119999986E-02	 0.129999995E-02	-0.575385706E-06
    1927	-0.300000262E-03	 0.119999986E-02	 0.129999995E-02	-0.621324443E-06
     222	-0.300000048E-02	 0.149999988E-02	 0.129999995E-02	 0.113856395E-05
     221	-0.300000048E-02	 0.149999988E-02	 0.999999940E-03	 0.520448721E-06
     224	-0.270000045E-02	 0.149999988E-02	 0.129999995E-02	 0.803551451E-06
     376	-0.240000043E-02	 0.149999988E-02	 0.129999995E-02	 0.494222230E-06
     574	-0.210000040E-02	 0.149999988E-02	 0.129999995E-02	 0.241874716E-06
     783	-0.180000038E-02	 0.149999988E-02	 0.129999995E-02	 0.441772540E-07
     992	-0.150000036E-02	 0.149999988E-02	 0.129999995E-02	-0.120228360E-06
    1234	-0.120000033E-02	 0.149999988E-02	 0.129999995E-02	-0.255747574E-06
    1476	-0.900000310E-03	 0.149999988E-02	 0.129999995E-02	-0.361711563E-06
    1707	-0.600000286E-03	 0.149999988E-02	 0.129999995E-02	-0.437734265E-06
    1938	-0.300000262E-03	 0.149999988E-02	 0.129999995E-02	-0.483449989E-06
     387	-0.270000045E-02	 0.179999990E-02	 0.129999995E-02	 0.990836432E-06
     386	-0.270000045E-02	 0.179999990E-02	 0.999999940E-03	-0.130056561E-05
     389	-0.240000043E-02	 0.179999990E-02	 0.129999995E-02	 0.681412748E-06
     585	-0.210000040E-02	 0.179999990E-02	 0.129999995E-02	 0.412081637E-06
     794	-0.180000038E-02	 0.179999990E-02	 0.129999995E-02	 0.209319206E-06
    1003	-0.150000036E-02	 0.179999990E-02	 0.129999995E-02	 0.441772551E-07
    1245	-0.120000033E-02	 0.179999990E-02	 0.129999995E-02	-0.901401715E-07
    1487	-0.900000310E-03	 0.179999990E-02	 0.129999995E-02	-0.195249173E-06
    1718	-0.600000286E-03	 0.179999990E-02	 0.129999995E-02	-0.270723325E-06
    1949	-0.300000262E-03	 0.179999990E-02	 0.129999995E-02	-0.316001726E-06
     596	-0.240000043E-02	 0.209999993E-02	 0.129999995E-02	 0.910233941E-06
     598	-0.210000040E-02	 0.209999993E-02	 0.129999995E-02	 0.635232900E-06
     805	-0.180000038E-02	 0.209999993E-02	 0.129999995E-02	 0.412081637E-06
    1014	-0.150000036E-02	 0.209999993E-02	 0.129999995E-02	 0.241874717E-06
    1256	-0.120000033E-02	 0.209999993E-02	 0.129999995E-02	 0.105609904E-06
    1498	-0.900000310E-03	 0.209999993E-02	 0.129999995E-02	-0.715553179E-10
    1729	-0.600000286E-03	 0.209999993E-02	 0.129999995E-02	-0.747937124E-07
    1960	-0.300000262E-03	 0.209999993E-02	 0.129999995E-02	-0.119856592E-06
     618	-0.240000043E-02	 0.239999995E-02	 0.129999995E-02	 0.118130959E-05
     617	-0.240000043E-02	 0.239999995E-02	 0.999999940E-03	-0.157116057E-05
     620	-0.210000040E-02	 0.239999995E-02	 0.129999995E-02	 0.910233942E-06
     816	-0.180000038E-02	 0.239999995E-02	 0.129999995E-02	 0.681412748E-06
    1025	-0.150000036E-02	 0.239999995E-02	 0.129999995E-02	 0.494222231E-06
    1267	-0.120000033E-02	 0.239999995E-02	 0.129999995E-02	 0.340290555E-06
    1509	-0.900000310E-03	 0.239999995E-02	 0.129999995E-02	 0.228615288E-06
    1740	-0.600000286E-03	 0.239999995E-02	 0.129999995E-02	 0.150744121E-06
    1036	-0.180000038E-02	 0.269999998E-02	 0.129999995E-02	 0.990836433E-06
    1035	-0.180000038E-02	 0.269999998E-02	 0.999999940E-03	-0.130056561E-05
    1038	-0.150000036E-02	 0.269999998E-02	 0.129999995E-02	 0.803551452E-06
    1278	-0.120000033E-02	 0.269999998E-02	 0.129999995E-02	 0.642119620E-06
    1520	-0.900000310E-03	 0.269999998E-02	 0.129999995E-02	 0.510343897E-06
    1751	-0.600000286E-03	 0.269999998E-02	 0.129999995E-02	 0.415854057E-06
    1289	-0.150000036E-02	 0.300000000E-02	 0.129999995E-02	 0.113856395E-05
    1288	-0.150000036E-02	 0.300000000E-02	 0.999999940E-03	 0.520448726E-06
    1291	-0.120000033E-02	 0.300000000E-02	 0.129999995E-02	 0.984979033E-06
    1290	-0.120000033E-02	 0.300000000E-02	 0.999999940E-03	-0.778609089E-06
    1531	-0.900000310E-03	 0.300000000E-02	 0.129999995E-02	 0.847327588E-06
    1762	-0.600000286E-03	 0.300000000E-02	 0.129999995E-02	 0.748456615E-06
    1971	-0.300000262E-03	 0.239999995E-02	 0.129999995E-02	 0.104047265E-06
    1982	-0.300000262E-03	 0.269999998E-02	 0.129999995E-02	 0.368002493E-06
    1993	-0.300000262E-03	 0.300000000E-02	 0.129999995E-02	 0.700507302E-06
    2147	-0.238418579E-09	 0.899999833E-03	 0.129999995E-02	-0.744113746E-06
    2158	-0.238418579E-09	 0.119999986E-02	 0.129999995E-02	-0.636641276E-06
    2169	-0.238418579E-09	 0.149999988E-02	 0.129999995E-02	-0.498692449E-06
    2180	-0.238418579E-09	 0.179999990E-02	 0.129999995E-02	-0.331114041E-06
    2191	-0.238418579E-09	 0.209999993E-02	 0.129999995E-02	-0.134992283E-06
    2202	-0.238418579E-09	 0.239999995E-02	 0.129999995E-02	 0.889656278E-07
    2213	-0.238418579E-09	 0.269999998E-02	 0.129999995E-02	 0.353632818E-06
    2224	-0.238418579E-09	 0.300000000E-02	 0.129999995E-02	 0.686212703E-06
    2334	 0.299999785E-03	-0.300000262E-03	 0.129999995E-02	-0.851589830E-06
    2345	 0.299999785E-03	-0.238418579E-09	 0.129999995E-02	-0.866935052E-06
    2356	 0.299999785E-03	 0.299999785E-03	 0.129999995E-02	-0.851589831E-06
    2367	 0.299999785E-03	 0.599999809E-03	 0.129999995E-02	-0.805544623E-06
    2378	 0.299999785E-03	 0.899999833E-03	 0.129999995E-02	-0.728773995E-06
    2389	 0.299999785E-03	 0.119999986E-02	 0.129999995E-02	-0.621324442E-06
    2400	 0.299999785E-03	 0.149999988E-02	 0.129999995E-02	-0.483449988E-06
    2411	 0.299999785E-03	 0.179999990E-02	 0.129999995E-02	-0.316001725E-06
    2422	 0.299999785E-03	 0.209999993E-02	 0.129999995E-02	-0.119856591E-06
    2433	 0.299999785E-03	 0.239999995E-02	 0.129999995E-02	 0.104047266E-06
    2444	 0.299999785E-03	 0.269999998E-02	 0.129999995E-02	 0.368002494E-06
    2455	 0.299999785E-03	 0.300000000E-02	 0.129999995E-02	 0.700507304E-06
    2565	 0.599999809E-03	-0.300000262E-03	 0.129999995E-02	-0.805544622E-06
    2576	 0.599999809E-03	-0.238418579E-09	 0.129999995E-02	-0.820889407E-06
    2587	 0.599999809E-03	 0.299999785E-03	 0.129999995E-02	-0.805544622E-06
    2598	 0.599999809E-03	 0.599999809E-03	 0.129999995E-02	-0.759500227E-06
    2609	 0.599999809E-03	 0.899999833E-03	 0.129999995E-02	-0.682750775E-06
    2620	 0.599999809E-03	 0.119999986E-02	 0.129999995E-02	-0.575385704E-06
    2631	 0.599999809E-03	 0.149999988E-02	 0.129999995E-02	-0.437734262E-06
    2642	 0.599999809E-03	 0.179999990E-02	 0.129999995E-02	-0.270723323E-06
    2653	 0.599999809E-03	 0.209999993E-02	 0.129999995E-02	-0.747937100E-07
    2664	 0.599999809E-03	 0.239999995E-02	 0.129999995E-02	 0.150744123E-06
    2675	 0.599999809E-03	 0.269999998E-02	 0.129999995E-02	 0.415854060E-06
    2686	 0.599999809E-03	 0.300000000E-02	 0.129999995E-02	 0.748456617E-06
    2796	 0.899999833E-03	-0.300000262E-03	 0.129999995E-02	-0.728773993E-06
    2807	 0.899999833E-03	-0.238418579E-09	 0.129999995E-02	-0.744113744E-06
    2818	 0.899999833E-03	 0.299999785E-03	 0.129999995E-02	-0.728773993E-06
    2829	 0.899999833E-03	 0.599999809E-03	 0.129999995E-02	-0.682750774E-06
    2840	 0.899999833E-03	 0.899999833E-03	 0.129999995E-02	-0.606068724E-06
    2851	 0.899999833E-03	 0.119999986E-02	 0.129999995E-02	-0.498897914E-06
    2862	 0.899999833E-03	 0.149999988E-02	 0.129999995E-02	-0.361711559E-06
    2873	 0.899999833E-03	 0.179999990E-02	 0.129999995E-02	-0.195249170E-06
    2884	 0.899999833E-03	 0.209999993E-02	 0.129999995E-02	-0.715516029E-10
    2895	 0.899999833E-03	 0.239999995E-02	 0.129999995E-02	 0.228615291E-06
    2906	 0.899999833E-03	 0.269999998E-02	 0.129999995E-02	 0.510343901E-06
    2917	 0.899999833E-03	 0.300000000E-02	 0.129999995E-02	 0.847327592E-06
    3027	 0.119999986E-02	-0.300000262E-03	 0.129999995E-02	-0.621324440E-06
    3038	 0.119999986E-02	-0.238418579E-09	 0.129999995E-02	-0.636641273E-06
    3049	 0.119999986E-02	 0.299999785E-03	 0.129999995E-02	-0.621324440E-06
    3060	 0.119999986E-02	 0.599999809E-03	 0.129999995E-02	-0.575385702E-06
    3071	 0.119999986E-02	 0.899999833E-03	 0.129999995E-02	-0.498897914E-06
    3082	 0.119999986E-02	 0.119999986E-02	 0.129999995E-02	-0.392095196E-06
    3093	 0.119999986E-02	 0.149999988E-02	 0.129999995E-02	-0.255747569E-06
    3104	 0.119999986E-02	 0.179999990E-02	 0.129999995E-02	-0.901401666E-07
    3115	 0.119999986E-02	 0.209999993E-02	 0.129999995E-02	 0.105609909E-06
    3126	 0.119999986E-02	 0.239999995E-02	 0.129999995E-02	 0.340290560E-06
    3137	 0.119999986E-02	 0.269999998E-02	 0.129999995E-02	 0.642119625E-06
    3148	 0.119999986E-02	 0.300000000E-02	 0.129999995E-02	 0.984979038E-06
    3147	 0.119999986E-02	 0.300000000E-02	 0.999999940E-03	-0.778609082E-06
    3258	 0.149999988E-02	-0.300000262E-03	 0.129999995E-02	-0.483449984E-06
    3269	 0.149999988E-02	-0.238418579E-09	 0.129999995E-02	-0.498692445E-06
    3280	 0.149999988E-02	 0.299999785E-03	 0.129999995E-02	-0.483449984E-06
    3291	 0.149999988E-02	 0.599999809E-03	 0.129999995E-02	-0.437734260E-06
    3302	 0.149999988E-02	 0.899999833E-03	 0.129999995E-02	-0.361711558E-06
    3313	 0.149999988E-02	 0.119999986E-02	 0.129999995E-02	-0.255747568E-06
    3324	 0.149999988E-02	 0.149999988E-02	 0.129999995E-02	-0.120228354E-06
    3335	 0.149999988E-02	 0.179999990E-02	 0.129999995E-02	 0.441772612E-07
    3346	 0.149999988E-02	 0.209999993E-02	 0.129999995E-02	 0.241874723E-06
    3357	 0.149999988E-02	 0.239999995E-02	 0.129999995E-02	 0.494222237E-06
    3368	 0.149999988E-02	 0.269999998E-02	 0.129999995E-02	 0.803551458E-06
    3379	 0.149999988E-02	 0.300000000E-02	 0.129999995E-02	 0.113856396E-05
    3378	 0.149999988E-02	 0.300000000E-02	 0.999999940E-03	 0.520448728E-06
    3478	 0.179999990E-02	-0.300000262E-03	 0.129999995E-02	-0.316001721E-06
    3489	 0.179999990E-02	-0.238418579E-09	 0.129999995E-02	-0.331114036E-06
    3500	 0.179999990E-02	 0.299999785E-03	 0.129999995E-02	-0.316001721E-06
    3511	 0.179999990E-02	 0.599999809E-03	 0.129999995E-02	-0.270723320E-06
    3522	 0.179999990E-02	 0.899999833E-03	 0.129999995E-02	-0.195249167E-06
    3533	 0.179999990E-02	 0.119999986E-02	 0.129999995E-02	-0.901401650E-07
    3544	 0.179999990E-02	 0.149999988E-02	 0.129999995E-02	 0.441772620E-07
    3555	 0.179999990E-02	 0.179999990E-02	 0.129999995E-02	 0.209319213E-06
    3566	 0.179999990E-02	 0.209999993E-02	 0.129999995E-02	 0.412081645E-06
    3577	 0.179999990E-02	 0.239999995E-02	 0.129999995E-02	 0.681412756E-06
    3588	 0.179999990E-02	 0.269999998E-02	 0.129999995E-02	 0.990836441E-06
    3587	 0.179999990E-02	 0.269999998E-02	 0.999999940E-03	-0.130056561E-05
    3676	 0.209999993E-02	-0.300000262E-03	 0.129999995E-02	-0.119856586E-06
    3687	 0.209999993E-02	-0.238418579E-09	 0.129999995E-02	-0.134992277E-06
    3698	 0.209999993E-02	 0.299999785E-03	 0.129999995E-02	-0.119856586E-06
    3709	 0.209999993E-02	 0.599999809E-03	 0.129999995E-02	-0.747937060E-07
    3720	 0.209999993E-02	 0.899999833E-03	 0.129999995E-02	-0.715484303E-10
    3731	 0.209999993E-02	 0.119999986E-02	 0.129999995E-02	 0.105609911E-06
    3742	 0.209999993E-02	 0.149999988E-02	 0.129999995E-02	 0.241874725E-06
    3753	 0.209999993E-02	 0.179999990E-02	 0.129999995E-02	 0.412081645E-06
    3764	 0.209999993E-02	 0.209999993E-02	 0.129999995E-02	 0.635232908E-06
    3775	 0.209999993E-02	 0.239999995E-02	 0.129999995E-02	 0.910233950E-06
    3863	 0.239999995E-02	-0.300000262E-03	 0.129999995E-02	 0.104047272E-06
    3874	 0.239999995E-02	-0.238418579E-09	 0.129999995E-02	 0.889656341E-07
    3885	 0.239999995E-02	 0.299999785E-03	 0.129999995E-02	 0.104047271E-06
    3896	 0.239999995E-02	 0.599999809E-03	 0.129999995E-02	 0.150744128E-06
    3907	 0.239999995E-02	 0.899999833E-03	 0.129999995E-02	 0.228615295E-06
    3918	 0.239999995E-02	 0.119999986E-02	 0.129999995E-02	 0.340290563E-06
    3929	 0.239999995E-02	 0.149999988E-02	 0.129999995E-02	 0.494222240E-06
    3940	 0.239999995E-02	 0.179999990E-02	 0.129999995E-02	 0.681412758E-06
    3951	 0.239999995E-02	 0.209999993E-02	 0.129999995E-02	 0.910233951E-06
    3962	 0.239999995E-02	 0.239999995E-02	 0.129999995E-02	 0.118130960E-05
    3961	 0.239999995E-02	 0.239999995E-02	 0.999999940E-03	-0.157116056E-05
    4028	 0.269999998E-02	-0.300000262E-03	 0.129999995E-02	 0.368002501E-06
    4039	 0.269999998E-02	-0.238418579E-09	 0.129999995E-02	 0.353632826E-06
    4050	 0.269999998E-02	 0.299999785E-03	 0.129999995E-02	 0.368002501E-06
    4061	 0.269999998E-02	 0.599999809E-03	 0.129999995E-02	 0.415854065E-06
    4072	 0.269999998E-02	 0.899999833E-03	 0.129999995E-02	 0.510343906E-06
    4083	 0.269999998E-02	 0.119999986E-02	 0.129999995E-02	 0.642119629E-06
    4094	 0.269999998E-02	 0.149999988E-02	 0.129999995E-02	 0.803551462E-06
    4105	 0.269999998E-02	 0.179999990E-02	 0.129999995E-02	 0.990836443E-06
    4104	 0.269999998E-02	 0.179999990E-02	 0.999999940E-03	-0.130056560E-05
    4160	 0.300000000E-02	-0.300000262E-03	 0.129999995E-02	 0.700507311E-06
    4171	 0.300000000E-02	-0.238418579E-09	 0.129999995E-02	 0.686212710E-06
    4182	 0.300000000E-02	 0.299999785E-03	 0.129999995E-02	 0.700507311E-06
    4193	 0.300000000E-02	 0.599999809E-03	 0.129999995E-02	 0.748456624E-06
    4204	 0.300000000E-02	 0.899999833E-03	 0.129999995E-02	 0.847327598E-06
    4215	 0.300000000E-02	 0.119999986E-02	 0.129999995E-02	 0.984979043E-06
    4214	 0.300000000E-02	 0.119999986E-02	 0.999999940E-03	-0.778609077E-06
    4226	 0.300000000E-02	 0.149999988E-02	 0.129999995E-02	 0.113856396E-05
    4225	 0.300000000E-02	 0.149999988E-02	 0.999999940E-03	 0.520448732E-06
      11	-0.270000045E-02	-0.150000036E-02	 0.159999995E-02	 0.239833334E-06
     249	-0.270000045E-02	-0.180000038E-02	 0.159999995E-02	 0.326620626E-06
     251	-0.240000043E-02	-0.150000036E-02	 0.159999995E-02	 0.127830637E-06
     250	-0.240000043E-02	-0.180000038E-02	 0.159999995E-02	 0.197143434E-06
     417	-0.240000043E-02	-0.210000040E-02	 0.159999995E-02	 0.281581487E-06
     416	-0.240000043E-02	-0.240000043E-02	 0.159999995E-02	 0.391203335E-06
     419	-0.210000040E-02	-0.210000040E-02	 0.159999995E-02	 0.171133477E-06
     418	-0.210000040E-02	-0.240000043E-02	 0.159999995E-02	 0.281581487E-06
     454	-0.210000040E-02	-0.180000038E-02	 0.159999995E-02	 0.102474207E-06
     465	-0.210000040E-02	-0.150000036E-02	 0.159999995E-02	 0.526513085E-07
     644	-0.180000038E-02	-0.210000040E-02	 0.159999995E-02	 0.102474206E-06
     643	-0.180000038E-02	-0.240000043E-02	 0.159999995E-02	 0.197143433E-06
     663	-0.180000038E-02	-0.180000038E-02	 0.159999995E-02	 0.434778802E-07
     674	-0.180000038E-02	-0.150000036E-02	 0.159999995E-02	-0.128706244E-08
     832	-0.180000038E-02	-0.270000045E-02	 0.159999995E-02	 0.326620625E-06
     834	-0.150000036E-02	-0.240000043E-02	 0.159999995E-02	 0.127830636E-06
     833	-0.150000036E-02	-0.270000045E-02	 0.159999995E-02	 0.239833333E-06
     861	-0.150000036E-02	-0.210000040E-02	 0.159999995E-02	 0.526513079E-07
     872	-0.150000036E-02	-0.180000038E-02	 0.159999995E-02	-0.128706275E-08
     883	-0.150000036E-02	-0.150000036E-02	 0.159999995E-02	-0.430242255E-07
    1063	-0.150000036E-02	-0.300000048E-02	 0.159999995E-02	 0.389834897E-06
    1065	-0.120000033E-02	-0.270000045E-02	 0.159999995E-02	 0.175010250E-06
    1064	-0.120000033E-02	-0.300000048E-02	 0.159999995E-02	 0.312326712E-06
    1092	-0.120000033E-02	-0.240000043E-02	 0.159999995E-02	 0.798467876E-07
    1103	-0.120000033E-02	-0.210000040E-02	 0.159999995E-02	 0.147402370E-07
    1114	-0.120000033E-02	-0.180000038E-02	 0.159999995E-02	-0.356479728E-07
    1125	-0.120000033E-02	-0.150000036E-02	 0.159999995E-02	-0.766270015E-07
    1315	-0.900000310E-03	-0.270000045E-02	 0.159999995E-02	 0.132222766E-06
    1314	-0.900000310E-03	-0.300000048E-02	 0.159999995E-02	 0.263942256E-06
    1334	-0.900000310E-03	-0.240000043E-02	 0.159999995E-02	 0.484014684E-07
    1345	-0.900000310E-03	-0.210000040E-02	 0.159999995E-02	-0.127400851E-07
    1356	-0.900000310E-03	-0.180000038E-02	 0.159999995E-02	-0.617909883E-07
    1367	-0.900000310E-03	-0.150000036E-02	 0.159999995E-02	-0.102439384E-06
    1136	-0.120000033E-02	-0.120000033E-02	 0.159999995E-02	-0.109864091E-06
    1378	-0.900000310E-03	-0.120000033E-02	 0.159999995E-02	-0.135781105E-06
    1546	-0.600000286E-03	-0.270000045E-02	 0.159999995E-02	 0.105782134E-06
    1545	-0.600000286E-03	-0.300000048E-02	 0.159999995E-02	 0.232600656E-06
    1565	-0.600000286E-03	-0.240000043E-02	 0.159999995E-02	 0.281649572E-07
    1576	-0.600000286E-03	-0.210000040E-02	 0.159999995E-02	-0.311774899E-07
    1587	-0.600000286E-03	-0.180000038E-02	 0.159999995E-02	-0.800812803E-07
    1598	-0.600000286E-03	-0.150000036E-02	 0.159999995E-02	-0.120836789E-06
    1609	-0.600000286E-03	-0.120000033E-02	 0.159999995E-02	-0.154369976E-06
    1389	-0.900000310E-03	-0.900000310E-03	 0.159999995E-02	-0.161879824E-06
    1620	-0.600000286E-03	-0.900000310E-03	 0.159999995E-02	-0.180663676E-06
    1777	-0.300000262E-03	-0.270000045E-02	 0.159999995E-02	 0.926155604E-07
    1776	-0.300000262E-03	-0.300000048E-02	 0.159999995E-02	 0.216814887E-06
    1796	-0.300000262E-03	-0.240000043E-02	 0.159999995E-02	 0.166829886E-07
    1807	-0.300000262E-03	-0.210000040E-02	 0.159999995E-02	-0.419148561E-07
    1818	-0.300000262E-03	-0.180000038E-02	 0.159999995E-02	-0.909107099E-07
    1829	-0.300000262E-03	-0.150000036E-02	 0.159999995E-02	-0.131847203E-06
    1840	-0.300000262E-03	-0.120000033E-02	 0.159999995E-02	-0.165551878E-06
    1851	-0.300000262E-03	-0.900000310E-03	 0.159999995E-02	-0.191970491E-06
    2008	-0.238418579E-09	-0.270000045E-02	 0.159999995E-02	 0.883864923E-07
    2007	-0.238418579E-09	-0.300000048E-02	 0.159999995E-02	 0.211993484E-06
    2027	-0.238418579E-09	-0.240000043E-02	 0.159999995E-02	 0.129743775E-07
    2038	-0.238418579E-09	-0.210000040E-02	 0.159999995E-02	-0.454695756E-07
    2049	-0.238418579E-09	-0.180000038E-02	 0.159999995E-02	-0.944847802E-07
    2060	-0.238418579E-09	-0.150000036E-02	 0.159999995E-02	-0.135510403E-06
    2071	-0.238418579E-09	-0.120000033E-02	 0.159999995E-02	-0.169286114E-06
    2082	-0.238418579E-09	-0.900000310E-03	 0.159999995E-02	-0.195747776E-06
    1862	-0.300000262E-03	-0.600000286E-03	 0.159999995E-02	-0.210957285E-06
    2093	-0.238418579E-09	-0.600000286E-03	 0.159999995E-02	-0.214759763E-06
    2239	 0.299999785E-03	-0.270000045E-02	 0.159999995E-02	 0.926155598E-07
    2238	 0.299999785E-03	-0.300000048E-02	 0.159999995E-02	 0.216814887E-06
    2258	 0.299999785E-03	-0.240000043E-02	 0.159999995E-02	 0.166829881E-07
    2269	 0.299999785E-03	-0.210000040E-02	 0.159999995E-02	-0.419148567E-07
    2280	 0.299999785E-03	-0.180000038E-02	 0.159999995E-02	-0.909107104E-07
    2291	 0.299999785E-03	-0.150000036E-02	 0.159999995E-02	-0.131847203E-06
    2302	 0.299999785E-03	-0.120000033E-02	 0.159999995E-02	-0.165551878E-06
    2313	 0.299999785E-03	-0.900000310E-03	 0.159999995E-02	-0.191970492E-06
    2324	 0.299999785E-03	-0.600000286E-03	 0.159999995E-02	-0.210957286E-06
    2470	 0.599999809E-03	-0.270000045E-02	 0.159999995E-02	 0.105782133E-06
    2469	 0.599999809E-03	-0.300000048E-02	 0.159999995E-02	 0.232600655E-06
    2489	 0.599999809E-03	-0.240000043E-02	 0.159999995E-02	 0.281649562E-07
    2500	 0.599999809E-03	-0.210000040E-02	 0.159999995E-02	-0.311774909E-07
    2511	 0.599999809E-03	-0.180000038E-02	 0.159999995E-02	-0.800812813E-07
    2522	 0.599999809E-03	-0.150000036E-02	 0.159999995E-02	-0.120836790E-06
    2533	 0.599999809E-03	-0.120000033E-02	 0.159999995E-02	-0.154369977E-06
    2544	 0.599999809E-03	-0.900000310E-03	 0.159999995E-02	-0.180663677E-06
    2555	 0.599999809E-03	-0.600000286E-03	 0.159999995E-02	-0.199567585E-06
    2701	 0.899999833E-03	-0.270000045E-02	 0.159999995E-02	 0.132222764E-06
    2700	 0.899999833E-03	-0.300000048E-02	 0.159999995E-02	 0.263942255E-06
    2720	 0.899999833E-03	-0.240000043E-02	 0.159999995E-02	 0.484014668E-07
    2731	 0.899999833E-03	-0.210000040E-02	 0.159999995E-02	-0.127400867E-07
    2742	 0.899999833E-03	-0.180000038E-02	 0.159999995E-02	-0.617909898E-07
    2753	 0.899999833E-03	-0.150000036E-02	 0.159999995E-02	-0.102439386E-06
    2764	 0.899999833E-03	-0.120000033E-02	 0.159999995E-02	-0.135781106E-06
    2775	 0.899999833E-03	-0.900000310E-03	 0.159999995E-02	-0.161879826E-06
    2786	 0.899999833E-03	-0.600000286E-03	 0.159999995E-02	-0.180663677E-06
    2932	 0.119999986E-02	-0.270000045E-02	 0.159999995E-02	 0.175010248E-06
    2931	 0.119999986E-02	-0.300000048E-02	 0.159999995E-02	 0.312326710E-06
    2951	 0.119999986E-02	-0.240000043E-02	 0.159999995E-02	 0.798467854E-07
    2962	 0.119999986E-02	-0.210000040E-02	 0.159999995E-02	 0.147402348E-07
    2973	 0.119999986E-02	-0.180000038E-02	 0.159999995E-02	-0.356479749E-07
    2984	 0.119999986E-02	-0.150000036E-02	 0.159999995E-02	-0.766270036E-07
    2995	 0.119999986E-02	-0.120000033E-02	 0.159999995E-02	-0.109864093E-06
    3006	 0.119999986E-02	-0.900000310E-03	 0.159999995E-02	-0.135781107E-06
    3017	 0.119999986E-02	-0.600000286E-03	 0.159999995E-02	-0.154369978E-06
    3163	 0.149999988E-02	-0.270000045E-02	 0.159999995E-02	 0.239833330E-06
    3162	 0.149999988E-02	-0.300000048E-02	 0.159999995E-02	 0.389834894E-06
    3182	 0.149999988E-02	-0.240000043E-02	 0.159999995E-02	 0.127830634E-06
    3193	 0.149999988E-02	-0.210000040E-02	 0.159999995E-02	 0.526513052E-07
    3204	 0.149999988E-02	-0.180000038E-02	 0.159999995E-02	-0.128706541E-08
    3215	 0.149999988E-02	-0.150000036E-02	 0.159999995E-02	-0.430242282E-07
    3226	 0.149999988E-02	-0.120000033E-02	 0.159999995E-02	-0.766270039E-07
    3237	 0.149999988E-02	-0.900000310E-03	 0.159999995E-02	-0.102439386E-06
    3248	 0.149999988E-02	-0.600000286E-03	 0.159999995E-02	-0.120836791E-06
    3394	 0.179999990E-02	-0.240000043E-02	 0.159999995E-02	 0.197143430E-06
    3393	 0.179999990E-02	-0.270000045E-02	 0.159999995E-02	 0.326620622E-06
    3413	 0.179999990E-02	-0.210000040E-02	 0.159999995E-02	 0.102474203E-06
    3424	 0.179999990E-02	-0.180000038E-02	 0.159999995E-02	 0.434778772E-07
    3435	 0.179999990E-02	-0.150000036E-02	 0.159999995E-02	-0.128706547E-08
    3446	 0.179999990E-02	-0.120000033E-02	 0.159999995E-02	-0.356479752E-07
    3457	 0.179999990E-02	-0.900000310E-03	 0.159999995E-02	-0.617909904E-07
    3468	 0.179999990E-02	-0.600000286E-03	 0.159999995E-02	-0.800812821E-07
    3603	 0.209999993E-02	-0.210000040E-02	 0.159999995E-02	 0.171133474E-06
    3602	 0.209999993E-02	-0.240000043E-02	 0.159999995E-02	 0.281581483E-06
    3622	 0.209999993E-02	-0.180000038E-02	 0.159999995E-02	 0.102474203E-06
    3633	 0.209999993E-02	-0.150000036E-02	 0.159999995E-02	 0.526513048E-07
    3644	 0.209999993E-02	-0.120000033E-02	 0.159999995E-02	 0.147402342E-07
    3655	 0.209999993E-02	-0.900000310E-03	 0.159999995E-02	-0.127400876E-07
    3666	 0.209999993E-02	-0.600000286E-03	 0.159999995E-02	-0.311774920E-07
    3790	 0.239999995E-02	-0.210000040E-02	 0.159999995E-02	 0.281581483E-06
    3789	 0.239999995E-02	-0.240000043E-02	 0.159999995E-02	 0.391203331E-06
    3809	 0.239999995E-02	-0.180000038E-02	 0.159999995E-02	 0.197143430E-06
    3820	 0.239999995E-02	-0.150000036E-02	 0.159999995E-02	 0.127830633E-06
    3831	 0.239999995E-02	-0.120000033E-02	 0.159999995E-02	 0.798467845E-07
    3842	 0.239999995E-02	-0.900000310E-03	 0.159999995E-02	 0.484014657E-07
    3853	 0.239999995E-02	-0.600000286E-03	 0.159999995E-02	 0.281649548E-07
    3977	 0.269999998E-02	-0.150000036E-02	 0.159999995E-02	 0.239833329E-06
    3976	 0.269999998E-02	-0.180000038E-02	 0.159999995E-02	 0.326620621E-06
    3996	 0.269999998E-02	-0.120000033E-02	 0.159999995E-02	 0.175010247E-06
    4007	 0.269999998E-02	-0.900000310E-03	 0.159999995E-02	 0.132222763E-06
    4018	 0.269999998E-02	-0.600000286E-03	 0.159999995E-02	 0.105782131E-06
    4120	 0.300000000E-02	-0.120000033E-02	 0.159999995E-02	 0.312326708E-06
    4119	 0.300000000E-02	-0.150000036E-02	 0.159999995E-02	 0.389834893E-06
    4139	 0.300000000E-02	-0.900000310E-03	 0.159999995E-02	 0.263942253E-06
    4150	 0.300000000E-02	-0.600000286E-03	 0.159999995E-02	 0.232600653E-06
      10	-0.300000048E-02	-0.120000033E-02	 0.159999995E-02	 0.312326714E-06
       9	-0.300000048E-02	-0.150000036E-02	 0.159999995E-02	 0.389834898E-06
      12	-0.270000045E-02	-0.120000033E-02	 0.159999995E-02	 0.175010252E-06
     278	-0.240000043E-02	-0.120000033E-02	 0.159999995E-02	 0.798467888E-07
     476	-0.210000040E-02	-0.120000033E-02	 0.159999995E-02	 0.147402379E-07
     685	-0.180000038E-02	-0.120000033E-02	 0.159999995E-02	-0.356479721E-07
     894	-0.150000036E-02	-0.120000033E-02	 0.159999995E-02	-0.766270012E-07
      49	-0.300000048E-02	-0.900000310E-03	 0.159999995E-02	 0.263942258E-06
      50	-0.270000045E-02	-0.900000310E-03	 0.159999995E-02	 0.132222768E-06
     289	-0.240000043E-02	-0.900000310E-03	 0.159999995E-02	 0.484014699E-07
     487	-0.210000040E-02	-0.900000310E-03	 0.159999995E-02	-0.127400839E-07
     696	-0.180000038E-02	-0.900000310E-03	 0.159999995E-02	-0.617909873E-07
     905	-0.150000036E-02	-0.900000310E-03	 0.159999995E-02	-0.102439383E-06
    1147	-0.120000033E-02	-0.900000310E-03	 0.159999995E-02	-0.135781105E-06
      71	-0.300000048E-02	-0.600000286E-03	 0.159999995E-02	 0.232600659E-06
      72	-0.270000045E-02	-0.600000286E-03	 0.159999995E-02	 0.105782136E-06
     300	-0.240000043E-02	-0.600000286E-03	 0.159999995E-02	 0.281649591E-07
     498	-0.210000040E-02	-0.600000286E-03	 0.159999995E-02	-0.311774883E-07
     707	-0.180000038E-02	-0.600000286E-03	 0.159999995E-02	-0.800812790E-07
     916	-0.150000036E-02	-0.600000286E-03	 0.159999995E-02	-0.120836788E-06
    1158	-0.120000033E-02	-0.600000286E-03	 0.159999995E-02	-0.154369976E-06
    1400	-0.900000310E-03	-0.600000286E-03	 0.159999995E-02	-0.180663676E-06
    1631	-0.600000286E-03	-0.600000286E-03	 0.159999995E-02	-0.199567584E-06
      93	-0.300000048E-02	-0.300000262E-03	 0.159999995E-02	 0.216814890E-06
      94	-0.270000045E-02	-0.300000262E-03	 0.159999995E-02	 0.926155628E-07
     311	-0.240000043E-02	-0.300000262E-03	 0.159999995E-02	 0.166829907E-07
     509	-0.210000040E-02	-0.300000262E-03	 0.159999995E-02	-0.419148543E-07
     718	-0.180000038E-02	-0.300000262E-03	 0.159999995E-02	-0.909107083E-07
     927	-0.150000036E-02	-0.300000262E-03	 0.159999995E-02	-0.131847202E-06
    1169	-0.120000033E-02	-0.300000262E-03	 0.159999995E-02	-0.165551877E-06
    1411	-0.900000310E-03	-0.300000262E-03	 0.159999995E-02	-0.191970491E-06
    1642	-0.600000286E-03	-0.300000262E-03	 0.159999995E-02	-0.210957285E-06
    1873	-0.300000262E-03	-0.300000262E-03	 0.159999995E-02	-0.222387529E-06
    2104	-0.238418579E-09	-0.300000262E-03	 0.159999995E-02	-0.226203601E-06
     115	-0.300000048E-02	-0.238418579E-09	 0.159999995E-02	 0.211993487E-06
     116	-0.270000045E-02	-0.238418579E-09	 0.159999995E-02	 0.883864951E-07
     322	-0.240000043E-02	-0.238418579E-09	 0.159999995E-02	 0.129743800E-07
     520	-0.210000040E-02	-0.238418579E-09	 0.159999995E-02	-0.454695734E-07
     729	-0.180000038E-02	-0.238418579E-09	 0.159999995E-02	-0.944847783E-07
     938	-0.150000036E-02	-0.238418579E-09	 0.159999995E-02	-0.135510402E-06
    1180	-0.120000033E-02	-0.238418579E-09	 0.159999995E-02	-0.169286113E-06
    1422	-0.900000310E-03	-0.238418579E-09	 0.159999995E-02	-0.195747775E-06
    1653	-0.600000286E-03	-0.238418579E-09	 0.159999995E-02	-0.214759762E-06
    1884	-0.300000262E-03	-0.238418579E-09	 0.159999995E-02	-0.226203601E-06
    2115	-0.238418579E-09	-0.238418579E-09	 0.159999995E-02	-0.230023771E-06
     137	-0.300000048E-02	 0.299999785E-03	 0.159999995E-02	 0.216814890E-06
     138	-0.270000045E-02	 0.299999785E-03	 0.159999995E-02	 0.926155629E-07
     333	-0.240000043E-02	 0.299999785E-03	 0.159999995E-02	 0.166829908E-07
     531	-0.210000040E-02	 0.299999785E-03	 0.159999995E-02	-0.419148542E-07
     740	-0.180000038E-02	 0.299999785E-03	 0.159999995E-02	-0.909107083E-07
     949	-0.150000036E-02	 0.299999785E-03	 0.159999995E-02	-0.131847202E-06
    1191	-0.120000033E-02	 0.299999785E-03	 0.159999995E-02	-0.165551877E-06
    1433	-0.900000310E-03	 0.299999785E-03	 0.159999995E-02	-0.191970491E-06
    1664	-0.600000286E-03	 0.299999785E-03	 0.159999995E-02	-0.210957285E-06
    1895	-0.300000262E-03	 0.299999785E-03	 0.159999995E-02	-0.222387529E-06
    2126	-0.238418579E-09	 0.299999785E-03	 0.159999995E-02	-0.226203601E-06
     159	-0.300000048E-02	 0.599999809E-03	 0.159999995E-02	 0.232600659E-06
     160	-0.270000045E-02	 0.599999809E-03	 0.159999995E-02	 0.105782136E-06
     344	-0.240000043E-02	 0.599999809E-03	 0.159999995E-02	 0.281649592E-07
     542	-0.210000040E-02	 0.599999809E-03	 0.159999995E-02	-0.311774881E-07
     751	-0.180000038E-02	 0.599999809E-03	 0.159999995E-02	-0.800812789E-07
     960	-0.150000036E-02	 0.599999809E-03	 0.159999995E-02	-0.120836788E-06
    1202	-0.120000033E-02	 0.599999809E-03	 0.159999995E-02	-0.154369975E-06
    1444	-0.900000310E-03	 0.599999809E-03	 0.159999995E-02	-0.180663675E-06
    1675	-0.600000286E-03	 0.599999809E-03	 0.159999995E-02	-0.199567583E-06
    1906	-0.300000262E-03	 0.599999809E-03	 0.159999995E-02	-0.210957285E-06
    2137	-0.238418579E-09	 0.599999809E-03	 0.159999995E-02	-0.214759762E-06
     181	-0.300000048E-02	 0.899999833E-03	 0.159999995E-02	 0.263942259E-06
     182	-0.270000045E-02	 0.899999833E-03	 0.159999995E-02	 0.132222768E-06
     355	-0.240000043E-02	 0.899999833E-03	 0.159999995E-02	 0.484014702E-07
     553	-0.210000040E-02	 0.899999833E-03	 0.159999995E-02	-0.127400837E-07
     762	-0.180000038E-02	 0.899999833E-03	 0.159999995E-02	-0.617909871E-07
     971	-0.150000036E-02	 0.899999833E-03	 0.159999995E-02	-0.102439383E-06
    1213	-0.120000033E-02	 0.899999833E-03	 0.159999995E-02	-0.135781104E-06
    1455	-0.900000310E-03	 0.899999833E-03	 0.159999995E-02	-0.161879824E-06
    1686	-0.600000286E-03	 0.899999833E-03	 0.159999995E-02	-0.180663676E-06
    1917	-0.300000262E-03	 0.899999833E-03	 0.159999995E-02	-0.191970491E-06
     203	-0.300000048E-02	 0.119999986E-02	 0.159999995E-02	 0.312326714E-06
     204	-0.270000045E-02	 0.119999986E-02	 0.159999995E-02	 0.175010252E-06
     366	-0.240000043E-02	 0.119999986E-02	 0.159999995E-02	 0.798467891E-07
     564	-0.210000040E-02	 0.119999986E-02	 0.159999995E-02	 0.147402382E-07
     773	-0.180000038E-02	 0.119999986E-02	 0.159999995E-02	-0.356479718E-07
     982	-0.150000036E-02	 0.119999986E-02	 0.159999995E-02	-0.766270009E-07
    1224	-0.120000033E-02	 0.119999986E-02	 0.159999995E-02	-0.109864090E-06
    1466	-0.900000310E-03	 0.119999986E-02	 0.159999995E-02	-0.135781105E-06
    1697	-0.600000286E-03	 0.119999986E-02	 0.159999995E-02	-0.154369976E-06
    1928	-0.300000262E-03	 0.119999986E-02	 0.159999995E-02	-0.165551877E-06
     225	-0.300000048E-02	 0.149999988E-02	 0.159999995E-02	 0.389834899E-06
     226	-0.270000045E-02	 0.149999988E-02	 0.159999995E-02	 0.239833334E-06
     377	-0.240000043E-02	 0.149999988E-02	 0.159999995E-02	 0.127830638E-06
     575	-0.210000040E-02	 0.149999988E-02	 0.159999995E-02	 0.526513089E-07
     784	-0.180000038E-02	 0.149999988E-02	 0.159999995E-02	-0.128706202E-08
     993	-0.150000036E-02	 0.149999988E-02	 0.159999995E-02	-0.430242251E-07
    1235	-0.120000033E-02	 0.149999988E-02	 0.159999995E-02	-0.766270011E-07
    1477	-0.900000310E-03	 0.149999988E-02	 0.159999995E-02	-0.102439384E-06
    1708	-0.600000286E-03	 0.149999988E-02	 0.159999995E-02	-0.120836789E-06
    1939	-0.300000262E-03	 0.149999988E-02	 0.159999995E-02	-0.131847202E-06
     390	-0.270000045E-02	 0.179999990E-02	 0.159999995E-02	 0.326620627E-06
     391	-0.240000043E-02	 0.179999990E-02	 0.159999995E-02	 0.197143435E-06
     586	-0.210000040E-02	 0.179999990E-02	 0.159999995E-02	 0.102474207E-06
     795	-0.180000038E-02	 0.179999990E-02	 0.159999995E-02	 0.434778809E-07
    1004	-0.150000036E-02	 0.179999990E-02	 0.159999995E-02	-0.128706209E-08
    1246	-0.120000033E-02	 0.179999990E-02	 0.159999995E-02	-0.356479721E-07
    1488	-0.900000310E-03	 0.179999990E-02	 0.159999995E-02	-0.617909876E-07
    1719	-0.600000286E-03	 0.179999990E-02	 0.159999995E-02	-0.800812796E-07
    1950	-0.300000262E-03	 0.179999990E-02	 0.159999995E-02	-0.909107092E-07
     599	-0.240000043E-02	 0.209999993E-02	 0.159999995E-02	 0.281581488E-06
     600	-0.210000040E-02	 0.209999993E-02	 0.159999995E-02	 0.171133478E-06
     806	-0.180000038E-02	 0.209999993E-02	 0.159999995E-02	 0.102474207E-06
    1015	-0.150000036E-02	 0.209999993E-02	 0.159999995E-02	 0.526513084E-07
    1257	-0.120000033E-02	 0.209999993E-02	 0.159999995E-02	 0.147402376E-07
    1499	-0.900000310E-03	 0.209999993E-02	 0.159999995E-02	-0.127400846E-07
    1730	-0.600000286E-03	 0.209999993E-02	 0.159999995E-02	-0.311774893E-07
    1961	-0.300000262E-03	 0.209999993E-02	 0.159999995E-02	-0.419148555E-07
     621	-0.240000043E-02	 0.239999995E-02	 0.159999995E-02	 0.391203335E-06
     622	-0.210000040E-02	 0.239999995E-02	 0.159999995E-02	 0.281581488E-06
     817	-0.180000038E-02	 0.239999995E-02	 0.159999995E-02	 0.197143434E-06
    1026	-0.150000036E-02	 0.239999995E-02	 0.159999995E-02	 0.127830637E-06
    1268	-0.120000033E-02	 0.239999995E-02	 0.159999995E-02	 0.798467882E-07
    1510	-0.900000310E-03	 0.239999995E-02	 0.159999995E-02	 0.484014691E-07
    1741	-0.600000286E-03	 0.239999995E-02	 0.159999995E-02	 0.281649579E-07
    1039	-0.180000038E-02	 0.269999998E-02	 0.159999995E-02	 0.326620626E-06
    1040	-0.150000036E-02	 0.269999998E-02	 0.159999995E-02	 0.239833334E-06
    1279	-0.120000033E-02	 0.269999998E-02	 0.159999995E-02	 0.175010251E-06
    1521	-0.900000310E-03	 0.269999998E-02	 0.159999995E-02	 0.132222767E-06
    1752	-0.600000286E-03	 0.269999998E-02	 0.159999995E-02	 0.105782135E-06
    1292	-0.150000036E-02	 0.300000000E-02	 0.159999995E-02	 0.389834898E-06
    1293	-0.120000033E-02	 0.300000000E-02	 0.159999995E-02	 0.312326713E-06
    1532	-0.900000310E-03	 0.300000000E-02	 0.159999995E-02	 0.263942257E-06
    1763	-0.600000286E-03	 0.300000000E-02	 0.159999995E-02	 0.232600657E-06
    1972	-0.300000262E-03	 0.239999995E-02	 0.159999995E-02	 0.166829893E-07
    1983	-0.300000262E-03	 0.269999998E-02	 0.159999995E-02	 0.926155611E-07
    1994	-0.300000262E-03	 0.300000000E-02	 0.159999995E-02	 0.216814888E-06
    2148	-0.238418579E-09	 0.899999833E-03	 0.159999995E-02	-0.195747776E-06
    2159	-0.238418579E-09	 0.119999986E-02	 0.159999995E-02	-0.169286114E-06
    2170	-0.238418579E-09	 0.149999988E-02	 0.159999995E-02	-0.135510403E-06
    2181	-0.238418579E-09	 0.179999990E-02	 0.159999995E-02	-0.944847795E-07
    2192	-0.238418579E-09	 0.209999993E-02	 0.159999995E-02	-0.454695750E-07
    2203	-0.238418579E-09	 0.239999995E-02	 0.159999995E-02	 0.129743782E-07
    2214	-0.238418579E-09	 0.269999998E-02	 0.159999995E-02	 0.883864931E-07
    2225	-0.238418579E-09	 0.300000000E-02	 0.159999995E-02	 0.211993485E-06
    2335	 0.299999785E-03	-0.300000262E-03	 0.159999995E-02	-0.222387530E-06
    2346	 0.299999785E-03	-0.238418579E-09	 0.159999995E-02	-0.226203601E-06
    2357	 0.299999785E-03	 0.299999785E-03	 0.159999995E-02	-0.222387530E-06
    2368	 0.299999785E-03	 0.599999809E-03	 0.159999995E-02	-0.210957285E-06
    2379	 0.299999785E-03	 0.899999833E-03	 0.159999995E-02	-0.191970492E-06
    2390	 0.299999785E-03	 0.119999986E-02	 0.159999995E-02	-0.165551878E-06
    2401	 0.299999785E-03	 0.149999988E-02	 0.159999995E-02	-0.131847203E-06
    2412	 0.299999785E-03	 0.179999990E-02	 0.159999995E-02	-0.909107098E-07
    2423	 0.299999785E-03	 0.209999993E-02	 0.159999995E-02	-0.419148561E-07
    2434	 0.299999785E-03	 0.239999995E-02	 0.159999995E-02	 0.166829887E-07
    2445	 0.299999785E-03	 0.269999998E-02	 0.159999995E-02	 0.926155606E-07
    2456	 0.299999785E-03	 0.300000000E-02	 0.159999995E-02	 0.216814888E-06
    2566	 0.599999809E-03	-0.300000262E-03	 0.159999995E-02	-0.210957286E-06
    2577	 0.599999809E-03	-0.238418579E-09	 0.159999995E-02	-0.214759763E-06
    2588	 0.599999809E-03	 0.299999785E-03	 0.159999995E-02	-0.210957286E-06
    2599	 0.599999809E-03	 0.599999809E-03	 0.159999995E-02	-0.199567584E-06
    2610	 0.599999809E-03	 0.899999833E-03	 0.159999995E-02	-0.180663677E-06
    2621	 0.599999809E-03	 0.119999986E-02	 0.159999995E-02	-0.154369977E-06
    2632	 0.599999809E-03	 0.149999988E-02	 0.159999995E-02	-0.120836790E-06
    2643	 0.599999809E-03	 0.179999990E-02	 0.159999995E-02	-0.800812807E-07
    2654	 0.599999809E-03	 0.209999993E-02	 0.159999995E-02	-0.311774903E-07
    2665	 0.599999809E-03	 0.239999995E-02	 0.159999995E-02	 0.281649568E-07
    2676	 0.599999809E-03	 0.269999998E-02	 0.159999995E-02	 0.105782134E-06
    2687	 0.599999809E-03	 0.300000000E-02	 0.159999995E-02	 0.232600656E-06
    2797	 0.899999833E-03	-0.300000262E-03	 0.159999995E-02	-0.191970492E-06
    2808	 0.899999833E-03	-0.238418579E-09	 0.159999995E-02	-0.195747777E-06
    2819	 0.899999833E-03	 0.299999785E-03	 0.159999995E-02	-0.191970492E-06
    2830	 0.899999833E-03	 0.599999809E-03	 0.159999995E-02	-0.180663677E-06
    2841	 0.899999833E-03	 0.899999833E-03	 0.159999995E-02	-0.161879825E-06
    2852	 0.899999833E-03	 0.119999986E-02	 0.159999995E-02	-0.135781106E-06
    2863	 0.899999833E-03	 0.149999988E-02	 0.159999995E-02	-0.102439385E-06
    2874	 0.899999833E-03	 0.179999990E-02	 0.159999995E-02	-0.617909892E-07
    2885	 0.899999833E-03	 0.209999993E-02	 0.159999995E-02	-0.127400861E-07
    2896	 0.899999833E-03	 0.239999995E-02	 0.159999995E-02	 0.484014675E-07
    2907	 0.899999833E-03	 0.269999998E-02	 0.159999995E-02	 0.132222765E-06
    2918	 0.899999833E-03	 0.300000000E-02	 0.159999995E-02	 0.263942256E-06
    3028	 0.119999986E-02	-0.300000262E-03	 0.159999995E-02	-0.165551879E-06
    3039	 0.119999986E-02	-0.238418579E-09	 0.159999995E-02	-0.169286115E-06
    3050	 0.119999986E-02	 0.299999785E-03	 0.159999995E-02	-0.165551879E-06
    3061	 0.119999986E-02	 0.599999809E-03	 0.159999995E-02	-0.154369978E-06
    3072	 0.119999986E-02	 0.899999833E-03	 0.159999995E-02	-0.135781106E-06
    3083	 0.119999986E-02	 0.119999986E-02	 0.159999995E-02	-0.109864092E-06
    3094	 0.119999986E-02	 0.149999988E-02	 0.159999995E-02	-0.766270032E-07
    3105	 0.119999986E-02	 0.179999990E-02	 0.159999995E-02	-0.356479742E-07
    3116	 0.119999986E-02	 0.209999993E-02	 0.159999995E-02	 0.147402354E-07
    3127	 0.119999986E-02	 0.239999995E-02	 0.159999995E-02	 0.798467861E-07
    3138	 0.119999986E-02	 0.269999998E-02	 0.159999995E-02	 0.175010249E-06
    3149	 0.119999986E-02	 0.300000000E-02	 0.159999995E-02	 0.312326711E-06
    3259	 0.149999988E-02	-0.300000262E-03	 0.159999995E-02	-0.131847204E-06
    3270	 0.149999988E-02	-0.238418579E-09	 0.159999995E-02	-0.135510404E-06
    3281	 0.149999988E-02	 0.299999785E-03	 0.159999995E-02	-0.131847204E-06
    3292	 0.149999988E-02	 0.599999809E-03	 0.159999995E-02	-0.120836791E-06
    3303	 0.149999988E-02	 0.899999833E-03	 0.159999995E-02	-0.102439386E-06
    3314	 0.149999988E-02	 0.119999986E-02	 0.159999995E-02	-0.766270035E-07
    3325	 0.149999988E-02	 0.149999988E-02	 0.159999995E-02	-0.430242278E-07
    3336	 0.149999988E-02	 0.179999990E-02	 0.159999995E-02	-0.128706474E-08
    3347	 0.149999988E-02	 0.209999993E-02	 0.159999995E-02	 0.526513058E-07
    3358	 0.149999988E-02	 0.239999995E-02	 0.159999995E-02	 0.127830634E-06
    3369	 0.149999988E-02	 0.269999998E-02	 0.159999995E-02	 0.239833331E-06
    3380	 0.149999988E-02	 0.300000000E-02	 0.159999995E-02	 0.389834895E-06
    3479	 0.179999990E-02	-0.300000262E-03	 0.159999995E-02	-0.909107114E-07
    3490	 0.179999990E-02	-0.238418579E-09	 0.159999995E-02	-0.944847814E-07
    3501	 0.179999990E-02	 0.299999785E-03	 0.159999995E-02	-0.909107113E-07
    3512	 0.179999990E-02	 0.599999809E-03	 0.159999995E-02	-0.800812819E-07
    3523	 0.179999990E-02	 0.899999833E-03	 0.159999995E-02	-0.617909901E-07
    3534	 0.179999990E-02	 0.119999986E-02	 0.159999995E-02	-0.356479748E-07
    3545	 0.179999990E-02	 0.149999988E-02	 0.159999995E-02	-0.128706505E-08
    3556	 0.179999990E-02	 0.179999990E-02	 0.159999995E-02	 0.434778779E-07
    3567	 0.179999990E-02	 0.209999993E-02	 0.159999995E-02	 0.102474204E-06
    3578	 0.179999990E-02	 0.239999995E-02	 0.159999995E-02	 0.197143431E-06
    3589	 0.179999990E-02	 0.269999998E-02	 0.159999995E-02	 0.326620623E-06
    3677	 0.209999993E-02	-0.300000262E-03	 0.159999995E-02	-0.419148580E-07
    3688	 0.209999993E-02	-0.238418579E-09	 0.159999995E-02	-0.454695771E-07
    3699	 0.209999993E-02	 0.299999785E-03	 0.159999995E-02	-0.419148579E-07
    3710	 0.209999993E-02	 0.599999809E-03	 0.159999995E-02	-0.311774919E-07
    3721	 0.209999993E-02	 0.899999833E-03	 0.159999995E-02	-0.127400874E-07
    3732	 0.209999993E-02	 0.119999986E-02	 0.159999995E-02	 0.147402345E-07
    3743	 0.209999993E-02	 0.149999988E-02	 0.159999995E-02	 0.526513052E-07
    3754	 0.209999993E-02	 0.179999990E-02	 0.159999995E-02	 0.102474204E-06
    3765	 0.209999993E-02	 0.209999993E-02	 0.159999995E-02	 0.171133474E-06
    3776	 0.209999993E-02	 0.239999995E-02	 0.159999995E-02	 0.281581484E-06
    3864	 0.239999995E-02	-0.300000262E-03	 0.159999995E-02	 0.166829865E-07
    3875	 0.239999995E-02	-0.238418579E-09	 0.159999995E-02	 0.129743757E-07
    3886	 0.239999995E-02	 0.299999785E-03	 0.159999995E-02	 0.166829866E-07
    3897	 0.239999995E-02	 0.599999809E-03	 0.159999995E-02	 0.281649550E-07
    3908	 0.239999995E-02	 0.899999833E-03	 0.159999995E-02	 0.484014660E-07
    3919	 0.239999995E-02	 0.119999986E-02	 0.159999995E-02	 0.798467849E-07
    3930	 0.239999995E-02	 0.149999988E-02	 0.159999995E-02	 0.127830633E-06
    3941	 0.239999995E-02	 0.179999990E-02	 0.159999995E-02	 0.197143430E-06
    3952	 0.239999995E-02	 0.209999993E-02	 0.159999995E-02	 0.281581484E-06
    3963	 0.239999995E-02	 0.239999995E-02	 0.159999995E-02	 0.391203331E-06
    4029	 0.269999998E-02	-0.300000262E-03	 0.159999995E-02	 0.926155580E-07
    4040	 0.269999998E-02	-0.238418579E-09	 0.159999995E-02	 0.883864903E-07
    4051	 0.269999998E-02	 0.299999785E-03	 0.159999995E-02	 0.926155581E-07
    4062	 0.269999998E-02	 0.599999809E-03	 0.159999995E-02	 0.105782132E-06
    4073	 0.269999998E-02	 0.899999833E-03	 0.159999995E-02	 0.132222763E-06
    4084	 0.269999998E-02	 0.119999986E-02	 0.159999995E-02	 0.175010247E-06
    4095	 0.269999998E-02	 0.149999988E-02	 0.159999995E-02	 0.239833330E-06
    4106	 0.269999998E-02	 0.179999990E-02	 0.159999995E-02	 0.326620622E-06
    4161	 0.300000000E-02	-0.300000262E-03	 0.159999995E-02	 0.216814885E-06
    4172	 0.300000000E-02	-0.238418579E-09	 0.159999995E-02	 0.211993482E-06
    4183	 0.300000000E-02	 0.299999785E-03	 0.159999995E-02	 0.216814885E-06
    4194	 0.300000000E-02	 0.599999809E-03	 0.159999995E-02	 0.232600654E-06
    4205	 0.300000000E-02	 0.899999833E-03	 0.159999995E-02	 0.263942253E-06
    4216	 0.300000000E-02	 0.119999986E-02	 0.159999995E-02	 0.312326709E-06
    4227	 0.300000000E-02	 0.149999988E-02	 0.159999995E-02	 0.389834894E-06
      15	-0.270000045E-02	-0.150000036E-02	 0.189999996E-02	 0.883092896E-07
     252	-0.270000045E-02	-0.180000038E-02	 0.189999996E-02	 0.129092477E-06
     254	-0.240000043E-02	-0.150000036E-02	 0.189999996E-02	 0.461879460E-07
     253	-0.240000043E-02	-0.180000038E-02	 0.189999996E-02	 0.739174107E-07
     421	-0.240000043E-02	-0.210000040E-02	 0.189999996E-02	 0.107748151E-06
     420	-0.240000043E-02	-0.240000043E-02	 0.189999996E-02	 0.155954946E-06
     423	-0.210000040E-02	-0.210000040E-02	 0.189999996E-02	 0.622332439E-07
     422	-0.210000040E-02	-0.240000043E-02	 0.189999996E-02	 0.107748151E-06
     455	-0.210000040E-02	-0.180000038E-02	 0.189999996E-02	 0.372410622E-07
     466	-0.210000040E-02	-0.150000036E-02	 0.189999996E-02	 0.184623084E-07
     646	-0.180000038E-02	-0.210000040E-02	 0.189999996E-02	 0.372410620E-07
     645	-0.180000038E-02	-0.240000043E-02	 0.189999996E-02	 0.739174105E-07
     664	-0.180000038E-02	-0.180000038E-02	 0.189999996E-02	 0.146096619E-07
     675	-0.180000038E-02	-0.150000036E-02	 0.189999996E-02	-0.248775177E-08
     835	-0.180000038E-02	-0.270000045E-02	 0.189999996E-02	 0.129092476E-06
     837	-0.150000036E-02	-0.240000043E-02	 0.189999996E-02	 0.461879456E-07
     836	-0.150000036E-02	-0.270000045E-02	 0.189999996E-02	 0.883092891E-07
     862	-0.150000036E-02	-0.210000040E-02	 0.189999996E-02	 0.184623081E-07
     873	-0.150000036E-02	-0.180000038E-02	 0.189999996E-02	-0.248775190E-08
     884	-0.150000036E-02	-0.150000036E-02	 0.189999996E-02	-0.184839143E-07
    1066	-0.150000036E-02	-0.300000048E-02	 0.189999996E-02	 0.150130323E-06
    1068	-0.120000033E-02	-0.270000045E-02	 0.189999996E-02	 0.629547983E-07
    1067	-0.120000033E-02	-0.300000048E-02	 0.189999996E-02	 0.119003655E-06
    1093	-0.120000033E-02	-0.240000043E-02	 0.189999996E-02	 0.288155435E-07
    1104	-0.120000033E-02	-0.210000040E-02	 0.189999996E-02	 0.391990590E-08
    1115	-0.120000033E-02	-0.180000038E-02	 0.189999996E-02	-0.156050095E-07
    1126	-0.120000033E-02	-0.150000036E-02	 0.189999996E-02	-0.311598797E-07
    1317	-0.900000310E-03	-0.270000045E-02	 0.189999996E-02	 0.488694353E-07
    1316	-0.900000310E-03	-0.300000048E-02	 0.189999996E-02	 0.104236037E-06
    1335	-0.900000310E-03	-0.240000043E-02	 0.189999996E-02	 0.167059766E-07
    1346	-0.900000310E-03	-0.210000040E-02	 0.189999996E-02	-0.665183534E-08
    1357	-0.900000310E-03	-0.180000038E-02	 0.189999996E-02	-0.255179795E-07
    1368	-0.900000310E-03	-0.150000036E-02	 0.189999996E-02	-0.407776933E-07
    1137	-0.120000033E-02	-0.120000033E-02	 0.189999996E-02	-0.435294058E-07
    1379	-0.900000310E-03	-0.120000033E-02	 0.189999996E-02	-0.530711047E-07
    1548	-0.600000286E-03	-0.270000045E-02	 0.189999996E-02	 0.400305789E-07
    1547	-0.600000286E-03	-0.300000048E-02	 0.189999996E-02	 0.943253486E-07
    1566	-0.600000286E-03	-0.240000043E-02	 0.189999996E-02	 0.865289316E-08
    1577	-0.600000286E-03	-0.210000040E-02	 0.189999996E-02	-0.138888626E-07
    1588	-0.600000286E-03	-0.180000038E-02	 0.189999996E-02	-0.324049845E-07
    1599	-0.600000286E-03	-0.150000036E-02	 0.189999996E-02	-0.475794757E-07
    1610	-0.600000286E-03	-0.120000033E-02	 0.189999996E-02	-0.598412036E-07
    1390	-0.900000310E-03	-0.900000310E-03	 0.189999996E-02	-0.625688101E-07
    1621	-0.600000286E-03	-0.900000310E-03	 0.189999996E-02	-0.693560358E-07
    1779	-0.300000262E-03	-0.270000045E-02	 0.189999996E-02	 0.349754259E-07
    1778	-0.300000262E-03	-0.300000048E-02	 0.189999996E-02	 0.889575447E-07
    1797	-0.300000262E-03	-0.240000043E-02	 0.189999996E-02	 0.406076020E-08
    1808	-0.300000262E-03	-0.210000040E-02	 0.189999996E-02	-0.180926846E-07
    1819	-0.300000262E-03	-0.180000038E-02	 0.189999996E-02	-0.364882417E-07
    1830	-0.300000262E-03	-0.150000036E-02	 0.189999996E-02	-0.516234426E-07
    1841	-0.300000262E-03	-0.120000033E-02	 0.189999996E-02	-0.639009443E-07
    1852	-0.300000262E-03	-0.900000310E-03	 0.189999996E-02	-0.734309287E-07
    2010	-0.238418579E-09	-0.270000045E-02	 0.189999996E-02	 0.333822833E-07
    2009	-0.238418579E-09	-0.300000048E-02	 0.189999996E-02	 0.871627627E-07
    2028	-0.238418579E-09	-0.240000043E-02	 0.189999996E-02	 0.260373591E-08
    2039	-0.238418579E-09	-0.210000040E-02	 0.189999996E-02	-0.194899300E-07
    2050	-0.238418579E-09	-0.180000038E-02	 0.189999996E-02	-0.378298310E-07
    2061	-0.238418579E-09	-0.150000036E-02	 0.189999996E-02	-0.529718698E-07
    2072	-0.238418579E-09	-0.120000033E-02	 0.189999996E-02	-0.652501211E-07
    2083	-0.238418579E-09	-0.900000310E-03	 0.189999996E-02	-0.747913714E-07
    1863	-0.300000262E-03	-0.600000286E-03	 0.189999996E-02	-0.802591575E-07
    2094	-0.238418579E-09	-0.600000286E-03	 0.189999996E-02	-0.816251895E-07
    2241	 0.299999785E-03	-0.270000045E-02	 0.189999996E-02	 0.349754257E-07
    2240	 0.299999785E-03	-0.300000048E-02	 0.189999996E-02	 0.889575445E-07
    2259	 0.299999785E-03	-0.240000043E-02	 0.189999996E-02	 0.406075999E-08
    2270	 0.299999785E-03	-0.210000040E-02	 0.189999996E-02	-0.180926848E-07
    2281	 0.299999785E-03	-0.180000038E-02	 0.189999996E-02	-0.364882419E-07
    2292	 0.299999785E-03	-0.150000036E-02	 0.189999996E-02	-0.516234429E-07
    2303	 0.299999785E-03	-0.120000033E-02	 0.189999996E-02	-0.639009445E-07
    2314	 0.299999785E-03	-0.900000310E-03	 0.189999996E-02	-0.734309289E-07
    2325	 0.299999785E-03	-0.600000286E-03	 0.189999996E-02	-0.802591577E-07
    2472	 0.599999809E-03	-0.270000045E-02	 0.189999996E-02	 0.400305785E-07
    2471	 0.599999809E-03	-0.300000048E-02	 0.189999996E-02	 0.943253482E-07
    2490	 0.599999809E-03	-0.240000043E-02	 0.189999996E-02	 0.865289274E-08
    2501	 0.599999809E-03	-0.210000040E-02	 0.189999996E-02	-0.138888630E-07
    2512	 0.599999809E-03	-0.180000038E-02	 0.189999996E-02	-0.324049849E-07
    2523	 0.599999809E-03	-0.150000036E-02	 0.189999996E-02	-0.475794761E-07
    2534	 0.599999809E-03	-0.120000033E-02	 0.189999996E-02	-0.598412040E-07
    2545	 0.599999809E-03	-0.900000310E-03	 0.189999996E-02	-0.693560362E-07
    2556	 0.599999809E-03	-0.600000286E-03	 0.189999996E-02	-0.761637995E-07
    2703	 0.899999833E-03	-0.270000045E-02	 0.189999996E-02	 0.488694347E-07
    2702	 0.899999833E-03	-0.300000048E-02	 0.189999996E-02	 0.104236036E-06
    2721	 0.899999833E-03	-0.240000043E-02	 0.189999996E-02	 0.167059760E-07
    2732	 0.899999833E-03	-0.210000040E-02	 0.189999996E-02	-0.665183596E-08
    2743	 0.899999833E-03	-0.180000038E-02	 0.189999996E-02	-0.255179801E-07
    2754	 0.899999833E-03	-0.150000036E-02	 0.189999996E-02	-0.407776939E-07
    2765	 0.899999833E-03	-0.120000033E-02	 0.189999996E-02	-0.530711053E-07
    2776	 0.899999833E-03	-0.900000310E-03	 0.189999996E-02	-0.625688107E-07
    2787	 0.899999833E-03	-0.600000286E-03	 0.189999996E-02	-0.693560363E-07
    2934	 0.119999986E-02	-0.270000045E-02	 0.189999996E-02	 0.629547975E-07
    2933	 0.119999986E-02	-0.300000048E-02	 0.189999996E-02	 0.119003654E-06
    2952	 0.119999986E-02	-0.240000043E-02	 0.189999996E-02	 0.288155426E-07
    2963	 0.119999986E-02	-0.210000040E-02	 0.189999996E-02	 0.391990505E-08
    2974	 0.119999986E-02	-0.180000038E-02	 0.189999996E-02	-0.156050104E-07
    2985	 0.119999986E-02	-0.150000036E-02	 0.189999996E-02	-0.311598806E-07
    2996	 0.119999986E-02	-0.120000033E-02	 0.189999996E-02	-0.435294066E-07
    3007	 0.119999986E-02	-0.900000310E-03	 0.189999996E-02	-0.530711054E-07
    3018	 0.119999986E-02	-0.600000286E-03	 0.189999996E-02	-0.598412042E-07
    3165	 0.149999988E-02	-0.270000045E-02	 0.189999996E-02	 0.883092880E-07
    3164	 0.149999988E-02	-0.300000048E-02	 0.189999996E-02	 0.150130322E-06
    3183	 0.149999988E-02	-0.240000043E-02	 0.189999996E-02	 0.461879445E-07
    3194	 0.149999988E-02	-0.210000040E-02	 0.189999996E-02	 0.184623070E-07
    3205	 0.149999988E-02	-0.180000038E-02	 0.189999996E-02	-0.248775295E-08
    3216	 0.149999988E-02	-0.150000036E-02	 0.189999996E-02	-0.184839153E-07
    3227	 0.149999988E-02	-0.120000033E-02	 0.189999996E-02	-0.311598807E-07
    3238	 0.149999988E-02	-0.900000310E-03	 0.189999996E-02	-0.407776941E-07
    3249	 0.149999988E-02	-0.600000286E-03	 0.189999996E-02	-0.475794763E-07
    3396	 0.179999990E-02	-0.240000043E-02	 0.189999996E-02	 0.739174093E-07
    3395	 0.179999990E-02	-0.270000045E-02	 0.189999996E-02	 0.129092475E-06
    3414	 0.179999990E-02	-0.210000040E-02	 0.189999996E-02	 0.372410608E-07
    3425	 0.179999990E-02	-0.180000038E-02	 0.189999996E-02	 0.146096607E-07
    3436	 0.179999990E-02	-0.150000036E-02	 0.189999996E-02	-0.248775297E-08
    3447	 0.179999990E-02	-0.120000033E-02	 0.189999996E-02	-0.156050105E-07
    3458	 0.179999990E-02	-0.900000310E-03	 0.189999996E-02	-0.255179803E-07
    3469	 0.179999990E-02	-0.600000286E-03	 0.189999996E-02	-0.324049851E-07
    3605	 0.209999993E-02	-0.210000040E-02	 0.189999996E-02	 0.622332424E-07
    3604	 0.209999993E-02	-0.240000043E-02	 0.189999996E-02	 0.107748149E-06
    3623	 0.209999993E-02	-0.180000038E-02	 0.189999996E-02	 0.372410607E-07
    3634	 0.209999993E-02	-0.150000036E-02	 0.189999996E-02	 0.184623069E-07
    3645	 0.209999993E-02	-0.120000033E-02	 0.189999996E-02	 0.391990481E-08
    3656	 0.209999993E-02	-0.900000310E-03	 0.189999996E-02	-0.665183629E-08
    3667	 0.209999993E-02	-0.600000286E-03	 0.189999996E-02	-0.138888634E-07
    3792	 0.239999995E-02	-0.210000040E-02	 0.189999996E-02	 0.107748149E-06
    3791	 0.239999995E-02	-0.240000043E-02	 0.189999996E-02	 0.155954945E-06
    3810	 0.239999995E-02	-0.180000038E-02	 0.189999996E-02	 0.739174090E-07
    3821	 0.239999995E-02	-0.150000036E-02	 0.189999996E-02	 0.461879443E-07
    3832	 0.239999995E-02	-0.120000033E-02	 0.189999996E-02	 0.288155423E-07
    3843	 0.239999995E-02	-0.900000310E-03	 0.189999996E-02	 0.167059756E-07
    3854	 0.239999995E-02	-0.600000286E-03	 0.189999996E-02	 0.865289226E-08
    3979	 0.269999998E-02	-0.150000036E-02	 0.189999996E-02	 0.883092877E-07
    3978	 0.269999998E-02	-0.180000038E-02	 0.189999996E-02	 0.129092475E-06
    3997	 0.269999998E-02	-0.120000033E-02	 0.189999996E-02	 0.629547971E-07
    4008	 0.269999998E-02	-0.900000310E-03	 0.189999996E-02	 0.488694342E-07
    4019	 0.269999998E-02	-0.600000286E-03	 0.189999996E-02	 0.400305779E-07
    4122	 0.300000000E-02	-0.120000033E-02	 0.189999996E-02	 0.119003654E-06
    4121	 0.300000000E-02	-0.150000036E-02	 0.189999996E-02	 0.150130322E-06
    4140	 0.300000000E-02	-0.900000310E-03	 0.189999996E-02	 0.104236036E-06
    4151	 0.300000000E-02	-0.600000286E-03	 0.189999996E-02	 0.943253476E-07
      14	-0.300000048E-02	-0.120000033E-02	 0.189999996E-02	 0.119003656E-06
      13	-0.300000048E-02	-0.150000036E-02	 0.189999996E-02	 0.150130324E-06
      16	-0.270000045E-02	-0.120000033E-02	 0.189999996E-02	 0.629547990E-07
     279	-0.240000043E-02	-0.120000033E-02	 0.189999996E-02	 0.288155440E-07
     477	-0.210000040E-02	-0.120000033E-02	 0.189999996E-02	 0.391990628E-08
     686	-0.180000038E-02	-0.120000033E-02	 0.189999996E-02	-0.156050093E-07
     895	-0.150000036E-02	-0.120000033E-02	 0.189999996E-02	-0.311598796E-07
      51	-0.300000048E-02	-0.900000310E-03	 0.189999996E-02	 0.104236038E-06
      52	-0.270000045E-02	-0.900000310E-03	 0.189999996E-02	 0.488694361E-07
     290	-0.240000043E-02	-0.900000310E-03	 0.189999996E-02	 0.167059772E-07
     488	-0.210000040E-02	-0.900000310E-03	 0.189999996E-02	-0.665183482E-08
     697	-0.180000038E-02	-0.900000310E-03	 0.189999996E-02	-0.255179791E-07
     906	-0.150000036E-02	-0.900000310E-03	 0.189999996E-02	-0.407776931E-07
    1148	-0.120000033E-02	-0.900000310E-03	 0.189999996E-02	-0.530711045E-07
      73	-0.300000048E-02	-0.600000286E-03	 0.189999996E-02	 0.943253497E-07
      74	-0.270000045E-02	-0.600000286E-03	 0.189999996E-02	 0.400305798E-07
     301	-0.240000043E-02	-0.600000286E-03	 0.189999996E-02	 0.865289394E-08
     499	-0.210000040E-02	-0.600000286E-03	 0.189999996E-02	-0.138888619E-07
     708	-0.180000038E-02	-0.600000286E-03	 0.189999996E-02	-0.324049839E-07
     917	-0.150000036E-02	-0.600000286E-03	 0.189999996E-02	-0.475794753E-07
    1159	-0.120000033E-02	-0.600000286E-03	 0.189999996E-02	-0.598412033E-07
    1401	-0.900000310E-03	-0.600000286E-03	 0.189999996E-02	-0.693560357E-07
    1632	-0.600000286E-03	-0.600000286E-03	 0.189999996E-02	-0.761637990E-07
      95	-0.300000048E-02	-0.300000262E-03	 0.189999996E-02	 0.889575458E-07
      96	-0.270000045E-02	-0.300000262E-03	 0.189999996E-02	 0.349754269E-07
     312	-0.240000043E-02	-0.300000262E-03	 0.189999996E-02	 0.406076111E-08
     510	-0.210000040E-02	-0.300000262E-03	 0.189999996E-02	-0.180926838E-07
     719	-0.180000038E-02	-0.300000262E-03	 0.189999996E-02	-0.364882411E-07
     928	-0.150000036E-02	-0.300000262E-03	 0.189999996E-02	-0.516234421E-07
    1170	-0.120000033E-02	-0.300000262E-03	 0.189999996E-02	-0.639009439E-07
    1412	-0.900000310E-03	-0.300000262E-03	 0.189999996E-02	-0.734309285E-07
    1643	-0.600000286E-03	-0.300000262E-03	 0.189999996E-02	-0.802591574E-07
    1874	-0.300000262E-03	-0.300000262E-03	 0.189999996E-02	-0.843653057E-07
    2105	-0.238418579E-09	-0.300000262E-03	 0.189999996E-02	-0.857372989E-07
     117	-0.300000048E-02	-0.238418579E-09	 0.189999996E-02	 0.871627640E-07
     118	-0.270000045E-02	-0.238418579E-09	 0.189999996E-02	 0.333822845E-07
     323	-0.240000043E-02	-0.238418579E-09	 0.189999996E-02	 0.260373694E-08
     521	-0.210000040E-02	-0.238418579E-09	 0.189999996E-02	-0.194899291E-07
     730	-0.180000038E-02	-0.238418579E-09	 0.189999996E-02	-0.378298303E-07
     939	-0.150000036E-02	-0.238418579E-09	 0.189999996E-02	-0.529718692E-07
    1181	-0.120000033E-02	-0.238418579E-09	 0.189999996E-02	-0.652501206E-07
    1423	-0.900000310E-03	-0.238418579E-09	 0.189999996E-02	-0.747913710E-07
    1654	-0.600000286E-03	-0.238418579E-09	 0.189999996E-02	-0.816251893E-07
    1885	-0.300000262E-03	-0.238418579E-09	 0.189999996E-02	-0.857372987E-07
    2116	-0.238418579E-09	-0.238418579E-09	 0.189999996E-02	-0.871096913E-07
     139	-0.300000048E-02	 0.299999785E-03	 0.189999996E-02	 0.889575459E-07
     140	-0.270000045E-02	 0.299999785E-03	 0.189999996E-02	 0.349754270E-07
     334	-0.240000043E-02	 0.299999785E-03	 0.189999996E-02	 0.406076116E-08
     532	-0.210000040E-02	 0.299999785E-03	 0.189999996E-02	-0.180926837E-07
     741	-0.180000038E-02	 0.299999785E-03	 0.189999996E-02	-0.364882410E-07
     950	-0.150000036E-02	 0.299999785E-03	 0.189999996E-02	-0.516234421E-07
    1192	-0.120000033E-02	 0.299999785E-03	 0.189999996E-02	-0.639009439E-07
    1434	-0.900000310E-03	 0.299999785E-03	 0.189999996E-02	-0.734309284E-07
    1665	-0.600000286E-03	 0.299999785E-03	 0.189999996E-02	-0.802591573E-07
    1896	-0.300000262E-03	 0.299999785E-03	 0.189999996E-02	-0.843653056E-07
    2127	-0.238418579E-09	 0.299999785E-03	 0.189999996E-02	-0.857372988E-07
     161	-0.300000048E-02	 0.599999809E-03	 0.189999996E-02	 0.943253498E-07
     162	-0.270000045E-02	 0.599999809E-03	 0.189999996E-02	 0.400305799E-07
     345	-0.240000043E-02	 0.599999809E-03	 0.189999996E-02	 0.865289404E-08
     543	-0.210000040E-02	 0.599999809E-03	 0.189999996E-02	-0.138888618E-07
     752	-0.180000038E-02	 0.599999809E-03	 0.189999996E-02	-0.324049838E-07
     961	-0.150000036E-02	 0.599999809E-03	 0.189999996E-02	-0.475794752E-07
    1203	-0.120000033E-02	 0.599999809E-03	 0.189999996E-02	-0.598412032E-07
    1445	-0.900000310E-03	 0.599999809E-03	 0.189999996E-02	-0.693560356E-07
    1676	-0.600000286E-03	 0.599999809E-03	 0.189999996E-02	-0.761637989E-07
    1907	-0.300000262E-03	 0.599999809E-03	 0.189999996E-02	-0.802591574E-07
    2138	-0.238418579E-09	 0.599999809E-03	 0.189999996E-02	-0.816251894E-07
     183	-0.300000048E-02	 0.899999833E-03	 0.189999996E-02	 0.104236038E-06
     184	-0.270000045E-02	 0.899999833E-03	 0.189999996E-02	 0.488694362E-07
     356	-0.240000043E-02	 0.899999833E-03	 0.189999996E-02	 0.167059774E-07
     554	-0.210000040E-02	 0.899999833E-03	 0.189999996E-02	-0.665183467E-08
     763	-0.180000038E-02	 0.899999833E-03	 0.189999996E-02	-0.255179790E-07
     972	-0.150000036E-02	 0.899999833E-03	 0.189999996E-02	-0.407776929E-07
    1214	-0.120000033E-02	 0.899999833E-03	 0.189999996E-02	-0.530711044E-07
    1456	-0.900000310E-03	 0.899999833E-03	 0.189999996E-02	-0.625688099E-07
    1687	-0.600000286E-03	 0.899999833E-03	 0.189999996E-02	-0.693560357E-07
    1918	-0.300000262E-03	 0.899999833E-03	 0.189999996E-02	-0.734309286E-07
     205	-0.300000048E-02	 0.119999986E-02	 0.189999996E-02	 0.119003656E-06
     206	-0.270000045E-02	 0.119999986E-02	 0.189999996E-02	 0.629547992E-07
     367	-0.240000043E-02	 0.119999986E-02	 0.189999996E-02	 0.288155442E-07
     565	-0.210000040E-02	 0.119999986E-02	 0.189999996E-02	 0.391990647E-08
     774	-0.180000038E-02	 0.119999986E-02	 0.189999996E-02	-0.156050091E-07
     983	-0.150000036E-02	 0.119999986E-02	 0.189999996E-02	-0.311598794E-07
    1225	-0.120000033E-02	 0.119999986E-02	 0.189999996E-02	-0.435294056E-07
    1467	-0.900000310E-03	 0.119999986E-02	 0.189999996E-02	-0.530711045E-07
    1698	-0.600000286E-03	 0.119999986E-02	 0.189999996E-02	-0.598412034E-07
    1929	-0.300000262E-03	 0.119999986E-02	 0.189999996E-02	-0.639009441E-07
     227	-0.300000048E-02	 0.149999988E-02	 0.189999996E-02	 0.150130324E-06
     228	-0.270000045E-02	 0.149999988E-02	 0.189999996E-02	 0.883092898E-07
     378	-0.240000043E-02	 0.149999988E-02	 0.189999996E-02	 0.461879462E-07
     576	-0.210000040E-02	 0.149999988E-02	 0.189999996E-02	 0.184623086E-07
     785	-0.180000038E-02	 0.149999988E-02	 0.189999996E-02	-0.248775153E-08
     994	-0.150000036E-02	 0.149999988E-02	 0.189999996E-02	-0.184839140E-07
    1236	-0.120000033E-02	 0.149999988E-02	 0.189999996E-02	-0.311598795E-07
    1478	-0.900000310E-03	 0.149999988E-02	 0.189999996E-02	-0.407776931E-07
    1709	-0.600000286E-03	 0.149999988E-02	 0.189999996E-02	-0.475794754E-07
    1940	-0.300000262E-03	 0.149999988E-02	 0.189999996E-02	-0.516234424E-07
     392	-0.270000045E-02	 0.179999990E-02	 0.189999996E-02	 0.129092477E-06
     393	-0.240000043E-02	 0.179999990E-02	 0.189999996E-02	 0.739174111E-07
     587	-0.210000040E-02	 0.179999990E-02	 0.189999996E-02	 0.372410625E-07
     796	-0.180000038E-02	 0.179999990E-02	 0.189999996E-02	 0.146096623E-07
    1005	-0.150000036E-02	 0.179999990E-02	 0.189999996E-02	-0.248775155E-08
    1247	-0.120000033E-02	 0.179999990E-02	 0.189999996E-02	-0.156050092E-07
    1489	-0.900000310E-03	 0.179999990E-02	 0.189999996E-02	-0.255179791E-07
    1720	-0.600000286E-03	 0.179999990E-02	 0.189999996E-02	-0.324049841E-07
    1951	-0.300000262E-03	 0.179999990E-02	 0.189999996E-02	-0.364882414E-07
     601	-0.240000043E-02	 0.209999993E-02	 0.189999996E-02	 0.107748151E-06
     602	-0.210000040E-02	 0.209999993E-02	 0.189999996E-02	 0.622332442E-07
     807	-0.180000038E-02	 0.209999993E-02	 0.189999996E-02	 0.372410624E-07
    1016	-0.150000036E-02	 0.209999993E-02	 0.189999996E-02	 0.184623084E-07
    1258	-0.120000033E-02	 0.209999993E-02	 0.189999996E-02	 0.391990623E-08
    1500	-0.900000310E-03	 0.209999993E-02	 0.189999996E-02	-0.665183500E-08
    1731	-0.600000286E-03	 0.209999993E-02	 0.189999996E-02	-0.138888622E-07
    1962	-0.300000262E-03	 0.209999993E-02	 0.189999996E-02	-0.180926842E-07
     623	-0.240000043E-02	 0.239999995E-02	 0.189999996E-02	 0.155954947E-06
     624	-0.210000040E-02	 0.239999995E-02	 0.189999996E-02	 0.107748151E-06
     818	-0.180000038E-02	 0.239999995E-02	 0.189999996E-02	 0.739174109E-07
    1027	-0.150000036E-02	 0.239999995E-02	 0.189999996E-02	 0.461879460E-07
    1269	-0.120000033E-02	 0.239999995E-02	 0.189999996E-02	 0.288155439E-07
    1511	-0.900000310E-03	 0.239999995E-02	 0.189999996E-02	 0.167059770E-07
    1742	-0.600000286E-03	 0.239999995E-02	 0.189999996E-02	 0.865289355E-08
    1041	-0.180000038E-02	 0.269999998E-02	 0.189999996E-02	 0.129092477E-06
    1042	-0.150000036E-02	 0.269999998E-02	 0.189999996E-02	 0.883092895E-07
    1280	-0.120000033E-02	 0.269999998E-02	 0.189999996E-02	 0.629547988E-07
    1522	-0.900000310E-03	 0.269999998E-02	 0.189999996E-02	 0.488694357E-07
    1753	-0.600000286E-03	 0.269999998E-02	 0.189999996E-02	 0.400305793E-07
    1294	-0.150000036E-02	 0.300000000E-02	 0.189999996E-02	 0.150130323E-06
    1295	-0.120000033E-02	 0.300000000E-02	 0.189999996E-02	 0.119003656E-06
    1533	-0.900000310E-03	 0.300000000E-02	 0.189999996E-02	 0.104236037E-06
    1764	-0.600000286E-03	 0.300000000E-02	 0.189999996E-02	 0.943253491E-07
    1973	-0.300000262E-03	 0.239999995E-02	 0.189999996E-02	 0.406076059E-08
    1984	-0.300000262E-03	 0.269999998E-02	 0.189999996E-02	 0.349754263E-07
    1995	-0.300000262E-03	 0.300000000E-02	 0.189999996E-02	 0.889575452E-07
    2149	-0.238418579E-09	 0.899999833E-03	 0.189999996E-02	-0.747913712E-07
    2160	-0.238418579E-09	 0.119999986E-02	 0.189999996E-02	-0.652501209E-07
    2171	-0.238418579E-09	 0.149999988E-02	 0.189999996E-02	-0.529718696E-07
    2182	-0.238418579E-09	 0.179999990E-02	 0.189999996E-02	-0.378298307E-07
    2193	-0.238418579E-09	 0.209999993E-02	 0.189999996E-02	-0.194899297E-07
    2204	-0.238418579E-09	 0.239999995E-02	 0.189999996E-02	 0.260373629E-08
    2215	-0.238418579E-09	 0.269999998E-02	 0.189999996E-02	 0.333822837E-07
    2226	-0.238418579E-09	 0.300000000E-02	 0.189999996E-02	 0.871627632E-07
    2336	 0.299999785E-03	-0.300000262E-03	 0.189999996E-02	-0.843653059E-07
    2347	 0.299999785E-03	-0.238418579E-09	 0.189999996E-02	-0.857372989E-07
    2358	 0.299999785E-03	 0.299999785E-03	 0.189999996E-02	-0.843653058E-07
    2369	 0.299999785E-03	 0.599999809E-03	 0.189999996E-02	-0.802591576E-07
    2380	 0.299999785E-03	 0.899999833E-03	 0.189999996E-02	-0.734309288E-07
    2391	 0.299999785E-03	 0.119999986E-02	 0.189999996E-02	-0.639009443E-07
    2402	 0.299999785E-03	 0.149999988E-02	 0.189999996E-02	-0.516234426E-07
    2413	 0.299999785E-03	 0.179999990E-02	 0.189999996E-02	-0.364882416E-07
    2424	 0.299999785E-03	 0.209999993E-02	 0.189999996E-02	-0.180926844E-07
    2435	 0.299999785E-03	 0.239999995E-02	 0.189999996E-02	 0.406076038E-08
    2446	 0.299999785E-03	 0.269999998E-02	 0.189999996E-02	 0.349754261E-07
    2457	 0.299999785E-03	 0.300000000E-02	 0.189999996E-02	 0.889575449E-07
    2567	 0.599999809E-03	-0.300000262E-03	 0.189999996E-02	-0.802591578E-07
    2578	 0.599999809E-03	-0.238418579E-09	 0.189999996E-02	-0.816251897E-07
    2589	 0.599999809E-03	 0.299999785E-03	 0.189999996E-02	-0.802591577E-07
    2600	 0.599999809E-03	 0.599999809E-03	 0.189999996E-02	-0.761637994E-07
    2611	 0.599999809E-03	 0.899999833E-03	 0.189999996E-02	-0.693560361E-07
    2622	 0.599999809E-03	 0.119999986E-02	 0.189999996E-02	-0.598412038E-07
    2633	 0.599999809E-03	 0.149999988E-02	 0.189999996E-02	-0.475794758E-07
    2644	 0.599999809E-03	 0.179999990E-02	 0.189999996E-02	-0.324049845E-07
    2655	 0.599999809E-03	 0.209999993E-02	 0.189999996E-02	-0.138888627E-07
    2666	 0.599999809E-03	 0.239999995E-02	 0.189999996E-02	 0.865289313E-08
    2677	 0.599999809E-03	 0.269999998E-02	 0.189999996E-02	 0.400305789E-07
    2688	 0.599999809E-03	 0.300000000E-02	 0.189999996E-02	 0.943253487E-07
    2798	 0.899999833E-03	-0.300000262E-03	 0.189999996E-02	-0.734309291E-07
    2809	 0.899999833E-03	-0.238418579E-09	 0.189999996E-02	-0.747913716E-07
    2820	 0.899999833E-03	 0.299999785E-03	 0.189999996E-02	-0.734309290E-07
    2831	 0.899999833E-03	 0.599999809E-03	 0.189999996E-02	-0.693560362E-07
    2842	 0.899999833E-03	 0.899999833E-03	 0.189999996E-02	-0.625688105E-07
    2853	 0.899999833E-03	 0.119999986E-02	 0.189999996E-02	-0.530711051E-07
    2864	 0.899999833E-03	 0.149999988E-02	 0.189999996E-02	-0.407776937E-07
    2875	 0.899999833E-03	 0.179999990E-02	 0.189999996E-02	-0.255179798E-07
    2886	 0.899999833E-03	 0.209999993E-02	 0.189999996E-02	-0.665183562E-08
    2897	 0.899999833E-03	 0.239999995E-02	 0.189999996E-02	 0.167059764E-07
    2908	 0.899999833E-03	 0.269999998E-02	 0.189999996E-02	 0.488694351E-07
    2919	 0.899999833E-03	 0.300000000E-02	 0.189999996E-02	 0.104236037E-06
    3029	 0.119999986E-02	-0.300000262E-03	 0.189999996E-02	-0.639009447E-07
    3040	 0.119999986E-02	-0.238418579E-09	 0.189999996E-02	-0.652501214E-07
    3051	 0.119999986E-02	 0.299999785E-03	 0.189999996E-02	-0.639009447E-07
    3062	 0.119999986E-02	 0.599999809E-03	 0.189999996E-02	-0.598412041E-07
    3073	 0.119999986E-02	 0.899999833E-03	 0.189999996E-02	-0.530711052E-07
    3084	 0.119999986E-02	 0.119999986E-02	 0.189999996E-02	-0.435294064E-07
    3095	 0.119999986E-02	 0.149999988E-02	 0.189999996E-02	-0.311598803E-07
    3106	 0.119999986E-02	 0.179999990E-02	 0.189999996E-02	-0.156050100E-07
    3117	 0.119999986E-02	 0.209999993E-02	 0.189999996E-02	 0.391990539E-08
    3128	 0.119999986E-02	 0.239999995E-02	 0.189999996E-02	 0.288155430E-07
    3139	 0.119999986E-02	 0.269999998E-02	 0.189999996E-02	 0.629547979E-07
    3150	 0.119999986E-02	 0.300000000E-02	 0.189999996E-02	 0.119003655E-06
    3260	 0.149999988E-02	-0.300000262E-03	 0.189999996E-02	-0.516234432E-07
    3271	 0.149999988E-02	-0.238418579E-09	 0.189999996E-02	-0.529718702E-07
    3282	 0.149999988E-02	 0.299999785E-03	 0.189999996E-02	-0.516234431E-07
    3293	 0.149999988E-02	 0.599999809E-03	 0.189999996E-02	-0.475794762E-07
    3304	 0.149999988E-02	 0.899999833E-03	 0.189999996E-02	-0.407776940E-07
    3315	 0.149999988E-02	 0.119999986E-02	 0.189999996E-02	-0.311598805E-07
    3326	 0.149999988E-02	 0.149999988E-02	 0.189999996E-02	-0.184839151E-07
    3337	 0.149999988E-02	 0.179999990E-02	 0.189999996E-02	-0.248775260E-08
    3348	 0.149999988E-02	 0.209999993E-02	 0.189999996E-02	 0.184623074E-07
    3359	 0.149999988E-02	 0.239999995E-02	 0.189999996E-02	 0.461879449E-07
    3370	 0.149999988E-02	 0.269999998E-02	 0.189999996E-02	 0.883092885E-07
    3381	 0.149999988E-02	 0.300000000E-02	 0.189999996E-02	 0.150130322E-06
    3480	 0.179999990E-02	-0.300000262E-03	 0.189999996E-02	-0.364882423E-07
    3491	 0.179999990E-02	-0.238418579E-09	 0.189999996E-02	-0.378298315E-07
    3502	 0.179999990E-02	 0.299999785E-03	 0.189999996E-02	-0.364882422E-07
    3513	 0.179999990E-02	 0.599999809E-03	 0.189999996E-02	-0.324049850E-07
    3524	 0.179999990E-02	 0.899999833E-03	 0.189999996E-02	-0.255179802E-07
    3535	 0.179999990E-02	 0.119999986E-02	 0.189999996E-02	-0.156050103E-07
    3546	 0.179999990E-02	 0.149999988E-02	 0.189999996E-02	-0.248775273E-08
    3557	 0.179999990E-02	 0.179999990E-02	 0.189999996E-02	 0.146096611E-07
    3568	 0.179999990E-02	 0.209999993E-02	 0.189999996E-02	 0.372410612E-07
    3579	 0.179999990E-02	 0.239999995E-02	 0.189999996E-02	 0.739174097E-07
    3590	 0.179999990E-02	 0.269999998E-02	 0.189999996E-02	 0.129092476E-06
    3678	 0.209999993E-02	-0.300000262E-03	 0.189999996E-02	-0.180926853E-07
    3689	 0.209999993E-02	-0.238418579E-09	 0.189999996E-02	-0.194899306E-07
    3700	 0.209999993E-02	 0.299999785E-03	 0.189999996E-02	-0.180926852E-07
    3711	 0.209999993E-02	 0.599999809E-03	 0.189999996E-02	-0.138888633E-07
    3722	 0.209999993E-02	 0.899999833E-03	 0.189999996E-02	-0.665183614E-08
    3733	 0.209999993E-02	 0.119999986E-02	 0.189999996E-02	 0.391990500E-08
    3744	 0.209999993E-02	 0.149999988E-02	 0.189999996E-02	 0.184623071E-07
    3755	 0.209999993E-02	 0.179999990E-02	 0.189999996E-02	 0.372410611E-07
    3766	 0.209999993E-02	 0.209999993E-02	 0.189999996E-02	 0.622332428E-07
    3777	 0.209999993E-02	 0.239999995E-02	 0.189999996E-02	 0.107748150E-06
    3865	 0.239999995E-02	-0.300000262E-03	 0.189999996E-02	 0.406075943E-08
    3876	 0.239999995E-02	-0.238418579E-09	 0.189999996E-02	 0.260373526E-08
    3887	 0.239999995E-02	 0.299999785E-03	 0.189999996E-02	 0.406075948E-08
    3898	 0.239999995E-02	 0.599999809E-03	 0.189999996E-02	 0.865289236E-08
    3909	 0.239999995E-02	 0.899999833E-03	 0.189999996E-02	 0.167059757E-07
    3920	 0.239999995E-02	 0.119999986E-02	 0.189999996E-02	 0.288155425E-07
    3931	 0.239999995E-02	 0.149999988E-02	 0.189999996E-02	 0.461879445E-07
    3942	 0.239999995E-02	 0.179999990E-02	 0.189999996E-02	 0.739174094E-07
    3953	 0.239999995E-02	 0.209999993E-02	 0.189999996E-02	 0.107748150E-06
    3964	 0.239999995E-02	 0.239999995E-02	 0.189999996E-02	 0.155954945E-06
    4030	 0.269999998E-02	-0.300000262E-03	 0.189999996E-02	 0.349754250E-07
    4041	 0.269999998E-02	-0.238418579E-09	 0.189999996E-02	 0.333822826E-07
    4052	 0.269999998E-02	 0.299999785E-03	 0.189999996E-02	 0.349754251E-07
    4063	 0.269999998E-02	 0.599999809E-03	 0.189999996E-02	 0.400305780E-07
    4074	 0.269999998E-02	 0.899999833E-03	 0.189999996E-02	 0.488694343E-07
    4085	 0.269999998E-02	 0.119999986E-02	 0.189999996E-02	 0.629547973E-07
    4096	 0.269999998E-02	 0.149999988E-02	 0.189999996E-02	 0.883092880E-07
    4107	 0.269999998E-02	 0.179999990E-02	 0.189999996E-02	 0.129092475E-06
    4162	 0.300000000E-02	-0.300000262E-03	 0.189999996E-02	 0.889575437E-07
    4173	 0.300000000E-02	-0.238418579E-09	 0.189999996E-02	 0.871627619E-07
    4184	 0.300000000E-02	 0.299999785E-03	 0.189999996E-02	 0.889575438E-07
    4195	 0.300000000E-02	 0.599999809E-03	 0.189999996E-02	 0.943253477E-07
    4206	 0.300000000E-02	 0.899999833E-03	 0.189999996E-02	 0.104236036E-06
    4217	 0.300000000E-02	 0.119999986E-02	 0.189999996E-02	 0.119003654E-06
    4228	 0.300000000E-02	 0.149999988E-02	 0.189999996E-02	 0.150130322E-06
      19	-0.270000045E-02	-0.150000036E-02	 0.219999996E-02	 0.428392051E-07
     255	-0.270000045E-02	-0.180000038E-02	 0.219999996E-02	 0.653889375E-07
     257	-0.240000043E-02	-0.150000036E-02	 0.219999996E-02	 0.210618734E-07
     256	-0.240000043E-02	-0.180000038E-02	 0.219999996E-02	 0.356970203E-07
     425	-0.240000043E-02	-0.210000040E-02	 0.219999996E-02	 0.537710836E-07
     424	-0.240000043E-02	-0.240000043E-02	 0.219999996E-02	 0.801067412E-07
     427	-0.210000040E-02	-0.210000040E-02	 0.219999996E-02	 0.291417023E-07
     426	-0.210000040E-02	-0.240000043E-02	 0.219999996E-02	 0.537710835E-07
     456	-0.210000040E-02	-0.180000038E-02	 0.219999996E-02	 0.164995587E-07
     467	-0.210000040E-02	-0.150000036E-02	 0.219999996E-02	 0.743168188E-08
     648	-0.180000038E-02	-0.210000040E-02	 0.219999996E-02	 0.164995587E-07
     647	-0.180000038E-02	-0.240000043E-02	 0.219999996E-02	 0.356970203E-07
     665	-0.180000038E-02	-0.180000038E-02	 0.219999996E-02	 0.561923551E-08
     676	-0.180000038E-02	-0.150000036E-02	 0.219999996E-02	-0.254242176E-08
     838	-0.180000038E-02	-0.270000045E-02	 0.219999996E-02	 0.653889375E-07
     840	-0.150000036E-02	-0.240000043E-02	 0.219999996E-02	 0.210618734E-07
     839	-0.150000036E-02	-0.270000045E-02	 0.219999996E-02	 0.428392050E-07
     863	-0.150000036E-02	-0.210000040E-02	 0.219999996E-02	 0.743168186E-08
     874	-0.150000036E-02	-0.180000038E-02	 0.219999996E-02	-0.254242177E-08
     885	-0.150000036E-02	-0.150000036E-02	 0.219999996E-02	-0.100755800E-07
    1069	-0.150000036E-02	-0.300000048E-02	 0.219999996E-02	 0.757424517E-07
    1071	-0.120000033E-02	-0.270000045E-02	 0.219999996E-02	 0.293743744E-07
    1070	-0.120000033E-02	-0.300000048E-02	 0.219999996E-02	 0.593099550E-07
    1094	-0.120000033E-02	-0.240000043E-02	 0.219999996E-02	 0.122685541E-07
    1105	-0.120000033E-02	-0.210000040E-02	 0.219999996E-02	 0.504767517E-09
    1116	-0.120000033E-02	-0.180000038E-02	 0.219999996E-02	-0.871447725E-08
    1127	-0.120000033E-02	-0.150000036E-02	 0.219999996E-02	-0.160406094E-07
    1319	-0.900000310E-03	-0.270000045E-02	 0.219999996E-02	 0.226825118E-07
    1318	-0.900000310E-03	-0.300000048E-02	 0.219999996E-02	 0.524637168E-07
    1336	-0.900000310E-03	-0.240000043E-02	 0.219999996E-02	 0.655463170E-08
    1347	-0.900000310E-03	-0.210000040E-02	 0.219999996E-02	-0.452980870E-08
    1358	-0.900000310E-03	-0.180000038E-02	 0.219999996E-02	-0.133940676E-07
    1369	-0.900000310E-03	-0.150000036E-02	 0.219999996E-02	-0.205617063E-07
    1138	-0.120000033E-02	-0.120000033E-02	 0.219999996E-02	-0.218563520E-07
    1380	-0.900000310E-03	-0.120000033E-02	 0.219999996E-02	-0.263355220E-07
    1550	-0.600000286E-03	-0.270000045E-02	 0.219999996E-02	 0.186860068E-07
    1549	-0.600000286E-03	-0.300000048E-02	 0.219999996E-02	 0.481278384E-07
    1567	-0.600000286E-03	-0.240000043E-02	 0.219999996E-02	 0.281827231E-08
    1578	-0.600000286E-03	-0.210000040E-02	 0.219999996E-02	-0.798707818E-08
    1589	-0.600000286E-03	-0.180000038E-02	 0.219999996E-02	-0.166606942E-07
    1600	-0.600000286E-03	-0.150000036E-02	 0.219999996E-02	-0.237655660E-07
    1611	-0.600000286E-03	-0.120000033E-02	 0.219999996E-02	-0.295112323E-07
    1391	-0.900000310E-03	-0.900000310E-03	 0.219999996E-02	-0.307856352E-07
    1622	-0.600000286E-03	-0.900000310E-03	 0.219999996E-02	-0.339610040E-07
    1781	-0.300000262E-03	-0.270000045E-02	 0.219999996E-02	 0.164641563E-07
    1780	-0.300000262E-03	-0.300000048E-02	 0.219999996E-02	 0.458894844E-07
    1798	-0.300000262E-03	-0.240000043E-02	 0.219999996E-02	 0.660041004E-09
    1809	-0.300000262E-03	-0.210000040E-02	 0.219999996E-02	-0.100040444E-07
    1820	-0.300000262E-03	-0.180000038E-02	 0.219999996E-02	-0.186073414E-07
    1831	-0.300000262E-03	-0.150000036E-02	 0.219999996E-02	-0.256724170E-07
    1842	-0.300000262E-03	-0.120000033E-02	 0.219999996E-02	-0.314132480E-07
    1853	-0.300000262E-03	-0.900000310E-03	 0.219999996E-02	-0.358621364E-07
    2012	-0.238418579E-09	-0.270000045E-02	 0.219999996E-02	 0.157258409E-07
    2011	-0.238418579E-09	-0.300000048E-02	 0.219999996E-02	 0.450911760E-07
    2029	-0.238418579E-09	-0.240000043E-02	 0.219999996E-02	-0.333744578E-10
    2040	-0.238418579E-09	-0.210000040E-02	 0.219999996E-02	-0.106782716E-07
    2051	-0.238418579E-09	-0.180000038E-02	 0.219999996E-02	-0.192478212E-07
    2062	-0.238418579E-09	-0.150000036E-02	 0.219999996E-02	-0.263088051E-07
    2073	-0.238418579E-09	-0.120000033E-02	 0.219999996E-02	-0.320454377E-07
    2084	-0.238418579E-09	-0.900000310E-03	 0.219999996E-02	-0.364968844E-07
    1864	-0.300000262E-03	-0.600000286E-03	 0.219999996E-02	-0.390413380E-07
    2095	-0.238418579E-09	-0.600000286E-03	 0.219999996E-02	-0.396764845E-07
    2243	 0.299999785E-03	-0.270000045E-02	 0.219999996E-02	 0.164641564E-07
    2242	 0.299999785E-03	-0.300000048E-02	 0.219999996E-02	 0.458894844E-07
    2260	 0.299999785E-03	-0.240000043E-02	 0.219999996E-02	 0.660041017E-09
    2271	 0.299999785E-03	-0.210000040E-02	 0.219999996E-02	-0.100040444E-07
    2282	 0.299999785E-03	-0.180000038E-02	 0.219999996E-02	-0.186073413E-07
    2293	 0.299999785E-03	-0.150000036E-02	 0.219999996E-02	-0.256724170E-07
    2304	 0.299999785E-03	-0.120000033E-02	 0.219999996E-02	-0.314132480E-07
    2315	 0.299999785E-03	-0.900000310E-03	 0.219999996E-02	-0.358621364E-07
    2326	 0.299999785E-03	-0.600000286E-03	 0.219999996E-02	-0.390413379E-07
    2474	 0.599999809E-03	-0.270000045E-02	 0.219999996E-02	 0.186860068E-07
    2473	 0.599999809E-03	-0.300000048E-02	 0.219999996E-02	 0.481278385E-07
    2491	 0.599999809E-03	-0.240000043E-02	 0.219999996E-02	 0.281827234E-08
    2502	 0.599999809E-03	-0.210000040E-02	 0.219999996E-02	-0.798707815E-08
    2513	 0.599999809E-03	-0.180000038E-02	 0.219999996E-02	-0.166606942E-07
    2524	 0.599999809E-03	-0.150000036E-02	 0.219999996E-02	-0.237655660E-07
    2535	 0.599999809E-03	-0.120000033E-02	 0.219999996E-02	-0.295112323E-07
    2546	 0.599999809E-03	-0.900000310E-03	 0.219999996E-02	-0.339610039E-07
    2557	 0.599999809E-03	-0.600000286E-03	 0.219999996E-02	-0.371350097E-07
    2705	 0.899999833E-03	-0.270000045E-02	 0.219999996E-02	 0.226825119E-07
    2704	 0.899999833E-03	-0.300000048E-02	 0.219999996E-02	 0.524637169E-07
    2722	 0.899999833E-03	-0.240000043E-02	 0.219999996E-02	 0.655463174E-08
    2733	 0.899999833E-03	-0.210000040E-02	 0.219999996E-02	-0.452980866E-08
    2744	 0.899999833E-03	-0.180000038E-02	 0.219999996E-02	-0.133940676E-07
    2755	 0.899999833E-03	-0.150000036E-02	 0.219999996E-02	-0.205617062E-07
    2766	 0.899999833E-03	-0.120000033E-02	 0.219999996E-02	-0.263355219E-07
    2777	 0.899999833E-03	-0.900000310E-03	 0.219999996E-02	-0.307856352E-07
    2788	 0.899999833E-03	-0.600000286E-03	 0.219999996E-02	-0.339610039E-07
    2936	 0.119999986E-02	-0.270000045E-02	 0.219999996E-02	 0.293743745E-07
    2935	 0.119999986E-02	-0.300000048E-02	 0.219999996E-02	 0.593099551E-07
    2953	 0.119999986E-02	-0.240000043E-02	 0.219999996E-02	 0.122685541E-07
    2964	 0.119999986E-02	-0.210000040E-02	 0.219999996E-02	 0.504767565E-09
    2975	 0.119999986E-02	-0.180000038E-02	 0.219999996E-02	-0.871447720E-08
    2986	 0.119999986E-02	-0.150000036E-02	 0.219999996E-02	-0.160406094E-07
    2997	 0.119999986E-02	-0.120000033E-02	 0.219999996E-02	-0.218563519E-07
    3008	 0.119999986E-02	-0.900000310E-03	 0.219999996E-02	-0.263355219E-07
    3019	 0.119999986E-02	-0.600000286E-03	 0.219999996E-02	-0.295112322E-07
    3167	 0.149999988E-02	-0.270000045E-02	 0.219999996E-02	 0.428392051E-07
    3166	 0.149999988E-02	-0.300000048E-02	 0.219999996E-02	 0.757424517E-07
    3184	 0.149999988E-02	-0.240000043E-02	 0.219999996E-02	 0.210618735E-07
    3195	 0.149999988E-02	-0.210000040E-02	 0.219999996E-02	 0.743168192E-08
    3206	 0.149999988E-02	-0.180000038E-02	 0.219999996E-02	-0.254242171E-08
    3217	 0.149999988E-02	-0.150000036E-02	 0.219999996E-02	-0.100755800E-07
    3228	 0.149999988E-02	-0.120000033E-02	 0.219999996E-02	-0.160406094E-07
    3239	 0.149999988E-02	-0.900000310E-03	 0.219999996E-02	-0.205617062E-07
    3250	 0.149999988E-02	-0.600000286E-03	 0.219999996E-02	-0.237655659E-07
    3398	 0.179999990E-02	-0.240000043E-02	 0.219999996E-02	 0.356970204E-07
    3397	 0.179999990E-02	-0.270000045E-02	 0.219999996E-02	 0.653889376E-07
    3415	 0.179999990E-02	-0.210000040E-02	 0.219999996E-02	 0.164995588E-07
    3426	 0.179999990E-02	-0.180000038E-02	 0.219999996E-02	 0.561923562E-08
    3437	 0.179999990E-02	-0.150000036E-02	 0.219999996E-02	-0.254242166E-08
    3448	 0.179999990E-02	-0.120000033E-02	 0.219999996E-02	-0.871447713E-08
    3459	 0.179999990E-02	-0.900000310E-03	 0.219999996E-02	-0.133940675E-07
    3470	 0.179999990E-02	-0.600000286E-03	 0.219999996E-02	-0.166606941E-07
    3607	 0.209999993E-02	-0.210000040E-02	 0.219999996E-02	 0.291417024E-07
    3606	 0.209999993E-02	-0.240000043E-02	 0.219999996E-02	 0.537710836E-07
    3624	 0.209999993E-02	-0.180000038E-02	 0.219999996E-02	 0.164995588E-07
    3635	 0.209999993E-02	-0.150000036E-02	 0.219999996E-02	 0.743168196E-08
    3646	 0.209999993E-02	-0.120000033E-02	 0.219999996E-02	 0.504767628E-09
    3657	 0.209999993E-02	-0.900000310E-03	 0.219999996E-02	-0.452980858E-08
    3668	 0.209999993E-02	-0.600000286E-03	 0.219999996E-02	-0.798707805E-08
    3794	 0.239999995E-02	-0.210000040E-02	 0.219999996E-02	 0.537710837E-07
    3793	 0.239999995E-02	-0.240000043E-02	 0.219999996E-02	 0.801067413E-07
    3811	 0.239999995E-02	-0.180000038E-02	 0.219999996E-02	 0.356970204E-07
    3822	 0.239999995E-02	-0.150000036E-02	 0.219999996E-02	 0.210618735E-07
    3833	 0.239999995E-02	-0.120000033E-02	 0.219999996E-02	 0.122685542E-07
    3844	 0.239999995E-02	-0.900000310E-03	 0.219999996E-02	 0.655463184E-08
    3855	 0.239999995E-02	-0.600000286E-03	 0.219999996E-02	 0.281827246E-08
    3981	 0.269999998E-02	-0.150000036E-02	 0.219999996E-02	 0.428392052E-07
    3980	 0.269999998E-02	-0.180000038E-02	 0.219999996E-02	 0.653889376E-07
    3998	 0.269999998E-02	-0.120000033E-02	 0.219999996E-02	 0.293743746E-07
    4009	 0.269999998E-02	-0.900000310E-03	 0.219999996E-02	 0.226825120E-07
    4020	 0.269999998E-02	-0.600000286E-03	 0.219999996E-02	 0.186860070E-07
    4124	 0.300000000E-02	-0.120000033E-02	 0.219999996E-02	 0.593099552E-07
    4123	 0.300000000E-02	-0.150000036E-02	 0.219999996E-02	 0.757424518E-07
    4141	 0.300000000E-02	-0.900000310E-03	 0.219999996E-02	 0.524637170E-07
    4152	 0.300000000E-02	-0.600000286E-03	 0.219999996E-02	 0.481278386E-07
      18	-0.300000048E-02	-0.120000033E-02	 0.219999996E-02	 0.593099551E-07
      17	-0.300000048E-02	-0.150000036E-02	 0.219999996E-02	 0.757424517E-07
      20	-0.270000045E-02	-0.120000033E-02	 0.219999996E-02	 0.293743744E-07
     280	-0.240000043E-02	-0.120000033E-02	 0.219999996E-02	 0.122685541E-07
     478	-0.210000040E-02	-0.120000033E-02	 0.219999996E-02	 0.504767541E-09
     687	-0.180000038E-02	-0.120000033E-02	 0.219999996E-02	-0.871447723E-08
     896	-0.150000036E-02	-0.120000033E-02	 0.219999996E-02	-0.160406094E-07
      53	-0.300000048E-02	-0.900000310E-03	 0.219999996E-02	 0.524637169E-07
      54	-0.270000045E-02	-0.900000310E-03	 0.219999996E-02	 0.226825119E-07
     291	-0.240000043E-02	-0.900000310E-03	 0.219999996E-02	 0.655463174E-08
     489	-0.210000040E-02	-0.900000310E-03	 0.219999996E-02	-0.452980867E-08
     698	-0.180000038E-02	-0.900000310E-03	 0.219999996E-02	-0.133940676E-07
     907	-0.150000036E-02	-0.900000310E-03	 0.219999996E-02	-0.205617063E-07
    1149	-0.120000033E-02	-0.900000310E-03	 0.219999996E-02	-0.263355220E-07
      75	-0.300000048E-02	-0.600000286E-03	 0.219999996E-02	 0.481278385E-07
      76	-0.270000045E-02	-0.600000286E-03	 0.219999996E-02	 0.186860069E-07
     302	-0.240000043E-02	-0.600000286E-03	 0.219999996E-02	 0.281827236E-08
     500	-0.210000040E-02	-0.600000286E-03	 0.219999996E-02	-0.798707814E-08
     709	-0.180000038E-02	-0.600000286E-03	 0.219999996E-02	-0.166606942E-07
     918	-0.150000036E-02	-0.600000286E-03	 0.219999996E-02	-0.237655660E-07
    1160	-0.120000033E-02	-0.600000286E-03	 0.219999996E-02	-0.295112323E-07
    1402	-0.900000310E-03	-0.600000286E-03	 0.219999996E-02	-0.339610040E-07
    1633	-0.600000286E-03	-0.600000286E-03	 0.219999996E-02	-0.371350097E-07
      97	-0.300000048E-02	-0.300000262E-03	 0.219999996E-02	 0.458894845E-07
      98	-0.270000045E-02	-0.300000262E-03	 0.219999996E-02	 0.164641564E-07
     313	-0.240000043E-02	-0.300000262E-03	 0.219999996E-02	 0.660041061E-09
     511	-0.210000040E-02	-0.300000262E-03	 0.219999996E-02	-0.100040444E-07
     720	-0.180000038E-02	-0.300000262E-03	 0.219999996E-02	-0.186073413E-07
     929	-0.150000036E-02	-0.300000262E-03	 0.219999996E-02	-0.256724170E-07
    1171	-0.120000033E-02	-0.300000262E-03	 0.219999996E-02	-0.314132480E-07
    1413	-0.900000310E-03	-0.300000262E-03	 0.219999996E-02	-0.358621364E-07
    1644	-0.600000286E-03	-0.300000262E-03	 0.219999996E-02	-0.390413380E-07
    1875	-0.300000262E-03	-0.300000262E-03	 0.219999996E-02	-0.409499434E-07
    2106	-0.238418579E-09	-0.300000262E-03	 0.219999996E-02	-0.415869201E-07
     119	-0.300000048E-02	-0.238418579E-09	 0.219999996E-02	 0.450911761E-07
     120	-0.270000045E-02	-0.238418579E-09	 0.219999996E-02	 0.157258410E-07
     324	-0.240000043E-02	-0.238418579E-09	 0.219999996E-02	-0.333743928E-10
     522	-0.210000040E-02	-0.238418579E-09	 0.219999996E-02	-0.106782715E-07
     731	-0.180000038E-02	-0.238418579E-09	 0.219999996E-02	-0.192478211E-07
     940	-0.150000036E-02	-0.238418579E-09	 0.219999996E-02	-0.263088050E-07
    1182	-0.120000033E-02	-0.238418579E-09	 0.219999996E-02	-0.320454377E-07
    1424	-0.900000310E-03	-0.238418579E-09	 0.219999996E-02	-0.364968844E-07
    1655	-0.600000286E-03	-0.238418579E-09	 0.219999996E-02	-0.396764844E-07
    1886	-0.300000262E-03	-0.238418579E-09	 0.219999996E-02	-0.415869201E-07
    2117	-0.238418579E-09	-0.238418579E-09	 0.219999996E-02	-0.422238462E-07
     141	-0.300000048E-02	 0.299999785E-03	 0.219999996E-02	 0.458894845E-07
     142	-0.270000045E-02	 0.299999785E-03	 0.219999996E-02	 0.164641564E-07
     335	-0.240000043E-02	 0.299999785E-03	 0.219999996E-02	 0.660041090E-09
     533	-0.210000040E-02	 0.299999785E-03	 0.219999996E-02	-0.100040443E-07
     742	-0.180000038E-02	 0.299999785E-03	 0.219999996E-02	-0.186073413E-07
     951	-0.150000036E-02	 0.299999785E-03	 0.219999996E-02	-0.256724170E-07
    1193	-0.120000033E-02	 0.299999785E-03	 0.219999996E-02	-0.314132480E-07
    1435	-0.900000310E-03	 0.299999785E-03	 0.219999996E-02	-0.358621363E-07
    1666	-0.600000286E-03	 0.299999785E-03	 0.219999996E-02	-0.390413379E-07
    1897	-0.300000262E-03	 0.299999785E-03	 0.219999996E-02	-0.409499433E-07
    2128	-0.238418579E-09	 0.299999785E-03	 0.219999996E-02	-0.415869201E-07
     163	-0.300000048E-02	 0.599999809E-03	 0.219999996E-02	 0.481278386E-07
     164	-0.270000045E-02	 0.599999809E-03	 0.219999996E-02	 0.186860069E-07
     346	-0.240000043E-02	 0.599999809E-03	 0.219999996E-02	 0.281827242E-08
     544	-0.210000040E-02	 0.599999809E-03	 0.219999996E-02	-0.798707808E-08
     753	-0.180000038E-02	 0.599999809E-03	 0.219999996E-02	-0.166606941E-07
     962	-0.150000036E-02	 0.599999809E-03	 0.219999996E-02	-0.237655659E-07
    1204	-0.120000033E-02	 0.599999809E-03	 0.219999996E-02	-0.295112322E-07
    1446	-0.900000310E-03	 0.599999809E-03	 0.219999996E-02	-0.339610039E-07
    1677	-0.600000286E-03	 0.599999809E-03	 0.219999996E-02	-0.371350097E-07
    1908	-0.300000262E-03	 0.599999809E-03	 0.219999996E-02	-0.390413379E-07
    2139	-0.238418579E-09	 0.599999809E-03	 0.219999996E-02	-0.396764844E-07
     185	-0.300000048E-02	 0.899999833E-03	 0.219999996E-02	 0.524637170E-07
     186	-0.270000045E-02	 0.899999833E-03	 0.219999996E-02	 0.226825120E-07
     357	-0.240000043E-02	 0.899999833E-03	 0.219999996E-02	 0.655463183E-08
     555	-0.210000040E-02	 0.899999833E-03	 0.219999996E-02	-0.452980858E-08
     764	-0.180000038E-02	 0.899999833E-03	 0.219999996E-02	-0.133940675E-07
     973	-0.150000036E-02	 0.899999833E-03	 0.219999996E-02	-0.205617062E-07
    1215	-0.120000033E-02	 0.899999833E-03	 0.219999996E-02	-0.263355219E-07
    1457	-0.900000310E-03	 0.899999833E-03	 0.219999996E-02	-0.307856351E-07
    1688	-0.600000286E-03	 0.899999833E-03	 0.219999996E-02	-0.339610039E-07
    1919	-0.300000262E-03	 0.899999833E-03	 0.219999996E-02	-0.358621363E-07
     207	-0.300000048E-02	 0.119999986E-02	 0.219999996E-02	 0.593099552E-07
     208	-0.270000045E-02	 0.119999986E-02	 0.219999996E-02	 0.293743746E-07
     368	-0.240000043E-02	 0.119999986E-02	 0.219999996E-02	 0.122685542E-07
     566	-0.210000040E-02	 0.119999986E-02	 0.219999996E-02	 0.504767654E-09
     775	-0.180000038E-02	 0.119999986E-02	 0.219999996E-02	-0.871447712E-08
     984	-0.150000036E-02	 0.119999986E-02	 0.219999996E-02	-0.160406093E-07
    1226	-0.120000033E-02	 0.119999986E-02	 0.219999996E-02	-0.218563519E-07
    1468	-0.900000310E-03	 0.119999986E-02	 0.219999996E-02	-0.263355219E-07
    1699	-0.600000286E-03	 0.119999986E-02	 0.219999996E-02	-0.295112322E-07
    1930	-0.300000262E-03	 0.119999986E-02	 0.219999996E-02	-0.314132479E-07
     229	-0.300000048E-02	 0.149999988E-02	 0.219999996E-02	 0.757424519E-07
     230	-0.270000045E-02	 0.149999988E-02	 0.219999996E-02	 0.428392052E-07
     379	-0.240000043E-02	 0.149999988E-02	 0.219999996E-02	 0.210618736E-07
     577	-0.210000040E-02	 0.149999988E-02	 0.219999996E-02	 0.743168202E-08
     786	-0.180000038E-02	 0.149999988E-02	 0.219999996E-02	-0.254242162E-08
     995	-0.150000036E-02	 0.149999988E-02	 0.219999996E-02	-0.100755799E-07
    1237	-0.120000033E-02	 0.149999988E-02	 0.219999996E-02	-0.160406093E-07
    1479	-0.900000310E-03	 0.149999988E-02	 0.219999996E-02	-0.205617061E-07
    1710	-0.600000286E-03	 0.149999988E-02	 0.219999996E-02	-0.237655659E-07
    1941	-0.300000262E-03	 0.149999988E-02	 0.219999996E-02	-0.256724169E-07
     394	-0.270000045E-02	 0.179999990E-02	 0.219999996E-02	 0.653889377E-07
     395	-0.240000043E-02	 0.179999990E-02	 0.219999996E-02	 0.356970205E-07
     588	-0.210000040E-02	 0.179999990E-02	 0.219999996E-02	 0.164995589E-07
     797	-0.180000038E-02	 0.179999990E-02	 0.219999996E-02	 0.561923571E-08
    1006	-0.150000036E-02	 0.179999990E-02	 0.219999996E-02	-0.254242157E-08
    1248	-0.120000033E-02	 0.179999990E-02	 0.219999996E-02	-0.871447705E-08
    1490	-0.900000310E-03	 0.179999990E-02	 0.219999996E-02	-0.133940674E-07
    1721	-0.600000286E-03	 0.179999990E-02	 0.219999996E-02	-0.166606940E-07
    1952	-0.300000262E-03	 0.179999990E-02	 0.219999996E-02	-0.186073412E-07
     603	-0.240000043E-02	 0.209999993E-02	 0.219999996E-02	 0.537710837E-07
     604	-0.210000040E-02	 0.209999993E-02	 0.219999996E-02	 0.291417025E-07
     808	-0.180000038E-02	 0.209999993E-02	 0.219999996E-02	 0.164995589E-07
    1017	-0.150000036E-02	 0.209999993E-02	 0.219999996E-02	 0.743168206E-08
    1259	-0.120000033E-02	 0.209999993E-02	 0.219999996E-02	 0.504767718E-09
    1501	-0.900000310E-03	 0.209999993E-02	 0.219999996E-02	-0.452980850E-08
    1732	-0.600000286E-03	 0.209999993E-02	 0.219999996E-02	-0.798707798E-08
    1963	-0.300000262E-03	 0.209999993E-02	 0.219999996E-02	-0.100040442E-07
     625	-0.240000043E-02	 0.239999995E-02	 0.219999996E-02	 0.801067415E-07
     626	-0.210000040E-02	 0.239999995E-02	 0.219999996E-02	 0.537710838E-07
     819	-0.180000038E-02	 0.239999995E-02	 0.219999996E-02	 0.356970205E-07
    1028	-0.150000036E-02	 0.239999995E-02	 0.219999996E-02	 0.210618736E-07
    1270	-0.120000033E-02	 0.239999995E-02	 0.219999996E-02	 0.122685543E-07
    1512	-0.900000310E-03	 0.239999995E-02	 0.219999996E-02	 0.655463193E-08
    1743	-0.600000286E-03	 0.239999995E-02	 0.219999996E-02	 0.281827254E-08
    1043	-0.180000038E-02	 0.269999998E-02	 0.219999996E-02	 0.653889377E-07
    1044	-0.150000036E-02	 0.269999998E-02	 0.219999996E-02	 0.428392053E-07
    1281	-0.120000033E-02	 0.269999998E-02	 0.219999996E-02	 0.293743747E-07
    1523	-0.900000310E-03	 0.269999998E-02	 0.219999996E-02	 0.226825121E-07
    1754	-0.600000286E-03	 0.269999998E-02	 0.219999996E-02	 0.186860071E-07
    1296	-0.150000036E-02	 0.300000000E-02	 0.219999996E-02	 0.757424520E-07
    1297	-0.120000033E-02	 0.300000000E-02	 0.219999996E-02	 0.593099553E-07
    1534	-0.900000310E-03	 0.300000000E-02	 0.219999996E-02	 0.524637171E-07
    1765	-0.600000286E-03	 0.300000000E-02	 0.219999996E-02	 0.481278387E-07
    1974	-0.300000262E-03	 0.239999995E-02	 0.219999996E-02	 0.660041233E-09
    1985	-0.300000262E-03	 0.269999998E-02	 0.219999996E-02	 0.164641566E-07
    1996	-0.300000262E-03	 0.300000000E-02	 0.219999996E-02	 0.458894847E-07
    2150	-0.238418579E-09	 0.899999833E-03	 0.219999996E-02	-0.364968843E-07
    2161	-0.238418579E-09	 0.119999986E-02	 0.219999996E-02	-0.320454376E-07
    2172	-0.238418579E-09	 0.149999988E-02	 0.219999996E-02	-0.263088049E-07
    2183	-0.238418579E-09	 0.179999990E-02	 0.219999996E-02	-0.192478210E-07
    2194	-0.238418579E-09	 0.209999993E-02	 0.219999996E-02	-0.106782714E-07
    2205	-0.238418579E-09	 0.239999995E-02	 0.219999996E-02	-0.333742286E-10
    2216	-0.238418579E-09	 0.269999998E-02	 0.219999996E-02	 0.157258412E-07
    2227	-0.238418579E-09	 0.300000000E-02	 0.219999996E-02	 0.450911763E-07
    2337	 0.299999785E-03	-0.300000262E-03	 0.219999996E-02	-0.409499434E-07
    2348	 0.299999785E-03	-0.238418579E-09	 0.219999996E-02	-0.415869201E-07
    2359	 0.299999785E-03	 0.299999785E-03	 0.219999996E-02	-0.409499433E-07
    2370	 0.299999785E-03	 0.599999809E-03	 0.219999996E-02	-0.390413379E-07
    2381	 0.299999785E-03	 0.899999833E-03	 0.219999996E-02	-0.358621363E-07
    2392	 0.299999785E-03	 0.119999986E-02	 0.219999996E-02	-0.314132479E-07
    2403	 0.299999785E-03	 0.149999988E-02	 0.219999996E-02	-0.256724169E-07
    2414	 0.299999785E-03	 0.179999990E-02	 0.219999996E-02	-0.186073411E-07
    2425	 0.299999785E-03	 0.209999993E-02	 0.219999996E-02	-0.100040442E-07
    2436	 0.299999785E-03	 0.239999995E-02	 0.219999996E-02	 0.660041246E-09
    2447	 0.299999785E-03	 0.269999998E-02	 0.219999996E-02	 0.164641566E-07
    2458	 0.299999785E-03	 0.300000000E-02	 0.219999996E-02	 0.458894847E-07
    2568	 0.599999809E-03	-0.300000262E-03	 0.219999996E-02	-0.390413379E-07
    2579	 0.599999809E-03	-0.238418579E-09	 0.219999996E-02	-0.396764844E-07
    2590	 0.599999809E-03	 0.299999785E-03	 0.219999996E-02	-0.390413379E-07
    2601	 0.599999809E-03	 0.599999809E-03	 0.219999996E-02	-0.371350096E-07
    2612	 0.599999809E-03	 0.899999833E-03	 0.219999996E-02	-0.339610038E-07
    2623	 0.599999809E-03	 0.119999986E-02	 0.219999996E-02	-0.295112321E-07
    2634	 0.599999809E-03	 0.149999988E-02	 0.219999996E-02	-0.237655659E-07
    2645	 0.599999809E-03	 0.179999990E-02	 0.219999996E-02	-0.166606940E-07
    2656	 0.599999809E-03	 0.209999993E-02	 0.219999996E-02	-0.798707795E-08
    2667	 0.599999809E-03	 0.239999995E-02	 0.219999996E-02	 0.281827257E-08
    2678	 0.599999809E-03	 0.269999998E-02	 0.219999996E-02	 0.186860071E-07
    2689	 0.599999809E-03	 0.300000000E-02	 0.219999996E-02	 0.481278388E-07
    2799	 0.899999833E-03	-0.300000262E-03	 0.219999996E-02	-0.358621363E-07
    2810	 0.899999833E-03	-0.238418579E-09	 0.219999996E-02	-0.364968843E-07
    2821	 0.899999833E-03	 0.299999785E-03	 0.219999996E-02	-0.358621363E-07
    2832	 0.899999833E-03	 0.599999809E-03	 0.219999996E-02	-0.339610039E-07
    2843	 0.899999833E-03	 0.899999833E-03	 0.219999996E-02	-0.307856351E-07
    2854	 0.899999833E-03	 0.119999986E-02	 0.219999996E-02	-0.263355218E-07
    2865	 0.899999833E-03	 0.149999988E-02	 0.219999996E-02	-0.205617061E-07
    2876	 0.899999833E-03	 0.179999990E-02	 0.219999996E-02	-0.133940674E-07
    2887	 0.899999833E-03	 0.209999993E-02	 0.219999996E-02	-0.452980846E-08
    2898	 0.899999833E-03	 0.239999995E-02	 0.219999996E-02	 0.655463197E-08
    2909	 0.899999833E-03	 0.269999998E-02	 0.219999996E-02	 0.226825121E-07
    2920	 0.899999833E-03	 0.300000000E-02	 0.219999996E-02	 0.524637172E-07
    3030	 0.119999986E-02	-0.300000262E-03	 0.219999996E-02	-0.314132480E-07
    3041	 0.119999986E-02	-0.238418579E-09	 0.219999996E-02	-0.320454377E-07
    3052	 0.119999986E-02	 0.299999785E-03	 0.219999996E-02	-0.314132479E-07
    3063	 0.119999986E-02	 0.599999809E-03	 0.219999996E-02	-0.295112322E-07
    3074	 0.119999986E-02	 0.899999833E-03	 0.219999996E-02	-0.263355218E-07
    3085	 0.119999986E-02	 0.119999986E-02	 0.219999996E-02	-0.218563518E-07
    3096	 0.119999986E-02	 0.149999988E-02	 0.219999996E-02	-0.160406092E-07
    3107	 0.119999986E-02	 0.179999990E-02	 0.219999996E-02	-0.871447700E-08
    3118	 0.119999986E-02	 0.209999993E-02	 0.219999996E-02	 0.504767766E-09
    3129	 0.119999986E-02	 0.239999995E-02	 0.219999996E-02	 0.122685544E-07
    3140	 0.119999986E-02	 0.269999998E-02	 0.219999996E-02	 0.293743747E-07
    3151	 0.119999986E-02	 0.300000000E-02	 0.219999996E-02	 0.593099554E-07
    3261	 0.149999988E-02	-0.300000262E-03	 0.219999996E-02	-0.256724169E-07
    3272	 0.149999988E-02	-0.238418579E-09	 0.219999996E-02	-0.263088050E-07
    3283	 0.149999988E-02	 0.299999785E-03	 0.219999996E-02	-0.256724169E-07
    3294	 0.149999988E-02	 0.599999809E-03	 0.219999996E-02	-0.237655659E-07
    3305	 0.149999988E-02	 0.899999833E-03	 0.219999996E-02	-0.205617061E-07
    3316	 0.149999988E-02	 0.119999986E-02	 0.219999996E-02	-0.160406092E-07
    3327	 0.149999988E-02	 0.149999988E-02	 0.219999996E-02	-0.100755798E-07
    3338	 0.149999988E-02	 0.179999990E-02	 0.219999996E-02	-0.254242151E-08
    3349	 0.149999988E-02	 0.209999993E-02	 0.219999996E-02	 0.743168212E-08
    3360	 0.149999988E-02	 0.239999995E-02	 0.219999996E-02	 0.210618737E-07
    3371	 0.149999988E-02	 0.269999998E-02	 0.219999996E-02	 0.428392053E-07
    3382	 0.149999988E-02	 0.300000000E-02	 0.219999996E-02	 0.757424520E-07
    3481	 0.179999990E-02	-0.300000262E-03	 0.219999996E-02	-0.186073412E-07
    3492	 0.179999990E-02	-0.238418579E-09	 0.219999996E-02	-0.192478210E-07
    3503	 0.179999990E-02	 0.299999785E-03	 0.219999996E-02	-0.186073412E-07
    3514	 0.179999990E-02	 0.599999809E-03	 0.219999996E-02	-0.166606940E-07
    3525	 0.179999990E-02	 0.899999833E-03	 0.219999996E-02	-0.133940674E-07
    3536	 0.179999990E-02	 0.119999986E-02	 0.219999996E-02	-0.871447702E-08
    3547	 0.179999990E-02	 0.149999988E-02	 0.219999996E-02	-0.254242151E-08
    3558	 0.179999990E-02	 0.179999990E-02	 0.219999996E-02	 0.561923582E-08
    3569	 0.179999990E-02	 0.209999993E-02	 0.219999996E-02	 0.164995590E-07
    3580	 0.179999990E-02	 0.239999995E-02	 0.219999996E-02	 0.356970206E-07
    3591	 0.179999990E-02	 0.269999998E-02	 0.219999996E-02	 0.653889378E-07
    3679	 0.209999993E-02	-0.300000262E-03	 0.219999996E-02	-0.100040443E-07
    3690	 0.209999993E-02	-0.238418579E-09	 0.219999996E-02	-0.106782714E-07
    3701	 0.209999993E-02	 0.299999785E-03	 0.219999996E-02	-0.100040442E-07
    3712	 0.209999993E-02	 0.599999809E-03	 0.219999996E-02	-0.798707799E-08
    3723	 0.209999993E-02	 0.899999833E-03	 0.219999996E-02	-0.452980849E-08
    3734	 0.209999993E-02	 0.119999986E-02	 0.219999996E-02	 0.504767741E-09
    3745	 0.209999993E-02	 0.149999988E-02	 0.219999996E-02	 0.743168211E-08
    3756	 0.209999993E-02	 0.179999990E-02	 0.219999996E-02	 0.164995590E-07
    3767	 0.209999993E-02	 0.209999993E-02	 0.219999996E-02	 0.291417026E-07
    3778	 0.209999993E-02	 0.239999995E-02	 0.219999996E-02	 0.537710839E-07
    3866	 0.239999995E-02	-0.300000262E-03	 0.219999996E-02	 0.660041160E-09
    3877	 0.239999995E-02	-0.238418579E-09	 0.219999996E-02	-0.333742936E-10
    3888	 0.239999995E-02	 0.299999785E-03	 0.219999996E-02	 0.660041189E-09
    3899	 0.239999995E-02	 0.599999809E-03	 0.219999996E-02	 0.281827252E-08
    3910	 0.239999995E-02	 0.899999833E-03	 0.219999996E-02	 0.655463193E-08
    3921	 0.239999995E-02	 0.119999986E-02	 0.219999996E-02	 0.122685543E-07
    3932	 0.239999995E-02	 0.149999988E-02	 0.219999996E-02	 0.210618737E-07
    3943	 0.239999995E-02	 0.179999990E-02	 0.219999996E-02	 0.356970206E-07
    3954	 0.239999995E-02	 0.209999993E-02	 0.219999996E-02	 0.537710838E-07
    3965	 0.239999995E-02	 0.239999995E-02	 0.219999996E-02	 0.801067416E-07
    4031	 0.269999998E-02	-0.300000262E-03	 0.219999996E-02	 0.164641565E-07
    4042	 0.269999998E-02	-0.238418579E-09	 0.219999996E-02	 0.157258411E-07
    4053	 0.269999998E-02	 0.299999785E-03	 0.219999996E-02	 0.164641565E-07
    4064	 0.269999998E-02	 0.599999809E-03	 0.219999996E-02	 0.186860070E-07
    4075	 0.269999998E-02	 0.899999833E-03	 0.219999996E-02	 0.226825121E-07
    4086	 0.269999998E-02	 0.119999986E-02	 0.219999996E-02	 0.293743747E-07
    4097	 0.269999998E-02	 0.149999988E-02	 0.219999996E-02	 0.428392053E-07
    4108	 0.269999998E-02	 0.179999990E-02	 0.219999996E-02	 0.653889378E-07
    4163	 0.300000000E-02	-0.300000262E-03	 0.219999996E-02	 0.458894846E-07
    4174	 0.300000000E-02	-0.238418579E-09	 0.219999996E-02	 0.450911762E-07
    4185	 0.300000000E-02	 0.299999785E-03	 0.219999996E-02	 0.458894847E-07
    4196	 0.300000000E-02	 0.599999809E-03	 0.219999996E-02	 0.481278387E-07
    4207	 0.300000000E-02	 0.899999833E-03	 0.219999996E-02	 0.524637171E-07
    4218	 0.300000000E-02	 0.119999986E-02	 0.219999996E-02	 0.593099553E-07
    4229	 0.300000000E-02	 0.149999988E-02	 0.219999996E-02	 0.757424520E-07
      23	-0.270000045E-02	-0.150000036E-02	 0.249999997E-02	 0.243205504E-07
     258	-0.270000045E-02	-0.180000038E-02	 0.249999997E-02	 0.386607304E-07
     260	-0.240000043E-02	-0.150000036E-02	 0.249999997E-02	 0.110216871E-07
     259	-0.240000043E-02	-0.180000038E-02	 0.249999997E-02	 0.200326622E-07
     429	-0.240000043E-02	-0.210000040E-02	 0.249999997E-02	 0.312937688E-07
     428	-0.240000043E-02	-0.240000043E-02	 0.249999997E-02	 0.479822628E-07
     431	-0.210000040E-02	-0.210000040E-02	 0.249999997E-02	 0.158403610E-07
     430	-0.210000040E-02	-0.240000043E-02	 0.249999997E-02	 0.312937688E-07
     457	-0.210000040E-02	-0.180000038E-02	 0.249999997E-02	 0.831993960E-08
     468	-0.210000040E-02	-0.150000036E-02	 0.249999997E-02	 0.310066209E-08
     650	-0.180000038E-02	-0.210000040E-02	 0.249999997E-02	 0.831993961E-08
     649	-0.180000038E-02	-0.240000043E-02	 0.249999997E-02	 0.200326622E-07
     666	-0.180000038E-02	-0.180000038E-02	 0.249999997E-02	 0.206317280E-08
     677	-0.180000038E-02	-0.150000036E-02	 0.249999997E-02	-0.244504534E-08
     841	-0.180000038E-02	-0.270000045E-02	 0.249999997E-02	 0.386607304E-07
     843	-0.150000036E-02	-0.240000043E-02	 0.249999997E-02	 0.110216871E-07
     842	-0.150000036E-02	-0.270000045E-02	 0.249999997E-02	 0.243205505E-07
     864	-0.150000036E-02	-0.210000040E-02	 0.249999997E-02	 0.310066212E-08
     875	-0.150000036E-02	-0.180000038E-02	 0.249999997E-02	-0.244504533E-08
     886	-0.150000036E-02	-0.150000036E-02	 0.249999997E-02	-0.649460905E-08
    1072	-0.150000036E-02	-0.300000048E-02	 0.249999997E-02	 0.449361549E-07
    1074	-0.120000033E-02	-0.270000045E-02	 0.249999997E-02	 0.160073246E-07
    1073	-0.120000033E-02	-0.300000048E-02	 0.249999997E-02	 0.346611336E-07
    1095	-0.120000033E-02	-0.240000043E-02	 0.249999997E-02	 0.585859739E-08
    1106	-0.120000033E-02	-0.210000040E-02	 0.249999997E-02	-0.775282796E-09
    1117	-0.120000033E-02	-0.180000038E-02	 0.249999997E-02	-0.577505994E-08
    1128	-0.120000033E-02	-0.150000036E-02	 0.249999997E-02	-0.966995273E-08
    1321	-0.900000310E-03	-0.270000045E-02	 0.249999997E-02	 0.121565833E-07
    1320	-0.900000310E-03	-0.300000048E-02	 0.249999997E-02	 0.307521557E-07
    1337	-0.900000310E-03	-0.240000043E-02	 0.249999997E-02	 0.263487101E-08
    1348	-0.900000310E-03	-0.210000040E-02	 0.249999997E-02	-0.351989553E-08
    1359	-0.900000310E-03	-0.180000038E-02	 0.249999997E-02	-0.827573418E-08
    1370	-0.900000310E-03	-0.150000036E-02	 0.249999997E-02	-0.120571135E-07
    1139	-0.120000033E-02	-0.120000033E-02	 0.249999997E-02	-0.127312134E-07
    1381	-0.900000310E-03	-0.120000033E-02	 0.249999997E-02	-0.150870874E-07
    1552	-0.600000286E-03	-0.270000045E-02	 0.249999997E-02	 0.100116555E-07
    1551	-0.600000286E-03	-0.300000048E-02	 0.249999997E-02	 0.284140359E-07
    1568	-0.600000286E-03	-0.240000043E-02	 0.249999997E-02	 0.617603528E-09
    1579	-0.600000286E-03	-0.210000040E-02	 0.249999997E-02	-0.537312875E-08
    1590	-0.600000286E-03	-0.180000038E-02	 0.249999997E-02	-0.100149202E-07
    1601	-0.600000286E-03	-0.150000036E-02	 0.249999997E-02	-0.137483441E-07
    1612	-0.600000286E-03	-0.120000033E-02	 0.249999997E-02	-0.167572997E-07
    1392	-0.900000310E-03	-0.900000310E-03	 0.249999997E-02	-0.174217533E-07
    1623	-0.600000286E-03	-0.900000310E-03	 0.249999997E-02	-0.190905376E-07
    1783	-0.300000262E-03	-0.270000045E-02	 0.249999997E-02	 0.885214625E-08
    1782	-0.300000262E-03	-0.300000048E-02	 0.249999997E-02	 0.272850653E-07
    1799	-0.300000262E-03	-0.240000043E-02	 0.249999997E-02	-0.530126748E-09
    1810	-0.300000262E-03	-0.210000040E-02	 0.249999997E-02	-0.644824952E-08
    1821	-0.300000262E-03	-0.180000038E-02	 0.249999997E-02	-0.110507987E-07
    1832	-0.300000262E-03	-0.150000036E-02	 0.249999997E-02	-0.147560355E-07
    1843	-0.300000262E-03	-0.120000033E-02	 0.249999997E-02	-0.177596692E-07
    1854	-0.300000262E-03	-0.900000310E-03	 0.249999997E-02	-0.200911456E-07
    2014	-0.238418579E-09	-0.270000045E-02	 0.249999997E-02	 0.847760273E-08
    2013	-0.238418579E-09	-0.300000048E-02	 0.249999997E-02	 0.268817222E-07
    2030	-0.238418579E-09	-0.240000043E-02	 0.249999997E-02	-0.892211670E-09
    2041	-0.238418579E-09	-0.210000040E-02	 0.249999997E-02	-0.680886429E-08
    2052	-0.238418579E-09	-0.180000038E-02	 0.249999997E-02	-0.113910310E-07
    2063	-0.238418579E-09	-0.150000036E-02	 0.249999997E-02	-0.150931410E-07
    2074	-0.238418579E-09	-0.120000033E-02	 0.249999997E-02	-0.180927684E-07
    2085	-0.238418579E-09	-0.900000310E-03	 0.249999997E-02	-0.204254388E-07
    1865	-0.300000262E-03	-0.600000286E-03	 0.249999997E-02	-0.217615947E-07
    2096	-0.238418579E-09	-0.600000286E-03	 0.249999997E-02	-0.220959908E-07
    2245	 0.299999785E-03	-0.270000045E-02	 0.249999997E-02	 0.885214632E-08
    2244	 0.299999785E-03	-0.300000048E-02	 0.249999997E-02	 0.272850654E-07
    2261	 0.299999785E-03	-0.240000043E-02	 0.249999997E-02	-0.530126672E-09
    2272	 0.299999785E-03	-0.210000040E-02	 0.249999997E-02	-0.644824944E-08
    2283	 0.299999785E-03	-0.180000038E-02	 0.249999997E-02	-0.110507986E-07
    2294	 0.299999785E-03	-0.150000036E-02	 0.249999997E-02	-0.147560355E-07
    2305	 0.299999785E-03	-0.120000033E-02	 0.249999997E-02	-0.177596692E-07
    2316	 0.299999785E-03	-0.900000310E-03	 0.249999997E-02	-0.200911455E-07
    2327	 0.299999785E-03	-0.600000286E-03	 0.249999997E-02	-0.217615946E-07
    2476	 0.599999809E-03	-0.270000045E-02	 0.249999997E-02	 0.100116557E-07
    2475	 0.599999809E-03	-0.300000048E-02	 0.249999997E-02	 0.284140361E-07
    2492	 0.599999809E-03	-0.240000043E-02	 0.249999997E-02	 0.617603682E-09
    2503	 0.599999809E-03	-0.210000040E-02	 0.249999997E-02	-0.537312860E-08
    2514	 0.599999809E-03	-0.180000038E-02	 0.249999997E-02	-0.100149200E-07
    2525	 0.599999809E-03	-0.150000036E-02	 0.249999997E-02	-0.137483440E-07
    2536	 0.599999809E-03	-0.120000033E-02	 0.249999997E-02	-0.167572996E-07
    2547	 0.599999809E-03	-0.900000310E-03	 0.249999997E-02	-0.190905375E-07
    2558	 0.599999809E-03	-0.600000286E-03	 0.249999997E-02	-0.207583576E-07
    2707	 0.899999833E-03	-0.270000045E-02	 0.249999997E-02	 0.121565836E-07
    2706	 0.899999833E-03	-0.300000048E-02	 0.249999997E-02	 0.307521559E-07
    2723	 0.899999833E-03	-0.240000043E-02	 0.249999997E-02	 0.263487124E-08
    2734	 0.899999833E-03	-0.210000040E-02	 0.249999997E-02	-0.351989530E-08
    2745	 0.899999833E-03	-0.180000038E-02	 0.249999997E-02	-0.827573395E-08
    2756	 0.899999833E-03	-0.150000036E-02	 0.249999997E-02	-0.120571133E-07
    2767	 0.899999833E-03	-0.120000033E-02	 0.249999997E-02	-0.150870871E-07
    2778	 0.899999833E-03	-0.900000310E-03	 0.249999997E-02	-0.174217530E-07
    2789	 0.899999833E-03	-0.600000286E-03	 0.249999997E-02	-0.190905374E-07
    2938	 0.119999986E-02	-0.270000045E-02	 0.249999997E-02	 0.160073249E-07
    2937	 0.119999986E-02	-0.300000048E-02	 0.249999997E-02	 0.346611339E-07
    2954	 0.119999986E-02	-0.240000043E-02	 0.249999997E-02	 0.585859769E-08
    2965	 0.119999986E-02	-0.210000040E-02	 0.249999997E-02	-0.775282492E-09
    2976	 0.119999986E-02	-0.180000038E-02	 0.249999997E-02	-0.577505964E-08
    2987	 0.119999986E-02	-0.150000036E-02	 0.249999997E-02	-0.966995242E-08
    2998	 0.119999986E-02	-0.120000033E-02	 0.249999997E-02	-0.127312131E-07
    3009	 0.119999986E-02	-0.900000310E-03	 0.249999997E-02	-0.150870871E-07
    3020	 0.119999986E-02	-0.600000286E-03	 0.249999997E-02	-0.167572994E-07
    3169	 0.149999988E-02	-0.270000045E-02	 0.249999997E-02	 0.243205509E-07
    3168	 0.149999988E-02	-0.300000048E-02	 0.249999997E-02	 0.449361553E-07
    3185	 0.149999988E-02	-0.240000043E-02	 0.249999997E-02	 0.110216875E-07
    3196	 0.149999988E-02	-0.210000040E-02	 0.249999997E-02	 0.310066250E-08
    3207	 0.149999988E-02	-0.180000038E-02	 0.249999997E-02	-0.244504495E-08
    3218	 0.149999988E-02	-0.150000036E-02	 0.249999997E-02	-0.649460867E-08
    3229	 0.149999988E-02	-0.120000033E-02	 0.249999997E-02	-0.966995236E-08
    3240	 0.149999988E-02	-0.900000310E-03	 0.249999997E-02	-0.120571131E-07
    3251	 0.149999988E-02	-0.600000286E-03	 0.249999997E-02	-0.137483438E-07
    3400	 0.179999990E-02	-0.240000043E-02	 0.249999997E-02	 0.200326627E-07
    3399	 0.179999990E-02	-0.270000045E-02	 0.249999997E-02	 0.386607309E-07
    3416	 0.179999990E-02	-0.210000040E-02	 0.249999997E-02	 0.831994009E-08
    3427	 0.179999990E-02	-0.180000038E-02	 0.249999997E-02	 0.206317328E-08
    3438	 0.179999990E-02	-0.150000036E-02	 0.249999997E-02	-0.244504487E-08
    3449	 0.179999990E-02	-0.120000033E-02	 0.249999997E-02	-0.577505950E-08
    3460	 0.179999990E-02	-0.900000310E-03	 0.249999997E-02	-0.827573375E-08
    3471	 0.179999990E-02	-0.600000286E-03	 0.249999997E-02	-0.100149198E-07
    3609	 0.209999993E-02	-0.210000040E-02	 0.249999997E-02	 0.158403615E-07
    3608	 0.209999993E-02	-0.240000043E-02	 0.249999997E-02	 0.312937694E-07
    3625	 0.209999993E-02	-0.180000038E-02	 0.249999997E-02	 0.831994013E-08
    3636	 0.209999993E-02	-0.150000036E-02	 0.249999997E-02	 0.310066262E-08
    3647	 0.209999993E-02	-0.120000033E-02	 0.249999997E-02	-0.775282305E-09
    3658	 0.209999993E-02	-0.900000310E-03	 0.249999997E-02	-0.351989505E-08
    3669	 0.209999993E-02	-0.600000286E-03	 0.249999997E-02	-0.537312829E-08
    3796	 0.239999995E-02	-0.210000040E-02	 0.249999997E-02	 0.312937694E-07
    3795	 0.239999995E-02	-0.240000043E-02	 0.249999997E-02	 0.479822634E-07
    3812	 0.239999995E-02	-0.180000038E-02	 0.249999997E-02	 0.200326628E-07
    3823	 0.239999995E-02	-0.150000036E-02	 0.249999997E-02	 0.110216877E-07
    3834	 0.239999995E-02	-0.120000033E-02	 0.249999997E-02	 0.585859794E-08
    3845	 0.239999995E-02	-0.900000310E-03	 0.249999997E-02	 0.263487155E-08
    3856	 0.239999995E-02	-0.600000286E-03	 0.249999997E-02	 0.617604051E-09
    3983	 0.269999998E-02	-0.150000036E-02	 0.249999997E-02	 0.243205511E-07
    3982	 0.269999998E-02	-0.180000038E-02	 0.249999997E-02	 0.386607311E-07
    3999	 0.269999998E-02	-0.120000033E-02	 0.249999997E-02	 0.160073252E-07
    4010	 0.269999998E-02	-0.900000310E-03	 0.249999997E-02	 0.121565839E-07
    4021	 0.269999998E-02	-0.600000286E-03	 0.249999997E-02	 0.100116561E-07
    4126	 0.300000000E-02	-0.120000033E-02	 0.249999997E-02	 0.346611343E-07
    4125	 0.300000000E-02	-0.150000036E-02	 0.249999997E-02	 0.449361556E-07
    4142	 0.300000000E-02	-0.900000310E-03	 0.249999997E-02	 0.307521563E-07
    4153	 0.300000000E-02	-0.600000286E-03	 0.249999997E-02	 0.284140366E-07
      22	-0.300000048E-02	-0.120000033E-02	 0.249999997E-02	 0.346611335E-07
      21	-0.300000048E-02	-0.150000036E-02	 0.249999997E-02	 0.449361548E-07
      24	-0.270000045E-02	-0.120000033E-02	 0.249999997E-02	 0.160073246E-07
     281	-0.240000043E-02	-0.120000033E-02	 0.249999997E-02	 0.585859733E-08
     479	-0.210000040E-02	-0.120000033E-02	 0.249999997E-02	-0.775282839E-09
     688	-0.180000038E-02	-0.120000033E-02	 0.249999997E-02	-0.577505997E-08
     897	-0.150000036E-02	-0.120000033E-02	 0.249999997E-02	-0.966995274E-08
      55	-0.300000048E-02	-0.900000310E-03	 0.249999997E-02	 0.307521556E-07
      56	-0.270000045E-02	-0.900000310E-03	 0.249999997E-02	 0.121565833E-07
     292	-0.240000043E-02	-0.900000310E-03	 0.249999997E-02	 0.263487094E-08
     490	-0.210000040E-02	-0.900000310E-03	 0.249999997E-02	-0.351989559E-08
     699	-0.180000038E-02	-0.900000310E-03	 0.249999997E-02	-0.827573422E-08
     908	-0.150000036E-02	-0.900000310E-03	 0.249999997E-02	-0.120571135E-07
    1150	-0.120000033E-02	-0.900000310E-03	 0.249999997E-02	-0.150870874E-07
      77	-0.300000048E-02	-0.600000286E-03	 0.249999997E-02	 0.284140358E-07
      78	-0.270000045E-02	-0.600000286E-03	 0.249999997E-02	 0.100116554E-07
     303	-0.240000043E-02	-0.600000286E-03	 0.249999997E-02	 0.617603441E-09
     501	-0.210000040E-02	-0.600000286E-03	 0.249999997E-02	-0.537312882E-08
     710	-0.180000038E-02	-0.600000286E-03	 0.249999997E-02	-0.100149202E-07
     919	-0.150000036E-02	-0.600000286E-03	 0.249999997E-02	-0.137483442E-07
    1161	-0.120000033E-02	-0.600000286E-03	 0.249999997E-02	-0.167572998E-07
    1403	-0.900000310E-03	-0.600000286E-03	 0.249999997E-02	-0.190905376E-07
    1634	-0.600000286E-03	-0.600000286E-03	 0.249999997E-02	-0.207583577E-07
      99	-0.300000048E-02	-0.300000262E-03	 0.249999997E-02	 0.272850652E-07
     100	-0.270000045E-02	-0.300000262E-03	 0.249999997E-02	 0.885214613E-08
     314	-0.240000043E-02	-0.300000262E-03	 0.249999997E-02	-0.530126850E-09
     512	-0.210000040E-02	-0.300000262E-03	 0.249999997E-02	-0.644824960E-08
     721	-0.180000038E-02	-0.300000262E-03	 0.249999997E-02	-0.110507988E-07
     930	-0.150000036E-02	-0.300000262E-03	 0.249999997E-02	-0.147560356E-07
    1172	-0.120000033E-02	-0.300000262E-03	 0.249999997E-02	-0.177596693E-07
    1414	-0.900000310E-03	-0.300000262E-03	 0.249999997E-02	-0.200911457E-07
    1645	-0.600000286E-03	-0.300000262E-03	 0.249999997E-02	-0.217615947E-07
    1876	-0.300000262E-03	-0.300000262E-03	 0.249999997E-02	-0.227656432E-07
    2107	-0.238418579E-09	-0.300000262E-03	 0.249999997E-02	-0.231011385E-07
     121	-0.300000048E-02	-0.238418579E-09	 0.249999997E-02	 0.268817221E-07
     122	-0.270000045E-02	-0.238418579E-09	 0.249999997E-02	 0.847760260E-08
     325	-0.240000043E-02	-0.238418579E-09	 0.249999997E-02	-0.892211786E-09
     523	-0.210000040E-02	-0.238418579E-09	 0.249999997E-02	-0.680886439E-08
     732	-0.180000038E-02	-0.238418579E-09	 0.249999997E-02	-0.113910311E-07
     941	-0.150000036E-02	-0.238418579E-09	 0.249999997E-02	-0.150931411E-07
    1183	-0.120000033E-02	-0.238418579E-09	 0.249999997E-02	-0.180927684E-07
    1425	-0.900000310E-03	-0.238418579E-09	 0.249999997E-02	-0.204254389E-07
    1656	-0.600000286E-03	-0.238418579E-09	 0.249999997E-02	-0.220959908E-07
    1887	-0.300000262E-03	-0.238418579E-09	 0.249999997E-02	-0.231011385E-07
    2118	-0.238418579E-09	-0.238418579E-09	 0.249999997E-02	-0.234365224E-07
     143	-0.300000048E-02	 0.299999785E-03	 0.249999997E-02	 0.272850653E-07
     144	-0.270000045E-02	 0.299999785E-03	 0.249999997E-02	 0.885214618E-08
     336	-0.240000043E-02	 0.299999785E-03	 0.249999997E-02	-0.530126803E-09
     534	-0.210000040E-02	 0.299999785E-03	 0.249999997E-02	-0.644824956E-08
     743	-0.180000038E-02	 0.299999785E-03	 0.249999997E-02	-0.110507987E-07
     952	-0.150000036E-02	 0.299999785E-03	 0.249999997E-02	-0.147560356E-07
    1194	-0.120000033E-02	 0.299999785E-03	 0.249999997E-02	-0.177596692E-07
    1436	-0.900000310E-03	 0.299999785E-03	 0.249999997E-02	-0.200911456E-07
    1667	-0.600000286E-03	 0.299999785E-03	 0.249999997E-02	-0.217615947E-07
    1898	-0.300000262E-03	 0.299999785E-03	 0.249999997E-02	-0.227656431E-07
    2129	-0.238418579E-09	 0.299999785E-03	 0.249999997E-02	-0.231011384E-07
     165	-0.300000048E-02	 0.599999809E-03	 0.249999997E-02	 0.284140359E-07
     166	-0.270000045E-02	 0.599999809E-03	 0.249999997E-02	 0.100116555E-07
     347	-0.240000043E-02	 0.599999809E-03	 0.249999997E-02	 0.617603536E-09
     545	-0.210000040E-02	 0.599999809E-03	 0.249999997E-02	-0.537312873E-08
     754	-0.180000038E-02	 0.599999809E-03	 0.249999997E-02	-0.100149201E-07
     963	-0.150000036E-02	 0.599999809E-03	 0.249999997E-02	-0.137483441E-07
    1205	-0.120000033E-02	 0.599999809E-03	 0.249999997E-02	-0.167572997E-07
    1447	-0.900000310E-03	 0.599999809E-03	 0.249999997E-02	-0.190905376E-07
    1678	-0.600000286E-03	 0.599999809E-03	 0.249999997E-02	-0.207583576E-07
    1909	-0.300000262E-03	 0.599999809E-03	 0.249999997E-02	-0.217615946E-07
    2140	-0.238418579E-09	 0.599999809E-03	 0.249999997E-02	-0.220959907E-07
     187	-0.300000048E-02	 0.899999833E-03	 0.249999997E-02	 0.307521557E-07
     188	-0.270000045E-02	 0.899999833E-03	 0.249999997E-02	 0.121565834E-07
     358	-0.240000043E-02	 0.899999833E-03	 0.249999997E-02	 0.263487108E-08
     556	-0.210000040E-02	 0.899999833E-03	 0.249999997E-02	-0.351989544E-08
     765	-0.180000038E-02	 0.899999833E-03	 0.249999997E-02	-0.827573408E-08
     974	-0.150000036E-02	 0.899999833E-03	 0.249999997E-02	-0.120571134E-07
    1216	-0.120000033E-02	 0.899999833E-03	 0.249999997E-02	-0.150870872E-07
    1458	-0.900000310E-03	 0.899999833E-03	 0.249999997E-02	-0.174217531E-07
    1689	-0.600000286E-03	 0.899999833E-03	 0.249999997E-02	-0.190905375E-07
    1920	-0.300000262E-03	 0.899999833E-03	 0.249999997E-02	-0.200911455E-07
     209	-0.300000048E-02	 0.119999986E-02	 0.249999997E-02	 0.346611337E-07
     210	-0.270000045E-02	 0.119999986E-02	 0.249999997E-02	 0.160073247E-07
     369	-0.240000043E-02	 0.119999986E-02	 0.249999997E-02	 0.585859752E-08
     567	-0.210000040E-02	 0.119999986E-02	 0.249999997E-02	-0.775282652E-09
     776	-0.180000038E-02	 0.119999986E-02	 0.249999997E-02	-0.577505978E-08
     985	-0.150000036E-02	 0.119999986E-02	 0.249999997E-02	-0.966995256E-08
    1227	-0.120000033E-02	 0.119999986E-02	 0.249999997E-02	-0.127312132E-07
    1469	-0.900000310E-03	 0.119999986E-02	 0.249999997E-02	-0.150870872E-07
    1700	-0.600000286E-03	 0.119999986E-02	 0.249999997E-02	-0.167572995E-07
    1931	-0.300000262E-03	 0.119999986E-02	 0.249999997E-02	-0.177596691E-07
     231	-0.300000048E-02	 0.149999988E-02	 0.249999997E-02	 0.449361551E-07
     232	-0.270000045E-02	 0.149999988E-02	 0.249999997E-02	 0.243205507E-07
     380	-0.240000043E-02	 0.149999988E-02	 0.249999997E-02	 0.110216873E-07
     578	-0.210000040E-02	 0.149999988E-02	 0.249999997E-02	 0.310066232E-08
     787	-0.180000038E-02	 0.149999988E-02	 0.249999997E-02	-0.244504511E-08
     996	-0.150000036E-02	 0.149999988E-02	 0.249999997E-02	-0.649460882E-08
    1238	-0.120000033E-02	 0.149999988E-02	 0.249999997E-02	-0.966995249E-08
    1480	-0.900000310E-03	 0.149999988E-02	 0.249999997E-02	-0.120571133E-07
    1711	-0.600000286E-03	 0.149999988E-02	 0.249999997E-02	-0.137483439E-07
    1942	-0.300000262E-03	 0.149999988E-02	 0.249999997E-02	-0.147560353E-07
     396	-0.270000045E-02	 0.179999990E-02	 0.249999997E-02	 0.386607307E-07
     397	-0.240000043E-02	 0.179999990E-02	 0.249999997E-02	 0.200326625E-07
     589	-0.210000040E-02	 0.179999990E-02	 0.249999997E-02	 0.831993990E-08
     798	-0.180000038E-02	 0.179999990E-02	 0.249999997E-02	 0.206317310E-08
    1007	-0.150000036E-02	 0.179999990E-02	 0.249999997E-02	-0.244504503E-08
    1249	-0.120000033E-02	 0.179999990E-02	 0.249999997E-02	-0.577505964E-08
    1491	-0.900000310E-03	 0.179999990E-02	 0.249999997E-02	-0.827573388E-08
    1722	-0.600000286E-03	 0.179999990E-02	 0.249999997E-02	-0.100149199E-07
    1953	-0.300000262E-03	 0.179999990E-02	 0.249999997E-02	-0.110507984E-07
     605	-0.240000043E-02	 0.209999993E-02	 0.249999997E-02	 0.312937692E-07
     606	-0.210000040E-02	 0.209999993E-02	 0.249999997E-02	 0.158403613E-07
     809	-0.180000038E-02	 0.209999993E-02	 0.249999997E-02	 0.831993994E-08
    1018	-0.150000036E-02	 0.209999993E-02	 0.249999997E-02	 0.310066245E-08
    1260	-0.120000033E-02	 0.209999993E-02	 0.249999997E-02	-0.775282465E-09
    1502	-0.900000310E-03	 0.209999993E-02	 0.249999997E-02	-0.351989520E-08
    1733	-0.600000286E-03	 0.209999993E-02	 0.249999997E-02	-0.537312842E-08
    1964	-0.300000262E-03	 0.209999993E-02	 0.249999997E-02	-0.644824919E-08
     627	-0.240000043E-02	 0.239999995E-02	 0.249999997E-02	 0.479822632E-07
     628	-0.210000040E-02	 0.239999995E-02	 0.249999997E-02	 0.312937692E-07
     820	-0.180000038E-02	 0.239999995E-02	 0.249999997E-02	 0.200326626E-07
    1029	-0.150000036E-02	 0.239999995E-02	 0.249999997E-02	 0.110216875E-07
    1271	-0.120000033E-02	 0.239999995E-02	 0.249999997E-02	 0.585859776E-08
    1513	-0.900000310E-03	 0.239999995E-02	 0.249999997E-02	 0.263487139E-08
    1744	-0.600000286E-03	 0.239999995E-02	 0.249999997E-02	 0.617603906E-09
    1045	-0.180000038E-02	 0.269999998E-02	 0.249999997E-02	 0.386607308E-07
    1046	-0.150000036E-02	 0.269999998E-02	 0.249999997E-02	 0.243205509E-07
    1282	-0.120000033E-02	 0.269999998E-02	 0.249999997E-02	 0.160073250E-07
    1524	-0.900000310E-03	 0.269999998E-02	 0.249999997E-02	 0.121565838E-07
    1755	-0.600000286E-03	 0.269999998E-02	 0.249999997E-02	 0.100116560E-07
    1298	-0.150000036E-02	 0.300000000E-02	 0.249999997E-02	 0.449361554E-07
    1299	-0.120000033E-02	 0.300000000E-02	 0.249999997E-02	 0.346611341E-07
    1535	-0.900000310E-03	 0.300000000E-02	 0.249999997E-02	 0.307521561E-07
    1766	-0.600000286E-03	 0.300000000E-02	 0.249999997E-02	 0.284140364E-07
    1975	-0.300000262E-03	 0.239999995E-02	 0.249999997E-02	-0.530126371E-09
    1986	-0.300000262E-03	 0.269999998E-02	 0.249999997E-02	 0.885214667E-08
    1997	-0.300000262E-03	 0.300000000E-02	 0.249999997E-02	 0.272850658E-07
    2151	-0.238418579E-09	 0.899999833E-03	 0.249999997E-02	-0.204254387E-07
    2162	-0.238418579E-09	 0.119999986E-02	 0.249999997E-02	-0.180927682E-07
    2173	-0.238418579E-09	 0.149999988E-02	 0.249999997E-02	-0.150931408E-07
    2184	-0.238418579E-09	 0.179999990E-02	 0.249999997E-02	-0.113910307E-07
    2195	-0.238418579E-09	 0.209999993E-02	 0.249999997E-02	-0.680886396E-08
    2206	-0.238418579E-09	 0.239999995E-02	 0.249999997E-02	-0.892211292E-09
    2217	-0.238418579E-09	 0.269999998E-02	 0.249999997E-02	 0.847760316E-08
    2228	-0.238418579E-09	 0.300000000E-02	 0.249999997E-02	 0.268817227E-07
    2338	 0.299999785E-03	-0.300000262E-03	 0.249999997E-02	-0.227656431E-07
    2349	 0.299999785E-03	-0.238418579E-09	 0.249999997E-02	-0.231011384E-07
    2360	 0.299999785E-03	 0.299999785E-03	 0.249999997E-02	-0.227656431E-07
    2371	 0.299999785E-03	 0.599999809E-03	 0.249999997E-02	-0.217615945E-07
    2382	 0.299999785E-03	 0.899999833E-03	 0.249999997E-02	-0.200911454E-07
    2393	 0.299999785E-03	 0.119999986E-02	 0.249999997E-02	-0.177596690E-07
    2404	 0.299999785E-03	 0.149999988E-02	 0.249999997E-02	-0.147560352E-07
    2415	 0.299999785E-03	 0.179999990E-02	 0.249999997E-02	-0.110507983E-07
    2426	 0.299999785E-03	 0.209999993E-02	 0.249999997E-02	-0.644824911E-08
    2437	 0.299999785E-03	 0.239999995E-02	 0.249999997E-02	-0.530126294E-09
    2448	 0.299999785E-03	 0.269999998E-02	 0.249999997E-02	 0.885214675E-08
    2459	 0.299999785E-03	 0.300000000E-02	 0.249999997E-02	 0.272850659E-07
    2569	 0.599999809E-03	-0.300000262E-03	 0.249999997E-02	-0.217615946E-07
    2580	 0.599999809E-03	-0.238418579E-09	 0.249999997E-02	-0.220959907E-07
    2591	 0.599999809E-03	 0.299999785E-03	 0.249999997E-02	-0.217615945E-07
    2602	 0.599999809E-03	 0.599999809E-03	 0.249999997E-02	-0.207583575E-07
    2613	 0.599999809E-03	 0.899999833E-03	 0.249999997E-02	-0.190905373E-07
    2624	 0.599999809E-03	 0.119999986E-02	 0.249999997E-02	-0.167572994E-07
    2635	 0.599999809E-03	 0.149999988E-02	 0.249999997E-02	-0.137483437E-07
    2646	 0.599999809E-03	 0.179999990E-02	 0.249999997E-02	-0.100149197E-07
    2657	 0.599999809E-03	 0.209999993E-02	 0.249999997E-02	-0.537312826E-08
    2668	 0.599999809E-03	 0.239999995E-02	 0.249999997E-02	 0.617604059E-09
    2679	 0.599999809E-03	 0.269999998E-02	 0.249999997E-02	 0.100116561E-07
    2690	 0.599999809E-03	 0.300000000E-02	 0.249999997E-02	 0.284140365E-07
    2800	 0.899999833E-03	-0.300000262E-03	 0.249999997E-02	-0.200911454E-07
    2811	 0.899999833E-03	-0.238418579E-09	 0.249999997E-02	-0.204254387E-07
    2822	 0.899999833E-03	 0.299999785E-03	 0.249999997E-02	-0.200911454E-07
    2833	 0.899999833E-03	 0.599999809E-03	 0.249999997E-02	-0.190905373E-07
    2844	 0.899999833E-03	 0.899999833E-03	 0.249999997E-02	-0.174217529E-07
    2855	 0.899999833E-03	 0.119999986E-02	 0.249999997E-02	-0.150870869E-07
    2866	 0.899999833E-03	 0.149999988E-02	 0.249999997E-02	-0.120571130E-07
    2877	 0.899999833E-03	 0.179999990E-02	 0.249999997E-02	-0.827573365E-08
    2888	 0.899999833E-03	 0.209999993E-02	 0.249999997E-02	-0.351989497E-08
    2899	 0.899999833E-03	 0.239999995E-02	 0.249999997E-02	 0.263487162E-08
    2910	 0.899999833E-03	 0.269999998E-02	 0.249999997E-02	 0.121565840E-07
    2921	 0.899999833E-03	 0.300000000E-02	 0.249999997E-02	 0.307521564E-07
    3031	 0.119999986E-02	-0.300000262E-03	 0.249999997E-02	-0.177596690E-07
    3042	 0.119999986E-02	-0.238418579E-09	 0.249999997E-02	-0.180927681E-07
    3053	 0.119999986E-02	 0.299999785E-03	 0.249999997E-02	-0.177596689E-07
    3064	 0.119999986E-02	 0.599999809E-03	 0.249999997E-02	-0.167572994E-07
    3075	 0.119999986E-02	 0.899999833E-03	 0.249999997E-02	-0.150870869E-07
    3086	 0.119999986E-02	 0.119999986E-02	 0.249999997E-02	-0.127312129E-07
    3097	 0.119999986E-02	 0.149999988E-02	 0.249999997E-02	-0.966995219E-08
    3108	 0.119999986E-02	 0.179999990E-02	 0.249999997E-02	-0.577505934E-08
    3119	 0.119999986E-02	 0.209999993E-02	 0.249999997E-02	-0.775282161E-09
    3130	 0.119999986E-02	 0.239999995E-02	 0.249999997E-02	 0.585859807E-08
    3141	 0.119999986E-02	 0.269999998E-02	 0.249999997E-02	 0.160073254E-07
    3152	 0.119999986E-02	 0.300000000E-02	 0.249999997E-02	 0.346611344E-07
    3262	 0.149999988E-02	-0.300000262E-03	 0.249999997E-02	-0.147560352E-07
    3273	 0.149999988E-02	-0.238418579E-09	 0.249999997E-02	-0.150931407E-07
    3284	 0.149999988E-02	 0.299999785E-03	 0.249999997E-02	-0.147560352E-07
    3295	 0.149999988E-02	 0.599999809E-03	 0.249999997E-02	-0.137483437E-07
    3306	 0.149999988E-02	 0.899999833E-03	 0.249999997E-02	-0.120571130E-07
    3317	 0.149999988E-02	 0.119999986E-02	 0.249999997E-02	-0.966995217E-08
    3328	 0.149999988E-02	 0.149999988E-02	 0.249999997E-02	-0.649460843E-08
    3339	 0.149999988E-02	 0.179999990E-02	 0.249999997E-02	-0.244504465E-08
    3350	 0.149999988E-02	 0.209999993E-02	 0.249999997E-02	 0.310066283E-08
    3361	 0.149999988E-02	 0.239999995E-02	 0.249999997E-02	 0.110216879E-07
    3372	 0.149999988E-02	 0.269999998E-02	 0.249999997E-02	 0.243205513E-07
    3383	 0.149999988E-02	 0.300000000E-02	 0.249999997E-02	 0.449361557E-07
    3482	 0.179999990E-02	-0.300000262E-03	 0.249999997E-02	-0.110507983E-07
    3493	 0.179999990E-02	-0.238418579E-09	 0.249999997E-02	-0.113910306E-07
    3504	 0.179999990E-02	 0.299999785E-03	 0.249999997E-02	-0.110507983E-07
    3515	 0.179999990E-02	 0.599999809E-03	 0.249999997E-02	-0.100149197E-07
    3526	 0.179999990E-02	 0.899999833E-03	 0.249999997E-02	-0.827573361E-08
    3537	 0.179999990E-02	 0.119999986E-02	 0.249999997E-02	-0.577505931E-08
    3548	 0.179999990E-02	 0.149999988E-02	 0.249999997E-02	-0.244504463E-08
    3559	 0.179999990E-02	 0.179999990E-02	 0.249999997E-02	 0.206317358E-08
    3570	 0.179999990E-02	 0.209999993E-02	 0.249999997E-02	 0.831994042E-08
    3581	 0.179999990E-02	 0.239999995E-02	 0.249999997E-02	 0.200326630E-07
    3592	 0.179999990E-02	 0.269999998E-02	 0.249999997E-02	 0.386607313E-07
    3680	 0.209999993E-02	-0.300000262E-03	 0.249999997E-02	-0.644824907E-08
    3691	 0.209999993E-02	-0.238418579E-09	 0.249999997E-02	-0.680886386E-08
    3702	 0.209999993E-02	 0.299999785E-03	 0.249999997E-02	-0.644824902E-08
    3713	 0.209999993E-02	 0.599999809E-03	 0.249999997E-02	-0.537312819E-08
    3724	 0.209999993E-02	 0.899999833E-03	 0.249999997E-02	-0.351989491E-08
    3735	 0.209999993E-02	 0.119999986E-02	 0.249999997E-02	-0.775282118E-09
    3746	 0.209999993E-02	 0.149999988E-02	 0.249999997E-02	 0.310066286E-08
    3757	 0.209999993E-02	 0.179999990E-02	 0.249999997E-02	 0.831994043E-08
    3768	 0.209999993E-02	 0.209999993E-02	 0.249999997E-02	 0.158403619E-07
    3779	 0.209999993E-02	 0.239999995E-02	 0.249999997E-02	 0.312937698E-07
    3867	 0.239999995E-02	-0.300000262E-03	 0.249999997E-02	-0.530126240E-09
    3878	 0.239999995E-02	-0.238418579E-09	 0.249999997E-02	-0.892211176E-09
    3889	 0.239999995E-02	 0.299999785E-03	 0.249999997E-02	-0.530126192E-09
    3900	 0.239999995E-02	 0.599999809E-03	 0.249999997E-02	 0.617604146E-09
    3911	 0.239999995E-02	 0.899999833E-03	 0.249999997E-02	 0.263487169E-08
    3922	 0.239999995E-02	 0.119999986E-02	 0.249999997E-02	 0.585859813E-08
    3933	 0.239999995E-02	 0.149999988E-02	 0.249999997E-02	 0.110216879E-07
    3944	 0.239999995E-02	 0.179999990E-02	 0.249999997E-02	 0.200326631E-07
    3955	 0.239999995E-02	 0.209999993E-02	 0.249999997E-02	 0.312937698E-07
    3966	 0.239999995E-02	 0.239999995E-02	 0.249999997E-02	 0.479822638E-07
    4032	 0.269999998E-02	-0.300000262E-03	 0.249999997E-02	 0.885214682E-08
    4043	 0.269999998E-02	-0.238418579E-09	 0.249999997E-02	 0.847760329E-08
    4054	 0.269999998E-02	 0.299999785E-03	 0.249999997E-02	 0.885214687E-08
    4065	 0.269999998E-02	 0.599999809E-03	 0.249999997E-02	 0.100116562E-07
    4076	 0.269999998E-02	 0.899999833E-03	 0.249999997E-02	 0.121565841E-07
    4087	 0.269999998E-02	 0.119999986E-02	 0.249999997E-02	 0.160073254E-07
    4098	 0.269999998E-02	 0.149999988E-02	 0.249999997E-02	 0.243205513E-07
    4109	 0.269999998E-02	 0.179999990E-02	 0.249999997E-02	 0.386607314E-07
    4164	 0.300000000E-02	-0.300000262E-03	 0.249999997E-02	 0.272850660E-07
    4175	 0.300000000E-02	-0.238418579E-09	 0.249999997E-02	 0.268817228E-07
    4186	 0.300000000E-02	 0.299999785E-03	 0.249999997E-02	 0.272850660E-07
    4197	 0.300000000E-02	 0.599999809E-03	 0.249999997E-02	 0.284140367E-07
    4208	 0.300000000E-02	 0.899999833E-03	 0.249999997E-02	 0.307521565E-07
    4219	 0.300000000E-02	 0.119999986E-02	 0.249999997E-02	 0.346611345E-07
    4230	 0.300000000E-02	 0.149999988E-02	 0.249999997E-02	 0.449361558E-07
      27	-0.270000045E-02	-0.150000036E-02	 0.279999998E-02	 0.154212284E-07
     261	-0.270000045E-02	-0.180000038E-02	 0.279999998E-02	 0.253454244E-07
     263	-0.240000043E-02	-0.150000036E-02	 0.279999998E-02	 0.640914772E-08
     262	-0.240000043E-02	-0.180000038E-02	 0.279999998E-02	 0.125188334E-07
     433	-0.240000043E-02	-0.210000040E-02	 0.279999998E-02	 0.202343646E-07
     432	-0.240000043E-02	-0.240000043E-02	 0.279999998E-02	 0.318012187E-07
     435	-0.210000040E-02	-0.210000040E-02	 0.279999998E-02	 0.959124503E-08
     434	-0.210000040E-02	-0.240000043E-02	 0.279999998E-02	 0.202343645E-07
     458	-0.210000040E-02	-0.180000038E-02	 0.279999998E-02	 0.459589626E-08
     469	-0.210000040E-02	-0.150000036E-02	 0.279999998E-02	 0.124164157E-08
     652	-0.180000038E-02	-0.210000040E-02	 0.279999998E-02	 0.459589610E-08
     651	-0.180000038E-02	-0.240000043E-02	 0.279999998E-02	 0.125188331E-07
     667	-0.180000038E-02	-0.180000038E-02	 0.279999998E-02	 0.579175821E-09
     678	-0.180000038E-02	-0.150000036E-02	 0.279999998E-02	-0.222439930E-08
     844	-0.180000038E-02	-0.270000045E-02	 0.279999998E-02	 0.253454239E-07
     846	-0.150000036E-02	-0.240000043E-02	 0.279999998E-02	 0.640914724E-08
     845	-0.150000036E-02	-0.270000045E-02	 0.279999998E-02	 0.154212278E-07
     865	-0.150000036E-02	-0.210000040E-02	 0.279999998E-02	 0.124164126E-08
     876	-0.150000036E-02	-0.180000038E-02	 0.279999998E-02	-0.222439946E-08
     887	-0.150000036E-02	-0.150000036E-02	 0.279999998E-02	-0.465067075E-08
    1075	-0.150000036E-02	-0.300000048E-02	 0.279999998E-02	 0.296377361E-07
    1077	-0.120000033E-02	-0.270000045E-02	 0.279999998E-02	 0.976072952E-08
    1076	-0.120000033E-02	-0.300000048E-02	 0.279999998E-02	 0.225732596E-07
    1096	-0.120000033E-02	-0.240000043E-02	 0.279999998E-02	 0.302022542E-08
    1107	-0.120000033E-02	-0.210000040E-02	 0.279999998E-02	-0.118077522E-08
    1118	-0.120000033E-02	-0.180000038E-02	 0.279999998E-02	-0.422299140E-08
    1129	-0.120000033E-02	-0.150000036E-02	 0.279999998E-02	-0.650981883E-08
    1323	-0.900000310E-03	-0.270000045E-02	 0.279999998E-02	 0.726677773E-08
    1322	-0.900000310E-03	-0.300000048E-02	 0.279999998E-02	 0.200322107E-07
    1338	-0.900000310E-03	-0.240000043E-02	 0.279999998E-02	 0.991556217E-09
    1349	-0.900000310E-03	-0.210000040E-02	 0.279999998E-02	-0.284994960E-08
    1360	-0.900000310E-03	-0.180000038E-02	 0.279999998E-02	-0.569460072E-08
    1371	-0.900000310E-03	-0.150000036E-02	 0.279999998E-02	-0.788366265E-08
    1140	-0.120000033E-02	-0.120000033E-02	 0.279999998E-02	-0.826846080E-08
    1382	-0.900000310E-03	-0.120000033E-02	 0.279999998E-02	-0.960690736E-08
    1554	-0.600000286E-03	-0.270000045E-02	 0.279999998E-02	 0.594556526E-08
    1553	-0.600000286E-03	-0.300000048E-02	 0.279999998E-02	 0.185764712E-07
    1569	-0.600000286E-03	-0.240000043E-02	 0.279999998E-02	-0.233421467E-09
    1580	-0.600000286E-03	-0.210000040E-02	 0.279999998E-02	-0.395063813E-08
    1591	-0.600000286E-03	-0.180000038E-02	 0.279999998E-02	-0.670272362E-08
    1602	-0.600000286E-03	-0.150000036E-02	 0.279999998E-02	-0.884910545E-08
    1613	-0.600000286E-03	-0.120000033E-02	 0.279999998E-02	-0.105502074E-07
    1393	-0.900000310E-03	-0.900000310E-03	 0.279999998E-02	-0.109224761E-07
    1624	-0.600000286E-03	-0.900000310E-03	 0.279999998E-02	-0.118604784E-07
    1785	-0.300000262E-03	-0.270000045E-02	 0.279999998E-02	 0.526219406E-08
    1784	-0.300000262E-03	-0.300000048E-02	 0.279999998E-02	 0.179205695E-07
    1800	-0.300000262E-03	-0.240000043E-02	 0.279999998E-02	-0.913924838E-09
    1811	-0.300000262E-03	-0.210000040E-02	 0.279999998E-02	-0.457843904E-08
    1822	-0.300000262E-03	-0.180000038E-02	 0.279999998E-02	-0.729948372E-08
    1833	-0.300000262E-03	-0.150000036E-02	 0.279999998E-02	-0.942161593E-08
    1844	-0.300000262E-03	-0.120000033E-02	 0.279999998E-02	-0.111153382E-07
    1855	-0.300000262E-03	-0.900000310E-03	 0.279999998E-02	-0.124222696E-07
    2016	-0.238418579E-09	-0.270000045E-02	 0.279999998E-02	 0.504262660E-08
    2015	-0.238418579E-09	-0.300000048E-02	 0.279999998E-02	 0.176835263E-07
    2031	-0.238418579E-09	-0.240000043E-02	 0.279999998E-02	-0.112508227E-08
    2042	-0.238418579E-09	-0.210000040E-02	 0.279999998E-02	-0.478846735E-08
    2053	-0.238418579E-09	-0.180000038E-02	 0.279999998E-02	-0.749428969E-08
    2064	-0.238418579E-09	-0.150000036E-02	 0.279999998E-02	-0.961307738E-08
    2075	-0.238418579E-09	-0.120000033E-02	 0.279999998E-02	-0.113030094E-07
    2086	-0.238418579E-09	-0.900000310E-03	 0.279999998E-02	-0.126101243E-07
    1866	-0.300000262E-03	-0.600000286E-03	 0.279999998E-02	-0.133578776E-07
    2097	-0.238418579E-09	-0.600000286E-03	 0.279999998E-02	-0.135454466E-07
    2247	 0.299999785E-03	-0.270000045E-02	 0.279999998E-02	 0.526219382E-08
    2246	 0.299999785E-03	-0.300000048E-02	 0.279999998E-02	 0.179205693E-07
    2262	 0.299999785E-03	-0.240000043E-02	 0.279999998E-02	-0.913925080E-09
    2273	 0.299999785E-03	-0.210000040E-02	 0.279999998E-02	-0.457843928E-08
    2284	 0.299999785E-03	-0.180000038E-02	 0.279999998E-02	-0.729948396E-08
    2295	 0.299999785E-03	-0.150000036E-02	 0.279999998E-02	-0.942161617E-08
    2306	 0.299999785E-03	-0.120000033E-02	 0.279999998E-02	-0.111153384E-07
    2317	 0.299999785E-03	-0.900000310E-03	 0.279999998E-02	-0.124222699E-07
    2328	 0.299999785E-03	-0.600000286E-03	 0.279999998E-02	-0.133578779E-07
    2478	 0.599999809E-03	-0.270000045E-02	 0.279999998E-02	 0.594556477E-08
    2477	 0.599999809E-03	-0.300000048E-02	 0.279999998E-02	 0.185764707E-07
    2493	 0.599999809E-03	-0.240000043E-02	 0.279999998E-02	-0.233421951E-09
    2504	 0.599999809E-03	-0.210000040E-02	 0.279999998E-02	-0.395063861E-08
    2515	 0.599999809E-03	-0.180000038E-02	 0.279999998E-02	-0.670272410E-08
    2526	 0.599999809E-03	-0.150000036E-02	 0.279999998E-02	-0.884910594E-08
    2537	 0.599999809E-03	-0.120000033E-02	 0.279999998E-02	-0.105502079E-07
    2548	 0.599999809E-03	-0.900000310E-03	 0.279999998E-02	-0.118604789E-07
    2559	 0.599999809E-03	-0.600000286E-03	 0.279999998E-02	-0.127953020E-07
    2709	 0.899999833E-03	-0.270000045E-02	 0.279999998E-02	 0.726677700E-08
    2708	 0.899999833E-03	-0.300000048E-02	 0.279999998E-02	 0.200322100E-07
    2724	 0.899999833E-03	-0.240000043E-02	 0.279999998E-02	 0.991555492E-09
    2735	 0.899999833E-03	-0.210000040E-02	 0.279999998E-02	-0.284995033E-08
    2746	 0.899999833E-03	-0.180000038E-02	 0.279999998E-02	-0.569460145E-08
    2757	 0.899999833E-03	-0.150000036E-02	 0.279999998E-02	-0.788366337E-08
    2768	 0.899999833E-03	-0.120000033E-02	 0.279999998E-02	-0.960690809E-08
    2779	 0.899999833E-03	-0.900000310E-03	 0.279999998E-02	-0.109224768E-07
    2790	 0.899999833E-03	-0.600000286E-03	 0.279999998E-02	-0.118604790E-07
    2940	 0.119999986E-02	-0.270000045E-02	 0.279999998E-02	 0.976072855E-08
    2939	 0.119999986E-02	-0.300000048E-02	 0.279999998E-02	 0.225732586E-07
    2955	 0.119999986E-02	-0.240000043E-02	 0.279999998E-02	 0.302022445E-08
    2966	 0.119999986E-02	-0.210000040E-02	 0.279999998E-02	-0.118077619E-08
    2977	 0.119999986E-02	-0.180000038E-02	 0.279999998E-02	-0.422299237E-08
    2988	 0.119999986E-02	-0.150000036E-02	 0.279999998E-02	-0.650981980E-08
    2999	 0.119999986E-02	-0.120000033E-02	 0.279999998E-02	-0.826846177E-08
    3010	 0.119999986E-02	-0.900000310E-03	 0.279999998E-02	-0.960690817E-08
    3021	 0.119999986E-02	-0.600000286E-03	 0.279999998E-02	-0.105502080E-07
    3171	 0.149999988E-02	-0.270000045E-02	 0.279999998E-02	 0.154212265E-07
    3170	 0.149999988E-02	-0.300000048E-02	 0.279999998E-02	 0.296377349E-07
    3186	 0.149999988E-02	-0.240000043E-02	 0.279999998E-02	 0.640914603E-08
    3197	 0.149999988E-02	-0.210000040E-02	 0.279999998E-02	 0.124164005E-08
    3208	 0.149999988E-02	-0.180000038E-02	 0.279999998E-02	-0.222440067E-08
    3219	 0.149999988E-02	-0.150000036E-02	 0.279999998E-02	-0.465067196E-08
    3230	 0.149999988E-02	-0.120000033E-02	 0.279999998E-02	-0.650981988E-08
    3241	 0.149999988E-02	-0.900000310E-03	 0.279999998E-02	-0.788366354E-08
    3252	 0.149999988E-02	-0.600000286E-03	 0.279999998E-02	-0.884910619E-08
    3402	 0.179999990E-02	-0.240000043E-02	 0.279999998E-02	 0.125188317E-07
    3401	 0.179999990E-02	-0.270000045E-02	 0.279999998E-02	 0.253454225E-07
    3417	 0.179999990E-02	-0.210000040E-02	 0.279999998E-02	 0.459589466E-08
    3428	 0.179999990E-02	-0.180000038E-02	 0.279999998E-02	 0.579174380E-09
    3439	 0.179999990E-02	-0.150000036E-02	 0.279999998E-02	-0.222440074E-08
    3450	 0.179999990E-02	-0.120000033E-02	 0.279999998E-02	-0.422299252E-08
    3461	 0.179999990E-02	-0.900000310E-03	 0.279999998E-02	-0.569460169E-08
    3472	 0.179999990E-02	-0.600000286E-03	 0.279999998E-02	-0.670272442E-08
    3611	 0.209999993E-02	-0.210000040E-02	 0.279999998E-02	 0.959124333E-08
    3610	 0.209999993E-02	-0.240000043E-02	 0.279999998E-02	 0.202343628E-07
    3626	 0.209999993E-02	-0.180000038E-02	 0.279999998E-02	 0.459589457E-08
    3637	 0.209999993E-02	-0.150000036E-02	 0.279999998E-02	 0.124163988E-08
    3648	 0.209999993E-02	-0.120000033E-02	 0.279999998E-02	-0.118077644E-08
    3659	 0.209999993E-02	-0.900000310E-03	 0.279999998E-02	-0.284995066E-08
    3670	 0.209999993E-02	-0.600000286E-03	 0.279999998E-02	-0.395063903E-08
    3798	 0.239999995E-02	-0.210000040E-02	 0.279999998E-02	 0.202343627E-07
    3797	 0.239999995E-02	-0.240000043E-02	 0.279999998E-02	 0.318012168E-07
    3813	 0.239999995E-02	-0.180000038E-02	 0.279999998E-02	 0.125188315E-07
    3824	 0.239999995E-02	-0.150000036E-02	 0.279999998E-02	 0.640914579E-08
    3835	 0.239999995E-02	-0.120000033E-02	 0.279999998E-02	 0.302022412E-08
    3846	 0.239999995E-02	-0.900000310E-03	 0.279999998E-02	 0.991555076E-09
    3857	 0.239999995E-02	-0.600000286E-03	 0.279999998E-02	-0.233422448E-09
    3985	 0.269999998E-02	-0.150000036E-02	 0.279999998E-02	 0.154212262E-07
    3984	 0.269999998E-02	-0.180000038E-02	 0.279999998E-02	 0.253454222E-07
    4000	 0.269999998E-02	-0.120000033E-02	 0.279999998E-02	 0.976072814E-08
    4011	 0.269999998E-02	-0.900000310E-03	 0.279999998E-02	 0.726677650E-08
    4022	 0.269999998E-02	-0.600000286E-03	 0.279999998E-02	 0.594556419E-08
    4128	 0.300000000E-02	-0.120000033E-02	 0.279999998E-02	 0.225732581E-07
    4127	 0.300000000E-02	-0.150000036E-02	 0.279999998E-02	 0.296377345E-07
    4143	 0.300000000E-02	-0.900000310E-03	 0.279999998E-02	 0.200322094E-07
    4154	 0.300000000E-02	-0.600000286E-03	 0.279999998E-02	 0.185764700E-07
      26	-0.300000048E-02	-0.120000033E-02	 0.279999998E-02	 0.225732605E-07
      25	-0.300000048E-02	-0.150000036E-02	 0.279999998E-02	 0.296377369E-07
      28	-0.270000045E-02	-0.120000033E-02	 0.279999998E-02	 0.976073032E-08
     282	-0.240000043E-02	-0.120000033E-02	 0.279999998E-02	 0.302022606E-08
     480	-0.210000040E-02	-0.120000033E-02	 0.279999998E-02	-0.118077475E-08
     689	-0.180000038E-02	-0.120000033E-02	 0.279999998E-02	-0.422299108E-08
     898	-0.150000036E-02	-0.120000033E-02	 0.279999998E-02	-0.650981867E-08
      57	-0.300000048E-02	-0.900000310E-03	 0.279999998E-02	 0.200322118E-07
      58	-0.270000045E-02	-0.900000310E-03	 0.279999998E-02	 0.726677868E-08
     293	-0.240000043E-02	-0.900000310E-03	 0.279999998E-02	 0.991557013E-09
     491	-0.210000040E-02	-0.900000310E-03	 0.279999998E-02	-0.284994897E-08
     700	-0.180000038E-02	-0.900000310E-03	 0.279999998E-02	-0.569460025E-08
     909	-0.150000036E-02	-0.900000310E-03	 0.279999998E-02	-0.788366233E-08
    1151	-0.120000033E-02	-0.900000310E-03	 0.279999998E-02	-0.960690720E-08
      79	-0.300000048E-02	-0.600000286E-03	 0.279999998E-02	 0.185764725E-07
      80	-0.270000045E-02	-0.600000286E-03	 0.279999998E-02	 0.594556637E-08
     304	-0.240000043E-02	-0.600000286E-03	 0.279999998E-02	-0.233420512E-09
     502	-0.210000040E-02	-0.600000286E-03	 0.279999998E-02	-0.395063734E-08
     711	-0.180000038E-02	-0.600000286E-03	 0.279999998E-02	-0.670272298E-08
     920	-0.150000036E-02	-0.600000286E-03	 0.279999998E-02	-0.884910498E-08
    1162	-0.120000033E-02	-0.600000286E-03	 0.279999998E-02	-0.105502070E-07
    1404	-0.900000310E-03	-0.600000286E-03	 0.279999998E-02	-0.118604783E-07
    1635	-0.600000286E-03	-0.600000286E-03	 0.279999998E-02	-0.127953015E-07
     101	-0.300000048E-02	-0.300000262E-03	 0.279999998E-02	 0.179205710E-07
     102	-0.270000045E-02	-0.300000262E-03	 0.279999998E-02	 0.526219534E-08
     315	-0.240000043E-02	-0.300000262E-03	 0.279999998E-02	-0.913923723E-09
     513	-0.210000040E-02	-0.300000262E-03	 0.279999998E-02	-0.457843809E-08
     722	-0.180000038E-02	-0.300000262E-03	 0.279999998E-02	-0.729948292E-08
     931	-0.150000036E-02	-0.300000262E-03	 0.279999998E-02	-0.942161529E-08
    1173	-0.120000033E-02	-0.300000262E-03	 0.279999998E-02	-0.111153377E-07
    1415	-0.900000310E-03	-0.300000262E-03	 0.279999998E-02	-0.124222693E-07
    1646	-0.600000286E-03	-0.300000262E-03	 0.279999998E-02	-0.133578775E-07
    1877	-0.300000262E-03	-0.300000262E-03	 0.279999998E-02	-0.139206334E-07
    2108	-0.238418579E-09	-0.300000262E-03	 0.279999998E-02	-0.141088222E-07
     123	-0.300000048E-02	-0.238418579E-09	 0.279999998E-02	 0.176835279E-07
     124	-0.270000045E-02	-0.238418579E-09	 0.279999998E-02	 0.504262803E-08
     326	-0.240000043E-02	-0.238418579E-09	 0.279999998E-02	-0.112508099E-08
     524	-0.210000040E-02	-0.238418579E-09	 0.279999998E-02	-0.478846624E-08
     733	-0.180000038E-02	-0.238418579E-09	 0.279999998E-02	-0.749428873E-08
     942	-0.150000036E-02	-0.238418579E-09	 0.279999998E-02	-0.961307659E-08
    1184	-0.120000033E-02	-0.238418579E-09	 0.279999998E-02	-0.113030087E-07
    1426	-0.900000310E-03	-0.238418579E-09	 0.279999998E-02	-0.126101238E-07
    1657	-0.600000286E-03	-0.238418579E-09	 0.279999998E-02	-0.135454462E-07
    1888	-0.300000262E-03	-0.238418579E-09	 0.279999998E-02	-0.141088220E-07
    2119	-0.238418579E-09	-0.238418579E-09	 0.279999998E-02	-0.142968717E-07
     145	-0.300000048E-02	 0.299999785E-03	 0.279999998E-02	 0.179205711E-07
     146	-0.270000045E-02	 0.299999785E-03	 0.279999998E-02	 0.526219541E-08
     337	-0.240000043E-02	 0.299999785E-03	 0.279999998E-02	-0.913923647E-09
     535	-0.210000040E-02	 0.299999785E-03	 0.279999998E-02	-0.457843801E-08
     744	-0.180000038E-02	 0.299999785E-03	 0.279999998E-02	-0.729948285E-08
     953	-0.150000036E-02	 0.299999785E-03	 0.279999998E-02	-0.942161521E-08
    1195	-0.120000033E-02	 0.299999785E-03	 0.279999998E-02	-0.111153376E-07
    1437	-0.900000310E-03	 0.299999785E-03	 0.279999998E-02	-0.124222692E-07
    1668	-0.600000286E-03	 0.299999785E-03	 0.279999998E-02	-0.133578774E-07
    1899	-0.300000262E-03	 0.299999785E-03	 0.279999998E-02	-0.139206333E-07
    2130	-0.238418579E-09	 0.299999785E-03	 0.279999998E-02	-0.141088221E-07
     167	-0.300000048E-02	 0.599999809E-03	 0.279999998E-02	 0.185764726E-07
     168	-0.270000045E-02	 0.599999809E-03	 0.279999998E-02	 0.594556652E-08
     348	-0.240000043E-02	 0.599999809E-03	 0.279999998E-02	-0.233420359E-09
     546	-0.210000040E-02	 0.599999809E-03	 0.279999998E-02	-0.395063718E-08
     755	-0.180000038E-02	 0.599999809E-03	 0.279999998E-02	-0.670272283E-08
     964	-0.150000036E-02	 0.599999809E-03	 0.279999998E-02	-0.884910482E-08
    1206	-0.120000033E-02	 0.599999809E-03	 0.279999998E-02	-0.105502069E-07
    1448	-0.900000310E-03	 0.599999809E-03	 0.279999998E-02	-0.118604781E-07
    1679	-0.600000286E-03	 0.599999809E-03	 0.279999998E-02	-0.127953014E-07
    1910	-0.300000262E-03	 0.599999809E-03	 0.279999998E-02	-0.133578775E-07
    2141	-0.238418579E-09	 0.599999809E-03	 0.279999998E-02	-0.135454464E-07
     189	-0.300000048E-02	 0.899999833E-03	 0.279999998E-02	 0.200322121E-07
     190	-0.270000045E-02	 0.899999833E-03	 0.279999998E-02	 0.726677891E-08
     359	-0.240000043E-02	 0.899999833E-03	 0.279999998E-02	 0.991557242E-09
     557	-0.210000040E-02	 0.899999833E-03	 0.279999998E-02	-0.284994874E-08
     766	-0.180000038E-02	 0.899999833E-03	 0.279999998E-02	-0.569460002E-08
     975	-0.150000036E-02	 0.899999833E-03	 0.279999998E-02	-0.788366210E-08
    1217	-0.120000033E-02	 0.899999833E-03	 0.279999998E-02	-0.960690698E-08
    1459	-0.900000310E-03	 0.899999833E-03	 0.279999998E-02	-0.109224758E-07
    1690	-0.600000286E-03	 0.899999833E-03	 0.279999998E-02	-0.118604782E-07
    1921	-0.300000262E-03	 0.899999833E-03	 0.279999998E-02	-0.124222694E-07
     211	-0.300000048E-02	 0.119999986E-02	 0.279999998E-02	 0.225732608E-07
     212	-0.270000045E-02	 0.119999986E-02	 0.279999998E-02	 0.976073062E-08
     370	-0.240000043E-02	 0.119999986E-02	 0.279999998E-02	 0.302022636E-08
     568	-0.210000040E-02	 0.119999986E-02	 0.279999998E-02	-0.118077444E-08
     777	-0.180000038E-02	 0.119999986E-02	 0.279999998E-02	-0.422299077E-08
     986	-0.150000036E-02	 0.119999986E-02	 0.279999998E-02	-0.650981837E-08
    1228	-0.120000033E-02	 0.119999986E-02	 0.279999998E-02	-0.826846049E-08
    1470	-0.900000310E-03	 0.119999986E-02	 0.279999998E-02	-0.960690706E-08
    1701	-0.600000286E-03	 0.119999986E-02	 0.279999998E-02	-0.105502071E-07
    1932	-0.300000262E-03	 0.119999986E-02	 0.279999998E-02	-0.111153379E-07
     233	-0.300000048E-02	 0.149999988E-02	 0.279999998E-02	 0.296377373E-07
     234	-0.270000045E-02	 0.149999988E-02	 0.279999998E-02	 0.154212288E-07
     381	-0.240000043E-02	 0.149999988E-02	 0.279999998E-02	 0.640914810E-08
     579	-0.210000040E-02	 0.149999988E-02	 0.279999998E-02	 0.124164196E-08
     788	-0.180000038E-02	 0.149999988E-02	 0.279999998E-02	-0.222439892E-08
     997	-0.150000036E-02	 0.149999988E-02	 0.279999998E-02	-0.465067037E-08
    1239	-0.120000033E-02	 0.149999988E-02	 0.279999998E-02	-0.650981845E-08
    1481	-0.900000310E-03	 0.149999988E-02	 0.279999998E-02	-0.788366226E-08
    1712	-0.600000286E-03	 0.149999988E-02	 0.279999998E-02	-0.884910507E-08
    1943	-0.300000262E-03	 0.149999988E-02	 0.279999998E-02	-0.942161555E-08
     398	-0.270000045E-02	 0.179999990E-02	 0.279999998E-02	 0.253454249E-07
     399	-0.240000043E-02	 0.179999990E-02	 0.279999998E-02	 0.125188339E-07
     590	-0.210000040E-02	 0.179999990E-02	 0.279999998E-02	 0.459589673E-08
     799	-0.180000038E-02	 0.179999990E-02	 0.279999998E-02	 0.579176290E-09
    1008	-0.150000036E-02	 0.179999990E-02	 0.279999998E-02	-0.222439899E-08
    1250	-0.120000033E-02	 0.179999990E-02	 0.279999998E-02	-0.422299093E-08
    1492	-0.900000310E-03	 0.179999990E-02	 0.279999998E-02	-0.569460026E-08
    1723	-0.600000286E-03	 0.179999990E-02	 0.279999998E-02	-0.670272315E-08
    1954	-0.300000262E-03	 0.179999990E-02	 0.279999998E-02	-0.729948325E-08
     607	-0.240000043E-02	 0.209999993E-02	 0.279999998E-02	 0.202343652E-07
     608	-0.210000040E-02	 0.209999993E-02	 0.279999998E-02	 0.959124556E-08
     810	-0.180000038E-02	 0.209999993E-02	 0.279999998E-02	 0.459589664E-08
    1019	-0.150000036E-02	 0.209999993E-02	 0.279999998E-02	 0.124164179E-08
    1261	-0.120000033E-02	 0.209999993E-02	 0.279999998E-02	-0.118077469E-08
    1503	-0.900000310E-03	 0.209999993E-02	 0.279999998E-02	-0.284994907E-08
    1734	-0.600000286E-03	 0.209999993E-02	 0.279999998E-02	-0.395063760E-08
    1965	-0.300000262E-03	 0.209999993E-02	 0.279999998E-02	-0.457843851E-08
     629	-0.240000043E-02	 0.239999995E-02	 0.279999998E-02	 0.318012193E-07
     630	-0.210000040E-02	 0.239999995E-02	 0.279999998E-02	 0.202343651E-07
     821	-0.180000038E-02	 0.239999995E-02	 0.279999998E-02	 0.125188337E-07
    1030	-0.150000036E-02	 0.239999995E-02	 0.279999998E-02	 0.640914785E-08
    1272	-0.120000033E-02	 0.239999995E-02	 0.279999998E-02	 0.302022603E-08
    1514	-0.900000310E-03	 0.239999995E-02	 0.279999998E-02	 0.991556827E-09
    1745	-0.600000286E-03	 0.239999995E-02	 0.279999998E-02	-0.233420857E-09
    1047	-0.180000038E-02	 0.269999998E-02	 0.279999998E-02	 0.253454246E-07
    1048	-0.150000036E-02	 0.269999998E-02	 0.279999998E-02	 0.154212284E-07
    1283	-0.120000033E-02	 0.269999998E-02	 0.279999998E-02	 0.976073021E-08
    1525	-0.900000310E-03	 0.269999998E-02	 0.279999998E-02	 0.726677841E-08
    1756	-0.600000286E-03	 0.269999998E-02	 0.279999998E-02	 0.594556594E-08
    1300	-0.150000036E-02	 0.300000000E-02	 0.279999998E-02	 0.296377369E-07
    1301	-0.120000033E-02	 0.300000000E-02	 0.279999998E-02	 0.225732603E-07
    1536	-0.900000310E-03	 0.300000000E-02	 0.279999998E-02	 0.200322115E-07
    1767	-0.600000286E-03	 0.300000000E-02	 0.279999998E-02	 0.185764720E-07
    1976	-0.300000262E-03	 0.239999995E-02	 0.279999998E-02	-0.913924227E-09
    1987	-0.300000262E-03	 0.269999998E-02	 0.279999998E-02	 0.526219475E-08
    1998	-0.300000262E-03	 0.300000000E-02	 0.279999998E-02	 0.179205703E-07
    2152	-0.238418579E-09	 0.899999833E-03	 0.279999998E-02	-0.126101241E-07
    2163	-0.238418579E-09	 0.119999986E-02	 0.279999998E-02	-0.113030091E-07
    2174	-0.238418579E-09	 0.149999988E-02	 0.279999998E-02	-0.961307700E-08
    2185	-0.238418579E-09	 0.179999990E-02	 0.279999998E-02	-0.749428922E-08
    2196	-0.238418579E-09	 0.209999993E-02	 0.279999998E-02	-0.478846682E-08
    2207	-0.238418579E-09	 0.239999995E-02	 0.279999998E-02	-0.112508166E-08
    2218	-0.238418579E-09	 0.269999998E-02	 0.279999998E-02	 0.504262728E-08
    2229	-0.238418579E-09	 0.300000000E-02	 0.279999998E-02	 0.176835271E-07
    2339	 0.299999785E-03	-0.300000262E-03	 0.279999998E-02	-0.139206336E-07
    2350	 0.299999785E-03	-0.238418579E-09	 0.279999998E-02	-0.141088223E-07
    2361	 0.299999785E-03	 0.299999785E-03	 0.279999998E-02	-0.139206336E-07
    2372	 0.299999785E-03	 0.599999809E-03	 0.279999998E-02	-0.133578777E-07
    2383	 0.299999785E-03	 0.899999833E-03	 0.279999998E-02	-0.124222697E-07
    2394	 0.299999785E-03	 0.119999986E-02	 0.279999998E-02	-0.111153381E-07
    2405	 0.299999785E-03	 0.149999988E-02	 0.279999998E-02	-0.942161579E-08
    2416	 0.299999785E-03	 0.179999990E-02	 0.279999998E-02	-0.729948350E-08
    2427	 0.299999785E-03	 0.209999993E-02	 0.279999998E-02	-0.457843875E-08
    2438	 0.299999785E-03	 0.239999995E-02	 0.279999998E-02	-0.913924469E-09
    2449	 0.299999785E-03	 0.269999998E-02	 0.279999998E-02	 0.526219451E-08
    2460	 0.299999785E-03	 0.300000000E-02	 0.279999998E-02	 0.179205701E-07
    2570	 0.599999809E-03	-0.300000262E-03	 0.279999998E-02	-0.133578780E-07
    2581	 0.599999809E-03	-0.238418579E-09	 0.279999998E-02	-0.135454467E-07
    2592	 0.599999809E-03	 0.299999785E-03	 0.279999998E-02	-0.133578779E-07
    2603	 0.599999809E-03	 0.599999809E-03	 0.279999998E-02	-0.127953018E-07
    2614	 0.599999809E-03	 0.899999833E-03	 0.279999998E-02	-0.118604787E-07
    2625	 0.599999809E-03	 0.119999986E-02	 0.279999998E-02	-0.105502075E-07
    2636	 0.599999809E-03	 0.149999988E-02	 0.279999998E-02	-0.884910556E-08
    2647	 0.599999809E-03	 0.179999990E-02	 0.279999998E-02	-0.670272363E-08
    2658	 0.599999809E-03	 0.209999993E-02	 0.279999998E-02	-0.395063808E-08
    2669	 0.599999809E-03	 0.239999995E-02	 0.279999998E-02	-0.233421340E-09
    2680	 0.599999809E-03	 0.269999998E-02	 0.279999998E-02	 0.594556546E-08
    2691	 0.599999809E-03	 0.300000000E-02	 0.279999998E-02	 0.185764715E-07
    2801	 0.899999833E-03	-0.300000262E-03	 0.279999998E-02	-0.124222701E-07
    2812	 0.899999833E-03	-0.238418579E-09	 0.279999998E-02	-0.126101246E-07
    2823	 0.899999833E-03	 0.299999785E-03	 0.279999998E-02	-0.124222700E-07
    2834	 0.899999833E-03	 0.599999809E-03	 0.279999998E-02	-0.118604789E-07
    2845	 0.899999833E-03	 0.899999833E-03	 0.279999998E-02	-0.109224766E-07
    2856	 0.899999833E-03	 0.119999986E-02	 0.279999998E-02	-0.960690778E-08
    2867	 0.899999833E-03	 0.149999988E-02	 0.279999998E-02	-0.788366299E-08
    2878	 0.899999833E-03	 0.179999990E-02	 0.279999998E-02	-0.569460098E-08
    2889	 0.899999833E-03	 0.209999993E-02	 0.279999998E-02	-0.284994979E-08
    2900	 0.899999833E-03	 0.239999995E-02	 0.279999998E-02	 0.991556102E-09
    2911	 0.899999833E-03	 0.269999998E-02	 0.279999998E-02	 0.726677769E-08
    2922	 0.899999833E-03	 0.300000000E-02	 0.279999998E-02	 0.200322107E-07
    3032	 0.119999986E-02	-0.300000262E-03	 0.279999998E-02	-0.111153387E-07
    3043	 0.119999986E-02	-0.238418579E-09	 0.279999998E-02	-0.113030097E-07
    3054	 0.119999986E-02	 0.299999785E-03	 0.279999998E-02	-0.111153386E-07
    3065	 0.119999986E-02	 0.599999809E-03	 0.279999998E-02	-0.105502079E-07
    3076	 0.119999986E-02	 0.899999833E-03	 0.279999998E-02	-0.960690794E-08
    3087	 0.119999986E-02	 0.119999986E-02	 0.279999998E-02	-0.826846146E-08
    3098	 0.119999986E-02	 0.149999988E-02	 0.279999998E-02	-0.650981942E-08
    3109	 0.119999986E-02	 0.179999990E-02	 0.279999998E-02	-0.422299190E-08
    3120	 0.119999986E-02	 0.209999993E-02	 0.279999998E-02	-0.118077566E-08
    3131	 0.119999986E-02	 0.239999995E-02	 0.279999998E-02	 0.302022506E-08
    3142	 0.119999986E-02	 0.269999998E-02	 0.279999998E-02	 0.976072924E-08
    3153	 0.119999986E-02	 0.300000000E-02	 0.279999998E-02	 0.225732593E-07
    3263	 0.149999988E-02	-0.300000262E-03	 0.279999998E-02	-0.942161650E-08
    3274	 0.149999988E-02	-0.238418579E-09	 0.279999998E-02	-0.961307780E-08
    3285	 0.149999988E-02	 0.299999785E-03	 0.279999998E-02	-0.942161642E-08
    3296	 0.149999988E-02	 0.599999809E-03	 0.279999998E-02	-0.884910603E-08
    3307	 0.149999988E-02	 0.899999833E-03	 0.279999998E-02	-0.788366331E-08
    3318	 0.149999988E-02	 0.119999986E-02	 0.279999998E-02	-0.650981958E-08
    3329	 0.149999988E-02	 0.149999988E-02	 0.279999998E-02	-0.465067158E-08
    3340	 0.149999988E-02	 0.179999990E-02	 0.279999998E-02	-0.222440020E-08
    3351	 0.149999988E-02	 0.209999993E-02	 0.279999998E-02	 0.124164058E-08
    3362	 0.149999988E-02	 0.239999995E-02	 0.279999998E-02	 0.640914664E-08
    3373	 0.149999988E-02	 0.269999998E-02	 0.279999998E-02	 0.154212272E-07
    3384	 0.149999988E-02	 0.300000000E-02	 0.279999998E-02	 0.296377357E-07
    3483	 0.179999990E-02	-0.300000262E-03	 0.279999998E-02	-0.729948437E-08
    3494	 0.179999990E-02	-0.238418579E-09	 0.279999998E-02	-0.749429018E-08
    3505	 0.179999990E-02	 0.299999785E-03	 0.279999998E-02	-0.729948429E-08
    3516	 0.179999990E-02	 0.599999809E-03	 0.279999998E-02	-0.670272427E-08
    3527	 0.179999990E-02	 0.899999833E-03	 0.279999998E-02	-0.569460146E-08
    3538	 0.179999990E-02	 0.119999986E-02	 0.279999998E-02	-0.422299222E-08
    3549	 0.179999990E-02	 0.149999988E-02	 0.279999998E-02	-0.222440036E-08
    3560	 0.179999990E-02	 0.179999990E-02	 0.279999998E-02	 0.579174848E-09
    3571	 0.179999990E-02	 0.209999993E-02	 0.279999998E-02	 0.459589520E-08
    3582	 0.179999990E-02	 0.239999995E-02	 0.279999998E-02	 0.125188323E-07
    3593	 0.179999990E-02	 0.269999998E-02	 0.279999998E-02	 0.253454232E-07
    3681	 0.209999993E-02	-0.300000262E-03	 0.279999998E-02	-0.457843978E-08
    3692	 0.209999993E-02	-0.238418579E-09	 0.279999998E-02	-0.478846793E-08
    3703	 0.209999993E-02	 0.299999785E-03	 0.279999998E-02	-0.457843970E-08
    3714	 0.209999993E-02	 0.599999809E-03	 0.279999998E-02	-0.395063888E-08
    3725	 0.209999993E-02	 0.899999833E-03	 0.279999998E-02	-0.284995043E-08
    3736	 0.209999993E-02	 0.119999986E-02	 0.279999998E-02	-0.118077614E-08
    3747	 0.209999993E-02	 0.149999988E-02	 0.279999998E-02	 0.124164026E-08
    3758	 0.209999993E-02	 0.179999990E-02	 0.279999998E-02	 0.459589504E-08
    3769	 0.209999993E-02	 0.209999993E-02	 0.279999998E-02	 0.959124387E-08
    3780	 0.209999993E-02	 0.239999995E-02	 0.279999998E-02	 0.202343634E-07
    3868	 0.239999995E-02	-0.300000262E-03	 0.279999998E-02	-0.913925660E-09
    3879	 0.239999995E-02	-0.238418579E-09	 0.279999998E-02	-0.112508293E-08
    3890	 0.239999995E-02	 0.299999785E-03	 0.279999998E-02	-0.913925583E-09
    3901	 0.239999995E-02	 0.599999809E-03	 0.279999998E-02	-0.233422295E-09
    3912	 0.239999995E-02	 0.899999833E-03	 0.279999998E-02	 0.991555306E-09
    3923	 0.239999995E-02	 0.119999986E-02	 0.279999998E-02	 0.302022443E-08
    3934	 0.239999995E-02	 0.149999988E-02	 0.279999998E-02	 0.640914616E-08
    3945	 0.239999995E-02	 0.179999990E-02	 0.279999998E-02	 0.125188319E-07
    3956	 0.239999995E-02	 0.209999993E-02	 0.279999998E-02	 0.202343632E-07
    3967	 0.239999995E-02	 0.239999995E-02	 0.279999998E-02	 0.318012174E-07
    4033	 0.269999998E-02	-0.300000262E-03	 0.279999998E-02	 0.526219316E-08
    4044	 0.269999998E-02	-0.238418579E-09	 0.279999998E-02	 0.504262585E-08
    4055	 0.269999998E-02	 0.299999785E-03	 0.279999998E-02	 0.526219324E-08
    4066	 0.269999998E-02	 0.599999809E-03	 0.279999998E-02	 0.594556435E-08
    4077	 0.269999998E-02	 0.899999833E-03	 0.279999998E-02	 0.726677673E-08
    4088	 0.269999998E-02	 0.119999986E-02	 0.279999998E-02	 0.976072844E-08
    4099	 0.269999998E-02	 0.149999988E-02	 0.279999998E-02	 0.154212266E-07
    4110	 0.269999998E-02	 0.179999990E-02	 0.279999998E-02	 0.253454227E-07
    4165	 0.300000000E-02	-0.300000262E-03	 0.279999998E-02	 0.179205686E-07
    4176	 0.300000000E-02	-0.238418579E-09	 0.279999998E-02	 0.176835255E-07
    4187	 0.300000000E-02	 0.299999785E-03	 0.279999998E-02	 0.179205686E-07
    4198	 0.300000000E-02	 0.599999809E-03	 0.279999998E-02	 0.185764702E-07
    4209	 0.300000000E-02	 0.899999833E-03	 0.279999998E-02	 0.200322096E-07
    4220	 0.300000000E-02	 0.119999986E-02	 0.279999998E-02	 0.225732584E-07
    4231	 0.300000000E-02	 0.149999988E-02	 0.279999998E-02	 0.296377349E-07
      31	-0.270000045E-02	-0.150000036E-02	 0.309999998E-02	 0.106225317E-07
     264	-0.270000045E-02	-0.180000038E-02	 0.309999998E-02	 0.179289433E-07
     266	-0.240000043E-02	-0.150000036E-02	 0.309999998E-02	 0.406779809E-08
     265	-0.240000043E-02	-0.180000038E-02	 0.309999998E-02	 0.850284454E-08
     437	-0.240000043E-02	-0.210000040E-02	 0.309999998E-02	 0.141429719E-07
     436	-0.240000043E-02	-0.240000043E-02	 0.309999998E-02	 0.226733126E-07
     439	-0.210000040E-02	-0.210000040E-02	 0.309999998E-02	 0.632823442E-08
     438	-0.210000040E-02	-0.240000043E-02	 0.309999998E-02	 0.141429718E-07
     459	-0.210000040E-02	-0.180000038E-02	 0.309999998E-02	 0.275502939E-08
     470	-0.210000040E-02	-0.150000036E-02	 0.309999998E-02	 0.413060400E-09
     654	-0.180000038E-02	-0.210000040E-02	 0.309999998E-02	 0.275502926E-08
     653	-0.180000038E-02	-0.240000043E-02	 0.309999998E-02	 0.850284426E-08
     668	-0.180000038E-02	-0.180000038E-02	 0.309999998E-02	-0.528397627E-10
     679	-0.180000038E-02	-0.150000036E-02	 0.309999998E-02	-0.195410006E-08
     847	-0.180000038E-02	-0.270000045E-02	 0.309999998E-02	 0.179289429E-07
     849	-0.150000036E-02	-0.240000043E-02	 0.309999998E-02	 0.406779768E-08
     848	-0.150000036E-02	-0.270000045E-02	 0.309999998E-02	 0.106225311E-07
     866	-0.150000036E-02	-0.210000040E-02	 0.309999998E-02	 0.413060127E-09
     877	-0.150000036E-02	-0.180000038E-02	 0.309999998E-02	-0.195410019E-08
     888	-0.150000036E-02	-0.150000036E-02	 0.309999998E-02	-0.354581418E-08
    1078	-0.150000036E-02	-0.300000048E-02	 0.309999998E-02	 0.210854165E-07
    1080	-0.120000033E-02	-0.270000045E-02	 0.309999998E-02	 0.650208773E-08
    1079	-0.120000033E-02	-0.300000048E-02	 0.309999998E-02	 0.158982383E-07
    1097	-0.120000033E-02	-0.240000043E-02	 0.309999998E-02	 0.166909745E-08
    1108	-0.120000033E-02	-0.210000040E-02	 0.309999998E-02	-0.123786697E-08
    1119	-0.120000033E-02	-0.180000038E-02	 0.309999998E-02	-0.326530377E-08
    1130	-0.120000033E-02	-0.150000036E-02	 0.309999998E-02	-0.473289306E-08
    1325	-0.900000310E-03	-0.270000045E-02	 0.309999998E-02	 0.474511108E-08
    1324	-0.900000310E-03	-0.300000048E-02	 0.309999998E-02	 0.141017695E-07
    1339	-0.900000310E-03	-0.240000043E-02	 0.309999998E-02	 0.274888771E-09
    1350	-0.900000310E-03	-0.210000040E-02	 0.309999998E-02	-0.234565642E-08
    1361	-0.900000310E-03	-0.180000038E-02	 0.309999998E-02	-0.420826525E-08
    1372	-0.900000310E-03	-0.150000036E-02	 0.309999998E-02	-0.558835157E-08
    1141	-0.120000033E-02	-0.120000033E-02	 0.309999998E-02	-0.582773585E-08
    1383	-0.900000310E-03	-0.120000033E-02	 0.309999998E-02	-0.664532948E-08
    1556	-0.600000286E-03	-0.270000045E-02	 0.309999998E-02	 0.385050892E-08
    1555	-0.600000286E-03	-0.300000048E-02	 0.309999998E-02	 0.131021480E-07
    1570	-0.600000286E-03	-0.240000043E-02	 0.309999998E-02	-0.540463150E-09
    1581	-0.600000286E-03	-0.210000040E-02	 0.309999998E-02	-0.305855947E-08
    1592	-0.600000286E-03	-0.180000038E-02	 0.309999998E-02	-0.484224970E-08
    1603	-0.600000286E-03	-0.150000036E-02	 0.309999998E-02	-0.618078279E-08
    1614	-0.600000286E-03	-0.120000033E-02	 0.309999998E-02	-0.721371907E-08
    1394	-0.900000310E-03	-0.900000310E-03	 0.309999998E-02	-0.743717693E-08
    1625	-0.600000286E-03	-0.900000310E-03	 0.309999998E-02	-0.799592132E-08
    1787	-0.300000262E-03	-0.270000045E-02	 0.309999998E-02	 0.340199340E-08
    1786	-0.300000262E-03	-0.300000048E-02	 0.309999998E-02	 0.126745206E-07
    1801	-0.300000262E-03	-0.240000043E-02	 0.309999998E-02	-0.984328761E-09
    1812	-0.300000262E-03	-0.210000040E-02	 0.309999998E-02	-0.345809244E-08
    1823	-0.300000262E-03	-0.180000038E-02	 0.309999998E-02	-0.521325854E-08
    1834	-0.300000262E-03	-0.150000036E-02	 0.309999998E-02	-0.652868861E-08
    1845	-0.300000262E-03	-0.120000033E-02	 0.309999998E-02	-0.755195392E-08
    1856	-0.300000262E-03	-0.900000310E-03	 0.309999998E-02	-0.832852188E-08
    2018	-0.238418579E-09	-0.270000045E-02	 0.309999998E-02	 0.326056783E-08
    2017	-0.238418579E-09	-0.300000048E-02	 0.309999998E-02	 0.125196910E-07
    2032	-0.238418579E-09	-0.240000043E-02	 0.309999998E-02	-0.111921310E-08
    2043	-0.238418579E-09	-0.210000040E-02	 0.309999998E-02	-0.359118679E-08
    2054	-0.238418579E-09	-0.180000038E-02	 0.309999998E-02	-0.533334308E-08
    2065	-0.238418579E-09	-0.150000036E-02	 0.309999998E-02	-0.664473176E-08
    2076	-0.238418579E-09	-0.120000033E-02	 0.309999998E-02	-0.766379941E-08
    2087	-0.238418579E-09	-0.900000310E-03	 0.309999998E-02	-0.843951714E-08
    1867	-0.300000262E-03	-0.600000286E-03	 0.309999998E-02	-0.887981025E-08
    2098	-0.238418579E-09	-0.600000286E-03	 0.309999998E-02	-0.898996297E-08
    2249	 0.299999785E-03	-0.270000045E-02	 0.309999998E-02	 0.340199322E-08
    2248	 0.299999785E-03	-0.300000048E-02	 0.309999998E-02	 0.126745205E-07
    2263	 0.299999785E-03	-0.240000043E-02	 0.309999998E-02	-0.984328938E-09
    2274	 0.299999785E-03	-0.210000040E-02	 0.309999998E-02	-0.345809261E-08
    2285	 0.299999785E-03	-0.180000038E-02	 0.309999998E-02	-0.521325872E-08
    2296	 0.299999785E-03	-0.150000036E-02	 0.309999998E-02	-0.652868879E-08
    2307	 0.299999785E-03	-0.120000033E-02	 0.309999998E-02	-0.755195409E-08
    2318	 0.299999785E-03	-0.900000310E-03	 0.309999998E-02	-0.832852206E-08
    2329	 0.299999785E-03	-0.600000286E-03	 0.309999998E-02	-0.887981043E-08
    2480	 0.599999809E-03	-0.270000045E-02	 0.309999998E-02	 0.385050857E-08
    2479	 0.599999809E-03	-0.300000048E-02	 0.309999998E-02	 0.131021476E-07
    2494	 0.599999809E-03	-0.240000043E-02	 0.309999998E-02	-0.540463503E-09
    2505	 0.599999809E-03	-0.210000040E-02	 0.309999998E-02	-0.305855982E-08
    2516	 0.599999809E-03	-0.180000038E-02	 0.309999998E-02	-0.484225005E-08
    2527	 0.599999809E-03	-0.150000036E-02	 0.309999998E-02	-0.618078315E-08
    2538	 0.599999809E-03	-0.120000033E-02	 0.309999998E-02	-0.721371942E-08
    2549	 0.599999809E-03	-0.900000310E-03	 0.309999998E-02	-0.799592167E-08
    2560	 0.599999809E-03	-0.600000286E-03	 0.309999998E-02	-0.854865806E-08
    2711	 0.899999833E-03	-0.270000045E-02	 0.309999998E-02	 0.474511055E-08
    2710	 0.899999833E-03	-0.300000048E-02	 0.309999998E-02	 0.141017689E-07
    2725	 0.899999833E-03	-0.240000043E-02	 0.309999998E-02	 0.274888241E-09
    2736	 0.899999833E-03	-0.210000040E-02	 0.309999998E-02	-0.234565695E-08
    2747	 0.899999833E-03	-0.180000038E-02	 0.309999998E-02	-0.420826578E-08
    2758	 0.899999833E-03	-0.150000036E-02	 0.309999998E-02	-0.558835210E-08
    2769	 0.899999833E-03	-0.120000033E-02	 0.309999998E-02	-0.664533001E-08
    2780	 0.899999833E-03	-0.900000310E-03	 0.309999998E-02	-0.743717746E-08
    2791	 0.899999833E-03	-0.600000286E-03	 0.309999998E-02	-0.799592171E-08
    2942	 0.119999986E-02	-0.270000045E-02	 0.309999998E-02	 0.650208702E-08
    2941	 0.119999986E-02	-0.300000048E-02	 0.309999998E-02	 0.158982376E-07
    2956	 0.119999986E-02	-0.240000043E-02	 0.309999998E-02	 0.166909674E-08
    2967	 0.119999986E-02	-0.210000040E-02	 0.309999998E-02	-0.123786768E-08
    2978	 0.119999986E-02	-0.180000038E-02	 0.309999998E-02	-0.326530448E-08
    2989	 0.119999986E-02	-0.150000036E-02	 0.309999998E-02	-0.473289376E-08
    3000	 0.119999986E-02	-0.120000033E-02	 0.309999998E-02	-0.582773655E-08
    3011	 0.119999986E-02	-0.900000310E-03	 0.309999998E-02	-0.664533005E-08
    3022	 0.119999986E-02	-0.600000286E-03	 0.309999998E-02	-0.721371950E-08
    3173	 0.149999988E-02	-0.270000045E-02	 0.309999998E-02	 0.106225303E-07
    3172	 0.149999988E-02	-0.300000048E-02	 0.309999998E-02	 0.210854157E-07
    3187	 0.149999988E-02	-0.240000043E-02	 0.309999998E-02	 0.406779679E-08
    3198	 0.149999988E-02	-0.210000040E-02	 0.309999998E-02	 0.413059243E-09
    3209	 0.149999988E-02	-0.180000038E-02	 0.309999998E-02	-0.195410108E-08
    3220	 0.149999988E-02	-0.150000036E-02	 0.309999998E-02	-0.354581507E-08
    3231	 0.149999988E-02	-0.120000033E-02	 0.309999998E-02	-0.473289380E-08
    3242	 0.149999988E-02	-0.900000310E-03	 0.309999998E-02	-0.558835218E-08
    3253	 0.149999988E-02	-0.600000286E-03	 0.309999998E-02	-0.618078327E-08
    3404	 0.179999990E-02	-0.240000043E-02	 0.309999998E-02	 0.850284321E-08
    3403	 0.179999990E-02	-0.270000045E-02	 0.309999998E-02	 0.179289418E-07
    3418	 0.179999990E-02	-0.210000040E-02	 0.309999998E-02	 0.275502820E-08
    3429	 0.179999990E-02	-0.180000038E-02	 0.309999998E-02	-0.528408160E-10
    3440	 0.179999990E-02	-0.150000036E-02	 0.309999998E-02	-0.195410111E-08
    3451	 0.179999990E-02	-0.120000033E-02	 0.309999998E-02	-0.326530455E-08
    3462	 0.179999990E-02	-0.900000310E-03	 0.309999998E-02	-0.420826589E-08
    3473	 0.179999990E-02	-0.600000286E-03	 0.309999998E-02	-0.484225021E-08
    3613	 0.209999993E-02	-0.210000040E-02	 0.309999998E-02	 0.632823318E-08
    3612	 0.209999993E-02	-0.240000043E-02	 0.309999998E-02	 0.141429706E-07
    3627	 0.209999993E-02	-0.180000038E-02	 0.309999998E-02	 0.275502816E-08
    3638	 0.209999993E-02	-0.150000036E-02	 0.309999998E-02	 0.413059163E-09
    3649	 0.209999993E-02	-0.120000033E-02	 0.309999998E-02	-0.123786780E-08
    3660	 0.209999993E-02	-0.900000310E-03	 0.309999998E-02	-0.234565711E-08
    3671	 0.209999993E-02	-0.600000286E-03	 0.309999998E-02	-0.305856002E-08
    3800	 0.239999995E-02	-0.210000040E-02	 0.309999998E-02	 0.141429705E-07
    3799	 0.239999995E-02	-0.240000043E-02	 0.309999998E-02	 0.226733112E-07
    3814	 0.239999995E-02	-0.180000038E-02	 0.309999998E-02	 0.850284312E-08
    3825	 0.239999995E-02	-0.150000036E-02	 0.309999998E-02	 0.406779667E-08
    3836	 0.239999995E-02	-0.120000033E-02	 0.309999998E-02	 0.166909658E-08
    3847	 0.239999995E-02	-0.900000310E-03	 0.309999998E-02	 0.274888039E-09
    3858	 0.239999995E-02	-0.600000286E-03	 0.309999998E-02	-0.540463745E-09
    3987	 0.269999998E-02	-0.150000036E-02	 0.309999998E-02	 0.106225301E-07
    3986	 0.269999998E-02	-0.180000038E-02	 0.309999998E-02	 0.179289417E-07
    4001	 0.269999998E-02	-0.120000033E-02	 0.309999998E-02	 0.650208682E-08
    4012	 0.269999998E-02	-0.900000310E-03	 0.309999998E-02	 0.474511031E-08
    4023	 0.269999998E-02	-0.600000286E-03	 0.309999998E-02	 0.385050828E-08
    4130	 0.300000000E-02	-0.120000033E-02	 0.309999998E-02	 0.158982373E-07
    4129	 0.300000000E-02	-0.150000036E-02	 0.309999998E-02	 0.210854155E-07
    4144	 0.300000000E-02	-0.900000310E-03	 0.309999998E-02	 0.141017686E-07
    4155	 0.300000000E-02	-0.600000286E-03	 0.309999998E-02	 0.131021473E-07
      30	-0.300000048E-02	-0.120000033E-02	 0.309999998E-02	 0.158982391E-07
      29	-0.300000048E-02	-0.150000036E-02	 0.309999998E-02	 0.210854172E-07
      32	-0.270000045E-02	-0.120000033E-02	 0.309999998E-02	 0.650208841E-08
     283	-0.240000043E-02	-0.120000033E-02	 0.309999998E-02	 0.166909799E-08
     481	-0.210000040E-02	-0.120000033E-02	 0.309999998E-02	-0.123786656E-08
     690	-0.180000038E-02	-0.120000033E-02	 0.309999998E-02	-0.326530350E-08
     899	-0.150000036E-02	-0.120000033E-02	 0.309999998E-02	-0.473289292E-08
      59	-0.300000048E-02	-0.900000310E-03	 0.309999998E-02	 0.141017704E-07
      60	-0.270000045E-02	-0.900000310E-03	 0.309999998E-02	 0.474511190E-08
     294	-0.240000043E-02	-0.900000310E-03	 0.309999998E-02	 0.274889453E-09
     492	-0.210000040E-02	-0.900000310E-03	 0.309999998E-02	-0.234565587E-08
     701	-0.180000038E-02	-0.900000310E-03	 0.309999998E-02	-0.420826484E-08
     910	-0.150000036E-02	-0.900000310E-03	 0.309999998E-02	-0.558835130E-08
    1152	-0.120000033E-02	-0.900000310E-03	 0.309999998E-02	-0.664532934E-08
      81	-0.300000048E-02	-0.600000286E-03	 0.309999998E-02	 0.131021491E-07
      82	-0.270000045E-02	-0.600000286E-03	 0.309999998E-02	 0.385050988E-08
     305	-0.240000043E-02	-0.600000286E-03	 0.309999998E-02	-0.540462331E-09
     503	-0.210000040E-02	-0.600000286E-03	 0.309999998E-02	-0.305855879E-08
     712	-0.180000038E-02	-0.600000286E-03	 0.309999998E-02	-0.484224916E-08
     921	-0.150000036E-02	-0.600000286E-03	 0.309999998E-02	-0.618078239E-08
    1163	-0.120000033E-02	-0.600000286E-03	 0.309999998E-02	-0.721371879E-08
    1405	-0.900000310E-03	-0.600000286E-03	 0.309999998E-02	-0.799592118E-08
    1636	-0.600000286E-03	-0.600000286E-03	 0.309999998E-02	-0.854865770E-08
     103	-0.300000048E-02	-0.300000262E-03	 0.309999998E-02	 0.126745219E-07
     104	-0.270000045E-02	-0.300000262E-03	 0.309999998E-02	 0.340199449E-08
     316	-0.240000043E-02	-0.300000262E-03	 0.309999998E-02	-0.984327805E-09
     514	-0.210000040E-02	-0.300000262E-03	 0.309999998E-02	-0.345809162E-08
     723	-0.180000038E-02	-0.300000262E-03	 0.309999998E-02	-0.521325786E-08
     932	-0.150000036E-02	-0.300000262E-03	 0.309999998E-02	-0.652868807E-08
    1174	-0.120000033E-02	-0.300000262E-03	 0.309999998E-02	-0.755195351E-08
    1416	-0.900000310E-03	-0.300000262E-03	 0.309999998E-02	-0.832852161E-08
    1647	-0.600000286E-03	-0.300000262E-03	 0.309999998E-02	-0.887981011E-08
    1878	-0.300000262E-03	-0.300000262E-03	 0.309999998E-02	-0.920994940E-08
    2109	-0.238418579E-09	-0.300000262E-03	 0.309999998E-02	-0.932022295E-08
     125	-0.300000048E-02	-0.238418579E-09	 0.309999998E-02	 0.125196923E-07
     126	-0.270000045E-02	-0.238418579E-09	 0.309999998E-02	 0.326056906E-08
     327	-0.240000043E-02	-0.238418579E-09	 0.309999998E-02	-0.111921200E-08
     525	-0.210000040E-02	-0.238418579E-09	 0.309999998E-02	-0.359118583E-08
     734	-0.180000038E-02	-0.238418579E-09	 0.309999998E-02	-0.533334226E-08
     943	-0.150000036E-02	-0.238418579E-09	 0.309999998E-02	-0.664473108E-08
    1185	-0.120000033E-02	-0.238418579E-09	 0.309999998E-02	-0.766379886E-08
    1427	-0.900000310E-03	-0.238418579E-09	 0.309999998E-02	-0.843951673E-08
    1658	-0.600000286E-03	-0.238418579E-09	 0.309999998E-02	-0.898996269E-08
    1889	-0.300000262E-03	-0.238418579E-09	 0.309999998E-02	-0.932022281E-08
    2120	-0.238418579E-09	-0.238418579E-09	 0.309999998E-02	-0.943028707E-08
     147	-0.300000048E-02	 0.299999785E-03	 0.309999998E-02	 0.126745220E-07
     148	-0.270000045E-02	 0.299999785E-03	 0.309999998E-02	 0.340199458E-08
     338	-0.240000043E-02	 0.299999785E-03	 0.309999998E-02	-0.984327709E-09
     536	-0.210000040E-02	 0.299999785E-03	 0.309999998E-02	-0.345809152E-08
     745	-0.180000038E-02	 0.299999785E-03	 0.309999998E-02	-0.521325777E-08
     954	-0.150000036E-02	 0.299999785E-03	 0.309999998E-02	-0.652868797E-08
    1196	-0.120000033E-02	 0.299999785E-03	 0.309999998E-02	-0.755195341E-08
    1438	-0.900000310E-03	 0.299999785E-03	 0.309999998E-02	-0.832852151E-08
    1669	-0.600000286E-03	 0.299999785E-03	 0.309999998E-02	-0.887981002E-08
    1900	-0.300000262E-03	 0.299999785E-03	 0.309999998E-02	-0.920994931E-08
    2131	-0.238418579E-09	 0.299999785E-03	 0.309999998E-02	-0.932022285E-08
     169	-0.300000048E-02	 0.599999809E-03	 0.309999998E-02	 0.131021493E-07
     170	-0.270000045E-02	 0.599999809E-03	 0.309999998E-02	 0.385051007E-08
     349	-0.240000043E-02	 0.599999809E-03	 0.309999998E-02	-0.540462138E-09
     547	-0.210000040E-02	 0.599999809E-03	 0.309999998E-02	-0.305855859E-08
     756	-0.180000038E-02	 0.599999809E-03	 0.309999998E-02	-0.484224896E-08
     965	-0.150000036E-02	 0.599999809E-03	 0.309999998E-02	-0.618078219E-08
    1207	-0.120000033E-02	 0.599999809E-03	 0.309999998E-02	-0.721371860E-08
    1449	-0.900000310E-03	 0.599999809E-03	 0.309999998E-02	-0.799592099E-08
    1680	-0.600000286E-03	 0.599999809E-03	 0.309999998E-02	-0.854865751E-08
    1911	-0.300000262E-03	 0.599999809E-03	 0.309999998E-02	-0.887981006E-08
    2142	-0.238418579E-09	 0.599999809E-03	 0.309999998E-02	-0.898996277E-08
     191	-0.300000048E-02	 0.899999833E-03	 0.309999998E-02	 0.141017707E-07
     192	-0.270000045E-02	 0.899999833E-03	 0.309999998E-02	 0.474511219E-08
     360	-0.240000043E-02	 0.899999833E-03	 0.309999998E-02	 0.274889743E-09
     558	-0.210000040E-02	 0.899999833E-03	 0.309999998E-02	-0.234565558E-08
     767	-0.180000038E-02	 0.899999833E-03	 0.309999998E-02	-0.420826455E-08
     976	-0.150000036E-02	 0.899999833E-03	 0.309999998E-02	-0.558835101E-08
    1218	-0.120000033E-02	 0.899999833E-03	 0.309999998E-02	-0.664532905E-08
    1460	-0.900000310E-03	 0.899999833E-03	 0.309999998E-02	-0.743717664E-08
    1691	-0.600000286E-03	 0.899999833E-03	 0.309999998E-02	-0.799592103E-08
    1922	-0.300000262E-03	 0.899999833E-03	 0.309999998E-02	-0.832852159E-08
     213	-0.300000048E-02	 0.119999986E-02	 0.309999998E-02	 0.158982395E-07
     214	-0.270000045E-02	 0.119999986E-02	 0.309999998E-02	 0.650208879E-08
     371	-0.240000043E-02	 0.119999986E-02	 0.309999998E-02	 0.166909838E-08
     569	-0.210000040E-02	 0.119999986E-02	 0.309999998E-02	-0.123786618E-08
     778	-0.180000038E-02	 0.119999986E-02	 0.309999998E-02	-0.326530311E-08
     987	-0.150000036E-02	 0.119999986E-02	 0.309999998E-02	-0.473289253E-08
    1229	-0.120000033E-02	 0.119999986E-02	 0.309999998E-02	-0.582773546E-08
    1471	-0.900000310E-03	 0.119999986E-02	 0.309999998E-02	-0.664532909E-08
    1702	-0.600000286E-03	 0.119999986E-02	 0.309999998E-02	-0.721371868E-08
    1933	-0.300000262E-03	 0.119999986E-02	 0.309999998E-02	-0.755195353E-08
     235	-0.300000048E-02	 0.149999988E-02	 0.309999998E-02	 0.210854177E-07
     236	-0.270000045E-02	 0.149999988E-02	 0.309999998E-02	 0.106225322E-07
     382	-0.240000043E-02	 0.149999988E-02	 0.309999998E-02	 0.406779857E-08
     580	-0.210000040E-02	 0.149999988E-02	 0.309999998E-02	 0.413060881E-09
     789	-0.180000038E-02	 0.149999988E-02	 0.309999998E-02	-0.195409958E-08
     998	-0.150000036E-02	 0.149999988E-02	 0.309999998E-02	-0.354581370E-08
    1240	-0.120000033E-02	 0.149999988E-02	 0.309999998E-02	-0.473289257E-08
    1482	-0.900000310E-03	 0.149999988E-02	 0.309999998E-02	-0.558835109E-08
    1713	-0.600000286E-03	 0.149999988E-02	 0.309999998E-02	-0.618078231E-08
    1944	-0.300000262E-03	 0.149999988E-02	 0.309999998E-02	-0.652868813E-08
     400	-0.270000045E-02	 0.179999990E-02	 0.309999998E-02	 0.179289439E-07
     401	-0.240000043E-02	 0.179999990E-02	 0.309999998E-02	 0.850284512E-08
     591	-0.210000040E-02	 0.179999990E-02	 0.309999998E-02	 0.275502998E-08
     800	-0.180000038E-02	 0.179999990E-02	 0.309999998E-02	-0.528391775E-10
    1009	-0.150000036E-02	 0.179999990E-02	 0.309999998E-02	-0.195409961E-08
    1251	-0.120000033E-02	 0.179999990E-02	 0.309999998E-02	-0.326530319E-08
    1493	-0.900000310E-03	 0.179999990E-02	 0.309999998E-02	-0.420826466E-08
    1724	-0.600000286E-03	 0.179999990E-02	 0.309999998E-02	-0.484224912E-08
    1955	-0.300000262E-03	 0.179999990E-02	 0.309999998E-02	-0.521325796E-08
     609	-0.240000043E-02	 0.209999993E-02	 0.309999998E-02	 0.141429726E-07
     610	-0.210000040E-02	 0.209999993E-02	 0.309999998E-02	 0.632823509E-08
     811	-0.180000038E-02	 0.209999993E-02	 0.309999998E-02	 0.275502993E-08
    1020	-0.150000036E-02	 0.209999993E-02	 0.309999998E-02	 0.413060802E-09
    1262	-0.120000033E-02	 0.209999993E-02	 0.309999998E-02	-0.123786630E-08
    1504	-0.900000310E-03	 0.209999993E-02	 0.309999998E-02	-0.234565574E-08
    1735	-0.600000286E-03	 0.209999993E-02	 0.309999998E-02	-0.305855879E-08
    1966	-0.300000262E-03	 0.209999993E-02	 0.309999998E-02	-0.345809176E-08
     631	-0.240000043E-02	 0.239999995E-02	 0.309999998E-02	 0.226733134E-07
     632	-0.210000040E-02	 0.239999995E-02	 0.309999998E-02	 0.141429726E-07
     822	-0.180000038E-02	 0.239999995E-02	 0.309999998E-02	 0.850284503E-08
    1031	-0.150000036E-02	 0.239999995E-02	 0.309999998E-02	 0.406779845E-08
    1273	-0.120000033E-02	 0.239999995E-02	 0.309999998E-02	 0.166909822E-08
    1515	-0.900000310E-03	 0.239999995E-02	 0.309999998E-02	 0.274889541E-09
    1746	-0.600000286E-03	 0.239999995E-02	 0.309999998E-02	-0.540462379E-09
    1049	-0.180000038E-02	 0.269999998E-02	 0.309999998E-02	 0.179289437E-07
    1050	-0.150000036E-02	 0.269999998E-02	 0.309999998E-02	 0.106225320E-07
    1284	-0.120000033E-02	 0.269999998E-02	 0.309999998E-02	 0.650208859E-08
    1526	-0.900000310E-03	 0.269999998E-02	 0.309999998E-02	 0.474511195E-08
    1757	-0.600000286E-03	 0.269999998E-02	 0.309999998E-02	 0.385050979E-08
    1302	-0.150000036E-02	 0.300000000E-02	 0.309999998E-02	 0.210854175E-07
    1303	-0.120000033E-02	 0.300000000E-02	 0.309999998E-02	 0.158982392E-07
    1537	-0.900000310E-03	 0.300000000E-02	 0.309999998E-02	 0.141017704E-07
    1768	-0.600000286E-03	 0.300000000E-02	 0.309999998E-02	 0.131021489E-07
    1977	-0.300000262E-03	 0.239999995E-02	 0.309999998E-02	-0.984327991E-09
    1988	-0.300000262E-03	 0.269999998E-02	 0.309999998E-02	 0.340199426E-08
    1999	-0.300000262E-03	 0.300000000E-02	 0.309999998E-02	 0.126745216E-07
    2153	-0.238418579E-09	 0.899999833E-03	 0.309999998E-02	-0.843951685E-08
    2164	-0.238418579E-09	 0.119999986E-02	 0.309999998E-02	-0.766379902E-08
    2175	-0.238418579E-09	 0.149999988E-02	 0.309999998E-02	-0.664473128E-08
    2186	-0.238418579E-09	 0.179999990E-02	 0.309999998E-02	-0.533334250E-08
    2197	-0.238418579E-09	 0.209999993E-02	 0.309999998E-02	-0.359118611E-08
    2208	-0.238418579E-09	 0.239999995E-02	 0.309999998E-02	-0.111921232E-08
    2219	-0.238418579E-09	 0.269999998E-02	 0.309999998E-02	 0.326056870E-08
    2230	-0.238418579E-09	 0.300000000E-02	 0.309999998E-02	 0.125196919E-07
    2340	 0.299999785E-03	-0.300000262E-03	 0.309999998E-02	-0.920994958E-08
    2351	 0.299999785E-03	-0.238418579E-09	 0.309999998E-02	-0.932022299E-08
    2362	 0.299999785E-03	 0.299999785E-03	 0.309999998E-02	-0.920994948E-08
    2373	 0.299999785E-03	 0.599999809E-03	 0.309999998E-02	-0.887981023E-08
    2384	 0.299999785E-03	 0.899999833E-03	 0.309999998E-02	-0.832852177E-08
    2395	 0.299999785E-03	 0.119999986E-02	 0.309999998E-02	-0.755195371E-08
    2406	 0.299999785E-03	 0.149999988E-02	 0.309999998E-02	-0.652868831E-08
    2417	 0.299999785E-03	 0.179999990E-02	 0.309999998E-02	-0.521325814E-08
    2428	 0.299999785E-03	 0.209999993E-02	 0.309999998E-02	-0.345809194E-08
    2439	 0.299999785E-03	 0.239999995E-02	 0.309999998E-02	-0.984328167E-09
    2450	 0.299999785E-03	 0.269999998E-02	 0.309999998E-02	 0.340199409E-08
    2461	 0.299999785E-03	 0.300000000E-02	 0.309999998E-02	 0.126745214E-07
    2571	 0.599999809E-03	-0.300000262E-03	 0.309999998E-02	-0.887981047E-08
    2582	 0.599999809E-03	-0.238418579E-09	 0.309999998E-02	-0.898996305E-08
    2593	 0.599999809E-03	 0.299999785E-03	 0.309999998E-02	-0.887981037E-08
    2604	 0.599999809E-03	 0.599999809E-03	 0.309999998E-02	-0.854865787E-08
    2615	 0.599999809E-03	 0.899999833E-03	 0.309999998E-02	-0.799592138E-08
    2626	 0.599999809E-03	 0.119999986E-02	 0.309999998E-02	-0.721371904E-08
    2637	 0.599999809E-03	 0.149999988E-02	 0.309999998E-02	-0.618078267E-08
    2648	 0.599999809E-03	 0.179999990E-02	 0.309999998E-02	-0.484224947E-08
    2659	 0.599999809E-03	 0.209999993E-02	 0.309999998E-02	-0.305855915E-08
    2670	 0.599999809E-03	 0.239999995E-02	 0.309999998E-02	-0.540462732E-09
    2681	 0.599999809E-03	 0.269999998E-02	 0.309999998E-02	 0.385050943E-08
    2692	 0.599999809E-03	 0.300000000E-02	 0.309999998E-02	 0.131021486E-07
    2802	 0.899999833E-03	-0.300000262E-03	 0.309999998E-02	-0.832852214E-08
    2813	 0.899999833E-03	-0.238418579E-09	 0.309999998E-02	-0.843951726E-08
    2824	 0.899999833E-03	 0.299999785E-03	 0.309999998E-02	-0.832852204E-08
    2835	 0.899999833E-03	 0.599999809E-03	 0.309999998E-02	-0.799592152E-08
    2846	 0.899999833E-03	 0.899999833E-03	 0.309999998E-02	-0.743717717E-08
    2857	 0.899999833E-03	 0.119999986E-02	 0.309999998E-02	-0.664532962E-08
    2868	 0.899999833E-03	 0.149999988E-02	 0.309999998E-02	-0.558835162E-08
    2879	 0.899999833E-03	 0.179999990E-02	 0.309999998E-02	-0.420826519E-08
    2890	 0.899999833E-03	 0.209999993E-02	 0.309999998E-02	-0.234565627E-08
    2901	 0.899999833E-03	 0.239999995E-02	 0.309999998E-02	 0.274889012E-09
    2912	 0.899999833E-03	 0.269999998E-02	 0.309999998E-02	 0.474511142E-08
    2923	 0.899999833E-03	 0.300000000E-02	 0.309999998E-02	 0.141017699E-07
    3033	 0.119999986E-02	-0.300000262E-03	 0.309999998E-02	-0.755195422E-08
    3044	 0.119999986E-02	-0.238418579E-09	 0.309999998E-02	-0.766379957E-08
    3055	 0.119999986E-02	 0.299999785E-03	 0.309999998E-02	-0.755195412E-08
    3066	 0.119999986E-02	 0.599999809E-03	 0.309999998E-02	-0.721371931E-08
    3077	 0.119999986E-02	 0.899999833E-03	 0.309999998E-02	-0.664532976E-08
    3088	 0.119999986E-02	 0.119999986E-02	 0.309999998E-02	-0.582773617E-08
    3099	 0.119999986E-02	 0.149999988E-02	 0.309999998E-02	-0.473289328E-08
    3110	 0.119999986E-02	 0.179999990E-02	 0.309999998E-02	-0.326530389E-08
    3121	 0.119999986E-02	 0.209999993E-02	 0.309999998E-02	-0.123786701E-08
    3132	 0.119999986E-02	 0.239999995E-02	 0.309999998E-02	 0.166909751E-08
    3143	 0.119999986E-02	 0.269999998E-02	 0.309999998E-02	 0.650208789E-08
    3154	 0.119999986E-02	 0.300000000E-02	 0.309999998E-02	 0.158982385E-07
    3264	 0.149999988E-02	-0.300000262E-03	 0.309999998E-02	-0.652868895E-08
    3275	 0.149999988E-02	-0.238418579E-09	 0.309999998E-02	-0.664473196E-08
    3286	 0.149999988E-02	 0.299999785E-03	 0.309999998E-02	-0.652868885E-08
    3297	 0.149999988E-02	 0.599999809E-03	 0.309999998E-02	-0.618078308E-08
    3308	 0.149999988E-02	 0.899999833E-03	 0.309999998E-02	-0.558835189E-08
    3319	 0.149999988E-02	 0.119999986E-02	 0.309999998E-02	-0.473289342E-08
    3330	 0.149999988E-02	 0.149999988E-02	 0.309999998E-02	-0.354581458E-08
    3341	 0.149999988E-02	 0.179999990E-02	 0.309999998E-02	-0.195410049E-08
    3352	 0.149999988E-02	 0.209999993E-02	 0.309999998E-02	 0.413059917E-09
    3363	 0.149999988E-02	 0.239999995E-02	 0.309999998E-02	 0.406779756E-08
    3374	 0.149999988E-02	 0.269999998E-02	 0.309999998E-02	 0.106225311E-07
    3385	 0.149999988E-02	 0.300000000E-02	 0.309999998E-02	 0.210854166E-07
    3484	 0.179999990E-02	-0.300000262E-03	 0.309999998E-02	-0.521325892E-08
    3495	 0.179999990E-02	-0.238418579E-09	 0.309999998E-02	-0.533334332E-08
    3506	 0.179999990E-02	 0.299999785E-03	 0.309999998E-02	-0.521325882E-08
    3517	 0.179999990E-02	 0.599999809E-03	 0.309999998E-02	-0.484225002E-08
    3528	 0.179999990E-02	 0.899999833E-03	 0.309999998E-02	-0.420826560E-08
    3539	 0.179999990E-02	 0.119999986E-02	 0.309999998E-02	-0.326530417E-08
    3550	 0.179999990E-02	 0.149999988E-02	 0.309999998E-02	-0.195410063E-08
    3561	 0.179999990E-02	 0.179999990E-02	 0.309999998E-02	-0.528402309E-10
    3572	 0.179999990E-02	 0.209999993E-02	 0.309999998E-02	 0.275502888E-08
    3583	 0.179999990E-02	 0.239999995E-02	 0.309999998E-02	 0.850284398E-08
    3594	 0.179999990E-02	 0.269999998E-02	 0.309999998E-02	 0.179289427E-07
    3682	 0.209999993E-02	-0.300000262E-03	 0.309999998E-02	-0.345809285E-08
    3693	 0.209999993E-02	-0.238418579E-09	 0.309999998E-02	-0.359118707E-08
    3704	 0.209999993E-02	 0.299999785E-03	 0.309999998E-02	-0.345809276E-08
    3715	 0.209999993E-02	 0.599999809E-03	 0.309999998E-02	-0.305855983E-08
    3726	 0.209999993E-02	 0.899999833E-03	 0.309999998E-02	-0.234565682E-08
    3737	 0.209999993E-02	 0.119999986E-02	 0.309999998E-02	-0.123786742E-08
    3748	 0.209999993E-02	 0.149999988E-02	 0.309999998E-02	 0.413059644E-09
    3759	 0.209999993E-02	 0.179999990E-02	 0.309999998E-02	 0.275502874E-08
    3770	 0.209999993E-02	 0.209999993E-02	 0.309999998E-02	 0.632823385E-08
    3781	 0.209999993E-02	 0.239999995E-02	 0.309999998E-02	 0.141429713E-07
    3869	 0.239999995E-02	-0.300000262E-03	 0.309999998E-02	-0.984329219E-09
    3880	 0.239999995E-02	-0.238418579E-09	 0.309999998E-02	-0.111921342E-08
    3891	 0.239999995E-02	 0.299999785E-03	 0.309999998E-02	-0.984329123E-09
    3902	 0.239999995E-02	 0.599999809E-03	 0.309999998E-02	-0.540463552E-09
    3913	 0.239999995E-02	 0.899999833E-03	 0.309999998E-02	 0.274888329E-09
    3924	 0.239999995E-02	 0.119999986E-02	 0.309999998E-02	 0.166909696E-08
    3935	 0.239999995E-02	 0.149999988E-02	 0.309999998E-02	 0.406779715E-08
    3946	 0.239999995E-02	 0.179999990E-02	 0.309999998E-02	 0.850284371E-08
    3957	 0.239999995E-02	 0.209999993E-02	 0.309999998E-02	 0.141429712E-07
    3968	 0.239999995E-02	 0.239999995E-02	 0.309999998E-02	 0.226733120E-07
    4034	 0.269999998E-02	-0.300000262E-03	 0.309999998E-02	 0.340199290E-08
    4045	 0.269999998E-02	-0.238418579E-09	 0.309999998E-02	 0.326056747E-08
    4056	 0.269999998E-02	 0.299999785E-03	 0.309999998E-02	 0.340199299E-08
    4067	 0.269999998E-02	 0.599999809E-03	 0.309999998E-02	 0.385050848E-08
    4078	 0.269999998E-02	 0.899999833E-03	 0.309999998E-02	 0.474511060E-08
    4089	 0.269999998E-02	 0.119999986E-02	 0.309999998E-02	 0.650208720E-08
    4100	 0.269999998E-02	 0.149999988E-02	 0.309999998E-02	 0.106225306E-07
    4111	 0.269999998E-02	 0.179999990E-02	 0.309999998E-02	 0.179289423E-07
    4166	 0.300000000E-02	-0.300000262E-03	 0.309999998E-02	 0.126745201E-07
    4177	 0.300000000E-02	-0.238418579E-09	 0.309999998E-02	 0.125196906E-07
    4188	 0.300000000E-02	 0.299999785E-03	 0.309999998E-02	 0.126745202E-07
    4199	 0.300000000E-02	 0.599999809E-03	 0.309999998E-02	 0.131021475E-07
    4210	 0.300000000E-02	 0.899999833E-03	 0.309999998E-02	 0.141017689E-07
    4221	 0.300000000E-02	 0.119999986E-02	 0.309999998E-02	 0.158982377E-07
    4232	 0.300000000E-02	 0.149999988E-02	 0.309999998E-02	 0.210854159E-07
      35	-0.270000045E-02	-0.150000036E-02	 0.339999999E-02	 0.779650938E-08
     267	-0.270000045E-02	-0.180000038E-02	 0.339999999E-02	 0.134219878E-07
     269	-0.240000043E-02	-0.150000036E-02	 0.339999999E-02	 0.278369425E-08
     268	-0.240000043E-02	-0.180000038E-02	 0.339999999E-02	 0.616650320E-08
     441	-0.240000043E-02	-0.210000040E-02	 0.339999999E-02	 0.104896305E-07
     440	-0.240000043E-02	-0.240000043E-02	 0.339999999E-02	 0.170681716E-07
     443	-0.210000040E-02	-0.210000040E-02	 0.339999999E-02	 0.447962351E-08
     442	-0.210000040E-02	-0.240000043E-02	 0.339999999E-02	 0.104896304E-07
     460	-0.210000040E-02	-0.180000038E-02	 0.339999999E-02	 0.177915350E-08
     471	-0.210000040E-02	-0.150000036E-02	 0.339999999E-02	 0.410867517E-10
     656	-0.180000038E-02	-0.210000040E-02	 0.339999999E-02	 0.177915342E-08
     655	-0.180000038E-02	-0.240000043E-02	 0.339999999E-02	 0.616650304E-08
     669	-0.180000038E-02	-0.180000038E-02	 0.339999999E-02	-0.307526306E-09
     680	-0.180000038E-02	-0.150000036E-02	 0.339999999E-02	-0.168911344E-08
     850	-0.180000038E-02	-0.270000045E-02	 0.339999999E-02	 0.134219875E-07
     852	-0.150000036E-02	-0.240000043E-02	 0.339999999E-02	 0.278369401E-08
     851	-0.150000036E-02	-0.270000045E-02	 0.339999999E-02	 0.779650906E-08
     867	-0.150000036E-02	-0.210000040E-02	 0.339999999E-02	 0.410865911E-10
     878	-0.150000036E-02	-0.180000038E-02	 0.339999999E-02	-0.168911352E-08
     889	-0.150000036E-02	-0.150000036E-02	 0.339999999E-02	-0.281384020E-08
    1081	-0.150000036E-02	-0.300000048E-02	 0.339999999E-02	 0.158598521E-07
    1083	-0.120000033E-02	-0.270000045E-02	 0.339999999E-02	 0.464611599E-08
    1082	-0.120000033E-02	-0.300000048E-02	 0.339999999E-02	 0.118696773E-07
    1098	-0.120000033E-02	-0.240000043E-02	 0.339999999E-02	 0.984711595E-09
    1109	-0.120000033E-02	-0.210000040E-02	 0.339999999E-02	-0.116159689E-08
    1120	-0.120000033E-02	-0.180000038E-02	 0.339999999E-02	-0.261470297E-08
    1131	-0.120000033E-02	-0.150000036E-02	 0.339999999E-02	-0.363090167E-08
    1327	-0.900000310E-03	-0.270000045E-02	 0.339999999E-02	 0.333194263E-08
    1326	-0.900000310E-03	-0.300000048E-02	 0.339999999E-02	 0.105208594E-07
    1340	-0.900000310E-03	-0.240000043E-02	 0.339999999E-02	-0.378903162E-10
    1351	-0.900000310E-03	-0.210000040E-02	 0.339999999E-02	-0.195156168E-08
    1362	-0.900000310E-03	-0.180000038E-02	 0.339999999E-02	-0.326579144E-08
    1373	-0.900000310E-03	-0.150000036E-02	 0.339999999E-02	-0.420453233E-08
    1142	-0.120000033E-02	-0.120000033E-02	 0.339999999E-02	-0.436572223E-08
    1384	-0.900000310E-03	-0.120000033E-02	 0.339999999E-02	-0.490168295E-08
    1558	-0.600000286E-03	-0.270000045E-02	 0.339999999E-02	 0.268039258E-08
    1557	-0.600000286E-03	-0.300000048E-02	 0.339999999E-02	 0.978444996E-08
    1571	-0.600000286E-03	-0.240000043E-02	 0.339999999E-02	-0.622139983E-09
    1582	-0.600000286E-03	-0.210000040E-02	 0.339999999E-02	-0.244930480E-08
    1593	-0.600000286E-03	-0.180000038E-02	 0.339999999E-02	-0.369497187E-08
    1604	-0.600000286E-03	-0.150000036E-02	 0.339999999E-02	-0.459478197E-08
    1615	-0.600000286E-03	-0.120000033E-02	 0.339999999E-02	-0.526750007E-08
    1395	-0.900000310E-03	-0.900000310E-03	 0.339999999E-02	-0.541119767E-08
    1626	-0.600000286E-03	-0.900000310E-03	 0.339999999E-02	-0.576499485E-08
    1789	-0.300000262E-03	-0.270000045E-02	 0.339999999E-02	 0.236196310E-08
    1788	-0.300000262E-03	-0.300000048E-02	 0.339999999E-02	 0.948129306E-08
    1802	-0.300000262E-03	-0.240000043E-02	 0.339999999E-02	-0.934751323E-09
    1813	-0.300000262E-03	-0.210000040E-02	 0.339999999E-02	-0.272365010E-08
    1824	-0.300000262E-03	-0.180000038E-02	 0.339999999E-02	-0.394313041E-08
    1835	-0.300000262E-03	-0.150000036E-02	 0.339999999E-02	-0.482106769E-08
    1846	-0.300000262E-03	-0.120000033E-02	 0.339999999E-02	-0.548286603E-08
    1857	-0.300000262E-03	-0.900000310E-03	 0.339999999E-02	-0.597331184E-08
    2020	-0.238418579E-09	-0.270000045E-02	 0.339999999E-02	 0.226243220E-08
    2019	-0.238418579E-09	-0.300000048E-02	 0.339999999E-02	 0.937103465E-08
    2033	-0.238418579E-09	-0.240000043E-02	 0.339999999E-02	-0.102832023E-08
    2044	-0.238418579E-09	-0.210000040E-02	 0.339999999E-02	-0.281467461E-08
    2055	-0.238418579E-09	-0.180000038E-02	 0.339999999E-02	-0.402267709E-08
    2066	-0.238418579E-09	-0.150000036E-02	 0.339999999E-02	-0.489621324E-08
    2077	-0.238418579E-09	-0.120000033E-02	 0.339999999E-02	-0.555364834E-08
    2088	-0.238418579E-09	-0.900000310E-03	 0.339999999E-02	-0.604254845E-08
    1868	-0.300000262E-03	-0.600000286E-03	 0.339999999E-02	-0.631615372E-08
    2099	-0.238418579E-09	-0.600000286E-03	 0.339999999E-02	-0.638410308E-08
    2251	 0.299999785E-03	-0.270000045E-02	 0.339999999E-02	 0.236196308E-08
    2250	 0.299999785E-03	-0.300000048E-02	 0.339999999E-02	 0.948129303E-08
    2264	 0.299999785E-03	-0.240000043E-02	 0.339999999E-02	-0.934751347E-09
    2275	 0.299999785E-03	-0.210000040E-02	 0.339999999E-02	-0.272365013E-08
    2286	 0.299999785E-03	-0.180000038E-02	 0.339999999E-02	-0.394313043E-08
    2297	 0.299999785E-03	-0.150000036E-02	 0.339999999E-02	-0.482106771E-08
    2308	 0.299999785E-03	-0.120000033E-02	 0.339999999E-02	-0.548286605E-08
    2319	 0.299999785E-03	-0.900000310E-03	 0.339999999E-02	-0.597331186E-08
    2330	 0.299999785E-03	-0.600000286E-03	 0.339999999E-02	-0.631615374E-08
    2482	 0.599999809E-03	-0.270000045E-02	 0.339999999E-02	 0.268039253E-08
    2481	 0.599999809E-03	-0.300000048E-02	 0.339999999E-02	 0.978444991E-08
    2495	 0.599999809E-03	-0.240000043E-02	 0.339999999E-02	-0.622140031E-09
    2506	 0.599999809E-03	-0.210000040E-02	 0.339999999E-02	-0.244930485E-08
    2517	 0.599999809E-03	-0.180000038E-02	 0.339999999E-02	-0.369497192E-08
    2528	 0.599999809E-03	-0.150000036E-02	 0.339999999E-02	-0.459478202E-08
    2539	 0.599999809E-03	-0.120000033E-02	 0.339999999E-02	-0.526750011E-08
    2550	 0.599999809E-03	-0.900000310E-03	 0.339999999E-02	-0.576499490E-08
    2561	 0.599999809E-03	-0.600000286E-03	 0.339999999E-02	-0.611086358E-08
    2713	 0.899999833E-03	-0.270000045E-02	 0.339999999E-02	 0.333194256E-08
    2712	 0.899999833E-03	-0.300000048E-02	 0.339999999E-02	 0.105208593E-07
    2726	 0.899999833E-03	-0.240000043E-02	 0.339999999E-02	-0.378903881E-10
    2737	 0.899999833E-03	-0.210000040E-02	 0.339999999E-02	-0.195156175E-08
    2748	 0.899999833E-03	-0.180000038E-02	 0.339999999E-02	-0.326579152E-08
    2759	 0.899999833E-03	-0.150000036E-02	 0.339999999E-02	-0.420453240E-08
    2770	 0.899999833E-03	-0.120000033E-02	 0.339999999E-02	-0.490168303E-08
    2781	 0.899999833E-03	-0.900000310E-03	 0.339999999E-02	-0.541119774E-08
    2792	 0.899999833E-03	-0.600000286E-03	 0.339999999E-02	-0.576499484E-08
    2944	 0.119999986E-02	-0.270000045E-02	 0.339999999E-02	 0.464611589E-08
    2943	 0.119999986E-02	-0.300000048E-02	 0.339999999E-02	 0.118696772E-07
    2957	 0.119999986E-02	-0.240000043E-02	 0.339999999E-02	 0.984711497E-09
    2968	 0.119999986E-02	-0.210000040E-02	 0.339999999E-02	-0.116159698E-08
    2979	 0.119999986E-02	-0.180000038E-02	 0.339999999E-02	-0.261470307E-08
    2990	 0.119999986E-02	-0.150000036E-02	 0.339999999E-02	-0.363090177E-08
    3001	 0.119999986E-02	-0.120000033E-02	 0.339999999E-02	-0.436572233E-08
    3012	 0.119999986E-02	-0.900000310E-03	 0.339999999E-02	-0.490168297E-08
    3023	 0.119999986E-02	-0.600000286E-03	 0.339999999E-02	-0.526750000E-08
    3175	 0.149999988E-02	-0.270000045E-02	 0.339999999E-02	 0.779650893E-08
    3174	 0.149999988E-02	-0.300000048E-02	 0.339999999E-02	 0.158598520E-07
    3188	 0.149999988E-02	-0.240000043E-02	 0.339999999E-02	 0.278369388E-08
    3199	 0.149999988E-02	-0.210000040E-02	 0.339999999E-02	 0.410864699E-10
    3210	 0.149999988E-02	-0.180000038E-02	 0.339999999E-02	-0.168911364E-08
    3221	 0.149999988E-02	-0.150000036E-02	 0.339999999E-02	-0.281384032E-08
    3232	 0.149999988E-02	-0.120000033E-02	 0.339999999E-02	-0.363090171E-08
    3243	 0.149999988E-02	-0.900000310E-03	 0.339999999E-02	-0.420453229E-08
    3254	 0.149999988E-02	-0.600000286E-03	 0.339999999E-02	-0.459478185E-08
    3406	 0.179999990E-02	-0.240000043E-02	 0.339999999E-02	 0.616650290E-08
    3405	 0.179999990E-02	-0.270000045E-02	 0.339999999E-02	 0.134219874E-07
    3419	 0.179999990E-02	-0.210000040E-02	 0.339999999E-02	 0.177915329E-08
    3430	 0.179999990E-02	-0.180000038E-02	 0.339999999E-02	-0.307526445E-09
    3441	 0.179999990E-02	-0.150000036E-02	 0.339999999E-02	-0.168911358E-08
    3452	 0.179999990E-02	-0.120000033E-02	 0.339999999E-02	-0.261470295E-08
    3463	 0.179999990E-02	-0.900000310E-03	 0.339999999E-02	-0.326579134E-08
    3474	 0.179999990E-02	-0.600000286E-03	 0.339999999E-02	-0.369497169E-08
    3615	 0.209999993E-02	-0.210000040E-02	 0.339999999E-02	 0.447962334E-08
    3614	 0.209999993E-02	-0.240000043E-02	 0.339999999E-02	 0.104896302E-07
    3628	 0.209999993E-02	-0.180000038E-02	 0.339999999E-02	 0.177915334E-08
    3639	 0.209999993E-02	-0.150000036E-02	 0.339999999E-02	 0.410865831E-10
    3650	 0.209999993E-02	-0.120000033E-02	 0.339999999E-02	-0.116159681E-08
    3661	 0.209999993E-02	-0.900000310E-03	 0.339999999E-02	-0.195156153E-08
    3672	 0.209999993E-02	-0.600000286E-03	 0.339999999E-02	-0.244930457E-08
    3802	 0.239999995E-02	-0.210000040E-02	 0.339999999E-02	 0.104896303E-07
    3801	 0.239999995E-02	-0.240000043E-02	 0.339999999E-02	 0.170681714E-07
    3815	 0.239999995E-02	-0.180000038E-02	 0.339999999E-02	 0.616650301E-08
    3826	 0.239999995E-02	-0.150000036E-02	 0.339999999E-02	 0.278369406E-08
    3837	 0.239999995E-02	-0.120000033E-02	 0.339999999E-02	 0.984711723E-09
    3848	 0.239999995E-02	-0.900000310E-03	 0.339999999E-02	-0.378901073E-10
    3859	 0.239999995E-02	-0.600000286E-03	 0.339999999E-02	-0.622139694E-09
    3989	 0.269999998E-02	-0.150000036E-02	 0.339999999E-02	 0.779650916E-08
    3988	 0.269999998E-02	-0.180000038E-02	 0.339999999E-02	 0.134219876E-07
    4002	 0.269999998E-02	-0.120000033E-02	 0.339999999E-02	 0.464611617E-08
    4013	 0.269999998E-02	-0.900000310E-03	 0.339999999E-02	 0.333194290E-08
    4024	 0.269999998E-02	-0.600000286E-03	 0.339999999E-02	 0.268039292E-08
    4132	 0.300000000E-02	-0.120000033E-02	 0.339999999E-02	 0.118696775E-07
    4131	 0.300000000E-02	-0.150000036E-02	 0.339999999E-02	 0.158598523E-07
    4145	 0.300000000E-02	-0.900000310E-03	 0.339999999E-02	 0.105208597E-07
    4156	 0.300000000E-02	-0.600000286E-03	 0.339999999E-02	 0.978445036E-08
      34	-0.300000048E-02	-0.120000033E-02	 0.339999999E-02	 0.118696778E-07
      33	-0.300000048E-02	-0.150000036E-02	 0.339999999E-02	 0.158598525E-07
      36	-0.270000045E-02	-0.120000033E-02	 0.339999999E-02	 0.464611639E-08
     284	-0.240000043E-02	-0.120000033E-02	 0.339999999E-02	 0.984711916E-09
     482	-0.210000040E-02	-0.120000033E-02	 0.339999999E-02	-0.116159664E-08
     691	-0.180000038E-02	-0.120000033E-02	 0.339999999E-02	-0.261470281E-08
     900	-0.150000036E-02	-0.120000033E-02	 0.339999999E-02	-0.363090159E-08
      61	-0.300000048E-02	-0.900000310E-03	 0.339999999E-02	 0.105208600E-07
      62	-0.270000045E-02	-0.900000310E-03	 0.339999999E-02	 0.333194311E-08
     295	-0.240000043E-02	-0.900000310E-03	 0.339999999E-02	-0.378899146E-10
     493	-0.210000040E-02	-0.900000310E-03	 0.339999999E-02	-0.195156136E-08
     702	-0.180000038E-02	-0.900000310E-03	 0.339999999E-02	-0.326579120E-08
     911	-0.150000036E-02	-0.900000310E-03	 0.339999999E-02	-0.420453217E-08
    1153	-0.120000033E-02	-0.900000310E-03	 0.339999999E-02	-0.490168287E-08
      83	-0.300000048E-02	-0.600000286E-03	 0.339999999E-02	 0.978445060E-08
      84	-0.270000045E-02	-0.600000286E-03	 0.339999999E-02	 0.268039314E-08
     306	-0.240000043E-02	-0.600000286E-03	 0.339999999E-02	-0.622139501E-09
     504	-0.210000040E-02	-0.600000286E-03	 0.339999999E-02	-0.244930440E-08
     713	-0.180000038E-02	-0.600000286E-03	 0.339999999E-02	-0.369497155E-08
     922	-0.150000036E-02	-0.600000286E-03	 0.339999999E-02	-0.459478173E-08
    1164	-0.120000033E-02	-0.600000286E-03	 0.339999999E-02	-0.526749991E-08
    1406	-0.900000310E-03	-0.600000286E-03	 0.339999999E-02	-0.576499477E-08
    1637	-0.600000286E-03	-0.600000286E-03	 0.339999999E-02	-0.611086353E-08
     105	-0.300000048E-02	-0.300000262E-03	 0.339999999E-02	 0.948129378E-08
     106	-0.270000045E-02	-0.300000262E-03	 0.339999999E-02	 0.236196375E-08
     317	-0.240000043E-02	-0.300000262E-03	 0.339999999E-02	-0.934750761E-09
     515	-0.210000040E-02	-0.300000262E-03	 0.339999999E-02	-0.272364962E-08
     724	-0.180000038E-02	-0.300000262E-03	 0.339999999E-02	-0.394313001E-08
     933	-0.150000036E-02	-0.300000262E-03	 0.339999999E-02	-0.482106737E-08
    1175	-0.120000033E-02	-0.300000262E-03	 0.339999999E-02	-0.548286578E-08
    1417	-0.900000310E-03	-0.300000262E-03	 0.339999999E-02	-0.597331168E-08
    1648	-0.600000286E-03	-0.300000262E-03	 0.339999999E-02	-0.631615364E-08
    1879	-0.300000262E-03	-0.300000262E-03	 0.339999999E-02	-0.651953849E-08
    2110	-0.238418579E-09	-0.300000262E-03	 0.339999999E-02	-0.658720839E-08
     127	-0.300000048E-02	-0.238418579E-09	 0.339999999E-02	 0.937103545E-08
     128	-0.270000045E-02	-0.238418579E-09	 0.339999999E-02	 0.226243293E-08
     328	-0.240000043E-02	-0.238418579E-09	 0.339999999E-02	-0.102831959E-08
     526	-0.210000040E-02	-0.238418579E-09	 0.339999999E-02	-0.281467405E-08
     735	-0.180000038E-02	-0.238418579E-09	 0.339999999E-02	-0.402267660E-08
     944	-0.150000036E-02	-0.238418579E-09	 0.339999999E-02	-0.489621284E-08
    1186	-0.120000033E-02	-0.238418579E-09	 0.339999999E-02	-0.555364802E-08
    1428	-0.900000310E-03	-0.238418579E-09	 0.339999999E-02	-0.604254821E-08
    1659	-0.600000286E-03	-0.238418579E-09	 0.339999999E-02	-0.638410292E-08
    1890	-0.300000262E-03	-0.238418579E-09	 0.339999999E-02	-0.658720831E-08
    2121	-0.238418579E-09	-0.238418579E-09	 0.339999999E-02	-0.665459112E-08
     149	-0.300000048E-02	 0.299999785E-03	 0.339999999E-02	 0.948129392E-08
     150	-0.270000045E-02	 0.299999785E-03	 0.339999999E-02	 0.236196388E-08
     339	-0.240000043E-02	 0.299999785E-03	 0.339999999E-02	-0.934750624E-09
     537	-0.210000040E-02	 0.299999785E-03	 0.339999999E-02	-0.272364948E-08
     746	-0.180000038E-02	 0.299999785E-03	 0.339999999E-02	-0.394312987E-08
     955	-0.150000036E-02	 0.299999785E-03	 0.339999999E-02	-0.482106723E-08
    1197	-0.120000033E-02	 0.299999785E-03	 0.339999999E-02	-0.548286565E-08
    1439	-0.900000310E-03	 0.299999785E-03	 0.339999999E-02	-0.597331154E-08
    1670	-0.600000286E-03	 0.299999785E-03	 0.339999999E-02	-0.631615350E-08
    1901	-0.300000262E-03	 0.299999785E-03	 0.339999999E-02	-0.651953836E-08
    2132	-0.238418579E-09	 0.299999785E-03	 0.339999999E-02	-0.658720826E-08
     171	-0.300000048E-02	 0.599999809E-03	 0.339999999E-02	 0.978445088E-08
     172	-0.270000045E-02	 0.599999809E-03	 0.339999999E-02	 0.268039341E-08
     350	-0.240000043E-02	 0.599999809E-03	 0.339999999E-02	-0.622139228E-09
     548	-0.210000040E-02	 0.599999809E-03	 0.339999999E-02	-0.244930413E-08
     757	-0.180000038E-02	 0.599999809E-03	 0.339999999E-02	-0.369497128E-08
     966	-0.150000036E-02	 0.599999809E-03	 0.339999999E-02	-0.459478146E-08
    1208	-0.120000033E-02	 0.599999809E-03	 0.339999999E-02	-0.526749963E-08
    1450	-0.900000310E-03	 0.599999809E-03	 0.339999999E-02	-0.576499450E-08
    1681	-0.600000286E-03	 0.599999809E-03	 0.339999999E-02	-0.611086325E-08
    1912	-0.300000262E-03	 0.599999809E-03	 0.339999999E-02	-0.631615345E-08
    2143	-0.238418579E-09	 0.599999809E-03	 0.339999999E-02	-0.638410281E-08
     193	-0.300000048E-02	 0.899999833E-03	 0.339999999E-02	 0.105208604E-07
     194	-0.270000045E-02	 0.899999833E-03	 0.339999999E-02	 0.333194352E-08
     361	-0.240000043E-02	 0.899999833E-03	 0.339999999E-02	-0.378895046E-10
     559	-0.210000040E-02	 0.899999833E-03	 0.339999999E-02	-0.195156095E-08
     768	-0.180000038E-02	 0.899999833E-03	 0.339999999E-02	-0.326579079E-08
     977	-0.150000036E-02	 0.899999833E-03	 0.339999999E-02	-0.420453176E-08
    1219	-0.120000033E-02	 0.899999833E-03	 0.339999999E-02	-0.490168246E-08
    1461	-0.900000310E-03	 0.899999833E-03	 0.339999999E-02	-0.541119726E-08
    1692	-0.600000286E-03	 0.899999833E-03	 0.339999999E-02	-0.576499444E-08
    1923	-0.300000262E-03	 0.899999833E-03	 0.339999999E-02	-0.597331143E-08
     215	-0.300000048E-02	 0.119999986E-02	 0.339999999E-02	 0.118696783E-07
     216	-0.270000045E-02	 0.119999986E-02	 0.339999999E-02	 0.464611693E-08
     372	-0.240000043E-02	 0.119999986E-02	 0.339999999E-02	 0.984712461E-09
     570	-0.210000040E-02	 0.119999986E-02	 0.339999999E-02	-0.116159610E-08
     779	-0.180000038E-02	 0.119999986E-02	 0.339999999E-02	-0.261470227E-08
     988	-0.150000036E-02	 0.119999986E-02	 0.339999999E-02	-0.363090104E-08
    1230	-0.120000033E-02	 0.119999986E-02	 0.339999999E-02	-0.436572168E-08
    1472	-0.900000310E-03	 0.119999986E-02	 0.339999999E-02	-0.490168241E-08
    1703	-0.600000286E-03	 0.119999986E-02	 0.339999999E-02	-0.526749952E-08
    1934	-0.300000262E-03	 0.119999986E-02	 0.339999999E-02	-0.548286548E-08
     237	-0.300000048E-02	 0.149999988E-02	 0.339999999E-02	 0.158598532E-07
     238	-0.270000045E-02	 0.149999988E-02	 0.339999999E-02	 0.779651006E-08
     383	-0.240000043E-02	 0.149999988E-02	 0.339999999E-02	 0.278369493E-08
     581	-0.210000040E-02	 0.149999988E-02	 0.339999999E-02	 0.410874337E-10
     790	-0.180000038E-02	 0.149999988E-02	 0.339999999E-02	-0.168911276E-08
     999	-0.150000036E-02	 0.149999988E-02	 0.339999999E-02	-0.281383952E-08
    1241	-0.120000033E-02	 0.149999988E-02	 0.339999999E-02	-0.363090099E-08
    1483	-0.900000310E-03	 0.149999988E-02	 0.339999999E-02	-0.420453165E-08
    1714	-0.600000286E-03	 0.149999988E-02	 0.339999999E-02	-0.459478129E-08
    1945	-0.300000262E-03	 0.149999988E-02	 0.339999999E-02	-0.482106700E-08
     402	-0.270000045E-02	 0.179999990E-02	 0.339999999E-02	 0.134219886E-07
     403	-0.240000043E-02	 0.179999990E-02	 0.339999999E-02	 0.616650402E-08
     592	-0.210000040E-02	 0.179999990E-02	 0.339999999E-02	 0.177915433E-08
     801	-0.180000038E-02	 0.179999990E-02	 0.339999999E-02	-0.307525481E-09
    1010	-0.150000036E-02	 0.179999990E-02	 0.339999999E-02	-0.168911270E-08
    1252	-0.120000033E-02	 0.179999990E-02	 0.339999999E-02	-0.261470215E-08
    1494	-0.900000310E-03	 0.179999990E-02	 0.339999999E-02	-0.326579062E-08
    1725	-0.600000286E-03	 0.179999990E-02	 0.339999999E-02	-0.369497105E-08
    1956	-0.300000262E-03	 0.179999990E-02	 0.339999999E-02	-0.394312959E-08
     611	-0.240000043E-02	 0.209999993E-02	 0.339999999E-02	 0.104896314E-07
     612	-0.210000040E-02	 0.209999993E-02	 0.339999999E-02	 0.447962447E-08
     812	-0.180000038E-02	 0.209999993E-02	 0.339999999E-02	 0.177915438E-08
    1021	-0.150000036E-02	 0.209999993E-02	 0.339999999E-02	 0.410875469E-10
    1263	-0.120000033E-02	 0.209999993E-02	 0.339999999E-02	-0.116159593E-08
    1505	-0.900000310E-03	 0.209999993E-02	 0.339999999E-02	-0.195156072E-08
    1736	-0.600000286E-03	 0.209999993E-02	 0.339999999E-02	-0.244930384E-08
    1967	-0.300000262E-03	 0.209999993E-02	 0.339999999E-02	-0.272364915E-08
     633	-0.240000043E-02	 0.239999995E-02	 0.339999999E-02	 0.170681726E-07
     634	-0.210000040E-02	 0.239999995E-02	 0.339999999E-02	 0.104896315E-07
     823	-0.180000038E-02	 0.239999995E-02	 0.339999999E-02	 0.616650413E-08
    1032	-0.150000036E-02	 0.239999995E-02	 0.339999999E-02	 0.278369510E-08
    1274	-0.120000033E-02	 0.239999995E-02	 0.339999999E-02	 0.984712687E-09
    1516	-0.900000310E-03	 0.239999995E-02	 0.339999999E-02	-0.378892238E-10
    1747	-0.600000286E-03	 0.239999995E-02	 0.339999999E-02	-0.622138890E-09
    1051	-0.180000038E-02	 0.269999998E-02	 0.339999999E-02	 0.134219888E-07
    1052	-0.150000036E-02	 0.269999998E-02	 0.339999999E-02	 0.779651029E-08
    1285	-0.120000033E-02	 0.269999998E-02	 0.339999999E-02	 0.464611722E-08
    1527	-0.900000310E-03	 0.269999998E-02	 0.339999999E-02	 0.333194386E-08
    1758	-0.600000286E-03	 0.269999998E-02	 0.339999999E-02	 0.268039381E-08
    1304	-0.150000036E-02	 0.300000000E-02	 0.339999999E-02	 0.158598535E-07
    1305	-0.120000033E-02	 0.300000000E-02	 0.339999999E-02	 0.118696787E-07
    1538	-0.900000310E-03	 0.300000000E-02	 0.339999999E-02	 0.105208608E-07
    1769	-0.600000286E-03	 0.300000000E-02	 0.339999999E-02	 0.978445133E-08
    1978	-0.300000262E-03	 0.239999995E-02	 0.339999999E-02	-0.934750230E-09
    1989	-0.300000262E-03	 0.269999998E-02	 0.339999999E-02	 0.236196433E-08
    2000	-0.300000262E-03	 0.300000000E-02	 0.339999999E-02	 0.948129442E-08
    2154	-0.238418579E-09	 0.899999833E-03	 0.339999999E-02	-0.604254804E-08
    2165	-0.238418579E-09	 0.119999986E-02	 0.339999999E-02	-0.555364780E-08
    2176	-0.238418579E-09	 0.149999988E-02	 0.339999999E-02	-0.489621256E-08
    2187	-0.238418579E-09	 0.179999990E-02	 0.339999999E-02	-0.402267626E-08
    2198	-0.238418579E-09	 0.209999993E-02	 0.339999999E-02	-0.281467365E-08
    2209	-0.238418579E-09	 0.239999995E-02	 0.339999999E-02	-0.102831914E-08
    2220	-0.238418579E-09	 0.269999998E-02	 0.339999999E-02	 0.226243343E-08
    2231	-0.238418579E-09	 0.300000000E-02	 0.339999999E-02	 0.937103602E-08
    2341	 0.299999785E-03	-0.300000262E-03	 0.339999999E-02	-0.651953852E-08
    2352	 0.299999785E-03	-0.238418579E-09	 0.339999999E-02	-0.658720834E-08
    2363	 0.299999785E-03	 0.299999785E-03	 0.339999999E-02	-0.651953838E-08
    2374	 0.299999785E-03	 0.599999809E-03	 0.339999999E-02	-0.631615347E-08
    2385	 0.299999785E-03	 0.899999833E-03	 0.339999999E-02	-0.597331145E-08
    2396	 0.299999785E-03	 0.119999986E-02	 0.339999999E-02	-0.548286550E-08
    2407	 0.299999785E-03	 0.149999988E-02	 0.339999999E-02	-0.482106703E-08
    2418	 0.299999785E-03	 0.179999990E-02	 0.339999999E-02	-0.394312961E-08
    2429	 0.299999785E-03	 0.209999993E-02	 0.339999999E-02	-0.272364917E-08
    2440	 0.299999785E-03	 0.239999995E-02	 0.339999999E-02	-0.934750254E-09
    2451	 0.299999785E-03	 0.269999998E-02	 0.339999999E-02	 0.236196431E-08
    2462	 0.299999785E-03	 0.300000000E-02	 0.339999999E-02	 0.948129440E-08
    2572	 0.599999809E-03	-0.300000262E-03	 0.339999999E-02	-0.631615369E-08
    2583	 0.599999809E-03	-0.238418579E-09	 0.339999999E-02	-0.638410297E-08
    2594	 0.599999809E-03	 0.299999785E-03	 0.339999999E-02	-0.631615355E-08
    2605	 0.599999809E-03	 0.599999809E-03	 0.339999999E-02	-0.611086330E-08
    2616	 0.599999809E-03	 0.899999833E-03	 0.339999999E-02	-0.576499449E-08
    2627	 0.599999809E-03	 0.119999986E-02	 0.339999999E-02	-0.526749957E-08
    2638	 0.599999809E-03	 0.149999988E-02	 0.339999999E-02	-0.459478134E-08
    2649	 0.599999809E-03	 0.179999990E-02	 0.339999999E-02	-0.369497110E-08
    2660	 0.599999809E-03	 0.209999993E-02	 0.339999999E-02	-0.244930389E-08
    2671	 0.599999809E-03	 0.239999995E-02	 0.339999999E-02	-0.622138938E-09
    2682	 0.599999809E-03	 0.269999998E-02	 0.339999999E-02	 0.268039376E-08
    2693	 0.599999809E-03	 0.300000000E-02	 0.339999999E-02	 0.978445128E-08
    2803	 0.899999833E-03	-0.300000262E-03	 0.339999999E-02	-0.597331175E-08
    2814	 0.899999833E-03	-0.238418579E-09	 0.339999999E-02	-0.604254829E-08
    2825	 0.899999833E-03	 0.299999785E-03	 0.339999999E-02	-0.597331161E-08
    2836	 0.899999833E-03	 0.599999809E-03	 0.339999999E-02	-0.576499457E-08
    2847	 0.899999833E-03	 0.899999833E-03	 0.339999999E-02	-0.541119733E-08
    2858	 0.899999833E-03	 0.119999986E-02	 0.339999999E-02	-0.490168248E-08
    2869	 0.899999833E-03	 0.149999988E-02	 0.339999999E-02	-0.420453172E-08
    2880	 0.899999833E-03	 0.179999990E-02	 0.339999999E-02	-0.326579069E-08
    2891	 0.899999833E-03	 0.209999993E-02	 0.339999999E-02	-0.195156080E-08
    2902	 0.899999833E-03	 0.239999995E-02	 0.339999999E-02	-0.378892957E-10
    2913	 0.899999833E-03	 0.269999998E-02	 0.339999999E-02	 0.333194379E-08
    2924	 0.899999833E-03	 0.300000000E-02	 0.339999999E-02	 0.105208607E-07
    3034	 0.119999986E-02	-0.300000262E-03	 0.339999999E-02	-0.548286588E-08
    3045	 0.119999986E-02	-0.238418579E-09	 0.339999999E-02	-0.555364812E-08
    3056	 0.119999986E-02	 0.299999785E-03	 0.339999999E-02	-0.548286574E-08
    3067	 0.119999986E-02	 0.599999809E-03	 0.339999999E-02	-0.526749973E-08
    3078	 0.119999986E-02	 0.899999833E-03	 0.339999999E-02	-0.490168256E-08
    3089	 0.119999986E-02	 0.119999986E-02	 0.339999999E-02	-0.436572178E-08
    3100	 0.119999986E-02	 0.149999988E-02	 0.339999999E-02	-0.363090108E-08
    3111	 0.119999986E-02	 0.179999990E-02	 0.339999999E-02	-0.261470225E-08
    3122	 0.119999986E-02	 0.209999993E-02	 0.339999999E-02	-0.116159603E-08
    3133	 0.119999986E-02	 0.239999995E-02	 0.339999999E-02	 0.984712590E-09
    3144	 0.119999986E-02	 0.269999998E-02	 0.339999999E-02	 0.464611712E-08
    3155	 0.119999986E-02	 0.300000000E-02	 0.339999999E-02	 0.118696786E-07
    3265	 0.149999988E-02	-0.300000262E-03	 0.339999999E-02	-0.482106749E-08
    3276	 0.149999988E-02	-0.238418579E-09	 0.339999999E-02	-0.489621296E-08
    3287	 0.149999988E-02	 0.299999785E-03	 0.339999999E-02	-0.482106735E-08
    3298	 0.149999988E-02	 0.599999809E-03	 0.339999999E-02	-0.459478158E-08
    3309	 0.149999988E-02	 0.899999833E-03	 0.339999999E-02	-0.420453188E-08
    3320	 0.149999988E-02	 0.119999986E-02	 0.339999999E-02	-0.363090116E-08
    3331	 0.149999988E-02	 0.149999988E-02	 0.339999999E-02	-0.281383964E-08
    3342	 0.149999988E-02	 0.179999990E-02	 0.339999999E-02	-0.168911282E-08
    3353	 0.149999988E-02	 0.209999993E-02	 0.339999999E-02	 0.410874258E-10
    3364	 0.149999988E-02	 0.239999995E-02	 0.339999999E-02	 0.278369498E-08
    3375	 0.149999988E-02	 0.269999998E-02	 0.339999999E-02	 0.779651016E-08
    3386	 0.149999988E-02	 0.300000000E-02	 0.339999999E-02	 0.158598534E-07
    3485	 0.179999990E-02	-0.300000262E-03	 0.339999999E-02	-0.394313015E-08
    3496	 0.179999990E-02	-0.238418579E-09	 0.339999999E-02	-0.402267675E-08
    3507	 0.179999990E-02	 0.299999785E-03	 0.339999999E-02	-0.394313001E-08
    3518	 0.179999990E-02	 0.599999809E-03	 0.339999999E-02	-0.369497142E-08
    3529	 0.179999990E-02	 0.899999833E-03	 0.339999999E-02	-0.326579093E-08
    3540	 0.179999990E-02	 0.119999986E-02	 0.339999999E-02	-0.261470241E-08
    3551	 0.179999990E-02	 0.149999988E-02	 0.339999999E-02	-0.168911290E-08
    3562	 0.179999990E-02	 0.179999990E-02	 0.339999999E-02	-0.307525621E-09
    3573	 0.179999990E-02	 0.209999993E-02	 0.339999999E-02	 0.177915424E-08
    3584	 0.179999990E-02	 0.239999995E-02	 0.339999999E-02	 0.616650399E-08
    3595	 0.179999990E-02	 0.269999998E-02	 0.339999999E-02	 0.134219886E-07
    3683	 0.209999993E-02	-0.300000262E-03	 0.339999999E-02	-0.272364979E-08
    3694	 0.209999993E-02	-0.238418579E-09	 0.339999999E-02	-0.281467422E-08
    3705	 0.209999993E-02	 0.299999785E-03	 0.339999999E-02	-0.272364965E-08
    3716	 0.209999993E-02	 0.599999809E-03	 0.339999999E-02	-0.244930429E-08
    3727	 0.209999993E-02	 0.899999833E-03	 0.339999999E-02	-0.195156112E-08
    3738	 0.209999993E-02	 0.119999986E-02	 0.339999999E-02	-0.116159627E-08
    3749	 0.209999993E-02	 0.149999988E-02	 0.339999999E-02	 0.410872652E-10
    3760	 0.209999993E-02	 0.179999990E-02	 0.339999999E-02	 0.177915416E-08
    3771	 0.209999993E-02	 0.209999993E-02	 0.339999999E-02	 0.447962430E-08
    3782	 0.209999993E-02	 0.239999995E-02	 0.339999999E-02	 0.104896313E-07
    3870	 0.239999995E-02	-0.300000262E-03	 0.339999999E-02	-0.934750953E-09
    3881	 0.239999995E-02	-0.238418579E-09	 0.339999999E-02	-0.102831978E-08
    3892	 0.239999995E-02	 0.299999785E-03	 0.339999999E-02	-0.934750817E-09
    3903	 0.239999995E-02	 0.599999809E-03	 0.339999999E-02	-0.622139420E-09
    3914	 0.239999995E-02	 0.899999833E-03	 0.339999999E-02	-0.378896973E-10
    3925	 0.239999995E-02	 0.119999986E-02	 0.339999999E-02	 0.984712269E-09
    3936	 0.239999995E-02	 0.149999988E-02	 0.339999999E-02	 0.278369474E-08
    3947	 0.239999995E-02	 0.179999990E-02	 0.339999999E-02	 0.616650383E-08
    3958	 0.239999995E-02	 0.209999993E-02	 0.339999999E-02	 0.104896312E-07
    3969	 0.239999995E-02	 0.239999995E-02	 0.339999999E-02	 0.170681725E-07
    4035	 0.269999998E-02	-0.300000262E-03	 0.339999999E-02	 0.236196353E-08
    4046	 0.269999998E-02	-0.238418579E-09	 0.339999999E-02	 0.226243271E-08
    4057	 0.269999998E-02	 0.299999785E-03	 0.339999999E-02	 0.236196367E-08
    4068	 0.269999998E-02	 0.599999809E-03	 0.339999999E-02	 0.268039320E-08
    4079	 0.269999998E-02	 0.899999833E-03	 0.339999999E-02	 0.333194331E-08
    4090	 0.269999998E-02	 0.119999986E-02	 0.339999999E-02	 0.464611672E-08
    4101	 0.269999998E-02	 0.149999988E-02	 0.339999999E-02	 0.779650984E-08
    4112	 0.269999998E-02	 0.179999990E-02	 0.339999999E-02	 0.134219884E-07
    4167	 0.300000000E-02	-0.300000262E-03	 0.339999999E-02	 0.948129354E-08
    4178	 0.300000000E-02	-0.238418579E-09	 0.339999999E-02	 0.937103521E-08
    4189	 0.300000000E-02	 0.299999785E-03	 0.339999999E-02	 0.948129367E-08
    4200	 0.300000000E-02	 0.599999809E-03	 0.339999999E-02	 0.978445064E-08
    4211	 0.300000000E-02	 0.899999833E-03	 0.339999999E-02	 0.105208601E-07
    4222	 0.300000000E-02	 0.119999986E-02	 0.339999999E-02	 0.118696781E-07
    4233	 0.300000000E-02	 0.149999988E-02	 0.339999999E-02	 0.158598530E-07
      39	-0.270000045E-02	-0.150000036E-02	 0.369999999E-02	 0.600853009E-08
     270	-0.270000045E-02	-0.180000038E-02	 0.369999999E-02	 0.104906593E-07
     272	-0.240000043E-02	-0.150000036E-02	 0.369999999E-02	 0.202973185E-08
     271	-0.240000043E-02	-0.180000038E-02	 0.369999999E-02	 0.470881965E-08
     445	-0.240000043E-02	-0.210000040E-02	 0.369999999E-02	 0.814298223E-08
     444	-0.240000043E-02	-0.240000043E-02	 0.369999999E-02	 0.133906534E-07
     447	-0.210000040E-02	-0.210000040E-02	 0.369999999E-02	 0.335743440E-08
     446	-0.210000040E-02	-0.240000043E-02	 0.369999999E-02	 0.814298221E-08
     461	-0.210000040E-02	-0.180000038E-02	 0.369999999E-02	 0.123142619E-08
     472	-0.210000040E-02	-0.150000036E-02	 0.369999999E-02	-0.120357854E-09
     658	-0.180000038E-02	-0.210000040E-02	 0.369999999E-02	 0.123142617E-08
     657	-0.180000038E-02	-0.240000043E-02	 0.369999999E-02	 0.470881961E-08
     670	-0.180000038E-02	-0.180000038E-02	 0.369999999E-02	-0.393647497E-09
     681	-0.180000038E-02	-0.150000036E-02	 0.369999999E-02	-0.145202101E-08
     853	-0.180000038E-02	-0.270000045E-02	 0.369999999E-02	 0.104906593E-07
     855	-0.150000036E-02	-0.240000043E-02	 0.369999999E-02	 0.202973179E-08
     854	-0.150000036E-02	-0.270000045E-02	 0.369999999E-02	 0.600853000E-08
     868	-0.150000036E-02	-0.210000040E-02	 0.369999999E-02	-0.120357897E-09
     879	-0.150000036E-02	-0.180000038E-02	 0.369999999E-02	-0.145202104E-08
     890	-0.150000036E-02	-0.150000036E-02	 0.369999999E-02	-0.229571544E-08
    1084	-0.150000036E-02	-0.300000048E-02	 0.369999999E-02	 0.124393586E-07
    1086	-0.120000033E-02	-0.270000045E-02	 0.369999999E-02	 0.350945220E-08
    1085	-0.120000033E-02	-0.300000048E-02	 0.369999999E-02	 0.926087895E-08
    1099	-0.120000033E-02	-0.240000043E-02	 0.369999999E-02	 0.620876162E-09
    1110	-0.120000033E-02	-0.210000040E-02	 0.369999999E-02	-0.104332746E-08
    1121	-0.120000033E-02	-0.180000038E-02	 0.369999999E-02	-0.214556060E-08
    1132	-0.120000033E-02	-0.150000036E-02	 0.369999999E-02	-0.289536207E-08
    1329	-0.900000310E-03	-0.270000045E-02	 0.369999999E-02	 0.248118359E-08
    1328	-0.900000310E-03	-0.300000048E-02	 0.369999999E-02	 0.820259387E-08
    1341	-0.900000310E-03	-0.240000043E-02	 0.369999999E-02	-0.168145897E-09
    1352	-0.900000310E-03	-0.210000040E-02	 0.369999999E-02	-0.163987378E-08
    1363	-0.900000310E-03	-0.180000038E-02	 0.369999999E-02	-0.262449283E-08
    1374	-0.900000310E-03	-0.150000036E-02	 0.369999999E-02	-0.330653356E-08
    1143	-0.120000033E-02	-0.120000033E-02	 0.369999999E-02	-0.342268475E-08
    1385	-0.900000310E-03	-0.120000033E-02	 0.369999999E-02	-0.379861871E-08
    1560	-0.600000286E-03	-0.270000045E-02	 0.369999999E-02	 0.198059596E-08
    1559	-0.600000286E-03	-0.300000048E-02	 0.369999999E-02	 0.763179635E-08
    1572	-0.600000286E-03	-0.240000043E-02	 0.369999999E-02	-0.611312636E-09
    1583	-0.600000286E-03	-0.210000040E-02	 0.369999999E-02	-0.200956788E-08
    1594	-0.600000286E-03	-0.180000038E-02	 0.369999999E-02	-0.293488445E-08
    1605	-0.600000286E-03	-0.150000036E-02	 0.369999999E-02	-0.358148012E-08
    1616	-0.600000286E-03	-0.120000033E-02	 0.369999999E-02	-0.405027525E-08
    1396	-0.900000310E-03	-0.900000310E-03	 0.369999999E-02	-0.414917825E-08
    1627	-0.600000286E-03	-0.900000310E-03	 0.369999999E-02	-0.438814491E-08
    1791	-0.300000262E-03	-0.270000045E-02	 0.369999999E-02	 0.174007008E-08
    1790	-0.300000262E-03	-0.300000048E-02	 0.369999999E-02	 0.740282109E-08
    1803	-0.300000262E-03	-0.240000043E-02	 0.369999999E-02	-0.845540577E-09
    1814	-0.300000262E-03	-0.210000040E-02	 0.369999999E-02	-0.221063104E-08
    1825	-0.300000262E-03	-0.180000038E-02	 0.369999999E-02	-0.311233044E-08
    1836	-0.300000262E-03	-0.150000036E-02	 0.369999999E-02	-0.373885717E-08
    1847	-0.300000262E-03	-0.120000033E-02	 0.369999999E-02	-0.419664463E-08
    1858	-0.300000262E-03	-0.900000310E-03	 0.369999999E-02	-0.452700974E-08
    2022	-0.238418579E-09	-0.270000045E-02	 0.369999999E-02	 0.166555002E-08
    2021	-0.238418579E-09	-0.300000048E-02	 0.369999999E-02	 0.731936391E-08
    2034	-0.238418579E-09	-0.240000043E-02	 0.369999999E-02	-0.914765713E-09
    2045	-0.238418579E-09	-0.210000040E-02	 0.369999999E-02	-0.227709899E-08
    2056	-0.238418579E-09	-0.180000038E-02	 0.369999999E-02	-0.316871831E-08
    2067	-0.238418579E-09	-0.150000036E-02	 0.369999999E-02	-0.379087501E-08
    2078	-0.238418579E-09	-0.120000033E-02	 0.369999999E-02	-0.424440157E-08
    2089	-0.238418579E-09	-0.900000310E-03	 0.369999999E-02	-0.457290729E-08
    1869	-0.300000262E-03	-0.600000286E-03	 0.369999999E-02	-0.475359332E-08
    2100	-0.238418579E-09	-0.600000286E-03	 0.369999999E-02	-0.479800357E-08
    2253	 0.299999785E-03	-0.270000045E-02	 0.369999999E-02	 0.174007015E-08
    2252	 0.299999785E-03	-0.300000048E-02	 0.369999999E-02	 0.740282117E-08
    2265	 0.299999785E-03	-0.240000043E-02	 0.369999999E-02	-0.845540504E-09
    2276	 0.299999785E-03	-0.210000040E-02	 0.369999999E-02	-0.221063097E-08
    2287	 0.299999785E-03	-0.180000038E-02	 0.369999999E-02	-0.311233037E-08
    2298	 0.299999785E-03	-0.150000036E-02	 0.369999999E-02	-0.373885709E-08
    2309	 0.299999785E-03	-0.120000033E-02	 0.369999999E-02	-0.419664456E-08
    2320	 0.299999785E-03	-0.900000310E-03	 0.369999999E-02	-0.452700967E-08
    2331	 0.299999785E-03	-0.600000286E-03	 0.369999999E-02	-0.475359324E-08
    2484	 0.599999809E-03	-0.270000045E-02	 0.369999999E-02	 0.198059611E-08
    2483	 0.599999809E-03	-0.300000048E-02	 0.369999999E-02	 0.763179650E-08
    2496	 0.599999809E-03	-0.240000043E-02	 0.369999999E-02	-0.611312489E-09
    2507	 0.599999809E-03	-0.210000040E-02	 0.369999999E-02	-0.200956774E-08
    2518	 0.599999809E-03	-0.180000038E-02	 0.369999999E-02	-0.293488431E-08
    2529	 0.599999809E-03	-0.150000036E-02	 0.369999999E-02	-0.358147997E-08
    2540	 0.599999809E-03	-0.120000033E-02	 0.369999999E-02	-0.405027511E-08
    2551	 0.599999809E-03	-0.900000310E-03	 0.369999999E-02	-0.438814476E-08
    2562	 0.599999809E-03	-0.600000286E-03	 0.369999999E-02	-0.461852066E-08
    2715	 0.899999833E-03	-0.270000045E-02	 0.369999999E-02	 0.248118381E-08
    2714	 0.899999833E-03	-0.300000048E-02	 0.369999999E-02	 0.820259409E-08
    2727	 0.899999833E-03	-0.240000043E-02	 0.369999999E-02	-0.168145677E-09
    2738	 0.899999833E-03	-0.210000040E-02	 0.369999999E-02	-0.163987356E-08
    2749	 0.899999833E-03	-0.180000038E-02	 0.369999999E-02	-0.262449261E-08
    2760	 0.899999833E-03	-0.150000036E-02	 0.369999999E-02	-0.330653334E-08
    2771	 0.899999833E-03	-0.120000033E-02	 0.369999999E-02	-0.379861849E-08
    2782	 0.899999833E-03	-0.900000310E-03	 0.369999999E-02	-0.414917803E-08
    2793	 0.899999833E-03	-0.600000286E-03	 0.369999999E-02	-0.438814466E-08
    2946	 0.119999986E-02	-0.270000045E-02	 0.369999999E-02	 0.350945249E-08
    2945	 0.119999986E-02	-0.300000048E-02	 0.369999999E-02	 0.926087924E-08
    2958	 0.119999986E-02	-0.240000043E-02	 0.369999999E-02	 0.620876454E-09
    2969	 0.119999986E-02	-0.210000040E-02	 0.369999999E-02	-0.104332717E-08
    2980	 0.119999986E-02	-0.180000038E-02	 0.369999999E-02	-0.214556030E-08
    2991	 0.119999986E-02	-0.150000036E-02	 0.369999999E-02	-0.289536177E-08
    3002	 0.119999986E-02	-0.120000033E-02	 0.369999999E-02	-0.342268446E-08
    3013	 0.119999986E-02	-0.900000310E-03	 0.369999999E-02	-0.379861839E-08
    3024	 0.119999986E-02	-0.600000286E-03	 0.369999999E-02	-0.405027492E-08
    3177	 0.149999988E-02	-0.270000045E-02	 0.369999999E-02	 0.600853037E-08
    3176	 0.149999988E-02	-0.300000048E-02	 0.369999999E-02	 0.124393590E-07
    3189	 0.149999988E-02	-0.240000043E-02	 0.369999999E-02	 0.202973215E-08
    3200	 0.149999988E-02	-0.210000040E-02	 0.369999999E-02	-0.120357531E-09
    3211	 0.149999988E-02	-0.180000038E-02	 0.369999999E-02	-0.145202067E-08
    3222	 0.149999988E-02	-0.150000036E-02	 0.369999999E-02	-0.229571507E-08
    3233	 0.149999988E-02	-0.120000033E-02	 0.369999999E-02	-0.289536168E-08
    3244	 0.149999988E-02	-0.900000310E-03	 0.369999999E-02	-0.330653315E-08
    3255	 0.149999988E-02	-0.600000286E-03	 0.369999999E-02	-0.358147968E-08
    3408	 0.179999990E-02	-0.240000043E-02	 0.369999999E-02	 0.470882006E-08
    3407	 0.179999990E-02	-0.270000045E-02	 0.369999999E-02	 0.104906597E-07
    3420	 0.179999990E-02	-0.210000040E-02	 0.369999999E-02	 0.123142662E-08
    3431	 0.179999990E-02	-0.180000038E-02	 0.369999999E-02	-0.393647053E-09
    3442	 0.179999990E-02	-0.150000036E-02	 0.369999999E-02	-0.145202057E-08
    3453	 0.179999990E-02	-0.120000033E-02	 0.369999999E-02	-0.214556011E-08
    3464	 0.179999990E-02	-0.900000310E-03	 0.369999999E-02	-0.262449232E-08
    3475	 0.179999990E-02	-0.600000286E-03	 0.369999999E-02	-0.293488393E-08
    3617	 0.209999993E-02	-0.210000040E-02	 0.369999999E-02	 0.335743492E-08
    3616	 0.209999993E-02	-0.240000043E-02	 0.369999999E-02	 0.814298272E-08
    3629	 0.209999993E-02	-0.180000038E-02	 0.369999999E-02	 0.123142671E-08
    3640	 0.209999993E-02	-0.150000036E-02	 0.369999999E-02	-0.120357341E-09
    3651	 0.209999993E-02	-0.120000033E-02	 0.369999999E-02	-0.104332689E-08
    3662	 0.209999993E-02	-0.900000310E-03	 0.369999999E-02	-0.163987318E-08
    3673	 0.209999993E-02	-0.600000286E-03	 0.369999999E-02	-0.200956726E-08
    3804	 0.239999995E-02	-0.210000040E-02	 0.369999999E-02	 0.814298282E-08
    3803	 0.239999995E-02	-0.240000043E-02	 0.369999999E-02	 0.133906540E-07
    3816	 0.239999995E-02	-0.180000038E-02	 0.369999999E-02	 0.470882024E-08
    3827	 0.239999995E-02	-0.150000036E-02	 0.369999999E-02	 0.202973244E-08
    3838	 0.239999995E-02	-0.120000033E-02	 0.369999999E-02	 0.620876835E-09
    3849	 0.239999995E-02	-0.900000310E-03	 0.369999999E-02	-0.168145203E-09
    3860	 0.239999995E-02	-0.600000286E-03	 0.369999999E-02	-0.611311920E-09
    3991	 0.269999998E-02	-0.150000036E-02	 0.369999999E-02	 0.600853075E-08
    3990	 0.269999998E-02	-0.180000038E-02	 0.369999999E-02	 0.104906600E-07
    4003	 0.269999998E-02	-0.120000033E-02	 0.369999999E-02	 0.350945297E-08
    4014	 0.269999998E-02	-0.900000310E-03	 0.369999999E-02	 0.248118438E-08
    4025	 0.269999998E-02	-0.600000286E-03	 0.369999999E-02	 0.198059677E-08
    4134	 0.300000000E-02	-0.120000033E-02	 0.369999999E-02	 0.926087981E-08
    4133	 0.300000000E-02	-0.150000036E-02	 0.369999999E-02	 0.124393595E-07
    4146	 0.300000000E-02	-0.900000310E-03	 0.369999999E-02	 0.820259475E-08
    4157	 0.300000000E-02	-0.600000286E-03	 0.369999999E-02	 0.763179726E-08
      38	-0.300000048E-02	-0.120000033E-02	 0.369999999E-02	 0.926087908E-08
      37	-0.300000048E-02	-0.150000036E-02	 0.369999999E-02	 0.124393587E-07
      40	-0.270000045E-02	-0.120000033E-02	 0.369999999E-02	 0.350945231E-08
     285	-0.240000043E-02	-0.120000033E-02	 0.369999999E-02	 0.620876249E-09
     483	-0.210000040E-02	-0.120000033E-02	 0.369999999E-02	-0.104332740E-08
     692	-0.180000038E-02	-0.120000033E-02	 0.369999999E-02	-0.214556055E-08
     901	-0.150000036E-02	-0.120000033E-02	 0.369999999E-02	-0.289536204E-08
      63	-0.300000048E-02	-0.900000310E-03	 0.369999999E-02	 0.820259402E-08
      64	-0.270000045E-02	-0.900000310E-03	 0.369999999E-02	 0.248118372E-08
     296	-0.240000043E-02	-0.900000310E-03	 0.369999999E-02	-0.168145789E-09
     494	-0.210000040E-02	-0.900000310E-03	 0.369999999E-02	-0.163987370E-08
     703	-0.180000038E-02	-0.900000310E-03	 0.369999999E-02	-0.262449277E-08
     912	-0.150000036E-02	-0.900000310E-03	 0.369999999E-02	-0.330653351E-08
    1154	-0.120000033E-02	-0.900000310E-03	 0.369999999E-02	-0.379861869E-08
      85	-0.300000048E-02	-0.600000286E-03	 0.369999999E-02	 0.763179653E-08
      86	-0.270000045E-02	-0.600000286E-03	 0.369999999E-02	 0.198059611E-08
     307	-0.240000043E-02	-0.600000286E-03	 0.369999999E-02	-0.611312506E-09
     505	-0.210000040E-02	-0.600000286E-03	 0.369999999E-02	-0.200956778E-08
     714	-0.180000038E-02	-0.600000286E-03	 0.369999999E-02	-0.293488437E-08
     923	-0.150000036E-02	-0.600000286E-03	 0.369999999E-02	-0.358148005E-08
    1165	-0.120000033E-02	-0.600000286E-03	 0.369999999E-02	-0.405027521E-08
    1407	-0.900000310E-03	-0.600000286E-03	 0.369999999E-02	-0.438814488E-08
    1638	-0.600000286E-03	-0.600000286E-03	 0.369999999E-02	-0.461852080E-08
     107	-0.300000048E-02	-0.300000262E-03	 0.369999999E-02	 0.740282129E-08
     108	-0.270000045E-02	-0.300000262E-03	 0.369999999E-02	 0.174007025E-08
     318	-0.240000043E-02	-0.300000262E-03	 0.369999999E-02	-0.845540426E-09
     516	-0.210000040E-02	-0.300000262E-03	 0.369999999E-02	-0.221063091E-08
     725	-0.180000038E-02	-0.300000262E-03	 0.369999999E-02	-0.311233033E-08
     934	-0.150000036E-02	-0.300000262E-03	 0.369999999E-02	-0.373885708E-08
    1176	-0.120000033E-02	-0.300000262E-03	 0.369999999E-02	-0.419664457E-08
    1418	-0.900000310E-03	-0.300000262E-03	 0.369999999E-02	-0.452700970E-08
    1649	-0.600000286E-03	-0.300000262E-03	 0.369999999E-02	-0.475359329E-08
    1880	-0.300000262E-03	-0.300000262E-03	 0.369999999E-02	-0.488630357E-08
    2111	-0.238418579E-09	-0.300000262E-03	 0.369999999E-02	-0.493021232E-08
     129	-0.300000048E-02	-0.238418579E-09	 0.369999999E-02	 0.731936413E-08
     130	-0.270000045E-02	-0.238418579E-09	 0.369999999E-02	 0.166555021E-08
     329	-0.240000043E-02	-0.238418579E-09	 0.369999999E-02	-0.914765540E-09
     527	-0.210000040E-02	-0.238418579E-09	 0.369999999E-02	-0.227709884E-08
     736	-0.180000038E-02	-0.238418579E-09	 0.369999999E-02	-0.316871818E-08
     945	-0.150000036E-02	-0.238418579E-09	 0.369999999E-02	-0.379087491E-08
    1187	-0.120000033E-02	-0.238418579E-09	 0.369999999E-02	-0.424440148E-08
    1429	-0.900000310E-03	-0.238418579E-09	 0.369999999E-02	-0.457290722E-08
    1660	-0.600000286E-03	-0.238418579E-09	 0.369999999E-02	-0.479800353E-08
    1891	-0.300000262E-03	-0.238418579E-09	 0.369999999E-02	-0.493021230E-08
    2122	-0.238418579E-09	-0.238418579E-09	 0.369999999E-02	-0.497379769E-08
     151	-0.300000048E-02	 0.299999785E-03	 0.369999999E-02	 0.740282140E-08
     152	-0.270000045E-02	 0.299999785E-03	 0.369999999E-02	 0.174007037E-08
     340	-0.240000043E-02	 0.299999785E-03	 0.369999999E-02	-0.845540309E-09
     538	-0.210000040E-02	 0.299999785E-03	 0.369999999E-02	-0.221063080E-08
     747	-0.180000038E-02	 0.299999785E-03	 0.369999999E-02	-0.311233022E-08
     956	-0.150000036E-02	 0.299999785E-03	 0.369999999E-02	-0.373885696E-08
    1198	-0.120000033E-02	 0.299999785E-03	 0.369999999E-02	-0.419664445E-08
    1440	-0.900000310E-03	 0.299999785E-03	 0.369999999E-02	-0.452700958E-08
    1671	-0.600000286E-03	 0.299999785E-03	 0.369999999E-02	-0.475359318E-08
    1902	-0.300000262E-03	 0.299999785E-03	 0.369999999E-02	-0.488630346E-08
    2133	-0.238418579E-09	 0.299999785E-03	 0.369999999E-02	-0.493021221E-08
     173	-0.300000048E-02	 0.599999809E-03	 0.369999999E-02	 0.763179676E-08
     174	-0.270000045E-02	 0.599999809E-03	 0.369999999E-02	 0.198059635E-08
     351	-0.240000043E-02	 0.599999809E-03	 0.369999999E-02	-0.611312273E-09
     549	-0.210000040E-02	 0.599999809E-03	 0.369999999E-02	-0.200956754E-08
     758	-0.180000038E-02	 0.599999809E-03	 0.369999999E-02	-0.293488414E-08
     967	-0.150000036E-02	 0.599999809E-03	 0.369999999E-02	-0.358147982E-08
    1209	-0.120000033E-02	 0.599999809E-03	 0.369999999E-02	-0.405027498E-08
    1451	-0.900000310E-03	 0.599999809E-03	 0.369999999E-02	-0.438814465E-08
    1682	-0.600000286E-03	 0.599999809E-03	 0.369999999E-02	-0.461852057E-08
    1913	-0.300000262E-03	 0.599999809E-03	 0.369999999E-02	-0.475359308E-08
    2144	-0.238418579E-09	 0.599999809E-03	 0.369999999E-02	-0.479800334E-08
     195	-0.300000048E-02	 0.899999833E-03	 0.369999999E-02	 0.820259437E-08
     196	-0.270000045E-02	 0.899999833E-03	 0.369999999E-02	 0.248118407E-08
     362	-0.240000043E-02	 0.899999833E-03	 0.369999999E-02	-0.168145440E-09
     560	-0.210000040E-02	 0.899999833E-03	 0.369999999E-02	-0.163987335E-08
     769	-0.180000038E-02	 0.899999833E-03	 0.369999999E-02	-0.262449242E-08
     978	-0.150000036E-02	 0.899999833E-03	 0.369999999E-02	-0.330653316E-08
    1220	-0.120000033E-02	 0.899999833E-03	 0.369999999E-02	-0.379861834E-08
    1462	-0.900000310E-03	 0.899999833E-03	 0.369999999E-02	-0.414917790E-08
    1693	-0.600000286E-03	 0.899999833E-03	 0.369999999E-02	-0.438814456E-08
    1924	-0.300000262E-03	 0.899999833E-03	 0.369999999E-02	-0.452700939E-08
     217	-0.300000048E-02	 0.119999986E-02	 0.369999999E-02	 0.926087955E-08
     218	-0.270000045E-02	 0.119999986E-02	 0.369999999E-02	 0.350945277E-08
     373	-0.240000043E-02	 0.119999986E-02	 0.369999999E-02	 0.620876714E-09
     571	-0.210000040E-02	 0.119999986E-02	 0.369999999E-02	-0.104332693E-08
     780	-0.180000038E-02	 0.119999986E-02	 0.369999999E-02	-0.214556009E-08
     989	-0.150000036E-02	 0.119999986E-02	 0.369999999E-02	-0.289536158E-08
    1231	-0.120000033E-02	 0.119999986E-02	 0.369999999E-02	-0.342268429E-08
    1473	-0.900000310E-03	 0.119999986E-02	 0.369999999E-02	-0.379861824E-08
    1704	-0.600000286E-03	 0.119999986E-02	 0.369999999E-02	-0.405027479E-08
    1935	-0.300000262E-03	 0.119999986E-02	 0.369999999E-02	-0.419664417E-08
     239	-0.300000048E-02	 0.149999988E-02	 0.369999999E-02	 0.124393593E-07
     240	-0.270000045E-02	 0.149999988E-02	 0.369999999E-02	 0.600853067E-08
     384	-0.240000043E-02	 0.149999988E-02	 0.369999999E-02	 0.202973243E-08
     582	-0.210000040E-02	 0.149999988E-02	 0.369999999E-02	-0.120357272E-09
     791	-0.180000038E-02	 0.149999988E-02	 0.369999999E-02	-0.145202043E-08
    1000	-0.150000036E-02	 0.149999988E-02	 0.369999999E-02	-0.229571486E-08
    1242	-0.120000033E-02	 0.149999988E-02	 0.369999999E-02	-0.289536148E-08
    1484	-0.900000310E-03	 0.149999988E-02	 0.369999999E-02	-0.330653297E-08
    1715	-0.600000286E-03	 0.149999988E-02	 0.369999999E-02	-0.358147953E-08
    1946	-0.300000262E-03	 0.149999988E-02	 0.369999999E-02	-0.373885658E-08
     404	-0.270000045E-02	 0.179999990E-02	 0.369999999E-02	 0.104906600E-07
     405	-0.240000043E-02	 0.179999990E-02	 0.369999999E-02	 0.470882036E-08
     593	-0.210000040E-02	 0.179999990E-02	 0.369999999E-02	 0.123142690E-08
     802	-0.180000038E-02	 0.179999990E-02	 0.369999999E-02	-0.393646794E-09
    1011	-0.150000036E-02	 0.179999990E-02	 0.369999999E-02	-0.145202033E-08
    1253	-0.120000033E-02	 0.179999990E-02	 0.369999999E-02	-0.214555989E-08
    1495	-0.900000310E-03	 0.179999990E-02	 0.369999999E-02	-0.262449213E-08
    1726	-0.600000286E-03	 0.179999990E-02	 0.369999999E-02	-0.293488375E-08
    1957	-0.300000262E-03	 0.179999990E-02	 0.369999999E-02	-0.311232974E-08
     613	-0.240000043E-02	 0.209999993E-02	 0.369999999E-02	 0.814298305E-08
     614	-0.210000040E-02	 0.209999993E-02	 0.369999999E-02	 0.335743522E-08
     813	-0.180000038E-02	 0.209999993E-02	 0.369999999E-02	 0.123142699E-08
    1022	-0.150000036E-02	 0.209999993E-02	 0.369999999E-02	-0.120357081E-09
    1264	-0.120000033E-02	 0.209999993E-02	 0.369999999E-02	-0.104332665E-08
    1506	-0.900000310E-03	 0.209999993E-02	 0.369999999E-02	-0.163987297E-08
    1737	-0.600000286E-03	 0.209999993E-02	 0.369999999E-02	-0.200956707E-08
    1968	-0.300000262E-03	 0.209999993E-02	 0.369999999E-02	-0.221063023E-08
     635	-0.240000043E-02	 0.239999995E-02	 0.369999999E-02	 0.133906543E-07
     636	-0.210000040E-02	 0.239999995E-02	 0.369999999E-02	 0.814298314E-08
     824	-0.180000038E-02	 0.239999995E-02	 0.369999999E-02	 0.470882054E-08
    1033	-0.150000036E-02	 0.239999995E-02	 0.369999999E-02	 0.202973272E-08
    1275	-0.120000033E-02	 0.239999995E-02	 0.369999999E-02	 0.620877094E-09
    1517	-0.900000310E-03	 0.239999995E-02	 0.369999999E-02	-0.168144966E-09
    1748	-0.600000286E-03	 0.239999995E-02	 0.369999999E-02	-0.611311704E-09
    1053	-0.180000038E-02	 0.269999998E-02	 0.369999999E-02	 0.104906603E-07
    1054	-0.150000036E-02	 0.269999998E-02	 0.369999999E-02	 0.600853105E-08
    1286	-0.120000033E-02	 0.269999998E-02	 0.369999999E-02	 0.350945325E-08
    1528	-0.900000310E-03	 0.269999998E-02	 0.369999999E-02	 0.248118464E-08
    1759	-0.600000286E-03	 0.269999998E-02	 0.369999999E-02	 0.198059701E-08
    1306	-0.150000036E-02	 0.300000000E-02	 0.369999999E-02	 0.124393598E-07
    1307	-0.120000033E-02	 0.300000000E-02	 0.369999999E-02	 0.926088012E-08
    1539	-0.900000310E-03	 0.300000000E-02	 0.369999999E-02	 0.820259504E-08
    1770	-0.600000286E-03	 0.300000000E-02	 0.369999999E-02	 0.763179752E-08
    1979	-0.300000262E-03	 0.239999995E-02	 0.369999999E-02	-0.845539645E-09
    1990	-0.300000262E-03	 0.269999998E-02	 0.369999999E-02	 0.174007113E-08
    2001	-0.300000262E-03	 0.300000000E-02	 0.369999999E-02	 0.740282226E-08
    2155	-0.238418579E-09	 0.899999833E-03	 0.369999999E-02	-0.457290694E-08
    2166	-0.238418579E-09	 0.119999986E-02	 0.369999999E-02	-0.424440111E-08
    2177	-0.238418579E-09	 0.149999988E-02	 0.369999999E-02	-0.379087443E-08
    2188	-0.238418579E-09	 0.179999990E-02	 0.369999999E-02	-0.316871761E-08
    2199	-0.238418579E-09	 0.209999993E-02	 0.369999999E-02	-0.227709818E-08
    2210	-0.238418579E-09	 0.239999995E-02	 0.369999999E-02	-0.914764781E-09
    2221	-0.238418579E-09	 0.269999998E-02	 0.369999999E-02	 0.166555107E-08
    2232	-0.238418579E-09	 0.300000000E-02	 0.369999999E-02	 0.731936508E-08
    2342	 0.299999785E-03	-0.300000262E-03	 0.369999999E-02	-0.488630350E-08
    2353	 0.299999785E-03	-0.238418579E-09	 0.369999999E-02	-0.493021223E-08
    2364	 0.299999785E-03	 0.299999785E-03	 0.369999999E-02	-0.488630338E-08
    2375	 0.299999785E-03	 0.599999809E-03	 0.369999999E-02	-0.475359301E-08
    2386	 0.299999785E-03	 0.899999833E-03	 0.369999999E-02	-0.452700932E-08
    2397	 0.299999785E-03	 0.119999986E-02	 0.369999999E-02	-0.419664409E-08
    2408	 0.299999785E-03	 0.149999988E-02	 0.369999999E-02	-0.373885651E-08
    2419	 0.299999785E-03	 0.179999990E-02	 0.369999999E-02	-0.311232967E-08
    2430	 0.299999785E-03	 0.209999993E-02	 0.369999999E-02	-0.221063015E-08
    2441	 0.299999785E-03	 0.239999995E-02	 0.369999999E-02	-0.845539572E-09
    2452	 0.299999785E-03	 0.269999998E-02	 0.369999999E-02	 0.174007120E-08
    2463	 0.299999785E-03	 0.300000000E-02	 0.369999999E-02	 0.740282233E-08
    2573	 0.599999809E-03	-0.300000262E-03	 0.369999999E-02	-0.475359315E-08
    2584	 0.599999809E-03	-0.238418579E-09	 0.369999999E-02	-0.479800338E-08
    2595	 0.599999809E-03	 0.299999785E-03	 0.369999999E-02	-0.475359303E-08
    2606	 0.599999809E-03	 0.599999809E-03	 0.369999999E-02	-0.461852042E-08
    2617	 0.599999809E-03	 0.899999833E-03	 0.369999999E-02	-0.438814441E-08
    2628	 0.599999809E-03	 0.119999986E-02	 0.369999999E-02	-0.405027464E-08
    2639	 0.599999809E-03	 0.149999988E-02	 0.369999999E-02	-0.358147939E-08
    2650	 0.599999809E-03	 0.179999990E-02	 0.369999999E-02	-0.293488361E-08
    2661	 0.599999809E-03	 0.209999993E-02	 0.369999999E-02	-0.200956692E-08
    2672	 0.599999809E-03	 0.239999995E-02	 0.369999999E-02	-0.611311557E-09
    2683	 0.599999809E-03	 0.269999998E-02	 0.369999999E-02	 0.198059716E-08
    2694	 0.599999809E-03	 0.300000000E-02	 0.369999999E-02	 0.763179766E-08
    2804	 0.899999833E-03	-0.300000262E-03	 0.369999999E-02	-0.452700948E-08
    2815	 0.899999833E-03	-0.238418579E-09	 0.369999999E-02	-0.457290700E-08
    2826	 0.899999833E-03	 0.299999785E-03	 0.369999999E-02	-0.452700936E-08
    2837	 0.899999833E-03	 0.599999809E-03	 0.369999999E-02	-0.438814443E-08
    2848	 0.899999833E-03	 0.899999833E-03	 0.369999999E-02	-0.414917768E-08
    2859	 0.899999833E-03	 0.119999986E-02	 0.369999999E-02	-0.379861802E-08
    2870	 0.899999833E-03	 0.149999988E-02	 0.369999999E-02	-0.330653275E-08
    2881	 0.899999833E-03	 0.179999990E-02	 0.369999999E-02	-0.262449191E-08
    2892	 0.899999833E-03	 0.209999993E-02	 0.369999999E-02	-0.163987275E-08
    2903	 0.899999833E-03	 0.239999995E-02	 0.369999999E-02	-0.168144746E-09
    2914	 0.899999833E-03	 0.269999998E-02	 0.369999999E-02	 0.248118486E-08
    2925	 0.899999833E-03	 0.300000000E-02	 0.369999999E-02	 0.820259526E-08
    3035	 0.119999986E-02	-0.300000262E-03	 0.369999999E-02	-0.419664428E-08
    3046	 0.119999986E-02	-0.238418579E-09	 0.369999999E-02	-0.424440119E-08
    3057	 0.119999986E-02	 0.299999785E-03	 0.369999999E-02	-0.419664416E-08
    3068	 0.119999986E-02	 0.599999809E-03	 0.369999999E-02	-0.405027468E-08
    3079	 0.119999986E-02	 0.899999833E-03	 0.369999999E-02	-0.379861804E-08
    3090	 0.119999986E-02	 0.119999986E-02	 0.369999999E-02	-0.342268399E-08
    3101	 0.119999986E-02	 0.149999988E-02	 0.369999999E-02	-0.289536119E-08
    3112	 0.119999986E-02	 0.179999990E-02	 0.369999999E-02	-0.214555960E-08
    3123	 0.119999986E-02	 0.209999993E-02	 0.369999999E-02	-0.104332636E-08
    3134	 0.119999986E-02	 0.239999995E-02	 0.369999999E-02	 0.620877386E-09
    3145	 0.119999986E-02	 0.269999998E-02	 0.369999999E-02	 0.350945354E-08
    3156	 0.119999986E-02	 0.300000000E-02	 0.369999999E-02	 0.926088041E-08
    3266	 0.149999988E-02	-0.300000262E-03	 0.369999999E-02	-0.373885671E-08
    3277	 0.149999988E-02	-0.238418579E-09	 0.369999999E-02	-0.379087454E-08
    3288	 0.149999988E-02	 0.299999785E-03	 0.369999999E-02	-0.373885660E-08
    3299	 0.149999988E-02	 0.599999809E-03	 0.369999999E-02	-0.358147945E-08
    3310	 0.149999988E-02	 0.899999833E-03	 0.369999999E-02	-0.330653280E-08
    3321	 0.149999988E-02	 0.119999986E-02	 0.369999999E-02	-0.289536121E-08
    3332	 0.149999988E-02	 0.149999988E-02	 0.369999999E-02	-0.229571449E-08
    3343	 0.149999988E-02	 0.179999990E-02	 0.369999999E-02	-0.145201997E-08
    3354	 0.149999988E-02	 0.209999993E-02	 0.369999999E-02	-0.120356716E-09
    3365	 0.149999988E-02	 0.239999995E-02	 0.369999999E-02	 0.202973308E-08
    3376	 0.149999988E-02	 0.269999998E-02	 0.369999999E-02	 0.600853141E-08
    3387	 0.149999988E-02	 0.300000000E-02	 0.369999999E-02	 0.124393602E-07
    3486	 0.179999990E-02	-0.300000262E-03	 0.369999999E-02	-0.311232989E-08
    3497	 0.179999990E-02	-0.238418579E-09	 0.369999999E-02	-0.316871774E-08
    3508	 0.179999990E-02	 0.299999785E-03	 0.369999999E-02	-0.311232978E-08
    3519	 0.179999990E-02	 0.599999809E-03	 0.369999999E-02	-0.293488369E-08
    3530	 0.179999990E-02	 0.899999833E-03	 0.369999999E-02	-0.262449197E-08
    3541	 0.179999990E-02	 0.119999986E-02	 0.369999999E-02	-0.214555964E-08
    3552	 0.179999990E-02	 0.149999988E-02	 0.369999999E-02	-0.145201999E-08
    3563	 0.179999990E-02	 0.179999990E-02	 0.369999999E-02	-0.393646351E-09
    3574	 0.179999990E-02	 0.209999993E-02	 0.369999999E-02	 0.123142743E-08
    3585	 0.179999990E-02	 0.239999995E-02	 0.369999999E-02	 0.470882099E-08
    3596	 0.179999990E-02	 0.269999998E-02	 0.369999999E-02	 0.104906608E-07
    3684	 0.209999993E-02	-0.300000262E-03	 0.369999999E-02	-0.221063040E-08
    3695	 0.209999993E-02	-0.238418579E-09	 0.369999999E-02	-0.227709833E-08
    3706	 0.209999993E-02	 0.299999785E-03	 0.369999999E-02	-0.221063028E-08
    3717	 0.209999993E-02	 0.599999809E-03	 0.369999999E-02	-0.200956703E-08
    3728	 0.209999993E-02	 0.899999833E-03	 0.369999999E-02	-0.163987284E-08
    3739	 0.209999993E-02	 0.119999986E-02	 0.369999999E-02	-0.104332642E-08
    3750	 0.209999993E-02	 0.149999988E-02	 0.369999999E-02	-0.120356759E-09
    3761	 0.209999993E-02	 0.179999990E-02	 0.369999999E-02	 0.123142741E-08
    3772	 0.209999993E-02	 0.209999993E-02	 0.369999999E-02	 0.335743573E-08
    3783	 0.209999993E-02	 0.239999995E-02	 0.369999999E-02	 0.814298365E-08
    3871	 0.239999995E-02	-0.300000262E-03	 0.369999999E-02	-0.845539840E-09
    3882	 0.239999995E-02	-0.238418579E-09	 0.369999999E-02	-0.914764954E-09
    3893	 0.239999995E-02	 0.299999785E-03	 0.369999999E-02	-0.845539723E-09
    3904	 0.239999995E-02	 0.599999809E-03	 0.369999999E-02	-0.611311687E-09
    3915	 0.239999995E-02	 0.899999833E-03	 0.369999999E-02	-0.168144854E-09
    3926	 0.239999995E-02	 0.119999986E-02	 0.369999999E-02	 0.620877300E-09
    3937	 0.239999995E-02	 0.149999988E-02	 0.369999999E-02	 0.202973302E-08
    3948	 0.239999995E-02	 0.179999990E-02	 0.369999999E-02	 0.470882094E-08
    3959	 0.239999995E-02	 0.209999993E-02	 0.369999999E-02	 0.814298363E-08
    3970	 0.239999995E-02	 0.239999995E-02	 0.369999999E-02	 0.133906549E-07
    4036	 0.269999998E-02	-0.300000262E-03	 0.369999999E-02	 0.174007091E-08
    4047	 0.269999998E-02	-0.238418579E-09	 0.369999999E-02	 0.166555087E-08
    4058	 0.269999998E-02	 0.299999785E-03	 0.369999999E-02	 0.174007103E-08
    4069	 0.269999998E-02	 0.599999809E-03	 0.369999999E-02	 0.198059701E-08
    4080	 0.269999998E-02	 0.899999833E-03	 0.369999999E-02	 0.248118473E-08
    4091	 0.269999998E-02	 0.119999986E-02	 0.369999999E-02	 0.350945343E-08
    4102	 0.269999998E-02	 0.149999988E-02	 0.369999999E-02	 0.600853133E-08
    4113	 0.269999998E-02	 0.179999990E-02	 0.369999999E-02	 0.104906607E-07
    4168	 0.300000000E-02	-0.300000262E-03	 0.369999999E-02	 0.740282202E-08
    4179	 0.300000000E-02	-0.238418579E-09	 0.369999999E-02	 0.731936486E-08
    4190	 0.300000000E-02	 0.299999785E-03	 0.369999999E-02	 0.740282214E-08
    4201	 0.300000000E-02	 0.599999809E-03	 0.369999999E-02	 0.763179749E-08
    4212	 0.300000000E-02	 0.899999833E-03	 0.369999999E-02	 0.820259510E-08
    4223	 0.300000000E-02	 0.119999986E-02	 0.369999999E-02	 0.926088028E-08
    4234	 0.300000000E-02	 0.149999988E-02	 0.369999999E-02	 0.124393601E-07
      43	-0.270000045E-02	-0.150000036E-02	 0.400000000E-02	-0.224625844E-07
     273	-0.270000045E-02	-0.180000038E-02	 0.400000000E-02	-0.213759121E-07
     275	-0.240000043E-02	-0.150000036E-02	 0.400000000E-02	-0.254060321E-07
     274	-0.240000043E-02	-0.180000038E-02	 0.400000000E-02	-0.258020624E-07
     449	-0.240000043E-02	-0.210000040E-02	 0.400000000E-02	-0.255770385E-07
     448	-0.240000043E-02	-0.240000043E-02	 0.400000000E-02	-0.238599674E-07
     451	-0.210000040E-02	-0.210000040E-02	 0.400000000E-02	-0.291861318E-07
     450	-0.210000040E-02	-0.240000043E-02	 0.400000000E-02	-0.278518359E-07
     462	-0.210000040E-02	-0.180000038E-02	 0.400000000E-02	-0.283334417E-07
     473	-0.210000040E-02	-0.150000036E-02	 0.400000000E-02	-0.268432295E-07
     660	-0.180000038E-02	-0.210000040E-02	 0.400000000E-02	-0.306082392E-07
     659	-0.180000038E-02	-0.240000043E-02	 0.400000000E-02	-0.303516573E-07
     671	-0.180000038E-02	-0.180000038E-02	 0.400000000E-02	-0.293394168E-07
     682	-0.180000038E-02	-0.150000036E-02	 0.400000000E-02	-0.276046474E-07
     856	-0.180000038E-02	-0.270000045E-02	 0.400000000E-02	-0.282003045E-07
     858	-0.150000036E-02	-0.240000043E-02	 0.400000000E-02	-0.322304244E-07
     857	-0.150000036E-02	-0.270000045E-02	 0.400000000E-02	-0.315617742E-07
     869	-0.150000036E-02	-0.210000040E-02	 0.400000000E-02	-0.313928244E-07
     880	-0.150000036E-02	-0.180000038E-02	 0.400000000E-02	-0.298794449E-07
     891	-0.150000036E-02	-0.150000036E-02	 0.400000000E-02	-0.279638924E-07
    1087	-0.150000036E-02	-0.300000048E-02	 0.400000000E-02	-0.288763425E-07
    1089	-0.120000033E-02	-0.270000045E-02	 0.400000000E-02	-0.332961022E-07
    1088	-0.120000033E-02	-0.300000048E-02	 0.400000000E-02	-0.311719223E-07
    1100	-0.120000033E-02	-0.240000043E-02	 0.400000000E-02	-0.330660893E-07
    1111	-0.120000033E-02	-0.210000040E-02	 0.400000000E-02	-0.318255720E-07
    1122	-0.120000033E-02	-0.180000038E-02	 0.400000000E-02	-0.301201600E-07
    1133	-0.120000033E-02	-0.150000036E-02	 0.400000000E-02	-0.281238336E-07
    1331	-0.900000310E-03	-0.270000045E-02	 0.400000000E-02	-0.338237774E-07
    1330	-0.900000310E-03	-0.300000048E-02	 0.400000000E-02	-0.317253901E-07
    1342	-0.900000310E-03	-0.240000043E-02	 0.400000000E-02	-0.333943924E-07
    1353	-0.900000310E-03	-0.210000040E-02	 0.400000000E-02	-0.319927825E-07
    1364	-0.900000310E-03	-0.180000038E-02	 0.400000000E-02	-0.301874209E-07
    1375	-0.900000310E-03	-0.150000036E-02	 0.400000000E-02	-0.281322859E-07
    1144	-0.120000033E-02	-0.120000033E-02	 0.400000000E-02	-0.259460687E-07
    1386	-0.900000310E-03	-0.120000033E-02	 0.400000000E-02	-0.259226686E-07
    1562	-0.600000286E-03	-0.270000045E-02	 0.400000000E-02	-0.339203533E-07
    1561	-0.600000286E-03	-0.300000048E-02	 0.400000000E-02	-0.318807063E-07
    1573	-0.600000286E-03	-0.240000043E-02	 0.400000000E-02	-0.334418973E-07
    1584	-0.600000286E-03	-0.210000040E-02	 0.400000000E-02	-0.319776008E-07
    1595	-0.600000286E-03	-0.180000038E-02	 0.400000000E-02	-0.301210534E-07
    1606	-0.600000286E-03	-0.150000036E-02	 0.400000000E-02	-0.280343885E-07
    1617	-0.600000286E-03	-0.120000033E-02	 0.400000000E-02	-0.258034581E-07
    1397	-0.900000310E-03	-0.900000310E-03	 0.400000000E-02	-0.236011827E-07
    1628	-0.600000286E-03	-0.900000310E-03	 0.400000000E-02	-0.234697165E-07
    1793	-0.300000262E-03	-0.270000045E-02	 0.400000000E-02	-0.338068496E-07
    1792	-0.300000262E-03	-0.300000048E-02	 0.400000000E-02	-0.317581770E-07
    1804	-0.300000262E-03	-0.240000043E-02	 0.400000000E-02	-0.333222999E-07
    1815	-0.300000262E-03	-0.210000040E-02	 0.400000000E-02	-0.318293445E-07
    1826	-0.300000262E-03	-0.180000038E-02	 0.400000000E-02	-0.299518759E-07
    1837	-0.300000262E-03	-0.150000036E-02	 0.400000000E-02	-0.278472268E-07
    1848	-0.300000262E-03	-0.120000033E-02	 0.400000000E-02	-0.256058936E-07
    1859	-0.300000262E-03	-0.900000310E-03	 0.400000000E-02	-0.232648539E-07
    2024	-0.238418579E-09	-0.270000045E-02	 0.400000000E-02	-0.335618509E-07
    2023	-0.238418579E-09	-0.300000048E-02	 0.400000000E-02	-0.315206921E-07
    2035	-0.238418579E-09	-0.240000043E-02	 0.400000000E-02	-0.330726188E-07
    2046	-0.238418579E-09	-0.210000040E-02	 0.400000000E-02	-0.315769545E-07
    2057	-0.238418579E-09	-0.180000038E-02	 0.400000000E-02	-0.296906804E-07
    2068	-0.238418579E-09	-0.150000036E-02	 0.400000000E-02	-0.275819378E-07
    2079	-0.238418579E-09	-0.120000033E-02	 0.400000000E-02	-0.253366473E-07
    2090	-0.238418579E-09	-0.900000310E-03	 0.400000000E-02	-0.229936956E-07
    1870	-0.300000262E-03	-0.600000286E-03	 0.400000000E-02	-0.208461823E-07
    2101	-0.238418579E-09	-0.600000286E-03	 0.400000000E-02	-0.205735131E-07
    2255	 0.299999785E-03	-0.270000045E-02	 0.400000000E-02	-0.331996204E-07
    2254	 0.299999785E-03	-0.300000048E-02	 0.400000000E-02	-0.311509478E-07
    2266	 0.299999785E-03	-0.240000043E-02	 0.400000000E-02	-0.327150707E-07
    2277	 0.299999785E-03	-0.210000040E-02	 0.400000000E-02	-0.312221153E-07
    2288	 0.299999785E-03	-0.180000038E-02	 0.400000000E-02	-0.293446467E-07
    2299	 0.299999785E-03	-0.150000036E-02	 0.400000000E-02	-0.272399976E-07
    2310	 0.299999785E-03	-0.120000033E-02	 0.400000000E-02	-0.249986644E-07
    2321	 0.299999785E-03	-0.900000310E-03	 0.400000000E-02	-0.226576247E-07
    2332	 0.299999785E-03	-0.600000286E-03	 0.400000000E-02	-0.202389531E-07
    2486	 0.599999809E-03	-0.270000045E-02	 0.400000000E-02	-0.327058949E-07
    2485	 0.599999809E-03	-0.300000048E-02	 0.400000000E-02	-0.306662479E-07
    2497	 0.599999809E-03	-0.240000043E-02	 0.400000000E-02	-0.322274389E-07
    2508	 0.599999809E-03	-0.210000040E-02	 0.400000000E-02	-0.307631425E-07
    2519	 0.599999809E-03	-0.180000038E-02	 0.400000000E-02	-0.289065950E-07
    2530	 0.599999809E-03	-0.150000036E-02	 0.400000000E-02	-0.268199301E-07
    2541	 0.599999809E-03	-0.120000033E-02	 0.400000000E-02	-0.245889997E-07
    2552	 0.599999809E-03	-0.900000310E-03	 0.400000000E-02	-0.222552581E-07
    2563	 0.599999809E-03	-0.600000286E-03	 0.400000000E-02	-0.198405538E-07
